cell_id,eligible,headline,positive_factors,weaknesses
S29.536_E150.036,True,Higher-ranked candidate under the selected assumptions and criteria,Close to transmission (top decile) | Gentle terrain (top decile) | Close to a substation (strong),Outside any Renewable Energy Zone (absent) | Weaker wind resource (moderate)
S29.536_E150.086,True,Higher-ranked candidate under the selected assumptions and criteria,Close to transmission (top decile) | Gentle terrain (top decile) | Close to a substation (moderate),Outside any Renewable Energy Zone (absent) | Weaker wind resource (moderate)
S29.536_E150.136,True,Higher-ranked candidate under the selected assumptions and criteria,Close to transmission (top decile) | Gentle terrain (top decile) | Close to a substation (moderate),Outside any Renewable Energy Zone (absent) | Weaker wind resource (moderate)
S29.536_E150.186,True,Higher-ranked candidate under the selected assumptions and criteria,Close to transmission (top decile) | Gentle terrain (top decile),Outside any Renewable Energy Zone (absent) | Weaker wind resource (moderate)
S29.536_E150.236,True,Higher-ranked candidate under the selected assumptions and criteria,Close to transmission (top decile) | Gentle terrain (top decile),Outside any Renewable Energy Zone (absent) | Weaker wind resource (moderate)
S29.536_E150.286,True,Higher-ranked candidate under the selected assumptions and criteria,Close to transmission (strong) | Gentle terrain (strong) | Close to a substation (moderate),Outside any Renewable Energy Zone (absent) | Weaker wind resource (limited)
S29.536_E150.336,True,Higher-ranked candidate under the selected assumptions and criteria,Close to transmission (strong) | Gentle terrain (strong) | Close to a substation (moderate),Outside any Renewable Energy Zone (absent) | Weaker wind resource (limited)
S29.536_E150.386,True,Higher-ranked candidate under the selected assumptions and criteria,Close to transmission (strong) | Gentle terrain (top decile) | Close to a substation (strong),Outside any Renewable Energy Zone (absent) | Weaker wind resource (limited)
S29.536_E150.436,True,Higher-ranked candidate under the selected assumptions and criteria,Close to transmission (strong) | Close to a substation (strong) | Gentle terrain (strong),Outside any Renewable Energy Zone (absent) | Weaker wind resource (moderate)
S29.536_E150.486,True,Higher-ranked candidate under the selected assumptions and criteria,Close to transmission (strong) | Close to a substation (strong) | Gentle terrain (strong),Outside any Renewable Energy Zone (absent) | Weaker wind resource (limited)
S29.536_E150.536,True,Higher-ranked candidate under the selected assumptions and criteria,Close to transmission (top decile) | Close to a substation (top decile) | Gentle terrain (strong),Outside any Renewable Energy Zone (absent) | Weaker wind resource (limited)
S29.536_E150.636,True,Higher-ranked candidate under the selected assumptions and criteria,Close to transmission (top decile) | Close to a substation (top decile) | Gentle terrain (strong),Outside any Renewable Energy Zone (absent) | Weaker wind resource (limited)
S29.536_E150.686,True,Higher-ranked candidate under the selected assumptions and criteria,Close to transmission (strong) | Close to a substation (strong) | Gentle terrain (strong),Outside any Renewable Energy Zone (absent) | Weaker wind resource (moderate)
S29.536_E150.736,True,Higher-ranked candidate under the selected assumptions and criteria,Strong wind resource (moderate) | Close to transmission (strong) | Gentle terrain (strong),Outside any Renewable Energy Zone (absent)
S29.536_E150.786,True,Higher-ranked candidate under the selected assumptions and criteria,Strong wind resource (moderate) | Close to transmission (strong) | Gentle terrain (strong),Outside any Renewable Energy Zone (absent)
S29.536_E150.836,True,Higher-ranked candidate under the selected assumptions and criteria,Strong wind resource (moderate) | Close to transmission (strong) | Gentle terrain (strong),Outside any Renewable Energy Zone (absent)
S29.536_E150.886,True,Higher-ranked candidate under the selected assumptions and criteria,Strong wind resource (moderate) | Close to transmission (strong) | Gentle terrain (strong),Outside any Renewable Energy Zone (absent) | Distant from a substation (moderate)
S29.536_E150.936,True,Higher-ranked candidate under the selected assumptions and criteria,Strong wind resource (moderate) | Close to transmission (strong) | Gentle terrain (strong),Outside any Renewable Energy Zone (absent) | Distant from a substation (moderate)
S29.536_E150.986,True,Higher-ranked candidate under the selected assumptions and criteria,Close to transmission (strong) | Gentle terrain (strong),Outside any Renewable Energy Zone (absent) | Weaker wind resource (moderate)
S29.536_E151.036,True,Higher-ranked candidate under the selected assumptions and criteria,Close to transmission (strong) | Gentle terrain (strong) | Close to a substation (moderate),Outside any Renewable Energy Zone (absent) | Weaker wind resource (limited)
S29.536_E151.086,True,Higher-ranked candidate under the selected assumptions and criteria,Close to transmission (top decile) | Gentle terrain (strong) | Close to a substation (moderate),Outside any Renewable Energy Zone (absent) | Weaker wind resource (limited)
S29.536_E151.136,True,Higher-ranked candidate under the selected assumptions and criteria,Close to transmission (top decile) | Gentle terrain (strong) | Close to a substation (strong),Outside any Renewable Energy Zone (absent) | Weaker wind resource (limited)
S29.536_E151.186,True,Higher-ranked candidate under the selected assumptions and criteria,Close to transmission (top decile) | Gentle terrain (strong) | Close to a substation (strong),Outside any Renewable Energy Zone (absent) | Weaker wind resource (limited)
S29.536_E151.236,True,Higher-ranked candidate under the selected assumptions and criteria,Close to transmission (strong) | Close to a substation (strong) | Gentle terrain (strong),Outside any Renewable Energy Zone (absent) | Weaker wind resource (moderate)
S29.536_E151.436,True,Higher-ranked candidate under the selected assumptions and criteria,Close to transmission (top decile) | Inside a Renewable Energy Zone (present) | Close to a substation (strong),Weaker wind resource (moderate)
S29.536_E151.486,True,Higher-ranked candidate under the selected assumptions and criteria,Close to transmission (top decile) | Inside a Renewable Energy Zone (present) | Gentle terrain (strong),Weaker wind resource (limited)
S29.536_E151.536,True,Higher-ranked candidate under the selected assumptions and criteria,Close to transmission (strong) | Inside a Renewable Energy Zone (present) | Close to a substation (strong),Weaker wind resource (moderate)
S29.536_E151.586,True,Higher-ranked candidate under the selected assumptions and criteria,Close to transmission (strong) | Inside a Renewable Energy Zone (present) | Close to a substation (strong),Weaker wind resource (moderate)
S29.536_E151.636,True,Higher-ranked candidate under the selected assumptions and criteria,Close to transmission (top decile) | Inside a Renewable Energy Zone (present) | Close to a substation (strong),Weaker wind resource (moderate) | Steeper terrain (moderate)
S29.536_E151.736,True,Higher-ranked candidate under the selected assumptions and criteria,Close to transmission (strong) | Inside a Renewable Energy Zone (present) | Gentle terrain (strong),Weaker wind resource (moderate)
S29.536_E151.786,True,Higher-ranked candidate under the selected assumptions and criteria,Strong wind resource (moderate) | Close to transmission (strong) | Inside a Renewable Energy Zone (present),
S29.536_E151.836,True,Higher-ranked candidate under the selected assumptions and criteria,Strong wind resource (strong) | Close to transmission (top decile) | Inside a Renewable Energy Zone (present),
S29.536_E151.886,True,Higher-ranked candidate under the selected assumptions and criteria,Strong wind resource (strong) | Close to transmission (top decile) | Inside a Renewable Energy Zone (present),
S29.536_E151.936,True,Higher-ranked candidate under the selected assumptions and criteria,Strong wind resource (strong) | Close to transmission (strong) | Inside a Renewable Energy Zone (present),
S29.586_E150.036,True,Higher-ranked candidate under the selected assumptions and criteria,Close to transmission (strong) | Gentle terrain (top decile) | Close to a substation (strong),Outside any Renewable Energy Zone (absent) | Weaker wind resource (moderate)
S29.586_E150.086,True,Higher-ranked candidate under the selected assumptions and criteria,Close to transmission (top decile) | Gentle terrain (top decile) | Close to a substation (moderate),Outside any Renewable Energy Zone (absent) | Weaker wind resource (moderate)
S29.586_E150.136,True,Higher-ranked candidate under the selected assumptions and criteria,Close to transmission (top decile) | Gentle terrain (top decile) | Close to a substation (moderate),Outside any Renewable Energy Zone (absent) | Weaker wind resource (moderate)
S29.586_E150.186,True,Higher-ranked candidate under the selected assumptions and criteria,Close to transmission (top decile) | Gentle terrain (top decile),Outside any Renewable Energy Zone (absent) | Weaker wind resource (moderate)
S29.586_E150.236,True,Higher-ranked candidate under the selected assumptions and criteria,Close to transmission (top decile) | Gentle terrain (strong),Outside any Renewable Energy Zone (absent) | Weaker wind resource (moderate)
S29.586_E150.286,True,Higher-ranked candidate under the selected assumptions and criteria,Close to transmission (top decile) | Gentle terrain (strong) | Close to a substation (moderate),Outside any Renewable Energy Zone (absent) | Weaker wind resource (moderate)
S29.586_E150.336,True,Higher-ranked candidate under the selected assumptions and criteria,Close to transmission (top decile) | Gentle terrain (top decile) | Close to a substation (moderate),Outside any Renewable Energy Zone (absent) | Weaker wind resource (limited)
S29.586_E150.386,True,Higher-ranked candidate under the selected assumptions and criteria,Close to transmission (top decile) | Gentle terrain (strong) | Close to a substation (strong),Outside any Renewable Energy Zone (absent) | Weaker wind resource (limited)
S29.586_E150.436,True,Higher-ranked candidate under the selected assumptions and criteria,Close to transmission (top decile) | Gentle terrain (strong) | Close to a substation (strong),Outside any Renewable Energy Zone (absent) | Weaker wind resource (limited)
S29.586_E150.486,True,Higher-ranked candidate under the selected assumptions and criteria,Close to transmission (strong) | Close to a substation (strong) | Gentle terrain (strong),Outside any Renewable Energy Zone (absent) | Weaker wind resource (limited)
S29.586_E150.636,True,Higher-ranked candidate under the selected assumptions and criteria,Close to transmission (top decile) | Close to a substation (strong) | Gentle terrain (strong),Outside any Renewable Energy Zone (absent) | Weaker wind resource (limited)
S29.586_E150.686,True,Higher-ranked candidate under the selected assumptions and criteria,Close to transmission (top decile) | Close to a substation (strong) | Gentle terrain (strong),Outside any Renewable Energy Zone (absent) | Weaker wind resource (limited)
S29.586_E150.736,True,Higher-ranked candidate under the selected assumptions and criteria,Close to transmission (top decile) | Close to a substation (strong) | Gentle terrain (strong),Outside any Renewable Energy Zone (absent) | Weaker wind resource (moderate)
S29.586_E150.786,True,Higher-ranked candidate under the selected assumptions and criteria,Strong wind resource (moderate) | Close to transmission (top decile) | Gentle terrain (strong),Outside any Renewable Energy Zone (absent)
S29.586_E150.836,True,Higher-ranked candidate under the selected assumptions and criteria,Strong wind resource (moderate) | Close to transmission (strong) | Gentle terrain (strong),Outside any Renewable Energy Zone (absent)
S29.586_E150.886,True,Higher-ranked candidate under the selected assumptions and criteria,Strong wind resource (moderate) | Close to transmission (strong) | Gentle terrain (strong),Outside any Renewable Energy Zone (absent) | Distant from a substation (moderate)
S29.586_E150.936,True,Higher-ranked candidate under the selected assumptions and criteria,Strong wind resource (moderate) | Close to transmission (strong) | Gentle terrain (strong),Outside any Renewable Energy Zone (absent)
S29.586_E150.986,True,Higher-ranked candidate under the selected assumptions and criteria,Close to transmission (strong) | Gentle terrain (strong) | Close to a substation (moderate),Outside any Renewable Energy Zone (absent) | Weaker wind resource (moderate)
S29.586_E151.036,True,Higher-ranked candidate under the selected assumptions and criteria,Close to transmission (strong) | Gentle terrain (strong) | Close to a substation (moderate),Outside any Renewable Energy Zone (absent) | Weaker wind resource (limited)
S29.586_E151.086,True,Higher-ranked candidate under the selected assumptions and criteria,Close to transmission (top decile) | Gentle terrain (top decile) | Close to a substation (moderate),Outside any Renewable Energy Zone (absent) | Weaker wind resource (limited)
S29.586_E151.136,True,Higher-ranked candidate under the selected assumptions and criteria,Close to transmission (top decile) | Gentle terrain (strong) | Close to a substation (moderate),Outside any Renewable Energy Zone (absent) | Weaker wind resource (limited)
S29.586_E151.486,True,Higher-ranked candidate under the selected assumptions and criteria,Close to transmission (top decile) | Inside a Renewable Energy Zone (present) | Close to a substation (strong),Weaker wind resource (moderate)
S29.586_E151.536,True,Higher-ranked candidate under the selected assumptions and criteria,Close to transmission (strong) | Inside a Renewable Energy Zone (present) | Close to a substation (strong),Weaker wind resource (moderate)
S29.586_E151.586,True,Higher-ranked candidate under the selected assumptions and criteria,Strong wind resource (moderate) | Close to transmission (strong) | Inside a Renewable Energy Zone (present),
S29.586_E151.636,True,Higher-ranked candidate under the selected assumptions and criteria,Strong wind resource (moderate) | Close to transmission (top decile) | Inside a Renewable Energy Zone (present),
S29.586_E151.686,True,Higher-ranked candidate under the selected assumptions and criteria,Close to transmission (top decile) | Inside a Renewable Energy Zone (present) | Close to a substation (strong),Weaker wind resource (moderate)
S29.586_E151.736,True,Higher-ranked candidate under the selected assumptions and criteria,Close to transmission (strong) | Inside a Renewable Energy Zone (present) | Close to a substation (strong),Weaker wind resource (moderate)
S29.586_E151.786,True,Higher-ranked candidate under the selected assumptions and criteria,Strong wind resource (moderate) | Close to transmission (top decile) | Inside a Renewable Energy Zone (present),
S29.586_E151.836,True,Higher-ranked candidate under the selected assumptions and criteria,Strong wind resource (moderate) | Close to transmission (top decile) | Inside a Renewable Energy Zone (present),
S29.586_E151.886,True,Higher-ranked candidate under the selected assumptions and criteria,Strong wind resource (strong) | Close to transmission (top decile) | Inside a Renewable Energy Zone (present),
S29.586_E151.936,True,Higher-ranked candidate under the selected assumptions and criteria,Strong wind resource (strong) | Close to transmission (strong) | Inside a Renewable Energy Zone (present),
S29.586_E151.986,True,Higher-ranked candidate under the selected assumptions and criteria,Strong wind resource (strong) | Close to transmission (strong) | Inside a Renewable Energy Zone (present),
S29.636_E150.036,True,Higher-ranked candidate under the selected assumptions and criteria,Close to transmission (strong) | Gentle terrain (top decile) | Close to a substation (strong),Outside any Renewable Energy Zone (absent) | Weaker wind resource (moderate)
S29.636_E150.086,True,Higher-ranked candidate under the selected assumptions and criteria,Close to transmission (strong) | Gentle terrain (top decile) | Close to a substation (moderate),Outside any Renewable Energy Zone (absent) | Weaker wind resource (moderate)
S29.636_E150.136,True,Higher-ranked candidate under the selected assumptions and criteria,Close to transmission (strong) | Gentle terrain (top decile) | Close to a substation (moderate),Outside any Renewable Energy Zone (absent) | Weaker wind resource (moderate)
S29.636_E150.186,True,Higher-ranked candidate under the selected assumptions and criteria,Close to transmission (strong) | Gentle terrain (top decile),Outside any Renewable Energy Zone (absent) | Weaker wind resource (moderate)
S29.636_E150.236,True,Higher-ranked candidate under the selected assumptions and criteria,Close to transmission (top decile) | Gentle terrain (strong),Outside any Renewable Energy Zone (absent) | Distant from a substation (moderate)
S29.636_E150.286,True,Higher-ranked candidate under the selected assumptions and criteria,Close to transmission (top decile) | Gentle terrain (strong),Outside any Renewable Energy Zone (absent) | Weaker wind resource (moderate)
S29.636_E150.336,True,Higher-ranked candidate under the selected assumptions and criteria,Close to transmission (top decile) | Gentle terrain (strong) | Close to a substation (moderate),Outside any Renewable Energy Zone (absent) | Weaker wind resource (limited)
S29.636_E150.386,True,Higher-ranked candidate under the selected assumptions and criteria,Close to transmission (top decile) | Gentle terrain (strong) | Close to a substation (moderate),Outside any Renewable Energy Zone (absent) | Weaker wind resource (limited)
S29.636_E150.436,True,Higher-ranked candidate under the selected assumptions and criteria,Close to transmission (top decile) | Gentle terrain (top decile) | Close to a substation (strong),Outside any Renewable Energy Zone (absent) | Weaker wind resource (limited)
S29.636_E150.486,True,Higher-ranked candidate under the selected assumptions and criteria,Close to transmission (top decile) | Gentle terrain (strong) | Close to a substation (strong),Outside any Renewable Energy Zone (absent) | Weaker wind resource (limited)
S29.636_E150.636,True,Higher-ranked candidate under the selected assumptions and criteria,Close to transmission (strong) | Gentle terrain (strong) | Close to a substation (strong),Outside any Renewable Energy Zone (absent) | Weaker wind resource (limited)
S29.636_E150.686,True,Higher-ranked candidate under the selected assumptions and criteria,Close to transmission (top decile) | Gentle terrain (strong) | Close to a substation (strong),Outside any Renewable Energy Zone (absent) | Weaker wind resource (moderate)
S29.636_E150.736,True,Higher-ranked candidate under the selected assumptions and criteria,Close to transmission (top decile) | Gentle terrain (strong) | Close to a substation (strong),Outside any Renewable Energy Zone (absent) | Weaker wind resource (moderate)
S29.636_E150.786,True,Higher-ranked candidate under the selected assumptions and criteria,Close to transmission (top decile) | Strong wind resource (moderate) | Gentle terrain (top decile),Outside any Renewable Energy Zone (absent)
S29.636_E150.886,True,Higher-ranked candidate under the selected assumptions and criteria,Strong wind resource (moderate) | Close to transmission (top decile) | Gentle terrain (strong),Outside any Renewable Energy Zone (absent)
S29.636_E150.936,True,Higher-ranked candidate under the selected assumptions and criteria,Strong wind resource (moderate) | Close to transmission (strong) | Gentle terrain (strong),Outside any Renewable Energy Zone (absent)
S29.636_E150.986,True,Higher-ranked candidate under the selected assumptions and criteria,Close to transmission (strong) | Gentle terrain (strong) | Close to a substation (strong),Outside any Renewable Energy Zone (absent) | Weaker wind resource (moderate)
S29.636_E151.036,True,Higher-ranked candidate under the selected assumptions and criteria,Close to transmission (strong) | Gentle terrain (top decile) | Close to a substation (strong),Outside any Renewable Energy Zone (absent) | Weaker wind resource (limited)
S29.636_E151.086,True,Higher-ranked candidate under the selected assumptions and criteria,Close to transmission (strong) | Gentle terrain (strong) | Close to a substation (strong),Outside any Renewable Energy Zone (absent) | Weaker wind resource (limited)
S29.636_E151.136,True,Higher-ranked candidate under the selected assumptions and criteria,Close to transmission (top decile) | Gentle terrain (strong) | Close to a substation (strong),Outside any Renewable Energy Zone (absent) | Weaker wind resource (limited)
S29.636_E151.186,True,Higher-ranked candidate under the selected assumptions and criteria,Close to transmission (top decile) | Gentle terrain (strong) | Close to a substation (strong),Outside any Renewable Energy Zone (absent) | Weaker wind resource (moderate)
S29.636_E151.236,True,Higher-ranked candidate under the selected assumptions and criteria,Close to transmission (strong) | Gentle terrain (strong) | Close to a substation (strong),Outside any Renewable Energy Zone (absent) | Weaker wind resource (moderate)
S29.636_E151.286,True,Higher-ranked candidate under the selected assumptions and criteria,Close to transmission (strong) | Close to a substation (strong) | Gentle terrain (strong),Outside any Renewable Energy Zone (absent) | Weaker wind resource (moderate)
S29.636_E151.436,True,Higher-ranked candidate under the selected assumptions and criteria,Strong wind resource (strong) | Close to transmission (top decile) | Inside a Renewable Energy Zone (present),
S29.636_E151.486,True,Higher-ranked candidate under the selected assumptions and criteria,Strong wind resource (moderate) | Close to transmission (top decile) | Inside a Renewable Energy Zone (present),
S29.636_E151.536,True,Higher-ranked candidate under the selected assumptions and criteria,Close to transmission (strong) | Inside a Renewable Energy Zone (present) | Close to a substation (strong),Weaker wind resource (moderate)
S29.636_E151.586,True,Higher-ranked candidate under the selected assumptions and criteria,Strong wind resource (moderate) | Close to transmission (strong) | Inside a Renewable Energy Zone (present),
S29.636_E151.636,True,Higher-ranked candidate under the selected assumptions and criteria,Strong wind resource (strong) | Close to transmission (top decile) | Inside a Renewable Energy Zone (present),
S29.636_E151.686,True,Higher-ranked candidate under the selected assumptions and criteria,Strong wind resource (moderate) | Close to transmission (top decile) | Inside a Renewable Energy Zone (present),
S29.636_E151.736,True,Higher-ranked candidate under the selected assumptions and criteria,Strong wind resource (moderate) | Close to transmission (top decile) | Inside a Renewable Energy Zone (present),
S29.636_E151.786,True,Higher-ranked candidate under the selected assumptions and criteria,Strong wind resource (moderate) | Close to transmission (top decile) | Inside a Renewable Energy Zone (present),
S29.636_E151.836,True,Higher-ranked candidate under the selected assumptions and criteria,Strong wind resource (moderate) | Close to transmission (top decile) | Inside a Renewable Energy Zone (present),
S29.636_E151.886,True,Higher-ranked candidate under the selected assumptions and criteria,Strong wind resource (strong) | Close to transmission (strong) | Inside a Renewable Energy Zone (present),
S29.636_E151.936,True,Higher-ranked candidate under the selected assumptions and criteria,Strong wind resource (strong) | Close to transmission (strong) | Inside a Renewable Energy Zone (present),
S29.636_E151.986,True,Higher-ranked candidate under the selected assumptions and criteria,Strong wind resource (strong) | Close to transmission (strong) | Inside a Renewable Energy Zone (present),
S29.686_E150.036,True,Higher-ranked candidate under the selected assumptions and criteria,Close to transmission (strong) | Gentle terrain (top decile) | Close to a substation (moderate),Outside any Renewable Energy Zone (absent) | Weaker wind resource (moderate)
S29.686_E150.086,True,Higher-ranked candidate under the selected assumptions and criteria,Close to transmission (strong) | Gentle terrain (top decile) | Close to a substation (moderate),Outside any Renewable Energy Zone (absent) | Weaker wind resource (moderate)
S29.686_E150.136,True,Higher-ranked candidate under the selected assumptions and criteria,Close to transmission (strong) | Gentle terrain (top decile),Outside any Renewable Energy Zone (absent) | Weaker wind resource (moderate)
S29.686_E150.286,True,Higher-ranked candidate under the selected assumptions and criteria,Close to transmission (strong) | Gentle terrain (strong),Outside any Renewable Energy Zone (absent) | Weaker wind resource (moderate)
S29.686_E150.336,True,Higher-ranked candidate under the selected assumptions and criteria,Close to transmission (strong),Outside any Renewable Energy Zone (absent) | Weaker wind resource (limited)
S29.686_E150.386,True,Higher-ranked candidate under the selected assumptions and criteria,Close to transmission (strong) | Gentle terrain (strong) | Close to a substation (moderate),Outside any Renewable Energy Zone (absent) | Weaker wind resource (limited)
S29.686_E150.436,True,Higher-ranked candidate under the selected assumptions and criteria,Close to transmission (top decile) | Gentle terrain (strong) | Close to a substation (moderate),Outside any Renewable Energy Zone (absent) | Weaker wind resource (limited)
S29.686_E150.486,True,Higher-ranked candidate under the selected assumptions and criteria,Close to transmission (top decile) | Gentle terrain (strong) | Close to a substation (strong),Outside any Renewable Energy Zone (absent) | Weaker wind resource (limited)
S29.686_E150.536,True,Higher-ranked candidate under the selected assumptions and criteria,Close to transmission (top decile) | Gentle terrain (strong) | Close to a substation (strong),Outside any Renewable Energy Zone (absent) | Weaker wind resource (limited)
S29.686_E150.686,True,Higher-ranked candidate under the selected assumptions and criteria,Close to transmission (top decile) | Gentle terrain (strong) | Close to a substation (moderate),Outside any Renewable Energy Zone (absent) | Weaker wind resource (limited)
S29.686_E150.736,True,Higher-ranked candidate under the selected assumptions and criteria,Close to transmission (top decile) | Gentle terrain (strong) | Close to a substation (moderate),Outside any Renewable Energy Zone (absent) | Weaker wind resource (moderate)
S29.686_E150.786,True,Higher-ranked candidate under the selected assumptions and criteria,Close to transmission (top decile) | Gentle terrain (strong) | Close to a substation (moderate),Outside any Renewable Energy Zone (absent) | Weaker wind resource (moderate)
S29.686_E150.836,True,Higher-ranked candidate under the selected assumptions and criteria,Close to transmission (top decile) | Strong wind resource (moderate) | Gentle terrain (top decile),Outside any Renewable Energy Zone (absent)
S29.686_E150.886,True,Higher-ranked candidate under the selected assumptions and criteria,Strong wind resource (moderate) | Close to transmission (top decile) | Gentle terrain (strong),Outside any Renewable Energy Zone (absent)
S29.686_E150.936,True,Higher-ranked candidate under the selected assumptions and criteria,Close to transmission (top decile) | Strong wind resource (moderate) | Gentle terrain (top decile),Outside any Renewable Energy Zone (absent)
S29.686_E150.986,True,Higher-ranked candidate under the selected assumptions and criteria,Close to transmission (top decile) | Gentle terrain (strong) | Close to a substation (strong),Outside any Renewable Energy Zone (absent) | Weaker wind resource (moderate)
S29.686_E151.036,True,Higher-ranked candidate under the selected assumptions and criteria,Close to transmission (top decile) | Gentle terrain (strong) | Close to a substation (strong),Outside any Renewable Energy Zone (absent) | Weaker wind resource (limited)
S29.686_E151.086,True,Higher-ranked candidate under the selected assumptions and criteria,Close to transmission (top decile) | Gentle terrain (top decile) | Close to a substation (strong),Outside any Renewable Energy Zone (absent) | Weaker wind resource (limited)
S29.686_E151.136,True,Higher-ranked candidate under the selected assumptions and criteria,Close to transmission (top decile) | Gentle terrain (strong) | Close to a substation (strong),Outside any Renewable Energy Zone (absent) | Weaker wind resource (limited)
S29.686_E151.186,True,Higher-ranked candidate under the selected assumptions and criteria,Close to transmission (top decile) | Gentle terrain (strong) | Close to a substation (strong),Outside any Renewable Energy Zone (absent) | Weaker wind resource (moderate)
S29.686_E151.236,True,Higher-ranked candidate under the selected assumptions and criteria,Close to transmission (strong) | Gentle terrain (strong) | Close to a substation (strong),Outside any Renewable Energy Zone (absent) | Weaker wind resource (moderate)
S29.686_E151.286,True,Higher-ranked candidate under the selected assumptions and criteria,Close to transmission (strong) | Gentle terrain (strong) | Close to a substation (strong),Outside any Renewable Energy Zone (absent) | Weaker wind resource (moderate)
S29.686_E151.336,True,Higher-ranked candidate under the selected assumptions and criteria,Strong wind resource (moderate) | Close to transmission (strong) | Inside a Renewable Energy Zone (present),
S29.686_E151.386,True,Higher-ranked candidate under the selected assumptions and criteria,Strong wind resource (strong) | Close to transmission (top decile) | Inside a Renewable Energy Zone (present),
S29.686_E151.436,True,Higher-ranked candidate under the selected assumptions and criteria,Strong wind resource (strong) | Close to transmission (top decile) | Inside a Renewable Energy Zone (present),
S29.686_E151.486,True,Higher-ranked candidate under the selected assumptions and criteria,Strong wind resource (strong) | Close to transmission (strong) | Inside a Renewable Energy Zone (present),
S29.686_E151.536,True,Higher-ranked candidate under the selected assumptions and criteria,Strong wind resource (strong) | Close to transmission (strong) | Inside a Renewable Energy Zone (present),
S29.686_E151.586,True,Higher-ranked candidate under the selected assumptions and criteria,Strong wind resource (strong) | Close to transmission (top decile) | Inside a Renewable Energy Zone (present),
S29.686_E151.636,True,Higher-ranked candidate under the selected assumptions and criteria,Strong wind resource (strong) | Close to transmission (top decile) | Inside a Renewable Energy Zone (present),
S29.686_E151.686,True,Higher-ranked candidate under the selected assumptions and criteria,Strong wind resource (strong) | Close to transmission (top decile) | Inside a Renewable Energy Zone (present),
S29.686_E151.736,True,Higher-ranked candidate under the selected assumptions and criteria,Strong wind resource (strong) | Close to transmission (top decile) | Inside a Renewable Energy Zone (present),
S29.686_E151.786,True,Higher-ranked candidate under the selected assumptions and criteria,Strong wind resource (strong) | Close to transmission (top decile) | Inside a Renewable Energy Zone (present),
S29.686_E151.836,True,Higher-ranked candidate under the selected assumptions and criteria,Strong wind resource (strong) | Close to transmission (top decile) | Inside a Renewable Energy Zone (present),
S29.686_E151.886,True,Higher-ranked candidate under the selected assumptions and criteria,Strong wind resource (strong) | Close to transmission (strong) | Inside a Renewable Energy Zone (present),
S29.686_E151.936,True,Higher-ranked candidate under the selected assumptions and criteria,Strong wind resource (moderate) | Close to transmission (strong) | Inside a Renewable Energy Zone (present),
S29.736_E150.036,True,Higher-ranked candidate under the selected assumptions and criteria,Close to transmission (moderate) | Gentle terrain (top decile) | Close to a substation (moderate),Outside any Renewable Energy Zone (absent) | Weaker wind resource (moderate)
S29.736_E150.086,True,Higher-ranked candidate under the selected assumptions and criteria,Close to transmission (moderate) | Gentle terrain (top decile) | Close to a substation (moderate),Outside any Renewable Energy Zone (absent) | Weaker wind resource (moderate)
S29.736_E150.286,True,Higher-ranked candidate under the selected assumptions and criteria,Close to transmission (strong) | Gentle terrain (moderate),Outside any Renewable Energy Zone (absent) | Weaker wind resource (limited)
S29.736_E150.336,True,Higher-ranked candidate under the selected assumptions and criteria,Close to transmission (strong) | Close to a substation (moderate) | Gentle terrain (moderate),Outside any Renewable Energy Zone (absent) | Weaker wind resource (limited)
S29.736_E150.386,True,Higher-ranked candidate under the selected assumptions and criteria,Close to transmission (strong) | Gentle terrain (strong) | Close to a substation (moderate),Outside any Renewable Energy Zone (absent) | Weaker wind resource (limited)
S29.736_E150.436,True,Higher-ranked candidate under the selected assumptions and criteria,Close to transmission (strong) | Gentle terrain (strong) | Close to a substation (strong),Outside any Renewable Energy Zone (absent) | Weaker wind resource (limited)
S29.736_E150.486,True,Higher-ranked candidate under the selected assumptions and criteria,Close to transmission (top decile) | Gentle terrain (strong) | Close to a substation (strong),Outside any Renewable Energy Zone (absent) | Weaker wind resource (limited)
S29.736_E150.536,True,Higher-ranked candidate under the selected assumptions and criteria,Close to transmission (top decile) | Gentle terrain (strong) | Close to a substation (strong),Outside any Renewable Energy Zone (absent) | Weaker wind resource (limited)
S29.736_E150.686,True,Higher-ranked candidate under the selected assumptions and criteria,Close to transmission (top decile) | Gentle terrain (strong) | Close to a substation (strong),Outside any Renewable Energy Zone (absent) | Weaker wind resource (limited)
S29.736_E150.736,True,Higher-ranked candidate under the selected assumptions and criteria,Close to transmission (top decile) | Gentle terrain (strong) | Close to a substation (moderate),Outside any Renewable Energy Zone (absent) | Weaker wind resource (limited)
S29.736_E150.786,True,Higher-ranked candidate under the selected assumptions and criteria,Close to transmission (top decile) | Gentle terrain (strong) | Close to a substation (strong),Outside any Renewable Energy Zone (absent) | Weaker wind resource (moderate)
S29.736_E150.836,True,Higher-ranked candidate under the selected assumptions and criteria,Close to transmission (top decile) | Strong wind resource (moderate) | Close to a substation (strong),Outside any Renewable Energy Zone (absent)
S29.736_E150.886,True,Higher-ranked candidate under the selected assumptions and criteria,Close to transmission (top decile) | Strong wind resource (moderate) | Gentle terrain (strong),Outside any Renewable Energy Zone (absent)
S29.736_E150.936,True,Higher-ranked candidate under the selected assumptions and criteria,Close to transmission (top decile) | Strong wind resource (moderate) | Gentle terrain (top decile),Outside any Renewable Energy Zone (absent)
S29.736_E150.986,True,Higher-ranked candidate under the selected assumptions and criteria,Close to transmission (top decile) | Strong wind resource (moderate) | Gentle terrain (strong),Outside any Renewable Energy Zone (absent)
S29.736_E151.036,True,Higher-ranked candidate under the selected assumptions and criteria,Close to transmission (top decile) | Close to a substation (strong) | Gentle terrain (strong),Outside any Renewable Energy Zone (absent) | Weaker wind resource (moderate)
S29.736_E151.086,True,Higher-ranked candidate under the selected assumptions and criteria,Close to transmission (top decile) | Close to a substation (strong) | Gentle terrain (strong),Outside any Renewable Energy Zone (absent) | Weaker wind resource (limited)
S29.736_E151.186,True,Higher-ranked candidate under the selected assumptions and criteria,Close to transmission (top decile) | Close to a substation (top decile) | Gentle terrain (strong),Outside any Renewable Energy Zone (absent) | Weaker wind resource (limited)
S29.736_E151.236,True,Higher-ranked candidate under the selected assumptions and criteria,Close to transmission (top decile) | Gentle terrain (strong) | Close to a substation (strong),Outside any Renewable Energy Zone (absent) | Weaker wind resource (limited)
S29.736_E151.286,True,Higher-ranked candidate under the selected assumptions and criteria,Close to transmission (strong) | Inside a Renewable Energy Zone (present) | Gentle terrain (strong),Weaker wind resource (moderate)
S29.736_E151.336,True,Higher-ranked candidate under the selected assumptions and criteria,Strong wind resource (moderate) | Close to transmission (strong) | Inside a Renewable Energy Zone (present),
S29.736_E151.386,True,Higher-ranked candidate under the selected assumptions and criteria,Strong wind resource (strong) | Close to transmission (top decile) | Inside a Renewable Energy Zone (present),
S29.736_E151.436,True,Higher-ranked candidate under the selected assumptions and criteria,Strong wind resource (strong) | Close to transmission (top decile) | Inside a Renewable Energy Zone (present),
S29.736_E151.486,True,Higher-ranked candidate under the selected assumptions and criteria,Strong wind resource (strong) | Close to transmission (top decile) | Inside a Renewable Energy Zone (present),
S29.736_E151.536,True,Higher-ranked candidate under the selected assumptions and criteria,Strong wind resource (strong) | Close to transmission (top decile) | Inside a Renewable Energy Zone (present),
S29.736_E151.586,True,Higher-ranked candidate under the selected assumptions and criteria,Strong wind resource (strong) | Close to transmission (top decile) | Inside a Renewable Energy Zone (present),
S29.736_E151.636,True,Higher-ranked candidate under the selected assumptions and criteria,Strong wind resource (strong) | Close to transmission (top decile) | Inside a Renewable Energy Zone (present),
S29.736_E151.786,True,Higher-ranked candidate under the selected assumptions and criteria,Strong wind resource (strong) | Close to transmission (top decile) | Inside a Renewable Energy Zone (present),
S29.736_E151.836,True,Higher-ranked candidate under the selected assumptions and criteria,Strong wind resource (strong) | Close to transmission (top decile) | Inside a Renewable Energy Zone (present),
S29.736_E151.886,True,Higher-ranked candidate under the selected assumptions and criteria,Strong wind resource (strong) | Close to transmission (strong) | Inside a Renewable Energy Zone (present),
S29.736_E151.936,True,Higher-ranked candidate under the selected assumptions and criteria,Close to transmission (strong) | Inside a Renewable Energy Zone (present) | Close to a substation (strong),Steeper terrain (moderate) | Weaker wind resource (moderate)
S29.786_E150.036,True,Higher-ranked candidate under the selected assumptions and criteria,Close to transmission (moderate) | Gentle terrain (top decile) | Close to a substation (moderate),Outside any Renewable Energy Zone (absent) | Weaker wind resource (moderate)
S29.786_E150.086,True,Higher-ranked candidate under the selected assumptions and criteria,Close to transmission (moderate) | Gentle terrain (strong),Outside any Renewable Energy Zone (absent) | Weaker wind resource (moderate)
S29.786_E150.286,True,Higher-ranked candidate under the selected assumptions and criteria,Close to transmission (strong) | Gentle terrain (moderate) | Close to a substation (moderate),Outside any Renewable Energy Zone (absent) | Weaker wind resource (limited)
S29.786_E150.336,True,Higher-ranked candidate under the selected assumptions and criteria,Close to transmission (strong) | Close to a substation (moderate) | Gentle terrain (moderate),Outside any Renewable Energy Zone (absent) | Weaker wind resource (limited)
S29.786_E150.386,True,Higher-ranked candidate under the selected assumptions and criteria,Close to transmission (strong) | Gentle terrain (strong) | Close to a substation (strong),Outside any Renewable Energy Zone (absent) | Weaker wind resource (limited)
S29.786_E150.436,True,Higher-ranked candidate under the selected assumptions and criteria,Close to transmission (strong) | Gentle terrain (strong) | Close to a substation (strong),Outside any Renewable Energy Zone (absent) | Weaker wind resource (limited)
S29.786_E150.486,True,Higher-ranked candidate under the selected assumptions and criteria,Close to transmission (top decile) | Gentle terrain (top decile) | Close to a substation (strong),Outside any Renewable Energy Zone (absent) | Weaker wind resource (limited)
S29.786_E150.536,True,Higher-ranked candidate under the selected assumptions and criteria,Close to transmission (top decile) | Close to a substation (strong) | Gentle terrain (strong),Outside any Renewable Energy Zone (absent) | Weaker wind resource (limited)
S29.786_E150.586,True,Higher-ranked candidate under the selected assumptions and criteria,Close to transmission (top decile) | Close to a substation (strong) | Gentle terrain (moderate),Outside any Renewable Energy Zone (absent) | Weaker wind resource (limited)
S29.786_E150.636,True,Higher-ranked candidate under the selected assumptions and criteria,Close to transmission (strong) | Close to a substation (strong) | Gentle terrain (strong),Outside any Renewable Energy Zone (absent) | Weaker wind resource (limited)
S29.786_E150.686,True,Higher-ranked candidate under the selected assumptions and criteria,Close to transmission (strong) | Close to a substation (strong) | Gentle terrain (strong),Outside any Renewable Energy Zone (absent) | Weaker wind resource (limited)
S29.786_E150.736,True,Higher-ranked candidate under the selected assumptions and criteria,Close to transmission (strong) | Gentle terrain (strong) | Close to a substation (strong),Outside any Renewable Energy Zone (absent) | Weaker wind resource (limited)
S29.786_E150.786,True,Higher-ranked candidate under the selected assumptions and criteria,Close to transmission (strong) | Gentle terrain (strong) | Close to a substation (strong),Outside any Renewable Energy Zone (absent) | Weaker wind resource (limited)
S29.786_E150.836,True,Higher-ranked candidate under the selected assumptions and criteria,Close to transmission (strong) | Close to a substation (strong),Outside any Renewable Energy Zone (absent) | Weaker wind resource (moderate)
S29.786_E150.886,True,Higher-ranked candidate under the selected assumptions and criteria,Close to transmission (strong) | Gentle terrain (strong) | Close to a substation (strong),Outside any Renewable Energy Zone (absent) | Weaker wind resource (moderate)
S29.786_E150.936,True,Higher-ranked candidate under the selected assumptions and criteria,Strong wind resource (moderate) | Close to transmission (top decile) | Gentle terrain (top decile),Outside any Renewable Energy Zone (absent)
S29.786_E150.986,True,Higher-ranked candidate under the selected assumptions and criteria,Close to transmission (top decile) | Strong wind resource (moderate) | Gentle terrain (strong),Outside any Renewable Energy Zone (absent)
S29.786_E151.036,True,Higher-ranked candidate under the selected assumptions and criteria,Close to transmission (top decile) | Close to a substation (top decile) | Gentle terrain (strong),Outside any Renewable Energy Zone (absent) | Weaker wind resource (moderate)
S29.786_E151.186,True,Higher-ranked candidate under the selected assumptions and criteria,Close to transmission (top decile) | Close to a substation (top decile) | Gentle terrain (strong),Outside any Renewable Energy Zone (absent) | Weaker wind resource (limited)
S29.786_E151.236,True,Higher-ranked candidate under the selected assumptions and criteria,Close to transmission (top decile) | Gentle terrain (strong) | Close to a substation (strong),Outside any Renewable Energy Zone (absent) | Weaker wind resource (limited)
S29.786_E151.286,True,Higher-ranked candidate under the selected assumptions and criteria,Close to transmission (top decile) | Inside a Renewable Energy Zone (present) | Gentle terrain (strong),Weaker wind resource (limited)
S29.786_E151.336,True,Higher-ranked candidate under the selected assumptions and criteria,Close to transmission (top decile) | Inside a Renewable Energy Zone (present) | Close to a substation (strong),Weaker wind resource (moderate)
S29.786_E151.386,True,Higher-ranked candidate under the selected assumptions and criteria,Close to transmission (top decile) | Strong wind resource (moderate) | Inside a Renewable Energy Zone (present),
S29.786_E151.436,True,Higher-ranked candidate under the selected assumptions and criteria,Strong wind resource (moderate) | Close to transmission (top decile) | Inside a Renewable Energy Zone (present),
S29.786_E151.486,True,Higher-ranked candidate under the selected assumptions and criteria,Strong wind resource (moderate) | Close to transmission (top decile) | Inside a Renewable Energy Zone (present),
S29.786_E151.536,True,Higher-ranked candidate under the selected assumptions and criteria,Strong wind resource (strong) | Close to transmission (top decile) | Inside a Renewable Energy Zone (present),
S29.786_E151.586,True,Higher-ranked candidate under the selected assumptions and criteria,Strong wind resource (strong) | Close to transmission (top decile) | Inside a Renewable Energy Zone (present),
S29.786_E151.636,True,Higher-ranked candidate under the selected assumptions and criteria,Strong wind resource (strong) | Close to transmission (strong) | Inside a Renewable Energy Zone (present),
S29.786_E151.686,True,Higher-ranked candidate under the selected assumptions and criteria,Strong wind resource (strong) | Close to transmission (top decile) | Inside a Renewable Energy Zone (present),
S29.786_E151.736,True,Higher-ranked candidate under the selected assumptions and criteria,Strong wind resource (strong) | Close to transmission (top decile) | Inside a Renewable Energy Zone (present),
S29.786_E151.786,True,Higher-ranked candidate under the selected assumptions and criteria,Strong wind resource (strong) | Close to transmission (top decile) | Inside a Renewable Energy Zone (present),
S29.786_E151.836,True,Higher-ranked candidate under the selected assumptions and criteria,Strong wind resource (strong) | Close to transmission (top decile) | Inside a Renewable Energy Zone (present),
S29.786_E151.886,True,Higher-ranked candidate under the selected assumptions and criteria,Strong wind resource (strong) | Close to transmission (strong) | Inside a Renewable Energy Zone (present),
S29.786_E151.936,True,Higher-ranked candidate under the selected assumptions and criteria,Strong wind resource (strong) | Close to transmission (strong) | Inside a Renewable Energy Zone (present),
S29.786_E151.986,True,Higher-ranked candidate under the selected assumptions and criteria,Close to transmission (strong) | Inside a Renewable Energy Zone (present) | Close to a substation (moderate),Weaker wind resource (limited) | Steeper terrain (moderate)
S29.836_E150.036,True,Higher-ranked candidate under the selected assumptions and criteria,Close to transmission (moderate) | Gentle terrain (top decile) | Close to a substation (moderate),Outside any Renewable Energy Zone (absent) | Weaker wind resource (moderate)
S29.836_E150.336,True,Higher-ranked candidate under the selected assumptions and criteria,Close to transmission (strong) | Gentle terrain (strong) | Close to a substation (moderate),Outside any Renewable Energy Zone (absent) | Weaker wind resource (limited)
S29.836_E150.386,True,Higher-ranked candidate under the selected assumptions and criteria,Close to transmission (strong) | Gentle terrain (top decile) | Close to a substation (strong),Outside any Renewable Energy Zone (absent) | Weaker wind resource (limited)
S29.836_E150.486,True,Higher-ranked candidate under the selected assumptions and criteria,Close to transmission (top decile) | Close to a substation (strong) | Gentle terrain (strong),Outside any Renewable Energy Zone (absent) | Weaker wind resource (limited)
S29.836_E150.636,True,Higher-ranked candidate under the selected assumptions and criteria,Close to transmission (strong) | Close to a substation (strong) | Gentle terrain (moderate),Outside any Renewable Energy Zone (absent) | Weaker wind resource (limited)
S29.836_E150.686,True,Higher-ranked candidate under the selected assumptions and criteria,Close to transmission (strong) | Close to a substation (strong) | Gentle terrain (strong),Outside any Renewable Energy Zone (absent) | Weaker wind resource (limited)
S29.836_E150.736,True,Higher-ranked candidate under the selected assumptions and criteria,Close to transmission (strong) | Gentle terrain (strong) | Close to a substation (strong),Outside any Renewable Energy Zone (absent) | Weaker wind resource (limited)
S29.836_E150.786,True,Higher-ranked candidate under the selected assumptions and criteria,Close to transmission (strong) | Close to a substation (strong) | Gentle terrain (strong),Outside any Renewable Energy Zone (absent) | Weaker wind resource (limited)
S29.836_E150.836,True,Higher-ranked candidate under the selected assumptions and criteria,Close to transmission (strong) | Close to a substation (strong) | Gentle terrain (moderate),Outside any Renewable Energy Zone (absent) | Weaker wind resource (moderate)
S29.836_E150.886,True,Higher-ranked candidate under the selected assumptions and criteria,Close to transmission (top decile) | Strong wind resource (moderate) | Close to a substation (top decile),Outside any Renewable Energy Zone (absent)
S29.836_E150.936,True,Higher-ranked candidate under the selected assumptions and criteria,Close to transmission (top decile) | Close to a substation (strong) | Gentle terrain (strong),Outside any Renewable Energy Zone (absent) | Weaker wind resource (moderate)
S29.836_E150.986,True,Higher-ranked candidate under the selected assumptions and criteria,Close to transmission (top decile) | Close to a substation (strong) | Gentle terrain (strong),Outside any Renewable Energy Zone (absent) | Weaker wind resource (moderate)
S29.836_E151.036,True,Higher-ranked candidate under the selected assumptions and criteria,Close to transmission (top decile) | Close to a substation (strong) | Gentle terrain (strong),Outside any Renewable Energy Zone (absent) | Weaker wind resource (moderate)
S29.836_E151.086,True,Higher-ranked candidate under the selected assumptions and criteria,Close to transmission (top decile) | Close to a substation (top decile) | Gentle terrain (strong),Outside any Renewable Energy Zone (absent) | Weaker wind resource (moderate)
S29.836_E151.236,True,Higher-ranked candidate under the selected assumptions and criteria,Close to transmission (top decile) | Inside a Renewable Energy Zone (present) | Close to a substation (strong),Weaker wind resource (limited)
S29.836_E151.286,True,Higher-ranked candidate under the selected assumptions and criteria,Close to transmission (top decile) | Inside a Renewable Energy Zone (present) | Close to a substation (strong),Weaker wind resource (limited)
S29.836_E151.336,True,Higher-ranked candidate under the selected assumptions and criteria,Close to transmission (top decile) | Inside a Renewable Energy Zone (present) | Gentle terrain (strong),Weaker wind resource (limited)
S29.836_E151.386,True,Higher-ranked candidate under the selected assumptions and criteria,Close to transmission (top decile) | Inside a Renewable Energy Zone (present) | Close to a substation (strong),Weaker wind resource (moderate)
S29.836_E151.436,True,Higher-ranked candidate under the selected assumptions and criteria,Close to transmission (top decile) | Inside a Renewable Energy Zone (present) | Close to a substation (strong),Weaker wind resource (moderate)
S29.836_E151.486,True,Higher-ranked candidate under the selected assumptions and criteria,Strong wind resource (moderate) | Close to transmission (top decile) | Inside a Renewable Energy Zone (present),
S29.836_E151.536,True,Higher-ranked candidate under the selected assumptions and criteria,Strong wind resource (strong) | Close to transmission (top decile) | Inside a Renewable Energy Zone (present),Steeper terrain (limited)
S29.836_E151.586,True,Higher-ranked candidate under the selected assumptions and criteria,Strong wind resource (moderate) | Close to transmission (top decile) | Inside a Renewable Energy Zone (present),Steeper terrain (limited)
S29.836_E151.636,True,Higher-ranked candidate under the selected assumptions and criteria,Strong wind resource (strong) | Close to transmission (top decile) | Inside a Renewable Energy Zone (present),Steeper terrain (moderate)
S29.836_E151.686,True,Higher-ranked candidate under the selected assumptions and criteria,Strong wind resource (strong) | Close to transmission (top decile) | Inside a Renewable Energy Zone (present),Steeper terrain (moderate)
S29.836_E151.736,True,Higher-ranked candidate under the selected assumptions and criteria,Strong wind resource (moderate) | Close to transmission (top decile) | Inside a Renewable Energy Zone (present),
S29.836_E151.786,True,Higher-ranked candidate under the selected assumptions and criteria,Strong wind resource (strong) | Close to transmission (top decile) | Inside a Renewable Energy Zone (present),
S29.836_E151.836,True,Higher-ranked candidate under the selected assumptions and criteria,Strong wind resource (strong) | Close to transmission (strong) | Inside a Renewable Energy Zone (present),
S29.836_E151.886,True,Higher-ranked candidate under the selected assumptions and criteria,Strong wind resource (strong) | Close to transmission (strong) | Inside a Renewable Energy Zone (present),
S29.836_E151.936,True,Higher-ranked candidate under the selected assumptions and criteria,Strong wind resource (moderate) | Close to transmission (strong) | Inside a Renewable Energy Zone (present),
S29.886_E150.036,True,Higher-ranked candidate under the selected assumptions and criteria,Close to transmission (moderate) | Gentle terrain (top decile) | Close to a substation (moderate),Outside any Renewable Energy Zone (absent) | Weaker wind resource (moderate)
S29.886_E150.186,True,Higher-ranked candidate under the selected assumptions and criteria,Gentle terrain (strong),Outside any Renewable Energy Zone (absent) | Weaker wind resource (moderate)
S29.886_E150.336,True,Higher-ranked candidate under the selected assumptions and criteria,Close to transmission (moderate) | Gentle terrain (strong) | Close to a substation (moderate),Outside any Renewable Energy Zone (absent) | Weaker wind resource (limited)
S29.886_E150.386,True,Higher-ranked candidate under the selected assumptions and criteria,Close to transmission (strong) | Gentle terrain (strong) | Close to a substation (strong),Outside any Renewable Energy Zone (absent) | Weaker wind resource (limited)
S29.886_E150.636,True,Higher-ranked candidate under the selected assumptions and criteria,Close to transmission (strong) | Close to a substation (strong) | Gentle terrain (moderate),Outside any Renewable Energy Zone (absent) | Weaker wind resource (limited)
S29.886_E150.986,True,Higher-ranked candidate under the selected assumptions and criteria,Close to transmission (top decile) | Close to a substation (strong) | Gentle terrain (strong),Outside any Renewable Energy Zone (absent) | Weaker wind resource (limited)
S29.886_E151.286,True,Higher-ranked candidate under the selected assumptions and criteria,Close to transmission (top decile) | Inside a Renewable Energy Zone (present) | Gentle terrain (strong),Weaker wind resource (limited)
S29.886_E151.336,True,Higher-ranked candidate under the selected assumptions and criteria,Close to transmission (top decile) | Inside a Renewable Energy Zone (present) | Close to a substation (strong),Weaker wind resource (limited)
S29.886_E151.386,True,Higher-ranked candidate under the selected assumptions and criteria,Close to transmission (top decile) | Inside a Renewable Energy Zone (present) | Close to a substation (strong),Weaker wind resource (moderate)
S29.886_E151.436,True,Higher-ranked candidate under the selected assumptions and criteria,Close to transmission (top decile) | Strong wind resource (moderate) | Inside a Renewable Energy Zone (present),
S29.886_E151.486,True,Higher-ranked candidate under the selected assumptions and criteria,Strong wind resource (moderate) | Close to transmission (top decile) | Inside a Renewable Energy Zone (present),
S29.886_E151.536,True,Higher-ranked candidate under the selected assumptions and criteria,Strong wind resource (strong) | Close to transmission (strong) | Inside a Renewable Energy Zone (present),Steeper terrain (limited)
S29.886_E151.586,True,Higher-ranked candidate under the selected assumptions and criteria,Strong wind resource (strong) | Close to transmission (strong) | Inside a Renewable Energy Zone (present),Steeper terrain (moderate)
S29.886_E151.636,True,Higher-ranked candidate under the selected assumptions and criteria,Strong wind resource (strong) | Close to transmission (top decile) | Inside a Renewable Energy Zone (present),Steeper terrain (moderate)
S29.886_E151.686,True,Higher-ranked candidate under the selected assumptions and criteria,Strong wind resource (moderate) | Close to transmission (top decile) | Inside a Renewable Energy Zone (present),
S29.886_E151.736,True,Higher-ranked candidate under the selected assumptions and criteria,Strong wind resource (moderate) | Close to transmission (top decile) | Inside a Renewable Energy Zone (present),
S29.886_E151.786,True,Higher-ranked candidate under the selected assumptions and criteria,Strong wind resource (moderate) | Close to transmission (top decile) | Inside a Renewable Energy Zone (present),
S29.886_E151.836,True,Higher-ranked candidate under the selected assumptions and criteria,Strong wind resource (strong) | Close to transmission (strong) | Inside a Renewable Energy Zone (present),
S29.886_E151.886,True,Higher-ranked candidate under the selected assumptions and criteria,Strong wind resource (moderate) | Close to transmission (strong) | Inside a Renewable Energy Zone (present),
S29.886_E151.936,True,Higher-ranked candidate under the selected assumptions and criteria,Strong wind resource (moderate) | Close to transmission (strong) | Inside a Renewable Energy Zone (present),
S29.886_E151.986,True,Higher-ranked candidate under the selected assumptions and criteria,Close to transmission (moderate) | Inside a Renewable Energy Zone (present) | Gentle terrain (strong),Weaker wind resource (moderate)
S29.936_E150.036,True,Higher-ranked candidate under the selected assumptions and criteria,Close to transmission (moderate) | Gentle terrain (strong) | Close to a substation (moderate),Outside any Renewable Energy Zone (absent) | Weaker wind resource (moderate)
S29.936_E150.086,True,Higher-ranked candidate under the selected assumptions and criteria,Close to transmission (moderate) | Gentle terrain (strong) | Close to a substation (moderate),Outside any Renewable Energy Zone (absent) | Weaker wind resource (limited)
S29.936_E150.286,True,Higher-ranked candidate under the selected assumptions and criteria,Close to transmission (moderate) | Close to a substation (moderate),Outside any Renewable Energy Zone (absent) | Weaker wind resource (limited)
S29.936_E150.336,True,Higher-ranked candidate under the selected assumptions and criteria,Close to transmission (moderate) | Gentle terrain (strong) | Close to a substation (moderate),Outside any Renewable Energy Zone (absent) | Weaker wind resource (limited)
S29.936_E150.386,True,Higher-ranked candidate under the selected assumptions and criteria,Close to transmission (strong) | Gentle terrain (top decile) | Close to a substation (strong),Outside any Renewable Energy Zone (absent) | Weaker wind resource (limited)
S29.936_E150.436,True,Higher-ranked candidate under the selected assumptions and criteria,Close to transmission (strong) | Gentle terrain (strong) | Close to a substation (strong),Outside any Renewable Energy Zone (absent) | Weaker wind resource (limited)
S29.936_E150.486,True,Higher-ranked candidate under the selected assumptions and criteria,Close to transmission (strong) | Close to a substation (strong) | Gentle terrain (moderate),Outside any Renewable Energy Zone (absent) | Weaker wind resource (limited)
S29.936_E150.536,True,Higher-ranked candidate under the selected assumptions and criteria,Close to transmission (strong) | Close to a substation (strong),Outside any Renewable Energy Zone (absent) | Weaker wind resource (limited)
S29.936_E150.586,True,Higher-ranked candidate under the selected assumptions and criteria,Close to transmission (strong) | Close to a substation (strong) | Gentle terrain (strong),Outside any Renewable Energy Zone (absent) | Weaker wind resource (limited)
S29.936_E150.636,True,Higher-ranked candidate under the selected assumptions and criteria,Close to transmission (strong) | Close to a substation (strong),Outside any Renewable Energy Zone (absent) | Weaker wind resource (limited)
S29.936_E150.686,True,Higher-ranked candidate under the selected assumptions and criteria,Close to transmission (strong) | Close to a substation (strong) | Gentle terrain (moderate),Outside any Renewable Energy Zone (absent) | Weaker wind resource (limited)
S29.936_E150.986,True,Higher-ranked candidate under the selected assumptions and criteria,Close to transmission (strong) | Close to a substation (strong) | Gentle terrain (strong),Outside any Renewable Energy Zone (absent) | Weaker wind resource (limited)
S29.936_E151.036,True,Higher-ranked candidate under the selected assumptions and criteria,Close to transmission (strong) | Close to a substation (strong) | Gentle terrain (moderate),Outside any Renewable Energy Zone (absent) | Weaker wind resource (limited)
S29.936_E151.286,True,Higher-ranked candidate under the selected assumptions and criteria,Close to transmission (top decile) | Inside a Renewable Energy Zone (present) | Gentle terrain (strong),Weaker wind resource (moderate)
S29.936_E151.336,True,Higher-ranked candidate under the selected assumptions and criteria,Close to transmission (top decile) | Inside a Renewable Energy Zone (present) | Gentle terrain (strong),Weaker wind resource (moderate)
S29.936_E151.386,True,Higher-ranked candidate under the selected assumptions and criteria,Close to transmission (top decile) | Inside a Renewable Energy Zone (present) | Gentle terrain (strong),Weaker wind resource (moderate)
S29.936_E151.436,True,Higher-ranked candidate under the selected assumptions and criteria,Close to transmission (top decile) | Strong wind resource (moderate) | Inside a Renewable Energy Zone (present),
S29.936_E151.486,True,Higher-ranked candidate under the selected assumptions and criteria,Strong wind resource (moderate) | Close to transmission (top decile) | Inside a Renewable Energy Zone (present),Steeper terrain (moderate)
S29.936_E151.536,True,Higher-ranked candidate under the selected assumptions and criteria,Strong wind resource (strong) | Close to transmission (strong) | Inside a Renewable Energy Zone (present),Steeper terrain (moderate)
S29.936_E151.586,True,Higher-ranked candidate under the selected assumptions and criteria,Strong wind resource (strong) | Close to transmission (strong) | Inside a Renewable Energy Zone (present),
S29.936_E151.636,True,Higher-ranked candidate under the selected assumptions and criteria,Strong wind resource (strong) | Close to transmission (top decile) | Inside a Renewable Energy Zone (present),Steeper terrain (moderate)
S29.936_E151.686,True,Higher-ranked candidate under the selected assumptions and criteria,Strong wind resource (strong) | Close to transmission (top decile) | Inside a Renewable Energy Zone (present),Steeper terrain (moderate)
S29.936_E151.736,True,Higher-ranked candidate under the selected assumptions and criteria,Strong wind resource (moderate) | Close to transmission (top decile) | Inside a Renewable Energy Zone (present),
S29.936_E151.786,True,Higher-ranked candidate under the selected assumptions and criteria,Strong wind resource (moderate) | Close to transmission (top decile) | Inside a Renewable Energy Zone (present),
S29.936_E151.836,True,Higher-ranked candidate under the selected assumptions and criteria,Strong wind resource (strong) | Close to transmission (strong) | Inside a Renewable Energy Zone (present),
S29.936_E151.886,True,Higher-ranked candidate under the selected assumptions and criteria,Strong wind resource (strong) | Close to transmission (strong) | Inside a Renewable Energy Zone (present),
S29.936_E151.936,True,Higher-ranked candidate under the selected assumptions and criteria,Strong wind resource (moderate) | Close to transmission (strong) | Inside a Renewable Energy Zone (present),Distant from a substation (moderate)
S29.936_E151.986,True,Higher-ranked candidate under the selected assumptions and criteria,Close to transmission (moderate) | Inside a Renewable Energy Zone (present) | Gentle terrain (moderate),Distant from a substation (moderate) | Weaker wind resource (moderate)
S29.986_E150.036,True,Higher-ranked candidate under the selected assumptions and criteria,Close to transmission (moderate) | Gentle terrain (strong) | Close to a substation (moderate),Outside any Renewable Energy Zone (absent) | Weaker wind resource (moderate)
S29.986_E150.236,True,Higher-ranked candidate under the selected assumptions and criteria,Gentle terrain (strong),Outside any Renewable Energy Zone (absent) | Weaker wind resource (moderate)
S29.986_E150.286,True,Higher-ranked candidate under the selected assumptions and criteria,Gentle terrain (moderate),Outside any Renewable Energy Zone (absent) | Weaker wind resource (limited)
S29.986_E150.336,True,Higher-ranked candidate under the selected assumptions and criteria,Close to transmission (moderate) | Gentle terrain (moderate) | Close to a substation (moderate),Outside any Renewable Energy Zone (absent) | Weaker wind resource (limited)
S29.986_E150.386,True,Higher-ranked candidate under the selected assumptions and criteria,Close to transmission (moderate) | Gentle terrain (strong) | Close to a substation (moderate),Outside any Renewable Energy Zone (absent) | Weaker wind resource (limited)
S29.986_E150.436,True,Higher-ranked candidate under the selected assumptions and criteria,Close to transmission (strong) | Gentle terrain (top decile) | Close to a substation (strong),Outside any Renewable Energy Zone (absent) | Weaker wind resource (limited)
S29.986_E150.486,True,Higher-ranked candidate under the selected assumptions and criteria,Close to transmission (strong) | Close to a substation (strong) | Gentle terrain (moderate),Outside any Renewable Energy Zone (absent) | Weaker wind resource (limited)
S29.986_E150.536,True,Higher-ranked candidate under the selected assumptions and criteria,Close to transmission (strong) | Close to a substation (strong),Outside any Renewable Energy Zone (absent) | Weaker wind resource (limited)
S29.986_E150.586,True,Higher-ranked candidate under the selected assumptions and criteria,Close to transmission (strong) | Gentle terrain (strong) | Close to a substation (strong),Outside any Renewable Energy Zone (absent) | Weaker wind resource (limited)
S29.986_E150.686,True,Higher-ranked candidate under the selected assumptions and criteria,Close to transmission (strong) | Close to a substation (strong),Outside any Renewable Energy Zone (absent) | Weaker wind resource (limited)
S29.986_E150.936,True,Higher-ranked candidate under the selected assumptions and criteria,Close to transmission (strong) | Close to a substation (strong) | Gentle terrain (strong),Outside any Renewable Energy Zone (absent) | Weaker wind resource (limited)
S29.986_E150.986,True,Higher-ranked candidate under the selected assumptions and criteria,Close to transmission (strong) | Close to a substation (strong) | Gentle terrain (moderate),Outside any Renewable Energy Zone (absent) | Weaker wind resource (limited)
S29.986_E151.036,True,Higher-ranked candidate under the selected assumptions and criteria,Close to transmission (strong) | Close to a substation (strong) | Gentle terrain (strong),Outside any Renewable Energy Zone (absent) | Weaker wind resource (limited)
S29.986_E151.086,True,Higher-ranked candidate under the selected assumptions and criteria,Close to transmission (top decile) | Gentle terrain (strong) | Close to a substation (strong),Outside any Renewable Energy Zone (absent) | Weaker wind resource (moderate)
S29.986_E151.136,True,Higher-ranked candidate under the selected assumptions and criteria,Close to transmission (top decile) | Gentle terrain (strong) | Close to a substation (moderate),Outside any Renewable Energy Zone (absent) | Weaker wind resource (moderate)
S29.986_E151.286,True,Higher-ranked candidate under the selected assumptions and criteria,Close to transmission (strong) | Inside a Renewable Energy Zone (present) | Gentle terrain (moderate),Weaker wind resource (moderate)
S29.986_E151.486,True,Higher-ranked candidate under the selected assumptions and criteria,Strong wind resource (strong) | Close to transmission (top decile) | Inside a Renewable Energy Zone (present),
S29.986_E151.536,True,Higher-ranked candidate under the selected assumptions and criteria,Strong wind resource (strong) | Close to transmission (strong) | Inside a Renewable Energy Zone (present),
S29.986_E151.586,True,Higher-ranked candidate under the selected assumptions and criteria,Strong wind resource (strong) | Close to transmission (top decile) | Inside a Renewable Energy Zone (present),
S29.986_E151.636,True,Higher-ranked candidate under the selected assumptions and criteria,Strong wind resource (strong) | Close to transmission (top decile) | Inside a Renewable Energy Zone (present),Steeper terrain (moderate)
S29.986_E151.686,True,Higher-ranked candidate under the selected assumptions and criteria,Strong wind resource (strong) | Close to transmission (top decile) | Inside a Renewable Energy Zone (present),Steeper terrain (moderate)
S29.986_E151.736,True,Higher-ranked candidate under the selected assumptions and criteria,Strong wind resource (strong) | Close to transmission (top decile) | Inside a Renewable Energy Zone (present),
S29.986_E151.786,True,Higher-ranked candidate under the selected assumptions and criteria,Strong wind resource (strong) | Close to transmission (top decile) | Inside a Renewable Energy Zone (present),
S29.986_E151.836,True,Higher-ranked candidate under the selected assumptions and criteria,Strong wind resource (strong) | Close to transmission (strong) | Inside a Renewable Energy Zone (present),
S30.036_E150.236,True,Higher-ranked candidate under the selected assumptions and criteria,Gentle terrain (moderate),Outside any Renewable Energy Zone (absent) | Weaker wind resource (limited)
S30.036_E150.286,True,Higher-ranked candidate under the selected assumptions and criteria,Gentle terrain (moderate),Outside any Renewable Energy Zone (absent) | Weaker wind resource (limited)
S30.036_E150.336,True,Higher-ranked candidate under the selected assumptions and criteria,Gentle terrain (moderate),Outside any Renewable Energy Zone (absent) | Weaker wind resource (limited)
S30.036_E150.386,True,Higher-ranked candidate under the selected assumptions and criteria,Close to transmission (moderate) | Gentle terrain (strong) | Close to a substation (moderate),Outside any Renewable Energy Zone (absent) | Weaker wind resource (limited)
S30.036_E150.436,True,Higher-ranked candidate under the selected assumptions and criteria,Close to transmission (moderate) | Gentle terrain (strong) | Close to a substation (moderate),Outside any Renewable Energy Zone (absent) | Weaker wind resource (limited)
S30.036_E150.486,True,Higher-ranked candidate under the selected assumptions and criteria,Close to transmission (moderate) | Close to a substation (moderate),Outside any Renewable Energy Zone (absent) | Weaker wind resource (moderate)
S30.036_E150.536,True,Higher-ranked candidate under the selected assumptions and criteria,Close to transmission (strong) | Close to a substation (strong) | Gentle terrain (moderate),Outside any Renewable Energy Zone (absent) | Weaker wind resource (moderate)
S30.036_E150.586,True,Higher-ranked candidate under the selected assumptions and criteria,Close to transmission (strong) | Close to a substation (strong) | Gentle terrain (moderate),Outside any Renewable Energy Zone (absent) | Weaker wind resource (limited)
S30.036_E150.686,True,Higher-ranked candidate under the selected assumptions and criteria,Close to transmission (moderate) | Close to a substation (moderate),Outside any Renewable Energy Zone (absent) | Weaker wind resource (limited)
S30.036_E150.736,True,Higher-ranked candidate under the selected assumptions and criteria,Close to transmission (moderate) | Close to a substation (moderate) | Gentle terrain (moderate),Outside any Renewable Energy Zone (absent) | Weaker wind resource (limited)
S30.036_E150.786,True,Higher-ranked candidate under the selected assumptions and criteria,Close to transmission (strong) | Close to a substation (strong) | Gentle terrain (moderate),Outside any Renewable Energy Zone (absent) | Weaker wind resource (limited)
S30.036_E150.836,True,Higher-ranked candidate under the selected assumptions and criteria,Close to transmission (strong) | Close to a substation (strong),Outside any Renewable Energy Zone (absent) | Weaker wind resource (limited)
S30.036_E150.886,True,Higher-ranked candidate under the selected assumptions and criteria,Close to transmission (strong) | Close to a substation (strong) | Gentle terrain (moderate),Outside any Renewable Energy Zone (absent) | Weaker wind resource (limited)
S30.036_E150.936,True,Higher-ranked candidate under the selected assumptions and criteria,Close to transmission (strong) | Close to a substation (strong) | Gentle terrain (strong),Outside any Renewable Energy Zone (absent) | Weaker wind resource (limited)
S30.036_E150.986,True,Higher-ranked candidate under the selected assumptions and criteria,Close to transmission (strong) | Gentle terrain (strong) | Close to a substation (strong),Outside any Renewable Energy Zone (absent) | Weaker wind resource (limited)
S30.036_E151.036,True,Higher-ranked candidate under the selected assumptions and criteria,Close to transmission (strong) | Close to a substation (strong) | Gentle terrain (strong),Outside any Renewable Energy Zone (absent) | Weaker wind resource (limited)
S30.036_E151.086,True,Higher-ranked candidate under the selected assumptions and criteria,Close to transmission (top decile) | Gentle terrain (strong) | Close to a substation (strong),Outside any Renewable Energy Zone (absent) | Weaker wind resource (limited)
S30.036_E151.136,True,Higher-ranked candidate under the selected assumptions and criteria,Close to transmission (top decile) | Gentle terrain (strong) | Close to a substation (strong),Outside any Renewable Energy Zone (absent) | Weaker wind resource (limited)
S30.036_E151.186,True,Higher-ranked candidate under the selected assumptions and criteria,Close to transmission (strong) | Close to a substation (strong) | Gentle terrain (moderate),Outside any Renewable Energy Zone (absent) | Weaker wind resource (limited)
S30.036_E151.236,True,Higher-ranked candidate under the selected assumptions and criteria,Close to transmission (strong) | Inside a Renewable Energy Zone (present) | Close to a substation (moderate),Weaker wind resource (limited) | Steeper terrain (moderate)
S30.036_E151.286,True,Higher-ranked candidate under the selected assumptions and criteria,Close to transmission (strong) | Inside a Renewable Energy Zone (present) | Close to a substation (moderate),Weaker wind resource (moderate) | Steeper terrain (moderate)
S30.036_E151.486,True,Higher-ranked candidate under the selected assumptions and criteria,Strong wind resource (strong) | Close to transmission (top decile) | Inside a Renewable Energy Zone (present),
S30.036_E151.536,True,Higher-ranked candidate under the selected assumptions and criteria,Strong wind resource (strong) | Close to transmission (top decile) | Inside a Renewable Energy Zone (present),
S30.036_E151.586,True,Higher-ranked candidate under the selected assumptions and criteria,Strong wind resource (strong) | Close to transmission (top decile) | Inside a Renewable Energy Zone (present),
S30.036_E151.636,True,Higher-ranked candidate under the selected assumptions and criteria,Strong wind resource (strong) | Close to transmission (top decile) | Inside a Renewable Energy Zone (present),
S30.036_E151.686,True,Higher-ranked candidate under the selected assumptions and criteria,Strong wind resource (top decile) | Close to transmission (top decile) | Inside a Renewable Energy Zone (present),
S30.036_E151.736,True,Higher-ranked candidate under the selected assumptions and criteria,Strong wind resource (strong) | Close to transmission (top decile) | Inside a Renewable Energy Zone (present),
S30.036_E151.786,True,Higher-ranked candidate under the selected assumptions and criteria,Strong wind resource (strong) | Close to transmission (strong) | Inside a Renewable Energy Zone (present),
S30.036_E151.836,True,Higher-ranked candidate under the selected assumptions and criteria,Strong wind resource (strong) | Close to transmission (strong) | Inside a Renewable Energy Zone (present),
S30.036_E151.986,True,Higher-ranked candidate under the selected assumptions and criteria,Close to transmission (moderate) | Inside a Renewable Energy Zone (present) | Gentle terrain (moderate),Weaker wind resource (moderate) | Distant from a substation (moderate)
S30.086_E150.186,True,Higher-ranked candidate under the selected assumptions and criteria,Gentle terrain (strong),Outside any Renewable Energy Zone (absent) | Weaker wind resource (limited)
S30.086_E150.236,True,Higher-ranked candidate under the selected assumptions and criteria,Gentle terrain (strong),Outside any Renewable Energy Zone (absent) | Weaker wind resource (limited)
S30.086_E150.286,True,Higher-ranked candidate under the selected assumptions and criteria,Gentle terrain (moderate),Outside any Renewable Energy Zone (absent) | Weaker wind resource (limited)
S30.086_E150.336,True,Higher-ranked candidate under the selected assumptions and criteria,,Outside any Renewable Energy Zone (absent) | Weaker wind resource (limited)
S30.086_E150.386,True,Higher-ranked candidate under the selected assumptions and criteria,Gentle terrain (strong),Outside any Renewable Energy Zone (absent) | Weaker wind resource (limited)
S30.086_E150.436,True,Higher-ranked candidate under the selected assumptions and criteria,Close to transmission (moderate) | Gentle terrain (strong) | Close to a substation (moderate),Outside any Renewable Energy Zone (absent) | Weaker wind resource (limited)
S30.086_E150.486,True,Higher-ranked candidate under the selected assumptions and criteria,Close to transmission (moderate) | Close to a substation (moderate),Outside any Renewable Energy Zone (absent) | Weaker wind resource (moderate)
S30.086_E150.536,True,Higher-ranked candidate under the selected assumptions and criteria,Close to transmission (moderate) | Gentle terrain (moderate) | Close to a substation (moderate),Outside any Renewable Energy Zone (absent) | Weaker wind resource (moderate)
S30.086_E150.586,True,Higher-ranked candidate under the selected assumptions and criteria,Close to transmission (moderate) | Gentle terrain (moderate) | Close to a substation (moderate),Outside any Renewable Energy Zone (absent) | Weaker wind resource (moderate)
S30.086_E150.636,True,Higher-ranked candidate under the selected assumptions and criteria,Close to transmission (moderate) | Gentle terrain (moderate) | Close to a substation (moderate),Outside any Renewable Energy Zone (absent) | Weaker wind resource (moderate)
S30.086_E150.686,True,Higher-ranked candidate under the selected assumptions and criteria,Close to transmission (moderate) | Gentle terrain (moderate) | Close to a substation (moderate),Outside any Renewable Energy Zone (absent) | Weaker wind resource (limited)
S30.086_E150.736,True,Higher-ranked candidate under the selected assumptions and criteria,Close to transmission (moderate) | Close to a substation (moderate),Outside any Renewable Energy Zone (absent) | Weaker wind resource (limited)
S30.086_E150.786,True,Higher-ranked candidate under the selected assumptions and criteria,Close to transmission (moderate) | Gentle terrain (moderate) | Close to a substation (moderate),Outside any Renewable Energy Zone (absent) | Weaker wind resource (limited)
S30.086_E150.836,True,Higher-ranked candidate under the selected assumptions and criteria,Close to transmission (moderate) | Close to a substation (moderate),Outside any Renewable Energy Zone (absent) | Weaker wind resource (limited)
S30.086_E150.886,True,Higher-ranked candidate under the selected assumptions and criteria,Close to transmission (strong) | Close to a substation (strong),Outside any Renewable Energy Zone (absent) | Weaker wind resource (limited)
S30.086_E150.936,True,Higher-ranked candidate under the selected assumptions and criteria,Close to transmission (strong) | Close to a substation (strong) | Gentle terrain (moderate),Outside any Renewable Energy Zone (absent) | Weaker wind resource (limited)
S30.086_E150.986,True,Higher-ranked candidate under the selected assumptions and criteria,Close to transmission (strong) | Gentle terrain (strong) | Close to a substation (strong),Outside any Renewable Energy Zone (absent) | Weaker wind resource (limited)
S30.086_E151.036,True,Higher-ranked candidate under the selected assumptions and criteria,Close to transmission (top decile) | Close to a substation (strong) | Gentle terrain (strong),Outside any Renewable Energy Zone (absent) | Weaker wind resource (limited)
S30.086_E151.086,True,Higher-ranked candidate under the selected assumptions and criteria,Close to transmission (top decile) | Close to a substation (strong) | Gentle terrain (strong),Outside any Renewable Energy Zone (absent) | Weaker wind resource (limited)
S30.086_E151.136,True,Higher-ranked candidate under the selected assumptions and criteria,Close to transmission (top decile) | Close to a substation (strong) | Gentle terrain (strong),Outside any Renewable Energy Zone (absent) | Weaker wind resource (limited)
S30.086_E151.186,True,Higher-ranked candidate under the selected assumptions and criteria,Close to transmission (strong) | Close to a substation (strong) | Gentle terrain (strong),Outside any Renewable Energy Zone (absent) | Weaker wind resource (limited)
S30.086_E151.486,True,Higher-ranked candidate under the selected assumptions and criteria,Strong wind resource (strong) | Close to transmission (top decile) | Inside a Renewable Energy Zone (present),
S30.086_E151.536,True,Higher-ranked candidate under the selected assumptions and criteria,Strong wind resource (strong) | Close to transmission (top decile) | Inside a Renewable Energy Zone (present),
S30.086_E151.586,True,Higher-ranked candidate under the selected assumptions and criteria,Strong wind resource (strong) | Close to transmission (top decile) | Inside a Renewable Energy Zone (present),
S30.086_E151.636,True,Higher-ranked candidate under the selected assumptions and criteria,Strong wind resource (strong) | Close to transmission (top decile) | Inside a Renewable Energy Zone (present),
S30.086_E151.686,True,Higher-ranked candidate under the selected assumptions and criteria,Strong wind resource (top decile) | Close to transmission (top decile) | Inside a Renewable Energy Zone (present),
S30.086_E151.736,True,Higher-ranked candidate under the selected assumptions and criteria,Strong wind resource (top decile) | Close to transmission (top decile) | Inside a Renewable Energy Zone (present),
S30.086_E151.836,True,Higher-ranked candidate under the selected assumptions and criteria,Strong wind resource (strong) | Close to transmission (strong) | Inside a Renewable Energy Zone (present),
S30.086_E151.886,True,Higher-ranked candidate under the selected assumptions and criteria,Strong wind resource (moderate) | Close to transmission (strong) | Inside a Renewable Energy Zone (present),
S30.086_E151.936,True,Higher-ranked candidate under the selected assumptions and criteria,Close to transmission (moderate) | Inside a Renewable Energy Zone (present) | Gentle terrain (moderate),Weaker wind resource (moderate)
S30.086_E151.986,True,Higher-ranked candidate under the selected assumptions and criteria,Close to transmission (moderate) | Inside a Renewable Energy Zone (present) | Gentle terrain (moderate),Distant from a substation (moderate) | Weaker wind resource (moderate)
S30.136_E150.236,True,Higher-ranked candidate under the selected assumptions and criteria,,Outside any Renewable Energy Zone (absent) | Weaker wind resource (limited)
S30.136_E150.286,True,Higher-ranked candidate under the selected assumptions and criteria,,Outside any Renewable Energy Zone (absent) | Weaker wind resource (limited)
S30.136_E150.336,True,Higher-ranked candidate under the selected assumptions and criteria,,Outside any Renewable Energy Zone (absent) | Weaker wind resource (limited)
S30.136_E150.386,True,Higher-ranked candidate under the selected assumptions and criteria,Gentle terrain (strong),Outside any Renewable Energy Zone (absent) | Weaker wind resource (limited)
S30.136_E150.436,True,Higher-ranked candidate under the selected assumptions and criteria,Gentle terrain (strong),Outside any Renewable Energy Zone (absent) | Weaker wind resource (limited)
S30.136_E150.486,True,Higher-ranked candidate under the selected assumptions and criteria,,Outside any Renewable Energy Zone (absent) | Weaker wind resource (limited)
S30.136_E150.536,True,Higher-ranked candidate under the selected assumptions and criteria,,Outside any Renewable Energy Zone (absent) | Weaker wind resource (limited)
S30.136_E150.586,True,Higher-ranked candidate under the selected assumptions and criteria,Gentle terrain (strong) | Close to a substation (moderate),Outside any Renewable Energy Zone (absent) | Weaker wind resource (moderate)
S30.136_E150.636,True,Higher-ranked candidate under the selected assumptions and criteria,Gentle terrain (strong) | Close to a substation (moderate),Outside any Renewable Energy Zone (absent) | Weaker wind resource (moderate)
S30.136_E150.686,True,Higher-ranked candidate under the selected assumptions and criteria,Gentle terrain (moderate),Outside any Renewable Energy Zone (absent) | Weaker wind resource (limited)
S30.136_E150.736,True,Higher-ranked candidate under the selected assumptions and criteria,Gentle terrain (moderate),Outside any Renewable Energy Zone (absent) | Weaker wind resource (limited)
S30.136_E150.786,True,Higher-ranked candidate under the selected assumptions and criteria,Close to transmission (moderate) | Gentle terrain (moderate) | Close to a substation (moderate),Outside any Renewable Energy Zone (absent) | Weaker wind resource (limited)
S30.136_E150.836,True,Higher-ranked candidate under the selected assumptions and criteria,Close to transmission (moderate) | Close to a substation (moderate),Outside any Renewable Energy Zone (absent) | Weaker wind resource (limited)
S30.136_E150.886,True,Higher-ranked candidate under the selected assumptions and criteria,Close to transmission (strong) | Close to a substation (strong) | Gentle terrain (moderate),Outside any Renewable Energy Zone (absent) | Weaker wind resource (moderate)
S30.136_E150.936,True,Higher-ranked candidate under the selected assumptions and criteria,Close to transmission (strong) | Close to a substation (strong) | Gentle terrain (strong),Outside any Renewable Energy Zone (absent) | Weaker wind resource (moderate)
S30.136_E150.986,True,Higher-ranked candidate under the selected assumptions and criteria,Close to transmission (strong) | Gentle terrain (strong) | Close to a substation (strong),Outside any Renewable Energy Zone (absent) | Weaker wind resource (limited)
S30.136_E151.036,True,Higher-ranked candidate under the selected assumptions and criteria,Close to transmission (top decile) | Close to a substation (top decile) | Gentle terrain (strong),Outside any Renewable Energy Zone (absent) | Weaker wind resource (limited)
S30.136_E151.136,True,Higher-ranked candidate under the selected assumptions and criteria,Close to transmission (strong) | Gentle terrain (strong) | Close to a substation (strong),Outside any Renewable Energy Zone (absent) | Weaker wind resource (limited)
S30.136_E151.186,True,Higher-ranked candidate under the selected assumptions and criteria,Close to transmission (strong) | Gentle terrain (strong) | Close to a substation (strong),Outside any Renewable Energy Zone (absent) | Weaker wind resource (limited)
S30.136_E151.336,True,Higher-ranked candidate under the selected assumptions and criteria,Strong wind resource (moderate) | Close to transmission (strong) | Inside a Renewable Energy Zone (present),
S30.136_E151.386,True,Higher-ranked candidate under the selected assumptions and criteria,Strong wind resource (moderate) | Close to transmission (strong) | Inside a Renewable Energy Zone (present),
S30.136_E151.436,True,Higher-ranked candidate under the selected assumptions and criteria,Strong wind resource (strong) | Close to transmission (top decile) | Inside a Renewable Energy Zone (present),
S30.136_E151.486,True,Higher-ranked candidate under the selected assumptions and criteria,Strong wind resource (strong) | Close to transmission (top decile) | Inside a Renewable Energy Zone (present),
S30.136_E151.536,True,Higher-ranked candidate under the selected assumptions and criteria,Strong wind resource (strong) | Close to transmission (top decile) | Inside a Renewable Energy Zone (present),
S30.136_E151.586,True,Higher-ranked candidate under the selected assumptions and criteria,Strong wind resource (strong) | Close to transmission (top decile) | Inside a Renewable Energy Zone (present),
S30.136_E151.636,True,Higher-ranked candidate under the selected assumptions and criteria,Strong wind resource (strong) | Close to transmission (top decile) | Inside a Renewable Energy Zone (present),
S30.136_E151.686,True,Higher-ranked candidate under the selected assumptions and criteria,Strong wind resource (strong) | Close to transmission (top decile) | Inside a Renewable Energy Zone (present),
S30.136_E151.736,True,Higher-ranked candidate under the selected assumptions and criteria,Strong wind resource (strong) | Close to transmission (top decile) | Inside a Renewable Energy Zone (present),
S30.136_E151.786,True,Higher-ranked candidate under the selected assumptions and criteria,Strong wind resource (strong) | Close to transmission (strong) | Inside a Renewable Energy Zone (present),
S30.136_E151.836,True,Higher-ranked candidate under the selected assumptions and criteria,Strong wind resource (strong) | Close to transmission (strong) | Inside a Renewable Energy Zone (present),
S30.136_E151.886,True,Higher-ranked candidate under the selected assumptions and criteria,Strong wind resource (strong) | Close to transmission (strong) | Inside a Renewable Energy Zone (present),
S30.136_E151.936,True,Higher-ranked candidate under the selected assumptions and criteria,Strong wind resource (moderate) | Close to transmission (moderate) | Inside a Renewable Energy Zone (present),
S30.136_E151.986,True,Higher-ranked candidate under the selected assumptions and criteria,Strong wind resource (moderate) | Close to transmission (moderate) | Inside a Renewable Energy Zone (present),Distant from a substation (moderate)
S30.186_E150.236,True,Higher-ranked candidate under the selected assumptions and criteria,,Outside any Renewable Energy Zone (absent) | Weaker wind resource (limited)
S30.186_E150.286,True,Higher-ranked candidate under the selected assumptions and criteria,Gentle terrain (moderate),Outside any Renewable Energy Zone (absent) | Weaker wind resource (limited)
S30.186_E150.336,True,Higher-ranked candidate under the selected assumptions and criteria,Gentle terrain (moderate),Outside any Renewable Energy Zone (absent) | Weaker wind resource (limited)
S30.186_E150.386,True,Higher-ranked candidate under the selected assumptions and criteria,Close to transmission (moderate) | Gentle terrain (strong),Outside any Renewable Energy Zone (absent) | Weaker wind resource (limited)
S30.186_E150.436,True,Higher-ranked candidate under the selected assumptions and criteria,Close to transmission (moderate) | Gentle terrain (moderate) | Close to a substation (moderate),Outside any Renewable Energy Zone (absent) | Weaker wind resource (limited)
S30.186_E150.486,True,Higher-ranked candidate under the selected assumptions and criteria,Close to transmission (moderate) | Close to a substation (moderate) | Gentle terrain (moderate),Outside any Renewable Energy Zone (absent) | Weaker wind resource (limited)
S30.186_E150.536,True,Higher-ranked candidate under the selected assumptions and criteria,Close to transmission (moderate) | Gentle terrain (strong) | Close to a substation (moderate),Outside any Renewable Energy Zone (absent) | Weaker wind resource (limited)
S30.186_E150.586,True,Higher-ranked candidate under the selected assumptions and criteria,Close to transmission (moderate) | Gentle terrain (strong) | Close to a substation (moderate),Outside any Renewable Energy Zone (absent) | Weaker wind resource (moderate)
S30.186_E150.636,True,Higher-ranked candidate under the selected assumptions and criteria,Close to transmission (moderate) | Gentle terrain (strong) | Close to a substation (moderate),Outside any Renewable Energy Zone (absent) | Weaker wind resource (moderate)
S30.186_E150.686,True,Higher-ranked candidate under the selected assumptions and criteria,Close to transmission (moderate) | Close to a substation (moderate),Outside any Renewable Energy Zone (absent) | Weaker wind resource (moderate)
S30.186_E150.736,True,Higher-ranked candidate under the selected assumptions and criteria,Close to transmission (moderate) | Gentle terrain (moderate) | Close to a substation (moderate),Outside any Renewable Energy Zone (absent) | Weaker wind resource (limited)
S30.186_E150.786,True,Higher-ranked candidate under the selected assumptions and criteria,Close to transmission (moderate) | Close to a substation (moderate),Outside any Renewable Energy Zone (absent) | Weaker wind resource (moderate)
S30.186_E150.836,True,Higher-ranked candidate under the selected assumptions and criteria,Close to transmission (moderate) | Close to a substation (moderate) | Gentle terrain (moderate),Outside any Renewable Energy Zone (absent) | Weaker wind resource (moderate)
S30.186_E150.886,True,Higher-ranked candidate under the selected assumptions and criteria,Close to transmission (strong) | Gentle terrain (strong) | Close to a substation (strong),Outside any Renewable Energy Zone (absent) | Weaker wind resource (moderate)
S30.186_E150.936,True,Higher-ranked candidate under the selected assumptions and criteria,Close to transmission (strong) | Close to a substation (strong) | Gentle terrain (strong),Outside any Renewable Energy Zone (absent) | Weaker wind resource (moderate)
S30.186_E150.986,True,Higher-ranked candidate under the selected assumptions and criteria,Close to transmission (strong) | Close to a substation (strong) | Gentle terrain (strong),Outside any Renewable Energy Zone (absent) | Weaker wind resource (limited)
S30.186_E151.136,True,Higher-ranked candidate under the selected assumptions and criteria,Close to transmission (strong) | Gentle terrain (top decile) | Close to a substation (strong),Outside any Renewable Energy Zone (absent) | Weaker wind resource (limited)
S30.186_E151.186,True,Higher-ranked candidate under the selected assumptions and criteria,Close to transmission (strong) | Gentle terrain (strong) | Close to a substation (strong),Outside any Renewable Energy Zone (absent) | Weaker wind resource (limited)
S30.186_E151.336,True,Higher-ranked candidate under the selected assumptions and criteria,Strong wind resource (moderate) | Close to transmission (strong) | Inside a Renewable Energy Zone (present),
S30.186_E151.386,True,Higher-ranked candidate under the selected assumptions and criteria,Strong wind resource (moderate) | Close to transmission (strong) | Inside a Renewable Energy Zone (present),
S30.186_E151.436,True,Higher-ranked candidate under the selected assumptions and criteria,Strong wind resource (strong) | Close to transmission (strong) | Inside a Renewable Energy Zone (present),
S30.186_E151.486,True,Higher-ranked candidate under the selected assumptions and criteria,Strong wind resource (strong) | Close to transmission (top decile) | Inside a Renewable Energy Zone (present),
S30.186_E151.536,True,Higher-ranked candidate under the selected assumptions and criteria,Strong wind resource (strong) | Close to transmission (top decile) | Inside a Renewable Energy Zone (present),
S30.186_E151.586,True,Higher-ranked candidate under the selected assumptions and criteria,Strong wind resource (strong) | Close to transmission (top decile) | Inside a Renewable Energy Zone (present),
S30.186_E151.636,True,Higher-ranked candidate under the selected assumptions and criteria,Strong wind resource (top decile) | Close to transmission (top decile) | Inside a Renewable Energy Zone (present),
S30.186_E151.736,True,Higher-ranked candidate under the selected assumptions and criteria,Strong wind resource (strong) | Close to transmission (top decile) | Inside a Renewable Energy Zone (present),
S30.186_E151.786,True,Higher-ranked candidate under the selected assumptions and criteria,Strong wind resource (strong) | Close to transmission (strong) | Inside a Renewable Energy Zone (present),
S30.186_E151.836,True,Higher-ranked candidate under the selected assumptions and criteria,Strong wind resource (strong) | Close to transmission (strong) | Inside a Renewable Energy Zone (present),
S30.186_E151.886,True,Higher-ranked candidate under the selected assumptions and criteria,Strong wind resource (strong) | Close to transmission (strong) | Inside a Renewable Energy Zone (present),
S30.186_E151.936,True,Higher-ranked candidate under the selected assumptions and criteria,Strong wind resource (strong) | Close to transmission (moderate) | Inside a Renewable Energy Zone (present),
S30.186_E151.986,True,Higher-ranked candidate under the selected assumptions and criteria,Strong wind resource (moderate) | Close to transmission (moderate) | Inside a Renewable Energy Zone (present),Distant from a substation (moderate)
S30.236_E150.286,True,Higher-ranked candidate under the selected assumptions and criteria,Close to transmission (moderate),Outside any Renewable Energy Zone (absent) | Weaker wind resource (limited)
S30.236_E150.336,True,Higher-ranked candidate under the selected assumptions and criteria,Close to transmission (moderate),Outside any Renewable Energy Zone (absent) | Weaker wind resource (limited)
S30.236_E150.386,True,Higher-ranked candidate under the selected assumptions and criteria,Close to transmission (moderate) | Gentle terrain (strong) | Close to a substation (moderate),Outside any Renewable Energy Zone (absent) | Weaker wind resource (limited)
S30.236_E150.436,True,Higher-ranked candidate under the selected assumptions and criteria,Close to transmission (moderate) | Close to a substation (moderate) | Gentle terrain (moderate),Outside any Renewable Energy Zone (absent) | Weaker wind resource (limited)
S30.236_E150.486,True,Higher-ranked candidate under the selected assumptions and criteria,Close to transmission (moderate) | Close to a substation (moderate),Outside any Renewable Energy Zone (absent) | Weaker wind resource (moderate)
S30.236_E150.536,True,Higher-ranked candidate under the selected assumptions and criteria,Close to transmission (strong) | Gentle terrain (strong) | Close to a substation (strong),Outside any Renewable Energy Zone (absent) | Weaker wind resource (limited)
S30.236_E150.586,True,Higher-ranked candidate under the selected assumptions and criteria,Close to transmission (strong) | Gentle terrain (strong) | Close to a substation (strong),Outside any Renewable Energy Zone (absent) | Weaker wind resource (limited)
S30.236_E150.636,True,Higher-ranked candidate under the selected assumptions and criteria,Close to transmission (strong) | Gentle terrain (strong) | Close to a substation (strong),Outside any Renewable Energy Zone (absent) | Weaker wind resource (moderate)
S30.236_E150.686,True,Higher-ranked candidate under the selected assumptions and criteria,Strong wind resource (moderate) | Close to transmission (strong) | Close to a substation (strong),Outside any Renewable Energy Zone (absent)
S30.236_E150.736,True,Higher-ranked candidate under the selected assumptions and criteria,Close to transmission (moderate) | Gentle terrain (strong) | Close to a substation (moderate),Outside any Renewable Energy Zone (absent) | Weaker wind resource (moderate)
S30.236_E150.786,True,Higher-ranked candidate under the selected assumptions and criteria,Close to transmission (moderate) | Gentle terrain (moderate) | Close to a substation (moderate),Outside any Renewable Energy Zone (absent) | Weaker wind resource (moderate)
S30.236_E150.836,True,Higher-ranked candidate under the selected assumptions and criteria,Close to transmission (moderate) | Close to a substation (moderate) | Gentle terrain (moderate),Outside any Renewable Energy Zone (absent) | Weaker wind resource (moderate)
S30.236_E150.886,True,Higher-ranked candidate under the selected assumptions and criteria,Close to transmission (strong) | Close to a substation (strong) | Gentle terrain (moderate),Outside any Renewable Energy Zone (absent) | Weaker wind resource (moderate)
S30.236_E150.936,True,Higher-ranked candidate under the selected assumptions and criteria,Close to transmission (strong) | Gentle terrain (strong) | Close to a substation (strong),Outside any Renewable Energy Zone (absent) | Weaker wind resource (moderate)
S30.236_E150.986,True,Higher-ranked candidate under the selected assumptions and criteria,Close to transmission (strong) | Close to a substation (strong) | Gentle terrain (strong),Outside any Renewable Energy Zone (absent) | Weaker wind resource (limited)
S30.236_E151.036,True,Higher-ranked candidate under the selected assumptions and criteria,Close to transmission (strong) | Close to a substation (strong) | Gentle terrain (strong),Outside any Renewable Energy Zone (absent) | Weaker wind resource (limited)
S30.236_E151.086,True,Higher-ranked candidate under the selected assumptions and criteria,Close to transmission (strong) | Close to a substation (strong) | Gentle terrain (strong),Outside any Renewable Energy Zone (absent) | Weaker wind resource (limited)
S30.236_E151.136,True,Higher-ranked candidate under the selected assumptions and criteria,Close to transmission (strong) | Gentle terrain (strong) | Close to a substation (strong),Outside any Renewable Energy Zone (absent) | Weaker wind resource (limited)
S30.236_E151.186,True,Higher-ranked candidate under the selected assumptions and criteria,Close to transmission (strong) | Gentle terrain (strong) | Close to a substation (strong),Outside any Renewable Energy Zone (absent) | Weaker wind resource (limited)
S30.236_E151.336,True,Higher-ranked candidate under the selected assumptions and criteria,Strong wind resource (moderate) | Close to transmission (strong) | Inside a Renewable Energy Zone (present),
S30.236_E151.386,True,Higher-ranked candidate under the selected assumptions and criteria,Strong wind resource (moderate) | Close to transmission (strong) | Inside a Renewable Energy Zone (present),
S30.236_E151.436,True,Higher-ranked candidate under the selected assumptions and criteria,Strong wind resource (moderate) | Close to transmission (strong) | Inside a Renewable Energy Zone (present),
S30.236_E151.486,True,Higher-ranked candidate under the selected assumptions and criteria,Strong wind resource (strong) | Close to transmission (top decile) | Inside a Renewable Energy Zone (present),
S30.236_E151.536,True,Higher-ranked candidate under the selected assumptions and criteria,Strong wind resource (strong) | Close to transmission (top decile) | Inside a Renewable Energy Zone (present),
S30.236_E151.586,True,Higher-ranked candidate under the selected assumptions and criteria,Strong wind resource (top decile) | Close to transmission (top decile) | Inside a Renewable Energy Zone (present),
S30.236_E151.736,True,Higher-ranked candidate under the selected assumptions and criteria,Strong wind resource (strong) | Close to transmission (top decile) | Inside a Renewable Energy Zone (present),
S30.236_E151.786,True,Higher-ranked candidate under the selected assumptions and criteria,Strong wind resource (top decile) | Close to transmission (strong) | Inside a Renewable Energy Zone (present),
S30.236_E151.836,True,Higher-ranked candidate under the selected assumptions and criteria,Strong wind resource (top decile) | Close to transmission (strong) | Inside a Renewable Energy Zone (present),
S30.236_E151.886,True,Higher-ranked candidate under the selected assumptions and criteria,Strong wind resource (strong) | Close to transmission (strong) | Inside a Renewable Energy Zone (present),
S30.236_E151.936,True,Higher-ranked candidate under the selected assumptions and criteria,Strong wind resource (strong) | Close to transmission (moderate) | Inside a Renewable Energy Zone (present),
S30.236_E151.986,True,Higher-ranked candidate under the selected assumptions and criteria,Strong wind resource (strong) | Close to transmission (moderate) | Inside a Renewable Energy Zone (present),Distant from a substation (moderate)
S30.286_E150.286,True,Higher-ranked candidate under the selected assumptions and criteria,Close to transmission (strong) | Gentle terrain (moderate),Outside any Renewable Energy Zone (absent) | Weaker wind resource (moderate)
S30.286_E150.336,True,Higher-ranked candidate under the selected assumptions and criteria,Close to transmission (strong) | Close to a substation (moderate),Outside any Renewable Energy Zone (absent) | Weaker wind resource (limited)
S30.286_E150.386,True,Higher-ranked candidate under the selected assumptions and criteria,Close to transmission (strong) | Close to a substation (moderate),Outside any Renewable Energy Zone (absent) | Weaker wind resource (limited)
S30.286_E150.436,True,Higher-ranked candidate under the selected assumptions and criteria,Close to transmission (strong) | Close to a substation (moderate) | Gentle terrain (moderate),Outside any Renewable Energy Zone (absent) | Weaker wind resource (limited)
S30.286_E150.486,True,Higher-ranked candidate under the selected assumptions and criteria,Close to transmission (strong) | Gentle terrain (strong) | Close to a substation (strong),Outside any Renewable Energy Zone (absent) | Weaker wind resource (moderate)
S30.286_E150.536,True,Higher-ranked candidate under the selected assumptions and criteria,Close to transmission (strong) | Gentle terrain (strong) | Close to a substation (strong),Outside any Renewable Energy Zone (absent) | Weaker wind resource (moderate)
S30.286_E150.586,True,Higher-ranked candidate under the selected assumptions and criteria,Close to transmission (strong) | Close to a substation (strong) | Gentle terrain (strong),Outside any Renewable Energy Zone (absent) | Weaker wind resource (moderate)
S30.286_E150.636,True,Higher-ranked candidate under the selected assumptions and criteria,Close to transmission (strong) | Close to a substation (strong) | Gentle terrain (strong),Outside any Renewable Energy Zone (absent) | Weaker wind resource (moderate)
S30.286_E150.686,True,Higher-ranked candidate under the selected assumptions and criteria,Strong wind resource (moderate) | Close to transmission (strong) | Close to a substation (strong),Outside any Renewable Energy Zone (absent)
S30.286_E150.736,True,Higher-ranked candidate under the selected assumptions and criteria,Close to transmission (strong) | Close to a substation (strong) | Gentle terrain (moderate),Outside any Renewable Energy Zone (absent) | Weaker wind resource (moderate)
S30.286_E150.786,True,Higher-ranked candidate under the selected assumptions and criteria,Close to transmission (strong) | Close to a substation (moderate),Outside any Renewable Energy Zone (absent) | Weaker wind resource (limited)
S30.286_E150.836,True,Higher-ranked candidate under the selected assumptions and criteria,Close to transmission (moderate) | Close to a substation (moderate),Outside any Renewable Energy Zone (absent) | Weaker wind resource (limited)
S30.286_E150.986,True,Higher-ranked candidate under the selected assumptions and criteria,Close to transmission (strong) | Close to a substation (strong) | Gentle terrain (strong),Outside any Renewable Energy Zone (absent) | Weaker wind resource (limited)
S30.286_E151.036,True,Higher-ranked candidate under the selected assumptions and criteria,Close to transmission (strong) | Close to a substation (strong) | Gentle terrain (moderate),Outside any Renewable Energy Zone (absent) | Weaker wind resource (limited)
S30.286_E151.086,True,Higher-ranked candidate under the selected assumptions and criteria,Close to transmission (strong) | Gentle terrain (strong) | Close to a substation (strong),Outside any Renewable Energy Zone (absent) | Weaker wind resource (limited)
S30.286_E151.136,True,Higher-ranked candidate under the selected assumptions and criteria,Close to transmission (strong) | Gentle terrain (strong) | Close to a substation (strong),Outside any Renewable Energy Zone (absent) | Weaker wind resource (limited)
S30.286_E151.186,True,Higher-ranked candidate under the selected assumptions and criteria,Close to transmission (strong) | Gentle terrain (top decile) | Close to a substation (strong),Outside any Renewable Energy Zone (absent) | Weaker wind resource (limited)
S30.286_E151.236,True,Higher-ranked candidate under the selected assumptions and criteria,Close to transmission (moderate) | Gentle terrain (strong) | Close to a substation (strong),Outside any Renewable Energy Zone (absent) | Weaker wind resource (limited)
S30.286_E151.286,True,Higher-ranked candidate under the selected assumptions and criteria,Close to transmission (moderate) | Inside a Renewable Energy Zone (present) | Close to a substation (moderate),Steeper terrain (moderate) | Weaker wind resource (moderate)
S30.286_E151.336,True,Higher-ranked candidate under the selected assumptions and criteria,Strong wind resource (moderate) | Close to transmission (strong) | Inside a Renewable Energy Zone (present),Steeper terrain (moderate)
S30.286_E151.386,True,Higher-ranked candidate under the selected assumptions and criteria,Strong wind resource (moderate) | Close to transmission (strong) | Inside a Renewable Energy Zone (present),Distant from a substation (moderate)
S30.286_E151.436,True,Higher-ranked candidate under the selected assumptions and criteria,Strong wind resource (moderate) | Close to transmission (strong) | Inside a Renewable Energy Zone (present),
S30.286_E151.486,True,Higher-ranked candidate under the selected assumptions and criteria,Strong wind resource (moderate) | Close to transmission (top decile) | Inside a Renewable Energy Zone (present),
S30.286_E151.536,True,Higher-ranked candidate under the selected assumptions and criteria,Strong wind resource (strong) | Close to transmission (top decile) | Inside a Renewable Energy Zone (present),
S30.286_E151.636,True,Higher-ranked candidate under the selected assumptions and criteria,Strong wind resource (strong) | Close to transmission (top decile) | Inside a Renewable Energy Zone (present),
S30.286_E151.686,True,Higher-ranked candidate under the selected assumptions and criteria,Strong wind resource (strong) | Close to transmission (top decile) | Inside a Renewable Energy Zone (present),
S30.286_E151.736,True,Higher-ranked candidate under the selected assumptions and criteria,Strong wind resource (strong) | Close to transmission (top decile) | Inside a Renewable Energy Zone (present),
S30.286_E151.786,True,Higher-ranked candidate under the selected assumptions and criteria,Strong wind resource (strong) | Close to transmission (strong) | Inside a Renewable Energy Zone (present),
S30.286_E151.836,True,Higher-ranked candidate under the selected assumptions and criteria,Strong wind resource (strong) | Close to transmission (strong) | Inside a Renewable Energy Zone (present),
S30.286_E151.886,True,Higher-ranked candidate under the selected assumptions and criteria,Strong wind resource (strong) | Close to transmission (strong) | Inside a Renewable Energy Zone (present),
S30.286_E151.936,True,Higher-ranked candidate under the selected assumptions and criteria,Strong wind resource (strong) | Close to transmission (strong) | Inside a Renewable Energy Zone (present),
S30.286_E151.986,True,Higher-ranked candidate under the selected assumptions and criteria,Strong wind resource (strong) | Close to transmission (strong) | Inside a Renewable Energy Zone (present),Distant from a substation (moderate)
S30.336_E150.286,True,Higher-ranked candidate under the selected assumptions and criteria,Close to transmission (strong) | Gentle terrain (moderate),Outside any Renewable Energy Zone (absent) | Weaker wind resource (moderate)
S30.336_E150.386,True,Higher-ranked candidate under the selected assumptions and criteria,Close to transmission (strong) | Close to a substation (moderate) | Gentle terrain (moderate),Outside any Renewable Energy Zone (absent) | Weaker wind resource (limited)
S30.336_E150.436,True,Higher-ranked candidate under the selected assumptions and criteria,Close to transmission (strong) | Gentle terrain (strong) | Close to a substation (strong),Outside any Renewable Energy Zone (absent) | Weaker wind resource (limited)
S30.336_E150.486,True,Higher-ranked candidate under the selected assumptions and criteria,Close to transmission (strong) | Close to a substation (strong) | Gentle terrain (strong),Outside any Renewable Energy Zone (absent) | Weaker wind resource (limited)
S30.336_E150.536,True,Higher-ranked candidate under the selected assumptions and criteria,Close to transmission (strong) | Close to a substation (strong) | Gentle terrain (strong),Outside any Renewable Energy Zone (absent) | Weaker wind resource (limited)
S30.336_E150.586,True,Higher-ranked candidate under the selected assumptions and criteria,Close to transmission (strong) | Close to a substation (strong) | Gentle terrain (strong),Outside any Renewable Energy Zone (absent) | Weaker wind resource (limited)
S30.336_E150.636,True,Higher-ranked candidate under the selected assumptions and criteria,Close to transmission (strong) | Close to a substation (strong) | Gentle terrain (moderate),Outside any Renewable Energy Zone (absent) | Weaker wind resource (limited)
S30.336_E150.686,True,Higher-ranked candidate under the selected assumptions and criteria,Close to transmission (strong) | Close to a substation (strong) | Gentle terrain (strong),Outside any Renewable Energy Zone (absent) | Weaker wind resource (moderate)
S30.336_E150.736,True,Higher-ranked candidate under the selected assumptions and criteria,Close to transmission (strong) | Close to a substation (strong),Outside any Renewable Energy Zone (absent) | Weaker wind resource (limited)
S30.336_E150.786,True,Higher-ranked candidate under the selected assumptions and criteria,Close to transmission (strong) | Close to a substation (strong),Outside any Renewable Energy Zone (absent) | Weaker wind resource (limited)
S30.336_E150.836,True,Higher-ranked candidate under the selected assumptions and criteria,Close to transmission (strong) | Close to a substation (moderate),Outside any Renewable Energy Zone (absent) | Weaker wind resource (moderate)
S30.336_E150.986,True,Higher-ranked candidate under the selected assumptions and criteria,Close to transmission (strong) | Close to a substation (strong) | Gentle terrain (moderate),Outside any Renewable Energy Zone (absent) | Weaker wind resource (limited)
S30.336_E151.036,True,Higher-ranked candidate under the selected assumptions and criteria,Close to transmission (strong) | Close to a substation (strong),Outside any Renewable Energy Zone (absent) | Weaker wind resource (moderate)
S30.336_E151.086,True,Higher-ranked candidate under the selected assumptions and criteria,Close to transmission (strong) | Gentle terrain (strong) | Close to a substation (strong),Outside any Renewable Energy Zone (absent) | Weaker wind resource (limited)
S30.336_E151.136,True,Higher-ranked candidate under the selected assumptions and criteria,Close to transmission (strong) | Gentle terrain (strong) | Close to a substation (strong),Outside any Renewable Energy Zone (absent) | Weaker wind resource (limited)
S30.336_E151.186,True,Higher-ranked candidate under the selected assumptions and criteria,Close to transmission (moderate) | Gentle terrain (top decile) | Close to a substation (moderate),Outside any Renewable Energy Zone (absent) | Weaker wind resource (limited)
S30.336_E151.236,True,Higher-ranked candidate under the selected assumptions and criteria,Close to transmission (moderate) | Gentle terrain (strong) | Close to a substation (moderate),Outside any Renewable Energy Zone (absent) | Weaker wind resource (limited)
S30.336_E151.286,True,Higher-ranked candidate under the selected assumptions and criteria,Strong wind resource (moderate) | Close to transmission (moderate) | Inside a Renewable Energy Zone (present),
S30.336_E151.336,True,Higher-ranked candidate under the selected assumptions and criteria,Strong wind resource (moderate) | Close to transmission (strong) | Inside a Renewable Energy Zone (present),Steeper terrain (limited) | Distant from a substation (moderate)
S30.336_E151.386,True,Higher-ranked candidate under the selected assumptions and criteria,Strong wind resource (moderate) | Close to transmission (strong) | Inside a Renewable Energy Zone (present),Distant from a substation (moderate)
S30.336_E151.436,True,Higher-ranked candidate under the selected assumptions and criteria,Strong wind resource (strong) | Close to transmission (strong) | Inside a Renewable Energy Zone (present),
S30.336_E151.486,True,Higher-ranked candidate under the selected assumptions and criteria,Strong wind resource (strong) | Close to transmission (strong) | Inside a Renewable Energy Zone (present),
S30.336_E151.536,True,Higher-ranked candidate under the selected assumptions and criteria,Strong wind resource (strong) | Close to transmission (top decile) | Inside a Renewable Energy Zone (present),
S30.336_E151.636,True,Higher-ranked candidate under the selected assumptions and criteria,Strong wind resource (strong) | Close to transmission (top decile) | Inside a Renewable Energy Zone (present),
S30.336_E151.686,True,Higher-ranked candidate under the selected assumptions and criteria,Strong wind resource (strong) | Close to transmission (top decile) | Inside a Renewable Energy Zone (present),
S30.336_E151.736,True,Higher-ranked candidate under the selected assumptions and criteria,Strong wind resource (strong) | Close to transmission (top decile) | Inside a Renewable Energy Zone (present),
S30.336_E151.786,True,Higher-ranked candidate under the selected assumptions and criteria,Strong wind resource (strong) | Close to transmission (strong) | Inside a Renewable Energy Zone (present),Steeper terrain (moderate)
S30.336_E151.836,True,Higher-ranked candidate under the selected assumptions and criteria,Strong wind resource (strong) | Close to transmission (strong) | Inside a Renewable Energy Zone (present),Steeper terrain (moderate)
S30.336_E151.886,True,Higher-ranked candidate under the selected assumptions and criteria,Strong wind resource (strong) | Close to transmission (strong) | Inside a Renewable Energy Zone (present),
S30.336_E151.936,True,Higher-ranked candidate under the selected assumptions and criteria,Strong wind resource (strong) | Close to transmission (strong) | Inside a Renewable Energy Zone (present),
S30.386_E150.286,True,Higher-ranked candidate under the selected assumptions and criteria,Close to transmission (strong),Outside any Renewable Energy Zone (absent) | Steeper terrain (moderate)
S30.386_E150.336,True,Higher-ranked candidate under the selected assumptions and criteria,Strong wind resource (moderate) | Close to transmission (strong) | Gentle terrain (moderate),Outside any Renewable Energy Zone (absent)
S30.386_E150.386,True,Higher-ranked candidate under the selected assumptions and criteria,Close to transmission (strong) | Gentle terrain (moderate) | Close to a substation (moderate),Outside any Renewable Energy Zone (absent) | Weaker wind resource (moderate)
S30.386_E150.436,True,Higher-ranked candidate under the selected assumptions and criteria,Close to transmission (strong) | Gentle terrain (strong) | Close to a substation (strong),Outside any Renewable Energy Zone (absent) | Weaker wind resource (moderate)
S30.386_E150.486,True,Higher-ranked candidate under the selected assumptions and criteria,Close to transmission (strong) | Close to a substation (strong) | Gentle terrain (strong),Outside any Renewable Energy Zone (absent) | Weaker wind resource (limited)
S30.386_E150.536,True,Higher-ranked candidate under the selected assumptions and criteria,Close to transmission (strong) | Close to a substation (strong) | Gentle terrain (strong),Outside any Renewable Energy Zone (absent) | Weaker wind resource (limited)
S30.386_E150.686,True,Higher-ranked candidate under the selected assumptions and criteria,Close to transmission (top decile) | Close to a substation (strong) | Gentle terrain (strong),Outside any Renewable Energy Zone (absent) | Weaker wind resource (limited)
S30.386_E150.786,True,Higher-ranked candidate under the selected assumptions and criteria,Close to transmission (strong) | Close to a substation (strong) | Gentle terrain (moderate),Outside any Renewable Energy Zone (absent) | Weaker wind resource (moderate)
S30.386_E150.836,True,Higher-ranked candidate under the selected assumptions and criteria,Close to transmission (strong) | Close to a substation (moderate),Outside any Renewable Energy Zone (absent) | Steeper terrain (moderate)
S30.386_E150.886,True,Higher-ranked candidate under the selected assumptions and criteria,Strong wind resource (moderate) | Close to transmission (strong) | Close to a substation (moderate),Outside any Renewable Energy Zone (absent)
S30.386_E150.936,True,Higher-ranked candidate under the selected assumptions and criteria,Strong wind resource (moderate) | Close to transmission (moderate) | Gentle terrain (moderate),Outside any Renewable Energy Zone (absent)
S30.386_E151.086,True,Higher-ranked candidate under the selected assumptions and criteria,Close to transmission (moderate) | Close to a substation (moderate),Outside any Renewable Energy Zone (absent) | Weaker wind resource (moderate)
S30.386_E151.136,True,Higher-ranked candidate under the selected assumptions and criteria,Close to transmission (moderate) | Gentle terrain (strong) | Close to a substation (moderate),Outside any Renewable Energy Zone (absent) | Weaker wind resource (limited)
S30.386_E151.186,True,Higher-ranked candidate under the selected assumptions and criteria,Close to transmission (moderate) | Gentle terrain (top decile) | Close to a substation (moderate),Outside any Renewable Energy Zone (absent) | Weaker wind resource (limited)
S30.386_E151.236,True,Higher-ranked candidate under the selected assumptions and criteria,Close to transmission (moderate) | Gentle terrain (strong) | Close to a substation (moderate),Outside any Renewable Energy Zone (absent) | Weaker wind resource (limited)
S30.386_E151.286,True,Higher-ranked candidate under the selected assumptions and criteria,Close to transmission (moderate) | Inside a Renewable Energy Zone (present) | Gentle terrain (strong),Weaker wind resource (moderate) | Distant from a substation (moderate)
S30.386_E151.336,True,Higher-ranked candidate under the selected assumptions and criteria,Strong wind resource (moderate) | Close to transmission (moderate) | Inside a Renewable Energy Zone (present),Steeper terrain (moderate) | Distant from a substation (moderate)
S30.386_E151.386,True,Higher-ranked candidate under the selected assumptions and criteria,Strong wind resource (strong) | Close to transmission (strong) | Inside a Renewable Energy Zone (present),
S30.386_E151.436,True,Higher-ranked candidate under the selected assumptions and criteria,Strong wind resource (strong) | Close to transmission (strong) | Inside a Renewable Energy Zone (present),
S30.386_E151.486,True,Higher-ranked candidate under the selected assumptions and criteria,Strong wind resource (strong) | Close to transmission (strong) | Inside a Renewable Energy Zone (present),
S30.386_E151.536,True,Higher-ranked candidate under the selected assumptions and criteria,Strong wind resource (strong) | Close to transmission (strong) | Inside a Renewable Energy Zone (present),
S30.386_E151.586,True,Higher-ranked candidate under the selected assumptions and criteria,Strong wind resource (strong) | Close to transmission (top decile) | Inside a Renewable Energy Zone (present),
S30.386_E151.686,True,Higher-ranked candidate under the selected assumptions and criteria,Strong wind resource (moderate) | Close to transmission (top decile) | Inside a Renewable Energy Zone (present),
S30.386_E151.736,True,Higher-ranked candidate under the selected assumptions and criteria,Strong wind resource (strong) | Close to transmission (top decile) | Inside a Renewable Energy Zone (present),
S30.386_E151.786,True,Higher-ranked candidate under the selected assumptions and criteria,Strong wind resource (strong) | Close to transmission (strong) | Inside a Renewable Energy Zone (present),
S30.386_E151.836,True,Higher-ranked candidate under the selected assumptions and criteria,Strong wind resource (moderate) | Close to transmission (strong) | Inside a Renewable Energy Zone (present),
S30.386_E151.886,True,Higher-ranked candidate under the selected assumptions and criteria,Strong wind resource (strong) | Close to transmission (strong) | Inside a Renewable Energy Zone (present),
S30.386_E151.936,True,Higher-ranked candidate under the selected assumptions and criteria,Strong wind resource (strong) | Close to transmission (strong) | Inside a Renewable Energy Zone (present),
S30.386_E151.986,True,Higher-ranked candidate under the selected assumptions and criteria,Strong wind resource (strong) | Close to transmission (strong) | Inside a Renewable Energy Zone (present),
S30.436_E150.136,True,Higher-ranked candidate under the selected assumptions and criteria,Close to transmission (top decile) | Gentle terrain (strong) | Close to a substation (strong),Outside any Renewable Energy Zone (absent) | Weaker wind resource (limited)
S30.436_E150.386,True,Higher-ranked candidate under the selected assumptions and criteria,Close to transmission (top decile) | Close to a substation (moderate) | Gentle terrain (moderate),Outside any Renewable Energy Zone (absent) | Weaker wind resource (moderate)
S30.436_E150.436,True,Higher-ranked candidate under the selected assumptions and criteria,Close to transmission (top decile) | Gentle terrain (strong) | Close to a substation (strong),Outside any Renewable Energy Zone (absent) | Weaker wind resource (moderate)
S30.436_E150.486,True,Higher-ranked candidate under the selected assumptions and criteria,Close to transmission (top decile) | Close to a substation (strong) | Gentle terrain (strong),Outside any Renewable Energy Zone (absent) | Weaker wind resource (moderate)
S30.436_E150.536,True,Higher-ranked candidate under the selected assumptions and criteria,Close to transmission (top decile) | Close to a substation (strong) | Gentle terrain (strong),Outside any Renewable Energy Zone (absent) | Weaker wind resource (limited)
S30.436_E150.586,True,Higher-ranked candidate under the selected assumptions and criteria,Close to transmission (top decile) | Gentle terrain (top decile) | Close to a substation (top decile),Outside any Renewable Energy Zone (absent) | Weaker wind resource (limited)
S30.436_E150.636,True,Higher-ranked candidate under the selected assumptions and criteria,Close to transmission (top decile) | Close to a substation (top decile) | Gentle terrain (strong),Outside any Renewable Energy Zone (absent) | Weaker wind resource (limited)
S30.436_E150.686,True,Higher-ranked candidate under the selected assumptions and criteria,Close to transmission (top decile) | Close to a substation (strong) | Gentle terrain (strong),Outside any Renewable Energy Zone (absent) | Weaker wind resource (limited)
S30.436_E150.736,True,Higher-ranked candidate under the selected assumptions and criteria,Close to transmission (top decile) | Close to a substation (strong) | Gentle terrain (moderate),Outside any Renewable Energy Zone (absent) | Weaker wind resource (limited)
S30.436_E150.786,True,Higher-ranked candidate under the selected assumptions and criteria,Close to transmission (strong) | Close to a substation (strong) | Gentle terrain (moderate),Outside any Renewable Energy Zone (absent) | Weaker wind resource (moderate)
S30.436_E150.836,True,Higher-ranked candidate under the selected assumptions and criteria,Strong wind resource (moderate) | Close to transmission (strong) | Close to a substation (moderate),Outside any Renewable Energy Zone (absent)
S30.436_E150.936,True,Higher-ranked candidate under the selected assumptions and criteria,Strong wind resource (strong) | Close to transmission (moderate) | Gentle terrain (strong),Outside any Renewable Energy Zone (absent) | Distant from a substation (moderate)
S30.436_E150.986,True,Higher-ranked candidate under the selected assumptions and criteria,Strong wind resource (moderate) | Close to transmission (moderate) | Gentle terrain (strong),Outside any Renewable Energy Zone (absent) | Distant from a substation (moderate)
S30.436_E151.036,True,Higher-ranked candidate under the selected assumptions and criteria,Strong wind resource (moderate),Outside any Renewable Energy Zone (absent) | Steeper terrain (moderate)
S30.436_E151.086,True,Higher-ranked candidate under the selected assumptions and criteria,,Outside any Renewable Energy Zone (absent) | Weaker wind resource (moderate)
S30.436_E151.136,True,Higher-ranked candidate under the selected assumptions and criteria,Gentle terrain (strong),Outside any Renewable Energy Zone (absent) | Weaker wind resource (limited)
S30.436_E151.186,True,Higher-ranked candidate under the selected assumptions and criteria,Gentle terrain (strong),Outside any Renewable Energy Zone (absent) | Weaker wind resource (limited)
S30.436_E151.236,True,Higher-ranked candidate under the selected assumptions and criteria,Gentle terrain (strong),Outside any Renewable Energy Zone (absent) | Weaker wind resource (moderate)
S30.436_E151.286,True,Higher-ranked candidate under the selected assumptions and criteria,Close to transmission (moderate) | Inside a Renewable Energy Zone (present) | Gentle terrain (strong),Weaker wind resource (moderate) | Distant from a substation (moderate)
S30.436_E151.336,True,Higher-ranked candidate under the selected assumptions and criteria,Strong wind resource (moderate) | Close to transmission (moderate) | Inside a Renewable Energy Zone (present),
S30.436_E151.486,True,Higher-ranked candidate under the selected assumptions and criteria,Strong wind resource (strong) | Close to transmission (strong) | Inside a Renewable Energy Zone (present),
S30.436_E151.536,True,Higher-ranked candidate under the selected assumptions and criteria,Strong wind resource (strong) | Close to transmission (strong) | Inside a Renewable Energy Zone (present),
S30.436_E151.586,True,Higher-ranked candidate under the selected assumptions and criteria,Strong wind resource (strong) | Close to transmission (strong) | Inside a Renewable Energy Zone (present),
S30.436_E151.686,True,Higher-ranked candidate under the selected assumptions and criteria,Strong wind resource (moderate) | Close to transmission (top decile) | Inside a Renewable Energy Zone (present),
S30.436_E151.736,True,Higher-ranked candidate under the selected assumptions and criteria,Strong wind resource (strong) | Close to transmission (top decile) | Inside a Renewable Energy Zone (present),
S30.436_E151.786,True,Higher-ranked candidate under the selected assumptions and criteria,Strong wind resource (strong) | Close to transmission (top decile) | Inside a Renewable Energy Zone (present),
S30.436_E151.836,True,Higher-ranked candidate under the selected assumptions and criteria,Strong wind resource (moderate) | Close to transmission (strong) | Inside a Renewable Energy Zone (present),
S30.436_E151.886,True,Higher-ranked candidate under the selected assumptions and criteria,Strong wind resource (strong) | Close to transmission (top decile) | Inside a Renewable Energy Zone (present),
S30.436_E151.936,True,Higher-ranked candidate under the selected assumptions and criteria,Strong wind resource (strong) | Close to transmission (top decile) | Inside a Renewable Energy Zone (present),
S30.436_E151.986,True,Higher-ranked candidate under the selected assumptions and criteria,Strong wind resource (strong) | Close to transmission (top decile) | Inside a Renewable Energy Zone (present),
S30.486_E150.036,True,Higher-ranked candidate under the selected assumptions and criteria,Close to transmission (top decile) | Gentle terrain (top decile) | Close to a substation (strong),Outside any Renewable Energy Zone (absent) | Weaker wind resource (limited)
S30.486_E150.086,True,Higher-ranked candidate under the selected assumptions and criteria,Close to transmission (top decile) | Gentle terrain (top decile) | Close to a substation (strong),Outside any Renewable Energy Zone (absent) | Weaker wind resource (limited)
S30.486_E150.136,True,Higher-ranked candidate under the selected assumptions and criteria,Close to transmission (top decile) | Gentle terrain (strong) | Close to a substation (strong),Outside any Renewable Energy Zone (absent) | Weaker wind resource (limited)
S30.486_E150.186,True,Higher-ranked candidate under the selected assumptions and criteria,Close to transmission (top decile) | Gentle terrain (top decile) | Close to a substation (strong),Outside any Renewable Energy Zone (absent) | Weaker wind resource (limited)
S30.486_E150.386,True,Higher-ranked candidate under the selected assumptions and criteria,Close to transmission (top decile) | Close to a substation (moderate),Outside any Renewable Energy Zone (absent) | Steeper terrain (limited)
S30.486_E150.436,True,Higher-ranked candidate under the selected assumptions and criteria,Strong wind resource (moderate) | Close to transmission (top decile) | Gentle terrain (strong),Outside any Renewable Energy Zone (absent)
S30.486_E150.486,True,Higher-ranked candidate under the selected assumptions and criteria,Strong wind resource (moderate) | Close to transmission (top decile) | Gentle terrain (strong),Outside any Renewable Energy Zone (absent)
S30.486_E150.536,True,Higher-ranked candidate under the selected assumptions and criteria,Close to transmission (top decile) | Close to a substation (strong) | Gentle terrain (moderate),Outside any Renewable Energy Zone (absent) | Weaker wind resource (moderate)
S30.486_E150.586,True,Higher-ranked candidate under the selected assumptions and criteria,Close to transmission (top decile) | Close to a substation (strong) | Gentle terrain (moderate),Outside any Renewable Energy Zone (absent) | Weaker wind resource (limited)
S30.486_E150.636,True,Higher-ranked candidate under the selected assumptions and criteria,Close to transmission (top decile) | Close to a substation (strong) | Gentle terrain (strong),Outside any Renewable Energy Zone (absent) | Weaker wind resource (limited)
S30.486_E150.686,True,Higher-ranked candidate under the selected assumptions and criteria,Close to transmission (top decile) | Close to a substation (strong) | Gentle terrain (moderate),Outside any Renewable Energy Zone (absent) | Weaker wind resource (limited)
S30.486_E150.736,True,Higher-ranked candidate under the selected assumptions and criteria,Close to transmission (top decile) | Close to a substation (strong) | Gentle terrain (strong),Outside any Renewable Energy Zone (absent) | Weaker wind resource (limited)
S30.486_E150.786,True,Higher-ranked candidate under the selected assumptions and criteria,Close to transmission (strong) | Strong wind resource (moderate) | Close to a substation (strong),Outside any Renewable Energy Zone (absent)
S30.486_E150.836,True,Higher-ranked candidate under the selected assumptions and criteria,Strong wind resource (moderate) | Close to transmission (strong) | Close to a substation (strong),Outside any Renewable Energy Zone (absent)
S30.486_E150.936,True,Higher-ranked candidate under the selected assumptions and criteria,Strong wind resource (moderate) | Close to transmission (strong) | Gentle terrain (moderate),Outside any Renewable Energy Zone (absent)
S30.486_E150.986,True,Higher-ranked candidate under the selected assumptions and criteria,Strong wind resource (moderate) | Close to transmission (moderate) | Gentle terrain (strong),Outside any Renewable Energy Zone (absent) | Distant from a substation (moderate)
S30.486_E151.036,True,Higher-ranked candidate under the selected assumptions and criteria,Gentle terrain (moderate),Outside any Renewable Energy Zone (absent) | Distant from a substation (moderate)
S30.486_E151.086,True,Higher-ranked candidate under the selected assumptions and criteria,Gentle terrain (moderate),Outside any Renewable Energy Zone (absent) | Weaker wind resource (moderate)
S30.486_E151.136,True,Higher-ranked candidate under the selected assumptions and criteria,Gentle terrain (strong),Outside any Renewable Energy Zone (absent) | Weaker wind resource (moderate)
S30.486_E151.186,True,Higher-ranked candidate under the selected assumptions and criteria,Close to transmission (moderate) | Gentle terrain (strong),Outside any Renewable Energy Zone (absent) | Distant from a substation (moderate)
S30.486_E151.236,True,Higher-ranked candidate under the selected assumptions and criteria,Close to transmission (moderate) | Gentle terrain (strong),Outside any Renewable Energy Zone (absent) | Weaker wind resource (moderate)
S30.486_E151.286,True,Higher-ranked candidate under the selected assumptions and criteria,Close to transmission (moderate) | Inside a Renewable Energy Zone (present) | Gentle terrain (strong),Weaker wind resource (moderate)
S30.486_E151.336,True,Higher-ranked candidate under the selected assumptions and criteria,Close to transmission (strong) | Inside a Renewable Energy Zone (present) | Gentle terrain (strong),Weaker wind resource (moderate)
S30.486_E151.436,True,Higher-ranked candidate under the selected assumptions and criteria,Close to transmission (strong) | Inside a Renewable Energy Zone (present) | Gentle terrain (strong),Weaker wind resource (moderate)
S30.486_E151.486,True,Higher-ranked candidate under the selected assumptions and criteria,Strong wind resource (moderate) | Close to transmission (strong) | Inside a Renewable Energy Zone (present),
S30.486_E151.536,True,Higher-ranked candidate under the selected assumptions and criteria,Strong wind resource (strong) | Close to transmission (top decile) | Inside a Renewable Energy Zone (present),
S30.486_E151.586,True,Higher-ranked candidate under the selected assumptions and criteria,Strong wind resource (strong) | Close to transmission (top decile) | Inside a Renewable Energy Zone (present),
S30.486_E151.786,True,Higher-ranked candidate under the selected assumptions and criteria,Strong wind resource (moderate) | Close to transmission (top decile) | Inside a Renewable Energy Zone (present),
S30.486_E151.836,True,Higher-ranked candidate under the selected assumptions and criteria,Strong wind resource (strong) | Close to transmission (top decile) | Inside a Renewable Energy Zone (present),
S30.486_E151.886,True,Higher-ranked candidate under the selected assumptions and criteria,Strong wind resource (strong) | Close to transmission (top decile) | Inside a Renewable Energy Zone (present),
S30.486_E151.936,True,Higher-ranked candidate under the selected assumptions and criteria,Strong wind resource (strong) | Close to transmission (top decile) | Inside a Renewable Energy Zone (present),
S30.486_E151.986,True,Higher-ranked candidate under the selected assumptions and criteria,Strong wind resource (strong) | Close to transmission (top decile) | Inside a Renewable Energy Zone (present),
S30.536_E150.036,True,Higher-ranked candidate under the selected assumptions and criteria,Close to transmission (strong) | Gentle terrain (strong) | Close to a substation (strong),Outside any Renewable Energy Zone (absent) | Weaker wind resource (limited)
S30.536_E150.136,True,Higher-ranked candidate under the selected assumptions and criteria,Close to transmission (strong) | Close to a substation (strong) | Gentle terrain (strong),Outside any Renewable Energy Zone (absent) | Weaker wind resource (limited)
S30.536_E150.186,True,Higher-ranked candidate under the selected assumptions and criteria,Close to transmission (strong) | Gentle terrain (strong) | Close to a substation (strong),Outside any Renewable Energy Zone (absent) | Weaker wind resource (limited)
S30.536_E150.236,True,Higher-ranked candidate under the selected assumptions and criteria,Close to transmission (strong) | Gentle terrain (strong) | Close to a substation (strong),Outside any Renewable Energy Zone (absent) | Weaker wind resource (limited)
S30.536_E150.286,True,Higher-ranked candidate under the selected assumptions and criteria,Close to transmission (strong) | Close to a substation (strong),Outside any Renewable Energy Zone (absent) | Weaker wind resource (limited)
S30.536_E150.336,True,Higher-ranked candidate under the selected assumptions and criteria,Close to transmission (strong) | Close to a substation (moderate),Outside any Renewable Energy Zone (absent) | Weaker wind resource (limited)
S30.536_E150.386,True,Higher-ranked candidate under the selected assumptions and criteria,Strong wind resource (moderate) | Close to transmission (strong) | Close to a substation (moderate),Outside any Renewable Energy Zone (absent) | Steeper terrain (moderate)
S30.536_E150.436,True,Higher-ranked candidate under the selected assumptions and criteria,Strong wind resource (moderate) | Close to transmission (strong) | Gentle terrain (strong),Outside any Renewable Energy Zone (absent)
S30.536_E150.486,True,Higher-ranked candidate under the selected assumptions and criteria,Strong wind resource (moderate) | Close to transmission (strong) | Gentle terrain (strong),Outside any Renewable Energy Zone (absent)
S30.536_E150.586,True,Higher-ranked candidate under the selected assumptions and criteria,Close to transmission (top decile) | Close to a substation (strong) | Gentle terrain (moderate),Outside any Renewable Energy Zone (absent) | Weaker wind resource (moderate)
S30.536_E150.636,True,Higher-ranked candidate under the selected assumptions and criteria,Close to transmission (top decile) | Close to a substation (strong) | Gentle terrain (moderate),Outside any Renewable Energy Zone (absent) | Weaker wind resource (limited)
S30.536_E150.686,True,Higher-ranked candidate under the selected assumptions and criteria,Close to transmission (top decile) | Close to a substation (strong) | Gentle terrain (strong),Outside any Renewable Energy Zone (absent) | Weaker wind resource (limited)
S30.536_E150.736,True,Higher-ranked candidate under the selected assumptions and criteria,Close to transmission (top decile) | Close to a substation (strong) | Gentle terrain (moderate),Outside any Renewable Energy Zone (absent) | Weaker wind resource (moderate)
S30.536_E150.786,True,Higher-ranked candidate under the selected assumptions and criteria,Strong wind resource (moderate) | Close to transmission (top decile) | Close to a substation (strong),Outside any Renewable Energy Zone (absent)
S30.536_E150.836,True,Higher-ranked candidate under the selected assumptions and criteria,Close to transmission (strong) | Close to a substation (strong),Outside any Renewable Energy Zone (absent) | Steeper terrain (limited)
S30.536_E151.086,True,Higher-ranked candidate under the selected assumptions and criteria,Gentle terrain (strong),Outside any Renewable Energy Zone (absent) | Weaker wind resource (moderate)
S30.536_E151.136,True,Higher-ranked candidate under the selected assumptions and criteria,Gentle terrain (strong),Outside any Renewable Energy Zone (absent) | Distant from a substation (moderate)
S30.536_E151.186,True,Higher-ranked candidate under the selected assumptions and criteria,Close to transmission (moderate) | Gentle terrain (strong),Outside any Renewable Energy Zone (absent) | Distant from a substation (moderate)
S30.536_E151.236,True,Higher-ranked candidate under the selected assumptions and criteria,Close to transmission (moderate) | Inside a Renewable Energy Zone (present) | Gentle terrain (strong),Weaker wind resource (moderate)
S30.536_E151.286,True,Higher-ranked candidate under the selected assumptions and criteria,Strong wind resource (moderate) | Close to transmission (strong) | Inside a Renewable Energy Zone (present),
S30.536_E151.336,True,Higher-ranked candidate under the selected assumptions and criteria,Strong wind resource (moderate) | Close to transmission (strong) | Inside a Renewable Energy Zone (present),
S30.536_E151.386,True,Higher-ranked candidate under the selected assumptions and criteria,Strong wind resource (moderate) | Close to transmission (strong) | Inside a Renewable Energy Zone (present),
S30.536_E151.436,True,Higher-ranked candidate under the selected assumptions and criteria,Strong wind resource (moderate) | Close to transmission (strong) | Inside a Renewable Energy Zone (present),
S30.536_E151.486,True,Higher-ranked candidate under the selected assumptions and criteria,Strong wind resource (moderate) | Close to transmission (strong) | Inside a Renewable Energy Zone (present),
S30.536_E151.536,True,Higher-ranked candidate under the selected assumptions and criteria,Strong wind resource (strong) | Close to transmission (top decile) | Inside a Renewable Energy Zone (present),
S30.536_E151.586,True,Higher-ranked candidate under the selected assumptions and criteria,Strong wind resource (strong) | Close to transmission (top decile) | Inside a Renewable Energy Zone (present),
S30.536_E151.836,True,Higher-ranked candidate under the selected assumptions and criteria,Strong wind resource (strong) | Close to transmission (top decile) | Inside a Renewable Energy Zone (present),
S30.536_E151.886,True,Higher-ranked candidate under the selected assumptions and criteria,Strong wind resource (strong) | Close to transmission (top decile) | Inside a Renewable Energy Zone (present),
S30.536_E151.936,True,Higher-ranked candidate under the selected assumptions and criteria,Strong wind resource (strong) | Close to transmission (top decile) | Inside a Renewable Energy Zone (present),
S30.586_E150.036,True,Higher-ranked candidate under the selected assumptions and criteria,Close to transmission (top decile) | Gentle terrain (top decile) | Close to a substation (top decile),Outside any Renewable Energy Zone (absent) | Weaker wind resource (limited)
S30.586_E150.136,True,Higher-ranked candidate under the selected assumptions and criteria,Close to transmission (top decile) | Close to a substation (top decile) | Gentle terrain (strong),Outside any Renewable Energy Zone (absent) | Weaker wind resource (limited)
S30.586_E150.186,True,Higher-ranked candidate under the selected assumptions and criteria,Close to transmission (strong) | Close to a substation (strong) | Gentle terrain (strong),Outside any Renewable Energy Zone (absent) | Weaker wind resource (limited)
S30.586_E150.236,True,Higher-ranked candidate under the selected assumptions and criteria,Close to transmission (strong) | Close to a substation (strong) | Gentle terrain (strong),Outside any Renewable Energy Zone (absent) | Weaker wind resource (limited)
S30.586_E150.286,True,Higher-ranked candidate under the selected assumptions and criteria,Close to transmission (strong) | Close to a substation (strong),Outside any Renewable Energy Zone (absent) | Weaker wind resource (limited)
S30.586_E150.336,True,Higher-ranked candidate under the selected assumptions and criteria,Close to transmission (strong) | Close to a substation (strong),Outside any Renewable Energy Zone (absent) | Steeper terrain (limited)
S30.586_E150.386,True,Higher-ranked candidate under the selected assumptions and criteria,Strong wind resource (moderate) | Close to transmission (strong) | Close to a substation (moderate),Outside any Renewable Energy Zone (absent) | Steeper terrain (limited)
S30.586_E150.436,True,Higher-ranked candidate under the selected assumptions and criteria,Strong wind resource (moderate) | Close to transmission (strong) | Gentle terrain (moderate),Outside any Renewable Energy Zone (absent)
S30.586_E150.486,True,Higher-ranked candidate under the selected assumptions and criteria,Strong wind resource (moderate) | Close to transmission (strong) | Gentle terrain (strong),Outside any Renewable Energy Zone (absent)
S30.586_E150.586,True,Higher-ranked candidate under the selected assumptions and criteria,Close to transmission (strong) | Close to a substation (strong),Outside any Renewable Energy Zone (absent) | Steeper terrain (moderate)
S30.586_E150.636,True,Higher-ranked candidate under the selected assumptions and criteria,Close to transmission (top decile) | Close to a substation (strong) | Gentle terrain (moderate),Outside any Renewable Energy Zone (absent) | Weaker wind resource (limited)
S30.586_E150.686,True,Higher-ranked candidate under the selected assumptions and criteria,Close to transmission (top decile) | Close to a substation (strong) | Gentle terrain (moderate),Outside any Renewable Energy Zone (absent) | Weaker wind resource (limited)
S30.586_E150.736,True,Higher-ranked candidate under the selected assumptions and criteria,Close to transmission (top decile) | Close to a substation (top decile) | Gentle terrain (moderate),Outside any Renewable Energy Zone (absent) | Weaker wind resource (moderate)
S30.586_E150.786,True,Higher-ranked candidate under the selected assumptions and criteria,Strong wind resource (moderate) | Close to transmission (top decile) | Close to a substation (strong),Outside any Renewable Energy Zone (absent)
S30.586_E150.836,True,Higher-ranked candidate under the selected assumptions and criteria,Close to transmission (strong) | Close to a substation (strong),Outside any Renewable Energy Zone (absent) | Steeper terrain (limited)
S30.586_E151.086,True,Higher-ranked candidate under the selected assumptions and criteria,Close to transmission (moderate) | Gentle terrain (strong),Outside any Renewable Energy Zone (absent) | Weaker wind resource (limited)
S30.586_E151.136,True,Higher-ranked candidate under the selected assumptions and criteria,Close to transmission (moderate) | Gentle terrain (strong),Outside any Renewable Energy Zone (absent) | Weaker wind resource (limited)
S30.586_E151.186,True,Higher-ranked candidate under the selected assumptions and criteria,Close to transmission (moderate) | Gentle terrain (strong),Outside any Renewable Energy Zone (absent) | Weaker wind resource (moderate)
S30.586_E151.236,True,Higher-ranked candidate under the selected assumptions and criteria,Strong wind resource (moderate) | Close to transmission (strong) | Inside a Renewable Energy Zone (present),
S30.586_E151.286,True,Higher-ranked candidate under the selected assumptions and criteria,Strong wind resource (moderate) | Close to transmission (strong) | Inside a Renewable Energy Zone (present),
S30.586_E151.336,True,Higher-ranked candidate under the selected assumptions and criteria,Strong wind resource (moderate) | Close to transmission (strong) | Inside a Renewable Energy Zone (present),
S30.586_E151.386,True,Higher-ranked candidate under the selected assumptions and criteria,Strong wind resource (moderate) | Close to transmission (strong) | Inside a Renewable Energy Zone (present),
S30.586_E151.436,True,Higher-ranked candidate under the selected assumptions and criteria,Strong wind resource (strong) | Close to transmission (top decile) | Inside a Renewable Energy Zone (present),
S30.586_E151.486,True,Higher-ranked candidate under the selected assumptions and criteria,Strong wind resource (strong) | Close to transmission (top decile) | Inside a Renewable Energy Zone (present),
S30.586_E151.536,True,Higher-ranked candidate under the selected assumptions and criteria,Strong wind resource (strong) | Close to transmission (top decile) | Inside a Renewable Energy Zone (present),
S30.586_E151.586,True,Higher-ranked candidate under the selected assumptions and criteria,Strong wind resource (strong) | Close to transmission (top decile) | Inside a Renewable Energy Zone (present),
S30.586_E151.636,True,Higher-ranked candidate under the selected assumptions and criteria,Strong wind resource (strong) | Close to transmission (top decile) | Inside a Renewable Energy Zone (present),
S30.586_E151.686,True,Higher-ranked candidate under the selected assumptions and criteria,Strong wind resource (strong) | Close to transmission (top decile) | Inside a Renewable Energy Zone (present),
S30.586_E151.886,True,Higher-ranked candidate under the selected assumptions and criteria,Close to transmission (top decile) | Strong wind resource (moderate) | Inside a Renewable Energy Zone (present),Steeper terrain (limited)
S30.586_E151.936,True,Higher-ranked candidate under the selected assumptions and criteria,Close to transmission (top decile) | Inside a Renewable Energy Zone (present) | Close to a substation (top decile),Steeper terrain (limited) | Weaker wind resource (moderate)
S30.636_E150.036,True,Higher-ranked candidate under the selected assumptions and criteria,Close to transmission (top decile) | Close to a substation (strong) | Gentle terrain (strong),Outside any Renewable Energy Zone (absent) | Weaker wind resource (limited)
S30.636_E150.086,True,Higher-ranked candidate under the selected assumptions and criteria,Close to transmission (top decile) | Close to a substation (top decile) | Gentle terrain (strong),Outside any Renewable Energy Zone (absent) | Weaker wind resource (limited)
S30.636_E150.136,True,Higher-ranked candidate under the selected assumptions and criteria,Close to transmission (top decile) | Close to a substation (top decile) | Gentle terrain (strong),Outside any Renewable Energy Zone (absent) | Weaker wind resource (limited)
S30.636_E150.186,True,Higher-ranked candidate under the selected assumptions and criteria,Close to transmission (top decile) | Close to a substation (top decile) | Gentle terrain (strong),Outside any Renewable Energy Zone (absent) | Weaker wind resource (limited)
S30.636_E150.236,True,Higher-ranked candidate under the selected assumptions and criteria,Close to transmission (strong) | Close to a substation (strong) | Gentle terrain (strong),Outside any Renewable Energy Zone (absent) | Weaker wind resource (limited)
S30.636_E150.286,True,Higher-ranked candidate under the selected assumptions and criteria,Close to transmission (strong) | Close to a substation (strong),Outside any Renewable Energy Zone (absent) | Steeper terrain (limited)
S30.636_E150.336,True,Higher-ranked candidate under the selected assumptions and criteria,Close to transmission (strong) | Close to a substation (strong),Outside any Renewable Energy Zone (absent) | Steeper terrain (moderate)
S30.636_E150.386,True,Higher-ranked candidate under the selected assumptions and criteria,Strong wind resource (moderate) | Close to transmission (moderate) | Close to a substation (moderate),Outside any Renewable Energy Zone (absent)
S30.636_E150.436,True,Higher-ranked candidate under the selected assumptions and criteria,Strong wind resource (moderate) | Close to transmission (moderate) | Gentle terrain (moderate),Outside any Renewable Energy Zone (absent)
S30.636_E150.486,True,Higher-ranked candidate under the selected assumptions and criteria,Strong wind resource (moderate) | Close to transmission (strong) | Gentle terrain (strong),Outside any Renewable Energy Zone (absent)
S30.636_E150.536,True,Higher-ranked candidate under the selected assumptions and criteria,Strong wind resource (moderate) | Close to transmission (strong) | Gentle terrain (strong),Outside any Renewable Energy Zone (absent)
S30.636_E150.586,True,Higher-ranked candidate under the selected assumptions and criteria,Close to transmission (strong) | Close to a substation (strong) | Gentle terrain (moderate),Outside any Renewable Energy Zone (absent) | Weaker wind resource (moderate)
S30.636_E150.636,True,Higher-ranked candidate under the selected assumptions and criteria,Close to transmission (strong) | Close to a substation (strong) | Gentle terrain (moderate),Outside any Renewable Energy Zone (absent) | Weaker wind resource (limited)
S30.636_E150.686,True,Higher-ranked candidate under the selected assumptions and criteria,Close to transmission (top decile) | Close to a substation (top decile) | Gentle terrain (strong),Outside any Renewable Energy Zone (absent) | Weaker wind resource (limited)
S30.636_E150.736,True,Higher-ranked candidate under the selected assumptions and criteria,Close to transmission (top decile) | Close to a substation (top decile) | Gentle terrain (strong),Outside any Renewable Energy Zone (absent) | Weaker wind resource (moderate)
S30.636_E150.786,True,Higher-ranked candidate under the selected assumptions and criteria,Close to transmission (top decile) | Close to a substation (top decile) | Gentle terrain (strong),Outside any Renewable Energy Zone (absent) | Weaker wind resource (moderate)
S30.636_E150.836,True,Higher-ranked candidate under the selected assumptions and criteria,Close to transmission (strong) | Close to a substation (strong),Outside any Renewable Energy Zone (absent) | Steeper terrain (limited)
S30.636_E150.886,True,Higher-ranked candidate under the selected assumptions and criteria,Close to transmission (strong) | Close to a substation (strong) | Gentle terrain (moderate),Outside any Renewable Energy Zone (absent) | Weaker wind resource (limited)
S30.636_E150.936,True,Higher-ranked candidate under the selected assumptions and criteria,Close to transmission (strong) | Close to a substation (strong),Outside any Renewable Energy Zone (absent) | Steeper terrain (limited)
S30.636_E150.986,True,Higher-ranked candidate under the selected assumptions and criteria,Close to transmission (moderate) | Close to a substation (moderate),Outside any Renewable Energy Zone (absent) | Steeper terrain (limited)
S30.636_E151.036,True,Higher-ranked candidate under the selected assumptions and criteria,Close to transmission (moderate) | Gentle terrain (moderate) | Close to a substation (moderate),Outside any Renewable Energy Zone (absent) | Weaker wind resource (moderate)
S30.636_E151.086,True,Higher-ranked candidate under the selected assumptions and criteria,Close to transmission (moderate) | Gentle terrain (moderate) | Close to a substation (moderate),Outside any Renewable Energy Zone (absent) | Weaker wind resource (limited)
S30.636_E151.136,True,Higher-ranked candidate under the selected assumptions and criteria,Close to transmission (strong) | Gentle terrain (strong) | Close to a substation (moderate),Outside any Renewable Energy Zone (absent) | Weaker wind resource (limited)
S30.636_E151.186,True,Higher-ranked candidate under the selected assumptions and criteria,Close to transmission (strong) | Inside a Renewable Energy Zone (present) | Gentle terrain (strong),Weaker wind resource (moderate)
S30.636_E151.236,True,Higher-ranked candidate under the selected assumptions and criteria,Close to transmission (strong) | Inside a Renewable Energy Zone (present) | Gentle terrain (strong),Weaker wind resource (moderate)
S30.636_E151.286,True,Higher-ranked candidate under the selected assumptions and criteria,Strong wind resource (moderate) | Close to transmission (strong) | Inside a Renewable Energy Zone (present),
S30.636_E151.336,True,Higher-ranked candidate under the selected assumptions and criteria,Strong wind resource (moderate) | Close to transmission (strong) | Inside a Renewable Energy Zone (present),
S30.636_E151.386,True,Higher-ranked candidate under the selected assumptions and criteria,Strong wind resource (strong) | Close to transmission (top decile) | Inside a Renewable Energy Zone (present),
S30.636_E151.436,True,Higher-ranked candidate under the selected assumptions and criteria,Strong wind resource (strong) | Close to transmission (top decile) | Inside a Renewable Energy Zone (present),
S30.636_E151.586,True,Higher-ranked candidate under the selected assumptions and criteria,Strong wind resource (strong) | Close to transmission (top decile) | Inside a Renewable Energy Zone (present),
S30.636_E151.636,True,Higher-ranked candidate under the selected assumptions and criteria,Strong wind resource (strong) | Close to transmission (top decile) | Inside a Renewable Energy Zone (present),
S30.636_E151.686,True,Higher-ranked candidate under the selected assumptions and criteria,Strong wind resource (strong) | Close to transmission (top decile) | Inside a Renewable Energy Zone (present),
S30.636_E151.736,True,Higher-ranked candidate under the selected assumptions and criteria,Strong wind resource (strong) | Close to transmission (strong) | Inside a Renewable Energy Zone (present),
S30.686_E150.086,True,Higher-ranked candidate under the selected assumptions and criteria,Close to transmission (top decile) | Gentle terrain (top decile) | Close to a substation (top decile),Outside any Renewable Energy Zone (absent) | Weaker wind resource (limited)
S30.686_E150.136,True,Higher-ranked candidate under the selected assumptions and criteria,Close to transmission (strong) | Gentle terrain (top decile) | Close to a substation (top decile),Outside any Renewable Energy Zone (absent) | Weaker wind resource (limited)
S30.686_E150.186,True,Higher-ranked candidate under the selected assumptions and criteria,Close to transmission (strong) | Gentle terrain (top decile) | Close to a substation (strong),Outside any Renewable Energy Zone (absent) | Weaker wind resource (limited)
S30.686_E150.236,True,Higher-ranked candidate under the selected assumptions and criteria,Close to transmission (strong) | Gentle terrain (top decile) | Close to a substation (strong),Outside any Renewable Energy Zone (absent) | Weaker wind resource (limited)
S30.686_E150.286,True,Higher-ranked candidate under the selected assumptions and criteria,Close to transmission (strong) | Gentle terrain (top decile) | Close to a substation (strong),Outside any Renewable Energy Zone (absent) | Weaker wind resource (moderate)
S30.686_E150.336,True,Higher-ranked candidate under the selected assumptions and criteria,Close to transmission (strong) | Close to a substation (strong) | Gentle terrain (moderate),Outside any Renewable Energy Zone (absent) | Weaker wind resource (moderate)
S30.686_E150.386,True,Higher-ranked candidate under the selected assumptions and criteria,Strong wind resource (moderate) | Close to transmission (moderate) | Gentle terrain (strong),Outside any Renewable Energy Zone (absent)
S30.686_E150.436,True,Higher-ranked candidate under the selected assumptions and criteria,Strong wind resource (moderate) | Close to transmission (moderate) | Gentle terrain (strong),Outside any Renewable Energy Zone (absent)
S30.686_E150.486,True,Higher-ranked candidate under the selected assumptions and criteria,Strong wind resource (moderate) | Close to transmission (moderate) | Gentle terrain (strong),Outside any Renewable Energy Zone (absent)
S30.686_E150.536,True,Higher-ranked candidate under the selected assumptions and criteria,Strong wind resource (moderate) | Close to transmission (strong) | Gentle terrain (strong),Outside any Renewable Energy Zone (absent)
S30.686_E150.586,True,Higher-ranked candidate under the selected assumptions and criteria,Close to transmission (strong) | Close to a substation (strong) | Gentle terrain (strong),Outside any Renewable Energy Zone (absent) | Weaker wind resource (moderate)
S30.686_E150.636,True,Higher-ranked candidate under the selected assumptions and criteria,Close to transmission (strong) | Close to a substation (strong),Outside any Renewable Energy Zone (absent) | Weaker wind resource (moderate)
S30.686_E150.686,True,Higher-ranked candidate under the selected assumptions and criteria,Close to transmission (top decile) | Close to a substation (strong) | Gentle terrain (strong),Outside any Renewable Energy Zone (absent) | Weaker wind resource (limited)
S30.686_E150.736,True,Higher-ranked candidate under the selected assumptions and criteria,Close to transmission (top decile) | Close to a substation (top decile) | Gentle terrain (moderate),Outside any Renewable Energy Zone (absent) | Weaker wind resource (limited)
S30.686_E150.786,True,Higher-ranked candidate under the selected assumptions and criteria,Close to transmission (top decile) | Close to a substation (strong) | Gentle terrain (moderate),Outside any Renewable Energy Zone (absent) | Weaker wind resource (limited)
S30.686_E150.836,True,Higher-ranked candidate under the selected assumptions and criteria,Close to transmission (strong) | Close to a substation (strong),Outside any Renewable Energy Zone (absent) | Weaker wind resource (limited)
S30.686_E150.886,True,Higher-ranked candidate under the selected assumptions and criteria,Close to transmission (strong) | Close to a substation (strong),Outside any Renewable Energy Zone (absent) | Steeper terrain (limited)
S30.686_E150.936,True,Higher-ranked candidate under the selected assumptions and criteria,Close to transmission (strong) | Close to a substation (strong),Outside any Renewable Energy Zone (absent) | Steeper terrain (limited)
S30.686_E150.986,True,Higher-ranked candidate under the selected assumptions and criteria,Close to transmission (moderate) | Close to a substation (moderate),Outside any Renewable Energy Zone (absent) | Weaker wind resource (moderate)
S30.686_E151.036,True,Higher-ranked candidate under the selected assumptions and criteria,Close to transmission (moderate) | Gentle terrain (strong) | Close to a substation (moderate),Outside any Renewable Energy Zone (absent) | Weaker wind resource (limited)
S30.686_E151.186,True,Higher-ranked candidate under the selected assumptions and criteria,Close to transmission (strong) | Inside a Renewable Energy Zone (present) | Gentle terrain (strong),Weaker wind resource (moderate)
S30.686_E151.236,True,Higher-ranked candidate under the selected assumptions and criteria,Strong wind resource (moderate) | Close to transmission (strong) | Inside a Renewable Energy Zone (present),
S30.686_E151.286,True,Higher-ranked candidate under the selected assumptions and criteria,Strong wind resource (moderate) | Close to transmission (strong) | Inside a Renewable Energy Zone (present),
S30.686_E151.336,True,Higher-ranked candidate under the selected assumptions and criteria,Strong wind resource (moderate) | Close to transmission (top decile) | Inside a Renewable Energy Zone (present),
S30.686_E151.386,True,Higher-ranked candidate under the selected assumptions and criteria,Strong wind resource (strong) | Close to transmission (top decile) | Inside a Renewable Energy Zone (present),
S30.686_E151.436,True,Higher-ranked candidate under the selected assumptions and criteria,Strong wind resource (strong) | Close to transmission (top decile) | Inside a Renewable Energy Zone (present),
S30.686_E151.486,True,Higher-ranked candidate under the selected assumptions and criteria,Strong wind resource (strong) | Close to transmission (top decile) | Inside a Renewable Energy Zone (present),
S30.686_E151.536,True,Higher-ranked candidate under the selected assumptions and criteria,Strong wind resource (strong) | Close to transmission (top decile) | Inside a Renewable Energy Zone (present),
S30.686_E151.586,True,Higher-ranked candidate under the selected assumptions and criteria,Strong wind resource (strong) | Close to transmission (top decile) | Inside a Renewable Energy Zone (present),
S30.686_E151.636,True,Higher-ranked candidate under the selected assumptions and criteria,Strong wind resource (strong) | Close to transmission (top decile) | Inside a Renewable Energy Zone (present),
S30.686_E151.686,True,Higher-ranked candidate under the selected assumptions and criteria,Strong wind resource (strong) | Close to transmission (top decile) | Inside a Renewable Energy Zone (present),
S30.736_E150.086,True,Higher-ranked candidate under the selected assumptions and criteria,Close to transmission (top decile) | Gentle terrain (top decile) | Close to a substation (strong),Outside any Renewable Energy Zone (absent) | Weaker wind resource (limited)
S30.736_E150.136,True,Higher-ranked candidate under the selected assumptions and criteria,Close to transmission (strong) | Gentle terrain (top decile) | Close to a substation (strong),Outside any Renewable Energy Zone (absent) | Weaker wind resource (limited)
S30.736_E150.186,True,Higher-ranked candidate under the selected assumptions and criteria,Close to transmission (top decile) | Gentle terrain (top decile) | Close to a substation (strong),Outside any Renewable Energy Zone (absent) | Weaker wind resource (limited)
S30.736_E150.236,True,Higher-ranked candidate under the selected assumptions and criteria,Close to transmission (strong) | Gentle terrain (strong) | Close to a substation (strong),Outside any Renewable Energy Zone (absent) | Weaker wind resource (limited)
S30.736_E150.286,True,Higher-ranked candidate under the selected assumptions and criteria,Close to transmission (strong) | Gentle terrain (strong) | Close to a substation (strong),Outside any Renewable Energy Zone (absent) | Weaker wind resource (limited)
S30.736_E150.386,True,Higher-ranked candidate under the selected assumptions and criteria,Close to transmission (strong) | Gentle terrain (top decile) | Close to a substation (strong),Outside any Renewable Energy Zone (absent) | Weaker wind resource (moderate)
S30.736_E150.436,True,Higher-ranked candidate under the selected assumptions and criteria,Close to transmission (strong) | Gentle terrain (strong) | Close to a substation (strong),Outside any Renewable Energy Zone (absent) | Weaker wind resource (moderate)
S30.736_E150.486,True,Higher-ranked candidate under the selected assumptions and criteria,Close to transmission (strong) | Gentle terrain (strong) | Close to a substation (strong),Outside any Renewable Energy Zone (absent) | Weaker wind resource (moderate)
S30.736_E150.536,True,Higher-ranked candidate under the selected assumptions and criteria,Close to transmission (strong) | Gentle terrain (top decile) | Close to a substation (strong),Outside any Renewable Energy Zone (absent) | Weaker wind resource (moderate)
S30.736_E150.586,True,Higher-ranked candidate under the selected assumptions and criteria,Close to transmission (strong) | Gentle terrain (strong) | Close to a substation (strong),Outside any Renewable Energy Zone (absent) | Weaker wind resource (moderate)
S30.736_E150.636,True,Higher-ranked candidate under the selected assumptions and criteria,Close to transmission (strong) | Close to a substation (strong),Outside any Renewable Energy Zone (absent) | Weaker wind resource (moderate)
S30.736_E150.686,True,Higher-ranked candidate under the selected assumptions and criteria,Close to transmission (top decile) | Close to a substation (top decile) | Gentle terrain (moderate),Outside any Renewable Energy Zone (absent) | Weaker wind resource (limited)
S30.736_E150.786,True,Higher-ranked candidate under the selected assumptions and criteria,Close to transmission (top decile) | Close to a substation (top decile) | Gentle terrain (strong),Outside any Renewable Energy Zone (absent) | Weaker wind resource (limited)
S30.736_E150.836,True,Higher-ranked candidate under the selected assumptions and criteria,Close to transmission (strong) | Close to a substation (strong),Outside any Renewable Energy Zone (absent) | Weaker wind resource (limited)
S30.736_E150.886,True,Higher-ranked candidate under the selected assumptions and criteria,Close to transmission (strong) | Close to a substation (strong) | Gentle terrain (moderate),Outside any Renewable Energy Zone (absent) | Weaker wind resource (limited)
S30.736_E150.936,True,Higher-ranked candidate under the selected assumptions and criteria,Close to transmission (strong) | Close to a substation (strong),Outside any Renewable Energy Zone (absent) | Steeper terrain (limited)
S30.736_E151.136,True,Higher-ranked candidate under the selected assumptions and criteria,Close to transmission (strong) | Close to a substation (strong) | Gentle terrain (strong),Outside any Renewable Energy Zone (absent) | Weaker wind resource (limited)
S30.736_E151.186,True,Higher-ranked candidate under the selected assumptions and criteria,Close to transmission (strong) | Inside a Renewable Energy Zone (present) | Close to a substation (strong),Steeper terrain (moderate) | Weaker wind resource (moderate)
S30.736_E151.236,True,Higher-ranked candidate under the selected assumptions and criteria,Strong wind resource (moderate) | Close to transmission (top decile) | Inside a Renewable Energy Zone (present),
S30.736_E151.286,True,Higher-ranked candidate under the selected assumptions and criteria,Strong wind resource (strong) | Close to transmission (top decile) | Inside a Renewable Energy Zone (present),
S30.736_E151.336,True,Higher-ranked candidate under the selected assumptions and criteria,Strong wind resource (strong) | Close to transmission (top decile) | Inside a Renewable Energy Zone (present),
S30.736_E151.386,True,Higher-ranked candidate under the selected assumptions and criteria,Strong wind resource (strong) | Close to transmission (top decile) | Inside a Renewable Energy Zone (present),
S30.736_E151.436,True,Higher-ranked candidate under the selected assumptions and criteria,Strong wind resource (strong) | Close to transmission (top decile) | Inside a Renewable Energy Zone (present),
S30.736_E151.486,True,Higher-ranked candidate under the selected assumptions and criteria,Strong wind resource (strong) | Close to transmission (top decile) | Inside a Renewable Energy Zone (present),
S30.736_E151.536,True,Higher-ranked candidate under the selected assumptions and criteria,Strong wind resource (strong) | Close to transmission (top decile) | Inside a Renewable Energy Zone (present),
S30.736_E151.586,True,Higher-ranked candidate under the selected assumptions and criteria,Strong wind resource (strong) | Close to transmission (top decile) | Inside a Renewable Energy Zone (present),
S30.736_E151.636,True,Higher-ranked candidate under the selected assumptions and criteria,Strong wind resource (strong) | Close to transmission (top decile) | Inside a Renewable Energy Zone (present),
S30.736_E151.686,True,Higher-ranked candidate under the selected assumptions and criteria,Strong wind resource (strong) | Close to transmission (strong) | Inside a Renewable Energy Zone (present),
S30.736_E151.736,True,Higher-ranked candidate under the selected assumptions and criteria,Strong wind resource (strong) | Close to transmission (strong) | Inside a Renewable Energy Zone (present),
S30.736_E151.786,True,Higher-ranked candidate under the selected assumptions and criteria,Strong wind resource (strong) | Close to transmission (strong) | Gentle terrain (strong),Outside any Renewable Energy Zone (absent)
S30.736_E151.836,True,Higher-ranked candidate under the selected assumptions and criteria,Strong wind resource (moderate) | Close to transmission (strong) | Gentle terrain (strong),Outside any Renewable Energy Zone (absent)
S30.786_E150.036,True,Higher-ranked candidate under the selected assumptions and criteria,Close to transmission (top decile) | Gentle terrain (strong) | Close to a substation (strong),Outside any Renewable Energy Zone (absent) | Weaker wind resource (moderate)
S30.786_E150.086,True,Higher-ranked candidate under the selected assumptions and criteria,Close to transmission (top decile) | Gentle terrain (top decile) | Close to a substation (strong),Outside any Renewable Energy Zone (absent) | Weaker wind resource (limited)
S30.786_E150.136,True,Higher-ranked candidate under the selected assumptions and criteria,Close to transmission (top decile) | Gentle terrain (top decile) | Close to a substation (strong),Outside any Renewable Energy Zone (absent) | Weaker wind resource (limited)
S30.786_E150.186,True,Higher-ranked candidate under the selected assumptions and criteria,Close to transmission (top decile) | Gentle terrain (top decile) | Close to a substation (strong),Outside any Renewable Energy Zone (absent) | Weaker wind resource (limited)
S30.786_E150.236,True,Higher-ranked candidate under the selected assumptions and criteria,Close to transmission (top decile) | Gentle terrain (strong) | Close to a substation (strong),Outside any Renewable Energy Zone (absent) | Weaker wind resource (limited)
S30.786_E150.386,True,Higher-ranked candidate under the selected assumptions and criteria,Close to transmission (strong) | Gentle terrain (top decile) | Close to a substation (strong),Outside any Renewable Energy Zone (absent) | Weaker wind resource (limited)
S30.786_E150.436,True,Higher-ranked candidate under the selected assumptions and criteria,Close to transmission (strong) | Gentle terrain (strong) | Close to a substation (strong),Outside any Renewable Energy Zone (absent) | Weaker wind resource (moderate)
S30.786_E150.536,True,Higher-ranked candidate under the selected assumptions and criteria,Close to transmission (strong) | Gentle terrain (top decile) | Close to a substation (strong),Outside any Renewable Energy Zone (absent) | Weaker wind resource (limited)
S30.786_E150.586,True,Higher-ranked candidate under the selected assumptions and criteria,Close to transmission (strong) | Gentle terrain (top decile) | Close to a substation (strong),Outside any Renewable Energy Zone (absent) | Weaker wind resource (limited)
S30.786_E150.636,True,Higher-ranked candidate under the selected assumptions and criteria,Close to transmission (strong) | Gentle terrain (strong) | Close to a substation (strong),Outside any Renewable Energy Zone (absent) | Weaker wind resource (moderate)
S30.786_E150.686,True,Higher-ranked candidate under the selected assumptions and criteria,Close to transmission (top decile) | Gentle terrain (top decile) | Close to a substation (top decile),Outside any Renewable Energy Zone (absent) | Weaker wind resource (limited)
S30.786_E150.736,True,Higher-ranked candidate under the selected assumptions and criteria,Close to transmission (top decile) | Close to a substation (top decile) | Gentle terrain (strong),Outside any Renewable Energy Zone (absent) | Weaker wind resource (limited)
S30.786_E150.786,True,Higher-ranked candidate under the selected assumptions and criteria,Close to transmission (top decile) | Close to a substation (top decile) | Gentle terrain (moderate),Outside any Renewable Energy Zone (absent) | Weaker wind resource (limited)
S30.786_E150.836,True,Higher-ranked candidate under the selected assumptions and criteria,Close to transmission (strong) | Close to a substation (strong),Outside any Renewable Energy Zone (absent) | Weaker wind resource (limited)
S30.786_E150.886,True,Higher-ranked candidate under the selected assumptions and criteria,Close to transmission (strong) | Close to a substation (strong),Outside any Renewable Energy Zone (absent) | Weaker wind resource (limited)
S30.786_E150.936,True,Higher-ranked candidate under the selected assumptions and criteria,Close to transmission (strong) | Close to a substation (strong),Outside any Renewable Energy Zone (absent) | Weaker wind resource (limited)
S30.786_E151.086,True,Higher-ranked candidate under the selected assumptions and criteria,Close to transmission (strong) | Close to a substation (strong) | Gentle terrain (moderate),Outside any Renewable Energy Zone (absent) | Weaker wind resource (limited)
S30.786_E151.136,True,Higher-ranked candidate under the selected assumptions and criteria,Close to transmission (strong) | Close to a substation (strong) | Gentle terrain (strong),Outside any Renewable Energy Zone (absent) | Weaker wind resource (limited)
S30.786_E151.186,True,Higher-ranked candidate under the selected assumptions and criteria,Close to transmission (top decile) | Inside a Renewable Energy Zone (present) | Close to a substation (strong),Weaker wind resource (moderate)
S30.786_E151.236,True,Higher-ranked candidate under the selected assumptions and criteria,Close to transmission (top decile) | Strong wind resource (moderate) | Inside a Renewable Energy Zone (present),
S30.786_E151.286,True,Higher-ranked candidate under the selected assumptions and criteria,Strong wind resource (strong) | Close to transmission (top decile) | Inside a Renewable Energy Zone (present),
S30.786_E151.336,True,Higher-ranked candidate under the selected assumptions and criteria,Strong wind resource (strong) | Close to transmission (top decile) | Inside a Renewable Energy Zone (present),
S30.786_E151.386,True,Higher-ranked candidate under the selected assumptions and criteria,Strong wind resource (strong) | Close to transmission (top decile) | Inside a Renewable Energy Zone (present),
S30.786_E151.436,True,Higher-ranked candidate under the selected assumptions and criteria,Strong wind resource (strong) | Close to transmission (top decile) | Inside a Renewable Energy Zone (present),
S30.786_E151.486,True,Higher-ranked candidate under the selected assumptions and criteria,Strong wind resource (strong) | Close to transmission (strong) | Inside a Renewable Energy Zone (present),
S30.786_E151.536,True,Higher-ranked candidate under the selected assumptions and criteria,Strong wind resource (strong) | Close to transmission (top decile) | Inside a Renewable Energy Zone (present),
S30.786_E151.586,True,Higher-ranked candidate under the selected assumptions and criteria,Strong wind resource (strong) | Close to transmission (top decile) | Inside a Renewable Energy Zone (present),
S30.786_E151.636,True,Higher-ranked candidate under the selected assumptions and criteria,Strong wind resource (strong) | Close to transmission (top decile) | Inside a Renewable Energy Zone (present),
S30.786_E151.686,True,Higher-ranked candidate under the selected assumptions and criteria,Strong wind resource (strong) | Close to transmission (strong) | Inside a Renewable Energy Zone (present),
S30.786_E151.736,True,Higher-ranked candidate under the selected assumptions and criteria,Strong wind resource (moderate) | Close to transmission (strong) | Inside a Renewable Energy Zone (present),Steeper terrain (moderate)
S30.786_E151.786,True,Higher-ranked candidate under the selected assumptions and criteria,Close to transmission (strong) | Inside a Renewable Energy Zone (present) | Close to a substation (moderate),Steeper terrain (limited) | Weaker wind resource (moderate)
S30.836_E150.036,True,Higher-ranked candidate under the selected assumptions and criteria,Close to transmission (top decile) | Gentle terrain (top decile) | Close to a substation (strong),Outside any Renewable Energy Zone (absent) | Weaker wind resource (moderate)
S30.836_E150.086,True,Higher-ranked candidate under the selected assumptions and criteria,Close to transmission (top decile) | Gentle terrain (top decile) | Close to a substation (strong),Outside any Renewable Energy Zone (absent) | Weaker wind resource (moderate)
S30.836_E150.136,True,Higher-ranked candidate under the selected assumptions and criteria,Close to transmission (top decile) | Gentle terrain (top decile) | Close to a substation (strong),Outside any Renewable Energy Zone (absent) | Weaker wind resource (moderate)
S30.836_E150.186,True,Higher-ranked candidate under the selected assumptions and criteria,Close to transmission (top decile) | Gentle terrain (top decile) | Close to a substation (strong),Outside any Renewable Energy Zone (absent) | Weaker wind resource (limited)
S30.836_E150.236,True,Higher-ranked candidate under the selected assumptions and criteria,Close to transmission (strong) | Gentle terrain (top decile) | Close to a substation (strong),Outside any Renewable Energy Zone (absent) | Weaker wind resource (limited)
S30.836_E150.386,True,Higher-ranked candidate under the selected assumptions and criteria,Close to transmission (strong) | Gentle terrain (top decile) | Close to a substation (strong),Outside any Renewable Energy Zone (absent) | Weaker wind resource (limited)
S30.836_E150.436,True,Higher-ranked candidate under the selected assumptions and criteria,Close to transmission (strong) | Close to a substation (strong) | Gentle terrain (strong),Outside any Renewable Energy Zone (absent) | Weaker wind resource (moderate)
S30.836_E150.536,True,Higher-ranked candidate under the selected assumptions and criteria,Close to transmission (strong) | Gentle terrain (top decile) | Close to a substation (strong),Outside any Renewable Energy Zone (absent) | Weaker wind resource (limited)
S30.836_E150.586,True,Higher-ranked candidate under the selected assumptions and criteria,Close to transmission (strong) | Gentle terrain (top decile) | Close to a substation (strong),Outside any Renewable Energy Zone (absent) | Weaker wind resource (limited)
S30.836_E150.636,True,Higher-ranked candidate under the selected assumptions and criteria,Close to transmission (strong) | Gentle terrain (strong) | Close to a substation (strong),Outside any Renewable Energy Zone (absent) | Weaker wind resource (moderate)
S30.836_E150.686,True,Higher-ranked candidate under the selected assumptions and criteria,Close to transmission (strong) | Gentle terrain (top decile) | Close to a substation (strong),Outside any Renewable Energy Zone (absent) | Weaker wind resource (moderate)
S30.836_E150.736,True,Higher-ranked candidate under the selected assumptions and criteria,Close to transmission (top decile) | Close to a substation (strong) | Gentle terrain (strong),Outside any Renewable Energy Zone (absent) | Weaker wind resource (moderate)
S30.836_E150.786,True,Higher-ranked candidate under the selected assumptions and criteria,Close to transmission (top decile) | Close to a substation (strong) | Gentle terrain (strong),Outside any Renewable Energy Zone (absent) | Weaker wind resource (moderate)
S30.836_E150.836,True,Higher-ranked candidate under the selected assumptions and criteria,Close to transmission (top decile) | Close to a substation (strong) | Gentle terrain (moderate),Outside any Renewable Energy Zone (absent) | Weaker wind resource (moderate)
S30.836_E150.886,True,Higher-ranked candidate under the selected assumptions and criteria,Close to transmission (strong) | Close to a substation (strong),Outside any Renewable Energy Zone (absent) | Weaker wind resource (moderate)
S30.836_E150.936,True,Higher-ranked candidate under the selected assumptions and criteria,Close to transmission (strong) | Close to a substation (strong),Outside any Renewable Energy Zone (absent) | Steeper terrain (limited)
S30.836_E150.986,True,Higher-ranked candidate under the selected assumptions and criteria,Close to transmission (strong) | Close to a substation (strong),Outside any Renewable Energy Zone (absent) | Steeper terrain (limited)
S30.836_E151.086,True,Higher-ranked candidate under the selected assumptions and criteria,Close to transmission (strong) | Close to a substation (strong),Outside any Renewable Energy Zone (absent) | Steeper terrain (limited)
S30.836_E151.136,True,Higher-ranked candidate under the selected assumptions and criteria,Close to transmission (top decile) | Close to a substation (top decile),Outside any Renewable Energy Zone (absent) | Steeper terrain (moderate)
S30.836_E151.186,True,Higher-ranked candidate under the selected assumptions and criteria,Close to transmission (top decile) | Inside a Renewable Energy Zone (present) | Close to a substation (top decile),Weaker wind resource (moderate)
S30.836_E151.236,True,Higher-ranked candidate under the selected assumptions and criteria,Strong wind resource (moderate) | Close to transmission (top decile) | Inside a Renewable Energy Zone (present),
S30.836_E151.286,True,Higher-ranked candidate under the selected assumptions and criteria,Strong wind resource (strong) | Close to transmission (top decile) | Inside a Renewable Energy Zone (present),
S30.836_E151.336,True,Higher-ranked candidate under the selected assumptions and criteria,Strong wind resource (strong) | Close to transmission (top decile) | Inside a Renewable Energy Zone (present),
S30.836_E151.386,True,Higher-ranked candidate under the selected assumptions and criteria,Strong wind resource (top decile) | Close to transmission (top decile) | Inside a Renewable Energy Zone (present),
S30.836_E151.436,True,Higher-ranked candidate under the selected assumptions and criteria,Strong wind resource (strong) | Close to transmission (strong) | Inside a Renewable Energy Zone (present),
S30.836_E151.486,True,Higher-ranked candidate under the selected assumptions and criteria,Strong wind resource (strong) | Close to transmission (strong) | Inside a Renewable Energy Zone (present),
S30.836_E151.536,True,Higher-ranked candidate under the selected assumptions and criteria,Strong wind resource (strong) | Close to transmission (top decile) | Inside a Renewable Energy Zone (present),
S30.836_E151.586,True,Higher-ranked candidate under the selected assumptions and criteria,Strong wind resource (strong) | Close to transmission (top decile) | Inside a Renewable Energy Zone (present),
S30.836_E151.636,True,Higher-ranked candidate under the selected assumptions and criteria,Strong wind resource (strong) | Close to transmission (strong) | Inside a Renewable Energy Zone (present),
S30.836_E151.686,True,Higher-ranked candidate under the selected assumptions and criteria,Strong wind resource (strong) | Close to transmission (strong) | Inside a Renewable Energy Zone (present),
S30.836_E151.736,True,Higher-ranked candidate under the selected assumptions and criteria,Strong wind resource (strong) | Close to transmission (strong) | Inside a Renewable Energy Zone (present),
S30.836_E151.786,True,Higher-ranked candidate under the selected assumptions and criteria,Strong wind resource (strong) | Close to transmission (strong) | Inside a Renewable Energy Zone (present),
S30.886_E150.036,True,Higher-ranked candidate under the selected assumptions and criteria,Close to transmission (top decile) | Gentle terrain (top decile) | Close to a substation (moderate),Outside any Renewable Energy Zone (absent) | Weaker wind resource (moderate)
S30.886_E150.086,True,Higher-ranked candidate under the selected assumptions and criteria,Close to transmission (top decile) | Gentle terrain (top decile) | Close to a substation (strong),Outside any Renewable Energy Zone (absent) | Weaker wind resource (moderate)
S30.886_E150.136,True,Higher-ranked candidate under the selected assumptions and criteria,Close to transmission (top decile) | Gentle terrain (top decile) | Close to a substation (strong),Outside any Renewable Energy Zone (absent) | Weaker wind resource (moderate)
S30.886_E150.186,True,Higher-ranked candidate under the selected assumptions and criteria,Close to transmission (top decile) | Gentle terrain (top decile) | Close to a substation (strong),Outside any Renewable Energy Zone (absent) | Weaker wind resource (moderate)
S30.886_E150.236,True,Higher-ranked candidate under the selected assumptions and criteria,Close to transmission (top decile) | Gentle terrain (top decile) | Close to a substation (strong),Outside any Renewable Energy Zone (absent) | Weaker wind resource (limited)
S30.886_E150.286,True,Higher-ranked candidate under the selected assumptions and criteria,Close to transmission (top decile) | Gentle terrain (top decile) | Close to a substation (strong),Outside any Renewable Energy Zone (absent) | Weaker wind resource (limited)
S30.886_E150.336,True,Higher-ranked candidate under the selected assumptions and criteria,Close to transmission (strong) | Close to a substation (strong) | Gentle terrain (strong),Outside any Renewable Energy Zone (absent) | Weaker wind resource (moderate)
S30.886_E150.386,True,Higher-ranked candidate under the selected assumptions and criteria,Close to transmission (top decile) | Close to a substation (strong) | Gentle terrain (moderate),Outside any Renewable Energy Zone (absent) | Weaker wind resource (moderate)
S30.886_E150.436,True,Higher-ranked candidate under the selected assumptions and criteria,Close to transmission (top decile) | Close to a substation (top decile) | Gentle terrain (top decile),Outside any Renewable Energy Zone (absent) | Weaker wind resource (moderate)
S30.886_E150.486,True,Higher-ranked candidate under the selected assumptions and criteria,Close to transmission (top decile) | Close to a substation (top decile) | Gentle terrain (strong),Outside any Renewable Energy Zone (absent) | Weaker wind resource (limited)
S30.886_E150.536,True,Higher-ranked candidate under the selected assumptions and criteria,Close to transmission (top decile) | Gentle terrain (top decile) | Close to a substation (top decile),Outside any Renewable Energy Zone (absent) | Weaker wind resource (limited)
S30.886_E150.586,True,Higher-ranked candidate under the selected assumptions and criteria,Close to transmission (strong) | Gentle terrain (top decile) | Close to a substation (strong),Outside any Renewable Energy Zone (absent) | Weaker wind resource (limited)
S30.886_E150.636,True,Higher-ranked candidate under the selected assumptions and criteria,Close to transmission (strong) | Gentle terrain (strong) | Close to a substation (strong),Outside any Renewable Energy Zone (absent) | Weaker wind resource (moderate)
S30.886_E150.686,True,Higher-ranked candidate under the selected assumptions and criteria,Close to transmission (strong) | Close to a substation (strong) | Gentle terrain (strong),Outside any Renewable Energy Zone (absent) | Weaker wind resource (moderate)
S30.886_E150.736,True,Higher-ranked candidate under the selected assumptions and criteria,Close to transmission (strong) | Close to a substation (strong) | Gentle terrain (strong),Outside any Renewable Energy Zone (absent) | Weaker wind resource (moderate)
S30.886_E150.786,True,Higher-ranked candidate under the selected assumptions and criteria,Close to transmission (top decile) | Close to a substation (strong) | Gentle terrain (strong),Outside any Renewable Energy Zone (absent) | Weaker wind resource (moderate)
S30.886_E150.836,True,Higher-ranked candidate under the selected assumptions and criteria,Close to transmission (top decile) | Close to a substation (top decile) | Gentle terrain (strong),Outside any Renewable Energy Zone (absent) | Weaker wind resource (limited)
S30.886_E150.886,True,Higher-ranked candidate under the selected assumptions and criteria,Close to transmission (top decile) | Close to a substation (strong) | Gentle terrain (moderate),Outside any Renewable Energy Zone (absent) | Weaker wind resource (limited)
S30.886_E150.986,True,Higher-ranked candidate under the selected assumptions and criteria,Close to transmission (strong) | Close to a substation (strong),Outside any Renewable Energy Zone (absent) | Steeper terrain (limited)
S30.886_E151.036,True,Higher-ranked candidate under the selected assumptions and criteria,Close to transmission (top decile) | Close to a substation (strong),Outside any Renewable Energy Zone (absent) | Weaker wind resource (limited)
S30.886_E151.086,True,Higher-ranked candidate under the selected assumptions and criteria,Close to transmission (top decile) | Close to a substation (strong),Outside any Renewable Energy Zone (absent) | Steeper terrain (limited)
S30.886_E151.136,True,Higher-ranked candidate under the selected assumptions and criteria,Close to transmission (top decile) | Close to a substation (top decile) | Gentle terrain (moderate),Outside any Renewable Energy Zone (absent) | Weaker wind resource (moderate)
S30.886_E151.186,True,Higher-ranked candidate under the selected assumptions and criteria,Close to transmission (top decile) | Inside a Renewable Energy Zone (present) | Close to a substation (top decile),Weaker wind resource (moderate)
S30.886_E151.236,True,Higher-ranked candidate under the selected assumptions and criteria,Strong wind resource (moderate) | Close to transmission (top decile) | Inside a Renewable Energy Zone (present),
S30.886_E151.286,True,Higher-ranked candidate under the selected assumptions and criteria,Strong wind resource (strong) | Close to transmission (top decile) | Inside a Renewable Energy Zone (present),
S30.886_E151.336,True,Higher-ranked candidate under the selected assumptions and criteria,Strong wind resource (strong) | Close to transmission (strong) | Inside a Renewable Energy Zone (present),
S30.886_E151.386,True,Higher-ranked candidate under the selected assumptions and criteria,Strong wind resource (strong) | Close to transmission (strong) | Inside a Renewable Energy Zone (present),
S30.886_E151.436,True,Higher-ranked candidate under the selected assumptions and criteria,Strong wind resource (strong) | Close to transmission (strong) | Inside a Renewable Energy Zone (present),
S30.886_E151.486,True,Higher-ranked candidate under the selected assumptions and criteria,Strong wind resource (strong) | Close to transmission (strong) | Inside a Renewable Energy Zone (present),
S30.886_E151.536,True,Higher-ranked candidate under the selected assumptions and criteria,Strong wind resource (strong) | Close to transmission (top decile) | Inside a Renewable Energy Zone (present),
S30.886_E151.586,True,Higher-ranked candidate under the selected assumptions and criteria,Strong wind resource (strong) | Close to transmission (top decile) | Inside a Renewable Energy Zone (present),
S30.886_E151.636,True,Higher-ranked candidate under the selected assumptions and criteria,Strong wind resource (strong) | Close to transmission (strong) | Inside a Renewable Energy Zone (present),
S30.886_E151.686,True,Higher-ranked candidate under the selected assumptions and criteria,Strong wind resource (strong) | Close to transmission (strong) | Inside a Renewable Energy Zone (present),
S30.886_E151.736,True,Higher-ranked candidate under the selected assumptions and criteria,Strong wind resource (strong) | Close to transmission (strong) | Inside a Renewable Energy Zone (present),
S30.886_E151.786,True,Higher-ranked candidate under the selected assumptions and criteria,Strong wind resource (strong) | Close to transmission (moderate) | Inside a Renewable Energy Zone (present),
S30.936_E150.036,True,Higher-ranked candidate under the selected assumptions and criteria,Close to transmission (strong) | Gentle terrain (strong) | Close to a substation (strong),Outside any Renewable Energy Zone (absent) | Weaker wind resource (moderate)
S30.936_E150.086,True,Higher-ranked candidate under the selected assumptions and criteria,Close to transmission (top decile) | Gentle terrain (top decile) | Close to a substation (strong),Outside any Renewable Energy Zone (absent) | Weaker wind resource (moderate)
S30.936_E150.136,True,Higher-ranked candidate under the selected assumptions and criteria,Close to transmission (top decile) | Gentle terrain (strong) | Close to a substation (strong),Outside any Renewable Energy Zone (absent) | Weaker wind resource (moderate)
S30.936_E150.286,True,Higher-ranked candidate under the selected assumptions and criteria,Close to transmission (top decile) | Gentle terrain (top decile) | Close to a substation (top decile),Outside any Renewable Energy Zone (absent) | Weaker wind resource (limited)
S30.936_E150.336,True,Higher-ranked candidate under the selected assumptions and criteria,Close to transmission (top decile) | Gentle terrain (top decile) | Close to a substation (top decile),Outside any Renewable Energy Zone (absent) | Weaker wind resource (limited)
S30.936_E150.386,True,Higher-ranked candidate under the selected assumptions and criteria,Close to transmission (top decile) | Close to a substation (top decile) | Gentle terrain (strong),Outside any Renewable Energy Zone (absent) | Weaker wind resource (limited)
S30.936_E150.436,True,Higher-ranked candidate under the selected assumptions and criteria,Close to transmission (top decile) | Close to a substation (strong) | Gentle terrain (strong),Outside any Renewable Energy Zone (absent) | Weaker wind resource (limited)
S30.936_E150.486,True,Higher-ranked candidate under the selected assumptions and criteria,Close to transmission (top decile) | Close to a substation (strong) | Gentle terrain (strong),Outside any Renewable Energy Zone (absent) | Weaker wind resource (moderate)
S30.936_E150.536,True,Higher-ranked candidate under the selected assumptions and criteria,Close to transmission (top decile) | Close to a substation (strong) | Gentle terrain (strong),Outside any Renewable Energy Zone (absent) | Weaker wind resource (limited)
S30.936_E150.586,True,Higher-ranked candidate under the selected assumptions and criteria,Close to transmission (top decile) | Gentle terrain (top decile) | Close to a substation (strong),Outside any Renewable Energy Zone (absent) | Weaker wind resource (limited)
S30.936_E150.636,True,Higher-ranked candidate under the selected assumptions and criteria,Close to transmission (strong) | Gentle terrain (top decile) | Close to a substation (strong),Outside any Renewable Energy Zone (absent) | Weaker wind resource (limited)
S30.936_E150.686,True,Higher-ranked candidate under the selected assumptions and criteria,Close to transmission (strong) | Gentle terrain (strong) | Close to a substation (strong),Outside any Renewable Energy Zone (absent) | Weaker wind resource (limited)
S30.936_E150.736,True,Higher-ranked candidate under the selected assumptions and criteria,Close to transmission (strong) | Gentle terrain (top decile) | Close to a substation (strong),Outside any Renewable Energy Zone (absent) | Weaker wind resource (limited)
S30.936_E150.786,True,Higher-ranked candidate under the selected assumptions and criteria,Close to transmission (top decile) | Gentle terrain (top decile) | Close to a substation (top decile),Outside any Renewable Energy Zone (absent) | Weaker wind resource (limited)
S30.936_E150.886,True,Higher-ranked candidate under the selected assumptions and criteria,Close to transmission (top decile) | Close to a substation (top decile) | Gentle terrain (moderate),Outside any Renewable Energy Zone (absent) | Weaker wind resource (limited)
S30.936_E150.936,True,Higher-ranked candidate under the selected assumptions and criteria,Close to transmission (top decile) | Close to a substation (strong),Outside any Renewable Energy Zone (absent) | Steeper terrain (limited)
S30.936_E150.986,True,Higher-ranked candidate under the selected assumptions and criteria,Close to transmission (strong) | Close to a substation (strong),Outside any Renewable Energy Zone (absent) | Steeper terrain (limited)
S30.936_E151.036,True,Higher-ranked candidate under the selected assumptions and criteria,Close to transmission (top decile) | Strong wind resource (moderate) | Close to a substation (strong),Outside any Renewable Energy Zone (absent) | Steeper terrain (moderate)
S30.936_E151.086,True,Higher-ranked candidate under the selected assumptions and criteria,Close to transmission (top decile) | Strong wind resource (moderate) | Close to a substation (strong),Outside any Renewable Energy Zone (absent)
S30.936_E151.136,True,Higher-ranked candidate under the selected assumptions and criteria,Close to transmission (top decile) | Strong wind resource (moderate) | Close to a substation (strong),Outside any Renewable Energy Zone (absent) | Steeper terrain (moderate)
S30.936_E151.186,True,Higher-ranked candidate under the selected assumptions and criteria,Close to transmission (top decile) | Inside a Renewable Energy Zone (present) | Close to a substation (strong),Steeper terrain (limited) | Weaker wind resource (moderate)
S30.936_E151.236,True,Higher-ranked candidate under the selected assumptions and criteria,Strong wind resource (strong) | Close to transmission (strong) | Inside a Renewable Energy Zone (present),
S30.936_E151.286,True,Higher-ranked candidate under the selected assumptions and criteria,Strong wind resource (strong) | Close to transmission (strong) | Inside a Renewable Energy Zone (present),
S30.936_E151.336,True,Higher-ranked candidate under the selected assumptions and criteria,Strong wind resource (strong) | Close to transmission (strong) | Inside a Renewable Energy Zone (present),
S30.936_E151.386,True,Higher-ranked candidate under the selected assumptions and criteria,Strong wind resource (strong) | Close to transmission (strong) | Inside a Renewable Energy Zone (present),
S30.936_E151.436,True,Higher-ranked candidate under the selected assumptions and criteria,Strong wind resource (strong) | Close to transmission (strong) | Inside a Renewable Energy Zone (present),
S30.936_E151.486,True,Higher-ranked candidate under the selected assumptions and criteria,Strong wind resource (strong) | Close to transmission (strong) | Inside a Renewable Energy Zone (present),
S30.936_E151.536,True,Higher-ranked candidate under the selected assumptions and criteria,Strong wind resource (strong) | Close to transmission (top decile) | Inside a Renewable Energy Zone (present),
S30.936_E151.586,True,Higher-ranked candidate under the selected assumptions and criteria,Strong wind resource (strong) | Close to transmission (top decile) | Inside a Renewable Energy Zone (present),
S30.936_E151.636,True,Higher-ranked candidate under the selected assumptions and criteria,Strong wind resource (strong) | Close to transmission (strong) | Inside a Renewable Energy Zone (present),
S30.936_E151.686,True,Higher-ranked candidate under the selected assumptions and criteria,Strong wind resource (strong) | Close to transmission (strong) | Inside a Renewable Energy Zone (present),
S30.936_E151.736,True,Higher-ranked candidate under the selected assumptions and criteria,Strong wind resource (strong) | Close to transmission (strong) | Inside a Renewable Energy Zone (present),
S30.936_E151.786,True,Higher-ranked candidate under the selected assumptions and criteria,Strong wind resource (strong) | Close to transmission (strong) | Inside a Renewable Energy Zone (present),
S30.986_E150.036,True,Higher-ranked candidate under the selected assumptions and criteria,Close to transmission (strong) | Gentle terrain (top decile) | Close to a substation (strong),Outside any Renewable Energy Zone (absent) | Weaker wind resource (moderate)
S30.986_E150.086,True,Higher-ranked candidate under the selected assumptions and criteria,Close to transmission (strong) | Gentle terrain (strong) | Close to a substation (strong),Outside any Renewable Energy Zone (absent) | Weaker wind resource (moderate)
S30.986_E150.136,True,Higher-ranked candidate under the selected assumptions and criteria,Close to transmission (strong) | Gentle terrain (strong) | Close to a substation (strong),Outside any Renewable Energy Zone (absent) | Weaker wind resource (moderate)
S30.986_E150.186,True,Higher-ranked candidate under the selected assumptions and criteria,Close to transmission (top decile) | Close to a substation (top decile) | Gentle terrain (strong),Outside any Renewable Energy Zone (absent) | Weaker wind resource (moderate)
S30.986_E150.336,True,Higher-ranked candidate under the selected assumptions and criteria,Close to transmission (top decile) | Close to a substation (top decile) | Gentle terrain (top decile),Outside any Renewable Energy Zone (absent) | Weaker wind resource (limited)
S30.986_E150.386,True,Higher-ranked candidate under the selected assumptions and criteria,Close to transmission (top decile) | Gentle terrain (top decile) | Close to a substation (top decile),Outside any Renewable Energy Zone (absent) | Weaker wind resource (limited)
S30.986_E150.436,True,Higher-ranked candidate under the selected assumptions and criteria,Close to transmission (top decile) | Gentle terrain (top decile) | Close to a substation (strong),Outside any Renewable Energy Zone (absent) | Weaker wind resource (limited)
S30.986_E150.586,True,Higher-ranked candidate under the selected assumptions and criteria,Close to transmission (top decile) | Close to a substation (strong) | Gentle terrain (strong),Outside any Renewable Energy Zone (absent) | Weaker wind resource (moderate)
S30.986_E150.636,True,Higher-ranked candidate under the selected assumptions and criteria,Close to transmission (top decile) | Gentle terrain (strong) | Close to a substation (strong),Outside any Renewable Energy Zone (absent) | Weaker wind resource (limited)
S30.986_E150.686,True,Higher-ranked candidate under the selected assumptions and criteria,Close to transmission (top decile) | Gentle terrain (top decile) | Close to a substation (strong),Outside any Renewable Energy Zone (absent) | Weaker wind resource (limited)
S30.986_E150.736,True,Higher-ranked candidate under the selected assumptions and criteria,Close to transmission (strong) | Gentle terrain (top decile) | Close to a substation (strong),Outside any Renewable Energy Zone (absent) | Weaker wind resource (limited)
S30.986_E150.786,True,Higher-ranked candidate under the selected assumptions and criteria,Close to transmission (top decile) | Gentle terrain (top decile) | Close to a substation (strong),Outside any Renewable Energy Zone (absent) | Weaker wind resource (limited)
S30.986_E150.836,True,Higher-ranked candidate under the selected assumptions and criteria,Close to transmission (top decile) | Gentle terrain (top decile) | Close to a substation (strong),Outside any Renewable Energy Zone (absent) | Weaker wind resource (limited)
S30.986_E150.886,True,Higher-ranked candidate under the selected assumptions and criteria,Close to transmission (top decile) | Close to a substation (strong) | Gentle terrain (strong),Outside any Renewable Energy Zone (absent) | Weaker wind resource (limited)
S30.986_E150.936,True,Higher-ranked candidate under the selected assumptions and criteria,Close to transmission (top decile) | Close to a substation (strong),Outside any Renewable Energy Zone (absent) | Steeper terrain (limited)
S30.986_E150.986,True,Higher-ranked candidate under the selected assumptions and criteria,Close to transmission (top decile) | Close to a substation (strong),Outside any Renewable Energy Zone (absent) | Weaker wind resource (limited)
S30.986_E151.036,True,Higher-ranked candidate under the selected assumptions and criteria,Close to transmission (top decile) | Close to a substation (strong),Outside any Renewable Energy Zone (absent) | Steeper terrain (limited)
S30.986_E151.236,True,Higher-ranked candidate under the selected assumptions and criteria,Strong wind resource (moderate) | Close to transmission (strong) | Inside a Renewable Energy Zone (present),Steeper terrain (limited)
S30.986_E151.286,True,Higher-ranked candidate under the selected assumptions and criteria,Strong wind resource (strong) | Close to transmission (strong) | Inside a Renewable Energy Zone (present),Steeper terrain (moderate)
S30.986_E151.336,True,Higher-ranked candidate under the selected assumptions and criteria,Strong wind resource (strong) | Close to transmission (strong) | Inside a Renewable Energy Zone (present),
S30.986_E151.386,True,Higher-ranked candidate under the selected assumptions and criteria,Strong wind resource (strong) | Close to transmission (strong) | Inside a Renewable Energy Zone (present),
S30.986_E151.436,True,Higher-ranked candidate under the selected assumptions and criteria,Strong wind resource (strong) | Close to transmission (strong) | Inside a Renewable Energy Zone (present),
S30.986_E151.486,True,Higher-ranked candidate under the selected assumptions and criteria,Strong wind resource (strong) | Close to transmission (strong) | Inside a Renewable Energy Zone (present),
S30.986_E151.536,True,Higher-ranked candidate under the selected assumptions and criteria,Strong wind resource (strong) | Close to transmission (top decile) | Inside a Renewable Energy Zone (present),
S30.986_E151.636,True,Higher-ranked candidate under the selected assumptions and criteria,Strong wind resource (strong) | Close to transmission (top decile) | Inside a Renewable Energy Zone (present),
S30.986_E151.686,True,Higher-ranked candidate under the selected assumptions and criteria,Strong wind resource (strong) | Close to transmission (strong) | Inside a Renewable Energy Zone (present),
S30.986_E151.736,True,Higher-ranked candidate under the selected assumptions and criteria,Strong wind resource (strong) | Close to transmission (strong) | Inside a Renewable Energy Zone (present),
S30.986_E151.786,True,Higher-ranked candidate under the selected assumptions and criteria,Strong wind resource (strong) | Close to transmission (strong) | Inside a Renewable Energy Zone (present),
S31.036_E150.036,True,Higher-ranked candidate under the selected assumptions and criteria,Close to transmission (strong) | Gentle terrain (strong) | Close to a substation (strong),Outside any Renewable Energy Zone (absent) | Weaker wind resource (moderate)
S31.036_E150.086,True,Higher-ranked candidate under the selected assumptions and criteria,Strong wind resource (moderate) | Close to transmission (strong) | Gentle terrain (strong),Outside any Renewable Energy Zone (absent)
S31.036_E150.136,True,Higher-ranked candidate under the selected assumptions and criteria,Close to transmission (strong) | Close to a substation (strong) | Gentle terrain (strong),Outside any Renewable Energy Zone (absent) | Weaker wind resource (moderate)
S31.036_E150.186,True,Higher-ranked candidate under the selected assumptions and criteria,Close to transmission (strong) | Close to a substation (strong) | Gentle terrain (moderate),Outside any Renewable Energy Zone (absent) | Weaker wind resource (moderate)
S31.036_E150.236,True,Higher-ranked candidate under the selected assumptions and criteria,Close to transmission (top decile) | Close to a substation (top decile) | Gentle terrain (strong),Outside any Renewable Energy Zone (absent) | Weaker wind resource (limited)
S31.036_E150.286,True,Higher-ranked candidate under the selected assumptions and criteria,Close to transmission (top decile) | Gentle terrain (strong) | Close to a substation (strong),Outside any Renewable Energy Zone (absent) | Weaker wind resource (limited)
S31.036_E150.336,True,Higher-ranked candidate under the selected assumptions and criteria,Close to transmission (top decile) | Gentle terrain (top decile) | Close to a substation (strong),Outside any Renewable Energy Zone (absent) | Weaker wind resource (limited)
S31.036_E150.386,True,Higher-ranked candidate under the selected assumptions and criteria,Close to transmission (top decile) | Gentle terrain (top decile) | Close to a substation (strong),Outside any Renewable Energy Zone (absent) | Weaker wind resource (limited)
S31.036_E150.436,True,Higher-ranked candidate under the selected assumptions and criteria,Close to transmission (strong) | Gentle terrain (top decile) | Close to a substation (strong),Outside any Renewable Energy Zone (absent) | Weaker wind resource (limited)
S31.036_E150.486,True,Higher-ranked candidate under the selected assumptions and criteria,Close to transmission (strong) | Gentle terrain (top decile) | Close to a substation (strong),Outside any Renewable Energy Zone (absent) | Weaker wind resource (limited)
S31.036_E150.586,True,Higher-ranked candidate under the selected assumptions and criteria,Close to transmission (top decile) | Close to a substation (strong) | Gentle terrain (moderate),Outside any Renewable Energy Zone (absent) | Weaker wind resource (moderate)
S31.036_E150.636,True,Higher-ranked candidate under the selected assumptions and criteria,Close to transmission (top decile) | Gentle terrain (strong) | Close to a substation (moderate),Outside any Renewable Energy Zone (absent) | Weaker wind resource (limited)
S31.036_E150.686,True,Higher-ranked candidate under the selected assumptions and criteria,Close to transmission (top decile) | Gentle terrain (top decile) | Close to a substation (strong),Outside any Renewable Energy Zone (absent) | Weaker wind resource (limited)
S31.036_E150.736,True,Higher-ranked candidate under the selected assumptions and criteria,Close to transmission (top decile) | Gentle terrain (top decile) | Close to a substation (strong),Outside any Renewable Energy Zone (absent) | Weaker wind resource (limited)
S31.036_E150.786,True,Higher-ranked candidate under the selected assumptions and criteria,Close to transmission (top decile) | Gentle terrain (top decile) | Close to a substation (strong),Outside any Renewable Energy Zone (absent) | Weaker wind resource (limited)
S31.036_E150.836,True,Higher-ranked candidate under the selected assumptions and criteria,Close to transmission (top decile) | Close to a substation (top decile) | Gentle terrain (top decile),Outside any Renewable Energy Zone (absent) | Weaker wind resource (limited)
S31.036_E150.936,True,Higher-ranked candidate under the selected assumptions and criteria,Close to transmission (top decile) | Close to a substation (top decile) | Gentle terrain (moderate),Outside any Renewable Energy Zone (absent) | Weaker wind resource (moderate)
S31.036_E150.986,True,Higher-ranked candidate under the selected assumptions and criteria,Close to transmission (top decile) | Close to a substation (top decile) | Gentle terrain (moderate),Outside any Renewable Energy Zone (absent) | Weaker wind resource (limited)
S31.036_E151.136,True,Higher-ranked candidate under the selected assumptions and criteria,Close to transmission (strong) | Close to a substation (strong),Outside any Renewable Energy Zone (absent) | Steeper terrain (limited)
S31.036_E151.186,True,Higher-ranked candidate under the selected assumptions and criteria,Close to transmission (strong) | Close to a substation (strong),Outside any Renewable Energy Zone (absent) | Steeper terrain (limited)
S31.036_E151.236,True,Higher-ranked candidate under the selected assumptions and criteria,Close to transmission (strong) | Close to a substation (strong),Outside any Renewable Energy Zone (absent) | Steeper terrain (limited)
S31.036_E151.286,True,Higher-ranked candidate under the selected assumptions and criteria,Strong wind resource (strong) | Close to transmission (strong) | Inside a Renewable Energy Zone (present),Steeper terrain (limited)
S31.036_E151.336,True,Higher-ranked candidate under the selected assumptions and criteria,Strong wind resource (strong) | Close to transmission (moderate) | Inside a Renewable Energy Zone (present),Steeper terrain (limited)
S31.036_E151.386,True,Higher-ranked candidate under the selected assumptions and criteria,Strong wind resource (strong) | Close to transmission (strong) | Inside a Renewable Energy Zone (present),
S31.036_E151.436,True,Higher-ranked candidate under the selected assumptions and criteria,Strong wind resource (strong) | Close to transmission (strong) | Inside a Renewable Energy Zone (present),
S31.036_E151.486,True,Higher-ranked candidate under the selected assumptions and criteria,Strong wind resource (strong) | Close to transmission (strong) | Inside a Renewable Energy Zone (present),
S31.036_E151.536,True,Higher-ranked candidate under the selected assumptions and criteria,Strong wind resource (strong) | Close to transmission (strong) | Inside a Renewable Energy Zone (present),
S31.036_E151.586,True,Higher-ranked candidate under the selected assumptions and criteria,Strong wind resource (strong) | Close to transmission (top decile) | Inside a Renewable Energy Zone (present),
S31.036_E151.636,True,Higher-ranked candidate under the selected assumptions and criteria,Strong wind resource (strong) | Close to transmission (strong) | Inside a Renewable Energy Zone (present),
S31.036_E151.686,True,Higher-ranked candidate under the selected assumptions and criteria,Strong wind resource (strong) | Close to transmission (strong) | Inside a Renewable Energy Zone (present),
S31.036_E151.886,True,Higher-ranked candidate under the selected assumptions and criteria,Strong wind resource (strong) | Close to transmission (moderate) | Inside a Renewable Energy Zone (present),
S31.086_E150.036,True,Higher-ranked candidate under the selected assumptions and criteria,Close to transmission (moderate) | Gentle terrain (strong) | Close to a substation (moderate),Outside any Renewable Energy Zone (absent) | Weaker wind resource (moderate)
S31.086_E150.086,True,Higher-ranked candidate under the selected assumptions and criteria,Strong wind resource (moderate) | Close to transmission (strong) | Close to a substation (strong),Outside any Renewable Energy Zone (absent)
S31.086_E150.186,True,Higher-ranked candidate under the selected assumptions and criteria,Close to transmission (strong) | Close to a substation (strong) | Gentle terrain (moderate),Outside any Renewable Energy Zone (absent) | Weaker wind resource (moderate)
S31.086_E150.336,True,Higher-ranked candidate under the selected assumptions and criteria,Close to transmission (strong) | Gentle terrain (top decile) | Close to a substation (strong),Outside any Renewable Energy Zone (absent) | Weaker wind resource (limited)
S31.086_E150.386,True,Higher-ranked candidate under the selected assumptions and criteria,Close to transmission (strong) | Gentle terrain (top decile) | Close to a substation (strong),Outside any Renewable Energy Zone (absent) | Weaker wind resource (limited)
S31.086_E150.436,True,Higher-ranked candidate under the selected assumptions and criteria,Close to transmission (strong) | Gentle terrain (top decile) | Close to a substation (strong),Outside any Renewable Energy Zone (absent) | Weaker wind resource (limited)
S31.086_E150.486,True,Higher-ranked candidate under the selected assumptions and criteria,Close to transmission (strong) | Gentle terrain (top decile) | Close to a substation (strong),Outside any Renewable Energy Zone (absent) | Weaker wind resource (limited)
S31.086_E150.536,True,Higher-ranked candidate under the selected assumptions and criteria,Close to transmission (strong) | Gentle terrain (strong) | Close to a substation (moderate),Outside any Renewable Energy Zone (absent) | Weaker wind resource (moderate)
S31.086_E150.686,True,Higher-ranked candidate under the selected assumptions and criteria,Close to transmission (top decile) | Gentle terrain (top decile) | Close to a substation (strong),Outside any Renewable Energy Zone (absent) | Weaker wind resource (limited)
S31.086_E150.736,True,Higher-ranked candidate under the selected assumptions and criteria,Close to transmission (top decile) | Gentle terrain (top decile) | Close to a substation (strong),Outside any Renewable Energy Zone (absent) | Weaker wind resource (limited)
S31.086_E150.786,True,Higher-ranked candidate under the selected assumptions and criteria,Close to transmission (top decile) | Gentle terrain (top decile) | Close to a substation (strong),Outside any Renewable Energy Zone (absent) | Weaker wind resource (limited)
S31.086_E150.836,True,Higher-ranked candidate under the selected assumptions and criteria,Close to transmission (top decile) | Close to a substation (top decile) | Gentle terrain (top decile),Outside any Renewable Energy Zone (absent) | Weaker wind resource (limited)
S31.086_E150.986,True,Higher-ranked candidate under the selected assumptions and criteria,Close to transmission (top decile) | Close to a substation (top decile),Outside any Renewable Energy Zone (absent) | Weaker wind resource (limited)
S31.086_E151.086,True,Higher-ranked candidate under the selected assumptions and criteria,Close to transmission (top decile) | Close to a substation (top decile),Outside any Renewable Energy Zone (absent) | Steeper terrain (limited)
S31.086_E151.136,True,Higher-ranked candidate under the selected assumptions and criteria,Close to transmission (strong) | Close to a substation (strong),Outside any Renewable Energy Zone (absent) | Weaker wind resource (limited)
S31.086_E151.186,True,Higher-ranked candidate under the selected assumptions and criteria,Close to transmission (strong) | Close to a substation (strong),Outside any Renewable Energy Zone (absent) | Steeper terrain (limited)
S31.086_E151.236,True,Higher-ranked candidate under the selected assumptions and criteria,Close to transmission (strong) | Close to a substation (strong),Outside any Renewable Energy Zone (absent) | Steeper terrain (limited)
S31.086_E151.286,True,Higher-ranked candidate under the selected assumptions and criteria,Strong wind resource (moderate) | Close to transmission (moderate) | Inside a Renewable Energy Zone (present),Steeper terrain (limited)
S31.086_E151.336,True,Higher-ranked candidate under the selected assumptions and criteria,Strong wind resource (strong) | Close to transmission (moderate) | Inside a Renewable Energy Zone (present),Steeper terrain (limited)
S31.086_E151.386,True,Higher-ranked candidate under the selected assumptions and criteria,Strong wind resource (strong) | Close to transmission (moderate) | Inside a Renewable Energy Zone (present),Steeper terrain (moderate)
S31.086_E151.486,True,Higher-ranked candidate under the selected assumptions and criteria,Strong wind resource (strong) | Close to transmission (strong) | Inside a Renewable Energy Zone (present),
S31.086_E151.536,True,Higher-ranked candidate under the selected assumptions and criteria,Strong wind resource (strong) | Close to transmission (strong) | Inside a Renewable Energy Zone (present),
S31.086_E151.586,True,Higher-ranked candidate under the selected assumptions and criteria,Strong wind resource (strong) | Close to transmission (strong) | Inside a Renewable Energy Zone (present),
S31.086_E151.636,True,Higher-ranked candidate under the selected assumptions and criteria,Strong wind resource (strong) | Close to transmission (strong) | Inside a Renewable Energy Zone (present),
S31.086_E151.686,True,Higher-ranked candidate under the selected assumptions and criteria,Strong wind resource (top decile) | Close to transmission (strong) | Inside a Renewable Energy Zone (present),
S31.086_E151.736,True,Higher-ranked candidate under the selected assumptions and criteria,Strong wind resource (strong) | Close to transmission (strong) | Inside a Renewable Energy Zone (present),
S31.136_E150.036,True,Higher-ranked candidate under the selected assumptions and criteria,Close to transmission (moderate) | Gentle terrain (top decile) | Close to a substation (moderate),Outside any Renewable Energy Zone (absent) | Weaker wind resource (moderate)
S31.136_E150.186,True,Higher-ranked candidate under the selected assumptions and criteria,Close to transmission (strong) | Gentle terrain (strong) | Close to a substation (strong),Outside any Renewable Energy Zone (absent) | Weaker wind resource (moderate)
S31.136_E150.336,True,Higher-ranked candidate under the selected assumptions and criteria,Close to transmission (strong) | Gentle terrain (top decile) | Close to a substation (strong),Outside any Renewable Energy Zone (absent) | Weaker wind resource (limited)
S31.136_E150.386,True,Higher-ranked candidate under the selected assumptions and criteria,Close to transmission (strong) | Gentle terrain (top decile) | Close to a substation (strong),Outside any Renewable Energy Zone (absent) | Weaker wind resource (limited)
S31.136_E150.436,True,Higher-ranked candidate under the selected assumptions and criteria,Close to transmission (strong) | Gentle terrain (top decile) | Close to a substation (strong),Outside any Renewable Energy Zone (absent) | Weaker wind resource (limited)
S31.136_E150.486,True,Higher-ranked candidate under the selected assumptions and criteria,Close to transmission (strong) | Gentle terrain (top decile) | Close to a substation (moderate),Outside any Renewable Energy Zone (absent) | Weaker wind resource (limited)
S31.136_E150.536,True,Higher-ranked candidate under the selected assumptions and criteria,Close to transmission (strong) | Gentle terrain (top decile) | Close to a substation (moderate),Outside any Renewable Energy Zone (absent) | Weaker wind resource (limited)
S31.136_E150.686,True,Higher-ranked candidate under the selected assumptions and criteria,Close to transmission (strong) | Close to a substation (strong) | Gentle terrain (moderate),Outside any Renewable Energy Zone (absent) | Weaker wind resource (limited)
S31.136_E150.736,True,Higher-ranked candidate under the selected assumptions and criteria,Close to transmission (strong) | Gentle terrain (top decile) | Close to a substation (strong),Outside any Renewable Energy Zone (absent) | Weaker wind resource (limited)
S31.136_E150.786,True,Higher-ranked candidate under the selected assumptions and criteria,Close to transmission (top decile) | Gentle terrain (top decile) | Close to a substation (strong),Outside any Renewable Energy Zone (absent) | Weaker wind resource (limited)
S31.136_E150.836,True,Higher-ranked candidate under the selected assumptions and criteria,Close to transmission (top decile) | Gentle terrain (top decile) | Close to a substation (top decile),Outside any Renewable Energy Zone (absent) | Weaker wind resource (limited)
S31.136_E151.036,True,Higher-ranked candidate under the selected assumptions and criteria,Close to transmission (strong) | Close to a substation (strong) | Gentle terrain (moderate),Outside any Renewable Energy Zone (absent) | Weaker wind resource (limited)
S31.136_E151.086,True,Higher-ranked candidate under the selected assumptions and criteria,Close to transmission (strong) | Close to a substation (strong),Outside any Renewable Energy Zone (absent) | Steeper terrain (limited)
S31.136_E151.136,True,Higher-ranked candidate under the selected assumptions and criteria,Close to transmission (strong) | Close to a substation (strong),Outside any Renewable Energy Zone (absent) | Steeper terrain (limited)
S31.136_E151.186,True,Higher-ranked candidate under the selected assumptions and criteria,Close to transmission (strong) | Close to a substation (strong),Outside any Renewable Energy Zone (absent) | Steeper terrain (limited)
S31.136_E151.236,True,Higher-ranked candidate under the selected assumptions and criteria,Close to transmission (strong) | Close to a substation (strong),Outside any Renewable Energy Zone (absent) | Steeper terrain (limited)
S31.136_E151.286,True,Higher-ranked candidate under the selected assumptions and criteria,Close to transmission (moderate) | Inside a Renewable Energy Zone (present) | Close to a substation (moderate),Steeper terrain (limited) | Weaker wind resource (limited)
S31.136_E151.336,True,Higher-ranked candidate under the selected assumptions and criteria,Strong wind resource (moderate) | Close to transmission (moderate) | Inside a Renewable Energy Zone (present),Steeper terrain (limited)
S31.136_E151.386,True,Higher-ranked candidate under the selected assumptions and criteria,Strong wind resource (strong) | Close to transmission (moderate) | Inside a Renewable Energy Zone (present),
S31.136_E151.436,True,Higher-ranked candidate under the selected assumptions and criteria,Strong wind resource (strong) | Close to transmission (moderate) | Inside a Renewable Energy Zone (present),
S31.136_E151.486,True,Higher-ranked candidate under the selected assumptions and criteria,Strong wind resource (strong) | Close to transmission (strong) | Inside a Renewable Energy Zone (present),
S31.136_E151.536,True,Higher-ranked candidate under the selected assumptions and criteria,Strong wind resource (strong) | Close to transmission (strong) | Inside a Renewable Energy Zone (present),
S31.136_E151.586,True,Higher-ranked candidate under the selected assumptions and criteria,Strong wind resource (strong) | Close to transmission (strong) | Inside a Renewable Energy Zone (present),
S31.136_E151.636,True,Higher-ranked candidate under the selected assumptions and criteria,Strong wind resource (top decile) | Close to transmission (strong) | Inside a Renewable Energy Zone (present),
S31.136_E151.686,True,Higher-ranked candidate under the selected assumptions and criteria,Strong wind resource (top decile) | Close to transmission (strong) | Inside a Renewable Energy Zone (present),
S31.136_E151.736,True,Higher-ranked candidate under the selected assumptions and criteria,Strong wind resource (top decile) | Close to transmission (moderate) | Inside a Renewable Energy Zone (present),
S31.136_E151.786,True,Higher-ranked candidate under the selected assumptions and criteria,Strong wind resource (strong) | Close to transmission (moderate) | Inside a Renewable Energy Zone (present),
S31.186_E150.036,True,Higher-ranked candidate under the selected assumptions and criteria,Close to transmission (moderate) | Gentle terrain (strong) | Close to a substation (moderate),Outside any Renewable Energy Zone (absent) | Weaker wind resource (moderate)
S31.186_E150.086,True,Higher-ranked candidate under the selected assumptions and criteria,Close to transmission (moderate) | Gentle terrain (strong) | Close to a substation (moderate),Outside any Renewable Energy Zone (absent) | Weaker wind resource (moderate)
S31.186_E150.136,True,Higher-ranked candidate under the selected assumptions and criteria,Close to transmission (moderate) | Gentle terrain (strong) | Close to a substation (moderate),Outside any Renewable Energy Zone (absent) | Weaker wind resource (moderate)
S31.186_E150.186,True,Higher-ranked candidate under the selected assumptions and criteria,Close to transmission (moderate) | Gentle terrain (strong) | Close to a substation (moderate),Outside any Renewable Energy Zone (absent) | Weaker wind resource (moderate)
S31.186_E150.236,True,Higher-ranked candidate under the selected assumptions and criteria,Close to transmission (moderate) | Gentle terrain (strong) | Close to a substation (moderate),Outside any Renewable Energy Zone (absent) | Weaker wind resource (moderate)
S31.186_E150.286,True,Higher-ranked candidate under the selected assumptions and criteria,Close to transmission (moderate) | Gentle terrain (strong) | Close to a substation (moderate),Outside any Renewable Energy Zone (absent) | Weaker wind resource (moderate)
S31.186_E150.336,True,Higher-ranked candidate under the selected assumptions and criteria,Close to transmission (strong) | Gentle terrain (strong) | Close to a substation (moderate),Outside any Renewable Energy Zone (absent) | Weaker wind resource (limited)
S31.186_E150.386,True,Higher-ranked candidate under the selected assumptions and criteria,Close to transmission (moderate) | Gentle terrain (top decile) | Close to a substation (moderate),Outside any Renewable Energy Zone (absent) | Weaker wind resource (limited)
S31.186_E150.436,True,Higher-ranked candidate under the selected assumptions and criteria,Close to transmission (moderate) | Gentle terrain (top decile) | Close to a substation (moderate),Outside any Renewable Energy Zone (absent) | Weaker wind resource (limited)
S31.186_E150.486,True,Higher-ranked candidate under the selected assumptions and criteria,Close to transmission (moderate) | Gentle terrain (top decile) | Close to a substation (moderate),Outside any Renewable Energy Zone (absent) | Weaker wind resource (limited)
S31.186_E150.536,True,Higher-ranked candidate under the selected assumptions and criteria,Close to transmission (strong) | Gentle terrain (strong) | Close to a substation (strong),Outside any Renewable Energy Zone (absent) | Weaker wind resource (limited)
S31.186_E150.586,True,Higher-ranked candidate under the selected assumptions and criteria,Close to transmission (strong) | Close to a substation (strong),Outside any Renewable Energy Zone (absent) | Steeper terrain (limited)
S31.186_E150.636,True,Higher-ranked candidate under the selected assumptions and criteria,Close to transmission (strong) | Close to a substation (strong) | Gentle terrain (strong),Outside any Renewable Energy Zone (absent) | Weaker wind resource (limited)
S31.186_E150.686,True,Higher-ranked candidate under the selected assumptions and criteria,Close to transmission (strong) | Close to a substation (strong),Outside any Renewable Energy Zone (absent) | Steeper terrain (moderate)
S31.186_E150.736,True,Higher-ranked candidate under the selected assumptions and criteria,Close to transmission (strong) | Close to a substation (strong) | Gentle terrain (moderate),Outside any Renewable Energy Zone (absent) | Weaker wind resource (moderate)
S31.186_E150.786,True,Higher-ranked candidate under the selected assumptions and criteria,Close to transmission (top decile) | Gentle terrain (top decile) | Close to a substation (strong),Outside any Renewable Energy Zone (absent) | Weaker wind resource (limited)
S31.186_E150.836,True,Higher-ranked candidate under the selected assumptions and criteria,Close to transmission (top decile) | Gentle terrain (top decile) | Close to a substation (strong),Outside any Renewable Energy Zone (absent) | Weaker wind resource (limited)
S31.186_E150.986,True,Higher-ranked candidate under the selected assumptions and criteria,Close to transmission (top decile) | Close to a substation (top decile) | Gentle terrain (strong),Outside any Renewable Energy Zone (absent) | Weaker wind resource (limited)
S31.186_E151.036,True,Higher-ranked candidate under the selected assumptions and criteria,Close to transmission (strong) | Gentle terrain (strong) | Close to a substation (strong),Outside any Renewable Energy Zone (absent) | Weaker wind resource (limited)
S31.186_E151.086,True,Higher-ranked candidate under the selected assumptions and criteria,Close to transmission (strong) | Close to a substation (strong),Outside any Renewable Energy Zone (absent) | Weaker wind resource (limited)
S31.186_E151.136,True,Higher-ranked candidate under the selected assumptions and criteria,Close to transmission (strong) | Close to a substation (strong),Outside any Renewable Energy Zone (absent) | Steeper terrain (limited)
S31.186_E151.186,True,Higher-ranked candidate under the selected assumptions and criteria,Close to transmission (strong) | Close to a substation (strong),Outside any Renewable Energy Zone (absent) | Steeper terrain (limited)
S31.186_E151.236,True,Higher-ranked candidate under the selected assumptions and criteria,Close to transmission (moderate) | Close to a substation (moderate),Outside any Renewable Energy Zone (absent) | Steeper terrain (limited)
S31.186_E151.286,True,Higher-ranked candidate under the selected assumptions and criteria,Close to transmission (moderate) | Inside a Renewable Energy Zone (present) | Close to a substation (moderate),Steeper terrain (limited) | Weaker wind resource (moderate)
S31.186_E151.336,True,Higher-ranked candidate under the selected assumptions and criteria,Strong wind resource (moderate) | Inside a Renewable Energy Zone (present),Steeper terrain (moderate) | Distant from a substation (moderate)
S31.186_E151.386,True,Higher-ranked candidate under the selected assumptions and criteria,Strong wind resource (strong) | Close to transmission (moderate) | Inside a Renewable Energy Zone (present),
S31.186_E151.436,True,Higher-ranked candidate under the selected assumptions and criteria,Strong wind resource (moderate) | Close to transmission (moderate) | Inside a Renewable Energy Zone (present),
S31.186_E151.486,True,Higher-ranked candidate under the selected assumptions and criteria,Strong wind resource (strong) | Close to transmission (moderate) | Inside a Renewable Energy Zone (present),
S31.186_E151.536,True,Higher-ranked candidate under the selected assumptions and criteria,Strong wind resource (strong) | Close to transmission (moderate) | Inside a Renewable Energy Zone (present),
S31.186_E151.586,True,Higher-ranked candidate under the selected assumptions and criteria,Strong wind resource (strong) | Close to transmission (moderate) | Inside a Renewable Energy Zone (present),
S31.186_E151.636,True,Higher-ranked candidate under the selected assumptions and criteria,Strong wind resource (top decile) | Close to transmission (moderate) | Inside a Renewable Energy Zone (present),
S31.186_E151.686,True,Higher-ranked candidate under the selected assumptions and criteria,Strong wind resource (top decile) | Close to transmission (moderate) | Inside a Renewable Energy Zone (present),
S31.186_E151.736,True,Higher-ranked candidate under the selected assumptions and criteria,Strong wind resource (top decile) | Close to transmission (moderate) | Inside a Renewable Energy Zone (present),
S31.186_E151.786,True,Higher-ranked candidate under the selected assumptions and criteria,Strong wind resource (strong) | Close to transmission (moderate) | Inside a Renewable Energy Zone (present),
S31.186_E151.836,True,Higher-ranked candidate under the selected assumptions and criteria,Strong wind resource (strong) | Inside a Renewable Energy Zone (present) | Gentle terrain (strong),Distant from transmission (moderate) | Distant from a substation (moderate)
S31.186_E151.936,True,Higher-ranked candidate under the selected assumptions and criteria,Strong wind resource (moderate),Outside any Renewable Energy Zone (absent) | Steeper terrain (limited)
S31.236_E150.036,True,Higher-ranked candidate under the selected assumptions and criteria,Gentle terrain (top decile),Outside any Renewable Energy Zone (absent) | Weaker wind resource (moderate)
S31.236_E150.086,True,Higher-ranked candidate under the selected assumptions and criteria,Gentle terrain (top decile),Outside any Renewable Energy Zone (absent) | Weaker wind resource (limited)
S31.236_E150.136,True,Higher-ranked candidate under the selected assumptions and criteria,Close to transmission (moderate) | Gentle terrain (top decile) | Close to a substation (moderate),Outside any Renewable Energy Zone (absent) | Weaker wind resource (moderate)
S31.236_E150.186,True,Higher-ranked candidate under the selected assumptions and criteria,Close to transmission (moderate) | Gentle terrain (top decile) | Close to a substation (moderate),Outside any Renewable Energy Zone (absent) | Weaker wind resource (limited)
S31.236_E150.236,True,Higher-ranked candidate under the selected assumptions and criteria,Close to transmission (moderate) | Gentle terrain (top decile) | Close to a substation (moderate),Outside any Renewable Energy Zone (absent) | Weaker wind resource (limited)
S31.236_E150.286,True,Higher-ranked candidate under the selected assumptions and criteria,Close to transmission (moderate) | Gentle terrain (strong) | Close to a substation (moderate),Outside any Renewable Energy Zone (absent) | Weaker wind resource (limited)
S31.236_E150.336,True,Higher-ranked candidate under the selected assumptions and criteria,Close to transmission (moderate) | Gentle terrain (strong) | Close to a substation (moderate),Outside any Renewable Energy Zone (absent) | Weaker wind resource (limited)
S31.236_E150.386,True,Higher-ranked candidate under the selected assumptions and criteria,Close to transmission (moderate) | Gentle terrain (strong) | Close to a substation (moderate),Outside any Renewable Energy Zone (absent) | Weaker wind resource (limited)
S31.236_E150.436,True,Higher-ranked candidate under the selected assumptions and criteria,Close to transmission (moderate) | Gentle terrain (top decile) | Close to a substation (moderate),Outside any Renewable Energy Zone (absent) | Weaker wind resource (limited)
S31.236_E150.486,True,Higher-ranked candidate under the selected assumptions and criteria,Close to transmission (strong) | Gentle terrain (top decile) | Close to a substation (moderate),Outside any Renewable Energy Zone (absent) | Weaker wind resource (limited)
S31.236_E150.536,True,Higher-ranked candidate under the selected assumptions and criteria,Close to transmission (strong) | Gentle terrain (top decile) | Close to a substation (strong),Outside any Renewable Energy Zone (absent) | Weaker wind resource (limited)
S31.236_E150.586,True,Higher-ranked candidate under the selected assumptions and criteria,Close to transmission (strong) | Gentle terrain (strong) | Close to a substation (strong),Outside any Renewable Energy Zone (absent) | Weaker wind resource (limited)
S31.236_E150.636,True,Higher-ranked candidate under the selected assumptions and criteria,Close to transmission (strong) | Close to a substation (strong) | Gentle terrain (strong),Outside any Renewable Energy Zone (absent) | Weaker wind resource (moderate)
S31.236_E150.686,True,Higher-ranked candidate under the selected assumptions and criteria,Close to transmission (top decile) | Close to a substation (top decile) | Gentle terrain (strong),Outside any Renewable Energy Zone (absent) | Weaker wind resource (moderate)
S31.236_E150.736,True,Higher-ranked candidate under the selected assumptions and criteria,Close to transmission (top decile) | Close to a substation (top decile),Outside any Renewable Energy Zone (absent) | Steeper terrain (limited)
S31.236_E150.786,True,Higher-ranked candidate under the selected assumptions and criteria,Close to transmission (top decile) | Close to a substation (strong) | Gentle terrain (strong),Outside any Renewable Energy Zone (absent) | Weaker wind resource (limited)
S31.236_E150.836,True,Higher-ranked candidate under the selected assumptions and criteria,Close to transmission (top decile) | Gentle terrain (top decile) | Close to a substation (strong),Outside any Renewable Energy Zone (absent) | Weaker wind resource (limited)
S31.236_E150.886,True,Higher-ranked candidate under the selected assumptions and criteria,Close to transmission (top decile) | Gentle terrain (strong) | Close to a substation (strong),Outside any Renewable Energy Zone (absent) | Weaker wind resource (limited)
S31.236_E150.936,True,Higher-ranked candidate under the selected assumptions and criteria,Close to transmission (top decile) | Close to a substation (strong) | Gentle terrain (strong),Outside any Renewable Energy Zone (absent) | Weaker wind resource (limited)
S31.236_E150.986,True,Higher-ranked candidate under the selected assumptions and criteria,Close to transmission (top decile) | Close to a substation (strong) | Gentle terrain (strong),Outside any Renewable Energy Zone (absent) | Weaker wind resource (limited)
S31.236_E151.036,True,Higher-ranked candidate under the selected assumptions and criteria,Close to transmission (top decile) | Gentle terrain (strong) | Close to a substation (strong),Outside any Renewable Energy Zone (absent) | Weaker wind resource (limited)
S31.236_E151.086,True,Higher-ranked candidate under the selected assumptions and criteria,Close to transmission (strong) | Close to a substation (strong) | Gentle terrain (moderate),Outside any Renewable Energy Zone (absent) | Weaker wind resource (limited)
S31.236_E151.136,True,Higher-ranked candidate under the selected assumptions and criteria,Close to transmission (strong) | Close to a substation (strong),Outside any Renewable Energy Zone (absent) | Weaker wind resource (limited)
S31.236_E151.186,True,Higher-ranked candidate under the selected assumptions and criteria,Close to transmission (strong) | Close to a substation (moderate),Outside any Renewable Energy Zone (absent) | Weaker wind resource (limited)
S31.236_E151.286,True,Higher-ranked candidate under the selected assumptions and criteria,Close to transmission (moderate) | Inside a Renewable Energy Zone (present),Steeper terrain (limited) | Weaker wind resource (moderate)
S31.236_E151.336,True,Higher-ranked candidate under the selected assumptions and criteria,Close to transmission (moderate) | Inside a Renewable Energy Zone (present),Steeper terrain (limited) | Distant from a substation (moderate)
S31.236_E151.386,True,Higher-ranked candidate under the selected assumptions and criteria,Strong wind resource (moderate) | Inside a Renewable Energy Zone (present),Steeper terrain (limited) | Distant from a substation (moderate)
S31.236_E151.436,True,Higher-ranked candidate under the selected assumptions and criteria,Strong wind resource (strong) | Inside a Renewable Energy Zone (present) | Gentle terrain (strong),Distant from a substation (moderate) | Distant from transmission (moderate)
S31.236_E151.486,True,Higher-ranked candidate under the selected assumptions and criteria,Strong wind resource (strong) | Close to transmission (moderate) | Inside a Renewable Energy Zone (present),
S31.236_E151.536,True,Higher-ranked candidate under the selected assumptions and criteria,Strong wind resource (strong) | Close to transmission (moderate) | Inside a Renewable Energy Zone (present),
S31.236_E151.586,True,Higher-ranked candidate under the selected assumptions and criteria,Strong wind resource (strong) | Close to transmission (moderate) | Inside a Renewable Energy Zone (present),
S31.236_E151.636,True,Higher-ranked candidate under the selected assumptions and criteria,Strong wind resource (top decile) | Close to transmission (moderate) | Inside a Renewable Energy Zone (present),
S31.236_E151.686,True,Higher-ranked candidate under the selected assumptions and criteria,Strong wind resource (top decile) | Close to transmission (moderate) | Inside a Renewable Energy Zone (present),
S31.236_E151.736,True,Higher-ranked candidate under the selected assumptions and criteria,Strong wind resource (strong) | Inside a Renewable Energy Zone (present) | Gentle terrain (moderate),Distant from transmission (moderate) | Distant from a substation (moderate)
S31.236_E151.786,True,Higher-ranked candidate under the selected assumptions and criteria,Strong wind resource (strong) | Inside a Renewable Energy Zone (present) | Gentle terrain (moderate),Distant from transmission (moderate) | Distant from a substation (moderate)
S31.236_E151.936,True,Higher-ranked candidate under the selected assumptions and criteria,Strong wind resource (moderate) | Gentle terrain (strong),Outside any Renewable Energy Zone (absent) | Distant from transmission (limited)
S31.236_E151.986,True,Higher-ranked candidate under the selected assumptions and criteria,Strong wind resource (moderate) | Gentle terrain (moderate),Outside any Renewable Energy Zone (absent) | Distant from transmission (limited)
S31.286_E150.086,True,Higher-ranked candidate under the selected assumptions and criteria,Gentle terrain (top decile),Outside any Renewable Energy Zone (absent) | Weaker wind resource (moderate)
S31.286_E150.136,True,Higher-ranked candidate under the selected assumptions and criteria,Gentle terrain (top decile),Outside any Renewable Energy Zone (absent) | Weaker wind resource (moderate)
S31.286_E150.186,True,Higher-ranked candidate under the selected assumptions and criteria,Gentle terrain (top decile),Outside any Renewable Energy Zone (absent) | Weaker wind resource (moderate)
S31.286_E150.236,True,Higher-ranked candidate under the selected assumptions and criteria,Gentle terrain (top decile),Outside any Renewable Energy Zone (absent) | Weaker wind resource (limited)
S31.286_E150.286,True,Higher-ranked candidate under the selected assumptions and criteria,Gentle terrain (strong),Outside any Renewable Energy Zone (absent) | Weaker wind resource (limited)
S31.286_E150.336,True,Higher-ranked candidate under the selected assumptions and criteria,Gentle terrain (top decile),Outside any Renewable Energy Zone (absent) | Weaker wind resource (limited)
S31.286_E150.386,True,Higher-ranked candidate under the selected assumptions and criteria,Close to transmission (moderate) | Gentle terrain (top decile) | Close to a substation (moderate),Outside any Renewable Energy Zone (absent) | Weaker wind resource (limited)
S31.286_E150.436,True,Higher-ranked candidate under the selected assumptions and criteria,Close to transmission (moderate) | Gentle terrain (top decile) | Close to a substation (moderate),Outside any Renewable Energy Zone (absent) | Weaker wind resource (limited)
S31.286_E150.486,True,Higher-ranked candidate under the selected assumptions and criteria,Close to transmission (strong) | Gentle terrain (top decile) | Close to a substation (strong),Outside any Renewable Energy Zone (absent) | Weaker wind resource (limited)
S31.286_E150.536,True,Higher-ranked candidate under the selected assumptions and criteria,Close to transmission (strong) | Gentle terrain (strong) | Close to a substation (strong),Outside any Renewable Energy Zone (absent) | Weaker wind resource (limited)
S31.286_E150.586,True,Higher-ranked candidate under the selected assumptions and criteria,Close to transmission (strong) | Close to a substation (strong),Outside any Renewable Energy Zone (absent) | Weaker wind resource (moderate)
S31.286_E150.636,True,Higher-ranked candidate under the selected assumptions and criteria,Close to transmission (top decile) | Close to a substation (strong) | Gentle terrain (strong),Outside any Renewable Energy Zone (absent) | Weaker wind resource (moderate)
S31.286_E150.686,True,Higher-ranked candidate under the selected assumptions and criteria,Close to transmission (top decile) | Close to a substation (top decile) | Gentle terrain (moderate),Outside any Renewable Energy Zone (absent) | Weaker wind resource (moderate)
S31.286_E150.736,True,Higher-ranked candidate under the selected assumptions and criteria,Close to transmission (top decile) | Close to a substation (top decile),Outside any Renewable Energy Zone (absent) | Weaker wind resource (moderate)
S31.286_E150.786,True,Higher-ranked candidate under the selected assumptions and criteria,Close to transmission (top decile) | Close to a substation (top decile) | Gentle terrain (strong),Outside any Renewable Energy Zone (absent) | Weaker wind resource (limited)
S31.286_E150.836,True,Higher-ranked candidate under the selected assumptions and criteria,Close to transmission (top decile) | Gentle terrain (top decile) | Close to a substation (strong),Outside any Renewable Energy Zone (absent) | Weaker wind resource (limited)
S31.286_E150.886,True,Higher-ranked candidate under the selected assumptions and criteria,Close to transmission (top decile) | Gentle terrain (strong) | Close to a substation (strong),Outside any Renewable Energy Zone (absent) | Weaker wind resource (limited)
S31.286_E150.936,True,Higher-ranked candidate under the selected assumptions and criteria,Close to transmission (top decile) | Gentle terrain (strong) | Close to a substation (strong),Outside any Renewable Energy Zone (absent) | Weaker wind resource (limited)
S31.286_E150.986,True,Higher-ranked candidate under the selected assumptions and criteria,Close to transmission (top decile) | Close to a substation (strong) | Gentle terrain (moderate),Outside any Renewable Energy Zone (absent) | Weaker wind resource (limited)
S31.286_E151.036,True,Higher-ranked candidate under the selected assumptions and criteria,Close to transmission (top decile) | Close to a substation (strong) | Gentle terrain (moderate),Outside any Renewable Energy Zone (absent) | Weaker wind resource (limited)
S31.286_E151.086,True,Higher-ranked candidate under the selected assumptions and criteria,Close to transmission (top decile) | Close to a substation (strong),Outside any Renewable Energy Zone (absent) | Weaker wind resource (limited)
S31.286_E151.136,True,Higher-ranked candidate under the selected assumptions and criteria,Close to transmission (strong) | Close to a substation (moderate),Outside any Renewable Energy Zone (absent) | Weaker wind resource (limited)
S31.286_E151.186,True,Higher-ranked candidate under the selected assumptions and criteria,Close to transmission (strong) | Close to a substation (moderate),Outside any Renewable Energy Zone (absent) | Steeper terrain (limited)
S31.286_E151.236,True,Higher-ranked candidate under the selected assumptions and criteria,Close to transmission (strong),Outside any Renewable Energy Zone (absent) | Steeper terrain (limited)
S31.286_E151.286,True,Higher-ranked candidate under the selected assumptions and criteria,Close to transmission (moderate) | Inside a Renewable Energy Zone (present),Steeper terrain (limited) | Distant from a substation (moderate)
S31.286_E151.336,True,Higher-ranked candidate under the selected assumptions and criteria,Strong wind resource (moderate) | Close to transmission (moderate) | Inside a Renewable Energy Zone (present),Distant from a substation (moderate) | Steeper terrain (moderate)
S31.286_E151.386,True,Higher-ranked candidate under the selected assumptions and criteria,Strong wind resource (moderate) | Close to transmission (moderate) | Inside a Renewable Energy Zone (present),Distant from a substation (moderate)
S31.286_E151.436,True,Higher-ranked candidate under the selected assumptions and criteria,Strong wind resource (strong) | Inside a Renewable Energy Zone (present) | Gentle terrain (strong),Distant from a substation (moderate) | Distant from transmission (moderate)
S31.286_E151.486,True,Higher-ranked candidate under the selected assumptions and criteria,Strong wind resource (strong) | Inside a Renewable Energy Zone (present) | Gentle terrain (moderate),Distant from transmission (moderate) | Distant from a substation (moderate)
S31.286_E151.536,True,Higher-ranked candidate under the selected assumptions and criteria,Strong wind resource (strong) | Inside a Renewable Energy Zone (present) | Gentle terrain (strong),Distant from transmission (moderate) | Distant from a substation (moderate)
S31.286_E151.586,True,Higher-ranked candidate under the selected assumptions and criteria,Strong wind resource (top decile) | Inside a Renewable Energy Zone (present) | Gentle terrain (moderate),Distant from transmission (moderate) | Distant from a substation (moderate)
S31.286_E151.636,True,Higher-ranked candidate under the selected assumptions and criteria,Strong wind resource (top decile) | Inside a Renewable Energy Zone (present) | Gentle terrain (moderate),Distant from transmission (moderate) | Distant from a substation (moderate)
S31.286_E151.686,True,Higher-ranked candidate under the selected assumptions and criteria,Strong wind resource (top decile) | Inside a Renewable Energy Zone (present) | Gentle terrain (moderate),Distant from transmission (moderate) | Distant from a substation (moderate)
S31.286_E151.736,True,Higher-ranked candidate under the selected assumptions and criteria,Strong wind resource (strong) | Inside a Renewable Energy Zone (present),Distant from transmission (moderate) | Distant from a substation (moderate)
S31.286_E151.936,True,Higher-ranked candidate under the selected assumptions and criteria,Strong wind resource (moderate) | Gentle terrain (moderate),Outside any Renewable Energy Zone (absent) | Distant from transmission (limited)
S31.286_E151.986,True,Higher-ranked candidate under the selected assumptions and criteria,Strong wind resource (moderate) | Gentle terrain (strong),Outside any Renewable Energy Zone (absent) | Distant from transmission (limited)
S31.336_E150.086,True,Higher-ranked candidate under the selected assumptions and criteria,Gentle terrain (top decile),Outside any Renewable Energy Zone (absent) | Distant from transmission (limited)
S31.336_E150.136,True,Higher-ranked candidate under the selected assumptions and criteria,Gentle terrain (strong),Outside any Renewable Energy Zone (absent) | Distant from transmission (limited)
S31.336_E150.186,True,Higher-ranked candidate under the selected assumptions and criteria,Gentle terrain (top decile),Outside any Renewable Energy Zone (absent) | Distant from transmission (limited)
S31.336_E150.236,True,Higher-ranked candidate under the selected assumptions and criteria,Gentle terrain (top decile),Outside any Renewable Energy Zone (absent) | Weaker wind resource (limited)
S31.336_E150.286,True,Higher-ranked candidate under the selected assumptions and criteria,Gentle terrain (top decile),Outside any Renewable Energy Zone (absent) | Weaker wind resource (limited)
S31.336_E150.336,True,Higher-ranked candidate under the selected assumptions and criteria,Gentle terrain (top decile),Outside any Renewable Energy Zone (absent) | Weaker wind resource (limited)
S31.336_E150.386,True,Higher-ranked candidate under the selected assumptions and criteria,Close to transmission (moderate) | Gentle terrain (strong) | Close to a substation (moderate),Outside any Renewable Energy Zone (absent) | Weaker wind resource (limited)
S31.336_E150.436,True,Higher-ranked candidate under the selected assumptions and criteria,Close to transmission (moderate) | Gentle terrain (top decile) | Close to a substation (moderate),Outside any Renewable Energy Zone (absent) | Weaker wind resource (limited)
S31.336_E150.486,True,Higher-ranked candidate under the selected assumptions and criteria,Close to transmission (strong) | Gentle terrain (top decile) | Close to a substation (strong),Outside any Renewable Energy Zone (absent) | Weaker wind resource (limited)
S31.336_E150.536,True,Higher-ranked candidate under the selected assumptions and criteria,Close to transmission (strong) | Gentle terrain (top decile) | Close to a substation (strong),Outside any Renewable Energy Zone (absent) | Weaker wind resource (limited)
S31.336_E150.586,True,Higher-ranked candidate under the selected assumptions and criteria,Close to transmission (strong) | Close to a substation (strong) | Gentle terrain (moderate),Outside any Renewable Energy Zone (absent) | Weaker wind resource (limited)
S31.336_E150.736,True,Higher-ranked candidate under the selected assumptions and criteria,Close to transmission (strong) | Close to a substation (strong),Outside any Renewable Energy Zone (absent) | Steeper terrain (limited)
S31.336_E150.786,True,Higher-ranked candidate under the selected assumptions and criteria,Close to transmission (strong) | Close to a substation (strong),Outside any Renewable Energy Zone (absent) | Weaker wind resource (moderate)
S31.336_E150.836,True,Higher-ranked candidate under the selected assumptions and criteria,Close to transmission (strong) | Gentle terrain (strong) | Close to a substation (strong),Outside any Renewable Energy Zone (absent) | Weaker wind resource (limited)
S31.336_E150.886,True,Higher-ranked candidate under the selected assumptions and criteria,Close to transmission (top decile) | Gentle terrain (strong) | Close to a substation (strong),Outside any Renewable Energy Zone (absent) | Weaker wind resource (limited)
S31.336_E150.936,True,Higher-ranked candidate under the selected assumptions and criteria,Close to transmission (top decile) | Gentle terrain (strong) | Close to a substation (moderate),Outside any Renewable Energy Zone (absent) | Weaker wind resource (limited)
S31.336_E150.986,True,Higher-ranked candidate under the selected assumptions and criteria,Close to transmission (top decile) | Gentle terrain (strong) | Close to a substation (moderate),Outside any Renewable Energy Zone (absent) | Weaker wind resource (limited)
S31.336_E151.036,True,Higher-ranked candidate under the selected assumptions and criteria,Close to transmission (top decile) | Close to a substation (moderate) | Gentle terrain (moderate),Outside any Renewable Energy Zone (absent) | Weaker wind resource (limited)
S31.336_E151.086,True,Higher-ranked candidate under the selected assumptions and criteria,Close to transmission (top decile) | Close to a substation (moderate),Outside any Renewable Energy Zone (absent) | Weaker wind resource (limited)
S31.336_E151.136,True,Higher-ranked candidate under the selected assumptions and criteria,Close to transmission (top decile) | Close to a substation (moderate),Outside any Renewable Energy Zone (absent) | Weaker wind resource (limited)
S31.336_E151.186,True,Higher-ranked candidate under the selected assumptions and criteria,Close to transmission (strong),Outside any Renewable Energy Zone (absent) | Steeper terrain (limited)
S31.336_E151.286,True,Higher-ranked candidate under the selected assumptions and criteria,Close to transmission (strong) | Inside a Renewable Energy Zone (present),Steeper terrain (limited) | Distant from a substation (limited)
S31.336_E151.336,True,Higher-ranked candidate under the selected assumptions and criteria,Strong wind resource (moderate) | Close to transmission (moderate) | Inside a Renewable Energy Zone (present),Steeper terrain (limited) | Distant from a substation (limited)
S31.336_E151.386,True,Higher-ranked candidate under the selected assumptions and criteria,Strong wind resource (strong) | Close to transmission (moderate) | Inside a Renewable Energy Zone (present),Distant from a substation (moderate) | Steeper terrain (moderate)
S31.336_E151.436,True,Higher-ranked candidate under the selected assumptions and criteria,Strong wind resource (strong) | Inside a Renewable Energy Zone (present) | Gentle terrain (strong),Distant from a substation (moderate) | Distant from transmission (moderate)
S31.336_E151.486,True,Higher-ranked candidate under the selected assumptions and criteria,Strong wind resource (strong) | Inside a Renewable Energy Zone (present) | Gentle terrain (moderate),Distant from transmission (moderate) | Distant from a substation (moderate)
S31.336_E151.536,True,Higher-ranked candidate under the selected assumptions and criteria,Strong wind resource (top decile) | Inside a Renewable Energy Zone (present) | Gentle terrain (strong),Distant from transmission (moderate) | Distant from a substation (moderate)
S31.336_E151.686,True,Higher-ranked candidate under the selected assumptions and criteria,Strong wind resource (strong) | Inside a Renewable Energy Zone (present) | Gentle terrain (moderate),Distant from transmission (limited) | Distant from a substation (limited)
S31.336_E151.736,True,Higher-ranked candidate under the selected assumptions and criteria,Strong wind resource (moderate) | Inside a Renewable Energy Zone (present),Distant from transmission (limited) | Distant from a substation (limited)
S31.386_E150.086,True,Higher-ranked candidate under the selected assumptions and criteria,Gentle terrain (top decile),Outside any Renewable Energy Zone (absent) | Distant from transmission (limited)
S31.386_E150.136,True,Higher-ranked candidate under the selected assumptions and criteria,Gentle terrain (moderate),Outside any Renewable Energy Zone (absent) | Distant from transmission (limited)
S31.386_E150.186,True,Higher-ranked candidate under the selected assumptions and criteria,Gentle terrain (strong),Outside any Renewable Energy Zone (absent) | Distant from a substation (limited)
S31.386_E150.236,True,Higher-ranked candidate under the selected assumptions and criteria,Gentle terrain (top decile),Outside any Renewable Energy Zone (absent) | Weaker wind resource (limited)
S31.386_E150.286,True,Higher-ranked candidate under the selected assumptions and criteria,Gentle terrain (top decile),Outside any Renewable Energy Zone (absent) | Weaker wind resource (limited)
S31.386_E150.336,True,Higher-ranked candidate under the selected assumptions and criteria,Gentle terrain (top decile),Outside any Renewable Energy Zone (absent) | Weaker wind resource (limited)
S31.386_E150.386,True,Higher-ranked candidate under the selected assumptions and criteria,Close to transmission (moderate) | Gentle terrain (strong) | Close to a substation (moderate),Outside any Renewable Energy Zone (absent) | Weaker wind resource (limited)
S31.386_E150.436,True,Higher-ranked candidate under the selected assumptions and criteria,Close to transmission (moderate) | Gentle terrain (top decile) | Close to a substation (moderate),Outside any Renewable Energy Zone (absent) | Weaker wind resource (limited)
S31.386_E150.486,True,Higher-ranked candidate under the selected assumptions and criteria,Close to transmission (strong) | Gentle terrain (top decile) | Close to a substation (strong),Outside any Renewable Energy Zone (absent) | Weaker wind resource (limited)
S31.386_E150.536,True,Higher-ranked candidate under the selected assumptions and criteria,Close to transmission (strong) | Gentle terrain (top decile) | Close to a substation (strong),Outside any Renewable Energy Zone (absent) | Weaker wind resource (limited)
S31.386_E150.586,True,Higher-ranked candidate under the selected assumptions and criteria,Close to transmission (strong) | Close to a substation (strong) | Gentle terrain (moderate),Outside any Renewable Energy Zone (absent) | Weaker wind resource (limited)
S31.386_E150.686,True,Higher-ranked candidate under the selected assumptions and criteria,Close to transmission (top decile) | Close to a substation (top decile) | Gentle terrain (strong),Outside any Renewable Energy Zone (absent) | Weaker wind resource (moderate)
S31.386_E150.736,True,Higher-ranked candidate under the selected assumptions and criteria,Close to transmission (strong) | Close to a substation (strong),Outside any Renewable Energy Zone (absent) | Steeper terrain (limited)
S31.386_E150.786,True,Higher-ranked candidate under the selected assumptions and criteria,Close to transmission (strong) | Close to a substation (strong),Outside any Renewable Energy Zone (absent) | Weaker wind resource (moderate)
S31.386_E150.836,True,Higher-ranked candidate under the selected assumptions and criteria,Close to transmission (strong) | Close to a substation (strong),Outside any Renewable Energy Zone (absent) | Steeper terrain (limited)
S31.386_E150.886,True,Higher-ranked candidate under the selected assumptions and criteria,Close to transmission (top decile) | Gentle terrain (strong) | Close to a substation (strong),Outside any Renewable Energy Zone (absent) | Weaker wind resource (limited)
S31.386_E150.936,True,Higher-ranked candidate under the selected assumptions and criteria,Close to transmission (top decile) | Gentle terrain (strong) | Close to a substation (moderate),Outside any Renewable Energy Zone (absent) | Weaker wind resource (limited)
S31.386_E150.986,True,Higher-ranked candidate under the selected assumptions and criteria,Close to transmission (top decile) | Gentle terrain (strong) | Close to a substation (moderate),Outside any Renewable Energy Zone (absent) | Weaker wind resource (limited)
S31.386_E151.036,True,Higher-ranked candidate under the selected assumptions and criteria,Close to transmission (top decile) | Close to a substation (moderate),Outside any Renewable Energy Zone (absent) | Weaker wind resource (limited)
S31.386_E151.086,True,Higher-ranked candidate under the selected assumptions and criteria,Close to transmission (top decile) | Gentle terrain (strong),Outside any Renewable Energy Zone (absent) | Weaker wind resource (limited)
S31.386_E151.136,True,Higher-ranked candidate under the selected assumptions and criteria,Close to transmission (top decile),Outside any Renewable Energy Zone (absent) | Weaker wind resource (limited)
S31.386_E151.186,True,Higher-ranked candidate under the selected assumptions and criteria,Close to transmission (strong),Outside any Renewable Energy Zone (absent) | Steeper terrain (limited)
S31.386_E151.286,True,Higher-ranked candidate under the selected assumptions and criteria,Close to transmission (strong),Outside any Renewable Energy Zone (absent) | Steeper terrain (limited)
S31.386_E151.386,True,Higher-ranked candidate under the selected assumptions and criteria,Strong wind resource (moderate) | Close to transmission (moderate) | Inside a Renewable Energy Zone (present),Steeper terrain (limited) | Distant from a substation (moderate)
S31.386_E151.436,True,Higher-ranked candidate under the selected assumptions and criteria,Strong wind resource (strong) | Inside a Renewable Energy Zone (present) | Gentle terrain (strong),Distant from a substation (moderate) | Distant from transmission (moderate)
S31.386_E151.486,True,Higher-ranked candidate under the selected assumptions and criteria,Strong wind resource (strong) | Inside a Renewable Energy Zone (present) | Gentle terrain (strong),Distant from transmission (moderate) | Distant from a substation (moderate)
S31.386_E151.686,True,Higher-ranked candidate under the selected assumptions and criteria,Strong wind resource (moderate) | Inside a Renewable Energy Zone (present) | Gentle terrain (moderate),Distant from transmission (moderate) | Distant from a substation (moderate)
S31.386_E151.736,True,Higher-ranked candidate under the selected assumptions and criteria,,Outside any Renewable Energy Zone (absent) | Steeper terrain (limited)
S31.436_E150.086,True,Higher-ranked candidate under the selected assumptions and criteria,Gentle terrain (top decile),Outside any Renewable Energy Zone (absent) | Distant from transmission (limited)
S31.436_E150.136,True,Higher-ranked candidate under the selected assumptions and criteria,Gentle terrain (strong),Outside any Renewable Energy Zone (absent) | Distant from transmission (limited)
S31.436_E150.186,True,Higher-ranked candidate under the selected assumptions and criteria,Gentle terrain (top decile),Outside any Renewable Energy Zone (absent) | Distant from transmission (limited)
S31.436_E150.236,True,Higher-ranked candidate under the selected assumptions and criteria,Gentle terrain (strong),Outside any Renewable Energy Zone (absent) | Distant from transmission (limited)
S31.436_E150.286,True,Higher-ranked candidate under the selected assumptions and criteria,Gentle terrain (strong),Outside any Renewable Energy Zone (absent) | Weaker wind resource (limited)
S31.436_E150.336,True,Higher-ranked candidate under the selected assumptions and criteria,Gentle terrain (top decile),Outside any Renewable Energy Zone (absent) | Weaker wind resource (limited)
S31.436_E150.386,True,Higher-ranked candidate under the selected assumptions and criteria,Close to transmission (moderate) | Gentle terrain (top decile) | Close to a substation (moderate),Outside any Renewable Energy Zone (absent) | Weaker wind resource (limited)
S31.436_E150.436,True,Higher-ranked candidate under the selected assumptions and criteria,Close to transmission (moderate) | Gentle terrain (strong) | Close to a substation (moderate),Outside any Renewable Energy Zone (absent) | Weaker wind resource (limited)
S31.436_E150.486,True,Higher-ranked candidate under the selected assumptions and criteria,Close to transmission (strong) | Gentle terrain (top decile) | Close to a substation (strong),Outside any Renewable Energy Zone (absent) | Weaker wind resource (limited)
S31.436_E150.536,True,Higher-ranked candidate under the selected assumptions and criteria,Close to transmission (strong) | Gentle terrain (top decile) | Close to a substation (strong),Outside any Renewable Energy Zone (absent) | Weaker wind resource (limited)
S31.436_E150.586,True,Higher-ranked candidate under the selected assumptions and criteria,Close to transmission (strong) | Gentle terrain (strong) | Close to a substation (strong),Outside any Renewable Energy Zone (absent) | Weaker wind resource (limited)
S31.436_E150.636,True,Higher-ranked candidate under the selected assumptions and criteria,Close to transmission (top decile) | Close to a substation (strong) | Gentle terrain (strong),Outside any Renewable Energy Zone (absent) | Weaker wind resource (limited)
S31.436_E150.686,True,Higher-ranked candidate under the selected assumptions and criteria,Close to transmission (top decile) | Close to a substation (strong) | Gentle terrain (strong),Outside any Renewable Energy Zone (absent) | Weaker wind resource (moderate)
S31.436_E150.736,True,Higher-ranked candidate under the selected assumptions and criteria,Close to transmission (strong) | Close to a substation (strong) | Gentle terrain (moderate),Outside any Renewable Energy Zone (absent) | Weaker wind resource (moderate)
S31.436_E150.786,True,Higher-ranked candidate under the selected assumptions and criteria,Close to transmission (strong) | Close to a substation (strong),Outside any Renewable Energy Zone (absent) | Weaker wind resource (moderate)
S31.436_E150.836,True,Higher-ranked candidate under the selected assumptions and criteria,Close to transmission (top decile) | Close to a substation (strong),Outside any Renewable Energy Zone (absent) | Steeper terrain (limited)
S31.436_E150.886,True,Higher-ranked candidate under the selected assumptions and criteria,Close to transmission (top decile) | Close to a substation (moderate),Outside any Renewable Energy Zone (absent) | Weaker wind resource (moderate)
S31.436_E150.936,True,Higher-ranked candidate under the selected assumptions and criteria,Close to transmission (top decile) | Gentle terrain (strong) | Close to a substation (moderate),Outside any Renewable Energy Zone (absent) | Weaker wind resource (limited)
S31.436_E150.986,True,Higher-ranked candidate under the selected assumptions and criteria,Close to transmission (top decile) | Gentle terrain (strong),Outside any Renewable Energy Zone (absent) | Weaker wind resource (limited)
S31.436_E151.036,True,Higher-ranked candidate under the selected assumptions and criteria,Close to transmission (strong) | Gentle terrain (moderate),Outside any Renewable Energy Zone (absent) | Weaker wind resource (limited)
S31.436_E151.086,True,Higher-ranked candidate under the selected assumptions and criteria,Close to transmission (top decile) | Gentle terrain (moderate),Outside any Renewable Energy Zone (absent) | Weaker wind resource (limited)
S31.436_E151.186,True,Higher-ranked candidate under the selected assumptions and criteria,Close to transmission (strong),Outside any Renewable Energy Zone (absent) | Steeper terrain (limited)
S31.436_E151.236,True,Higher-ranked candidate under the selected assumptions and criteria,Close to transmission (strong),Outside any Renewable Energy Zone (absent) | Steeper terrain (limited)
S31.436_E151.286,True,Higher-ranked candidate under the selected assumptions and criteria,Close to transmission (strong),Outside any Renewable Energy Zone (absent) | Weaker wind resource (limited)
S31.436_E151.386,True,Higher-ranked candidate under the selected assumptions and criteria,Strong wind resource (moderate) | Close to transmission (moderate) | Inside a Renewable Energy Zone (present),Steeper terrain (moderate)
S31.436_E151.436,True,Higher-ranked candidate under the selected assumptions and criteria,Strong wind resource (strong) | Close to transmission (moderate) | Inside a Renewable Energy Zone (present),
S31.436_E151.686,True,Higher-ranked candidate under the selected assumptions and criteria,Strong wind resource (moderate) | Gentle terrain (moderate),Outside any Renewable Energy Zone (absent) | Distant from transmission (moderate)
S31.436_E151.736,True,Higher-ranked candidate under the selected assumptions and criteria,,Outside any Renewable Energy Zone (absent) | Steeper terrain (limited)
S31.486_E150.036,True,Higher-ranked candidate under the selected assumptions and criteria,Strong wind resource (moderate) | Gentle terrain (strong),Distant from a substation (limited) | Distant from transmission (limited)
S31.486_E150.086,True,Higher-ranked candidate under the selected assumptions and criteria,Gentle terrain (top decile),Outside any Renewable Energy Zone (absent) | Distant from a substation (limited)
S31.486_E150.136,True,Higher-ranked candidate under the selected assumptions and criteria,Gentle terrain (top decile),Outside any Renewable Energy Zone (absent) | Distant from a substation (limited)
S31.486_E150.186,True,Higher-ranked candidate under the selected assumptions and criteria,Gentle terrain (top decile),Outside any Renewable Energy Zone (absent) | Distant from a substation (limited)
S31.486_E150.236,True,Higher-ranked candidate under the selected assumptions and criteria,Gentle terrain (strong),Outside any Renewable Energy Zone (absent) | Distant from a substation (limited)
S31.486_E150.286,True,Higher-ranked candidate under the selected assumptions and criteria,Gentle terrain (top decile),Outside any Renewable Energy Zone (absent) | Weaker wind resource (limited)
S31.486_E150.336,True,Higher-ranked candidate under the selected assumptions and criteria,Gentle terrain (strong),Outside any Renewable Energy Zone (absent) | Weaker wind resource (moderate)
S31.486_E150.386,True,Higher-ranked candidate under the selected assumptions and criteria,Close to transmission (moderate) | Gentle terrain (moderate) | Close to a substation (moderate),Outside any Renewable Energy Zone (absent) | Weaker wind resource (limited)
S31.486_E150.436,True,Higher-ranked candidate under the selected assumptions and criteria,Close to transmission (moderate) | Gentle terrain (top decile) | Close to a substation (moderate),Outside any Renewable Energy Zone (absent) | Weaker wind resource (limited)
S31.486_E150.486,True,Higher-ranked candidate under the selected assumptions and criteria,Close to transmission (strong) | Gentle terrain (top decile) | Close to a substation (strong),Outside any Renewable Energy Zone (absent) | Weaker wind resource (limited)
S31.486_E150.536,True,Higher-ranked candidate under the selected assumptions and criteria,Close to transmission (strong) | Gentle terrain (top decile) | Close to a substation (strong),Outside any Renewable Energy Zone (absent) | Weaker wind resource (limited)
S31.486_E150.586,True,Higher-ranked candidate under the selected assumptions and criteria,Close to transmission (strong) | Gentle terrain (top decile) | Close to a substation (strong),Outside any Renewable Energy Zone (absent) | Weaker wind resource (limited)
S31.486_E150.636,True,Higher-ranked candidate under the selected assumptions and criteria,Close to transmission (top decile) | Close to a substation (top decile) | Gentle terrain (strong),Outside any Renewable Energy Zone (absent) | Weaker wind resource (limited)
S31.486_E150.736,True,Higher-ranked candidate under the selected assumptions and criteria,Close to transmission (top decile) | Gentle terrain (top decile) | Close to a substation (top decile),Outside any Renewable Energy Zone (absent) | Weaker wind resource (moderate)
S31.486_E150.786,True,Higher-ranked candidate under the selected assumptions and criteria,Close to transmission (strong) | Close to a substation (strong),Outside any Renewable Energy Zone (absent) | Steeper terrain (moderate)
S31.486_E150.836,True,Higher-ranked candidate under the selected assumptions and criteria,Close to transmission (top decile) | Strong wind resource (moderate) | Close to a substation (strong),Outside any Renewable Energy Zone (absent)
S31.486_E150.886,True,Higher-ranked candidate under the selected assumptions and criteria,Close to transmission (top decile) | Gentle terrain (strong) | Close to a substation (strong),Outside any Renewable Energy Zone (absent) | Weaker wind resource (moderate)
S31.486_E150.936,True,Higher-ranked candidate under the selected assumptions and criteria,Close to transmission (top decile) | Gentle terrain (strong) | Close to a substation (moderate),Outside any Renewable Energy Zone (absent) | Weaker wind resource (moderate)
S31.486_E150.986,True,Higher-ranked candidate under the selected assumptions and criteria,Close to transmission (top decile) | Gentle terrain (strong) | Close to a substation (moderate),Outside any Renewable Energy Zone (absent) | Weaker wind resource (moderate)
S31.486_E151.036,True,Higher-ranked candidate under the selected assumptions and criteria,Close to transmission (strong),Outside any Renewable Energy Zone (absent) | Distant from a substation (moderate)
S31.486_E151.086,True,Higher-ranked candidate under the selected assumptions and criteria,Close to transmission (strong),Outside any Renewable Energy Zone (absent) | Distant from a substation (limited)
S31.486_E151.186,True,Higher-ranked candidate under the selected assumptions and criteria,Strong wind resource (moderate) | Close to transmission (strong),Outside any Renewable Energy Zone (absent) | Steeper terrain (limited)
S31.486_E151.386,True,Higher-ranked candidate under the selected assumptions and criteria,Close to transmission (moderate) | Inside a Renewable Energy Zone (present) | Close to a substation (moderate),Steeper terrain (limited) | Weaker wind resource (limited)
S31.486_E151.686,True,Higher-ranked candidate under the selected assumptions and criteria,Strong wind resource (moderate) | Close to transmission (moderate) | Gentle terrain (strong),Outside any Renewable Energy Zone (absent)
S31.486_E151.736,True,Higher-ranked candidate under the selected assumptions and criteria,Strong wind resource (moderate) | Close to transmission (moderate) | Gentle terrain (moderate),Outside any Renewable Energy Zone (absent)
S31.486_E151.786,True,Higher-ranked candidate under the selected assumptions and criteria,,Outside any Renewable Energy Zone (absent) | Steeper terrain (limited)
S31.486_E151.836,True,Higher-ranked candidate under the selected assumptions and criteria,,Outside any Renewable Energy Zone (absent) | Steeper terrain (limited)
S31.486_E151.936,True,Higher-ranked candidate under the selected assumptions and criteria,,Outside any Renewable Energy Zone (absent) | Weaker wind resource (limited)
S31.486_E151.986,True,Higher-ranked candidate under the selected assumptions and criteria,,Outside any Renewable Energy Zone (absent) | Weaker wind resource (limited)
