{"type":"FeatureCollection","crs":{"type":"name","properties":{"name":"EPSG:7844"}},"features":[{"type":"Feature","id":23,"geometry":{"type":"Point","coordinates":[150.08857705000003,-30.594892224999967]},"properties":{"objectid":23,"feature_type":"Substation","feature_subtype":"Switchyard","feature_name":"Boggabri North","feature_description":"A structure in which high voltage electricity supply is converted, controlled or transformed","status":"Operational","voltage_kv":132,"locality":"HARPARARY","state":"NSW","feature_source":"Esri World Imagery","feature_source_date":1771372800000,"attribute_source":"Transgrid","attribute_source_date":1754006400000,"spatial_confidence":5,"latitude":-30.59489223,"longitude":150.08857705,"created_date":1771372800000,"last_edited_on":1776124800000,"globalid":"{AD075A2F-53A3-4E18-B40B-14401F01B7C6}"}},{"type":"Feature","id":24,"geometry":{"type":"Point","coordinates":[150.14329591600006,-30.632556128999965]},"properties":{"objectid":24,"feature_type":"Substation","feature_subtype":"Switchyard","feature_name":"Boggabri East","feature_description":"A structure in which high voltage electricity supply is converted, controlled or transformed","status":"Operational","voltage_kv":132,"locality":"BOGGABRI","state":"NSW","feature_source":"Esri World Imagery","feature_source_date":1771372800000,"attribute_source":"Transgrid","attribute_source_date":1754006400000,"spatial_confidence":5,"latitude":-30.63255613,"longitude":150.14329592,"created_date":1771372800000,"last_edited_on":1776124800000,"globalid":"{92FE110B-FB64-4D5D-8757-B8087B98E9B3}"}},{"type":"Feature","id":25,"geometry":{"type":"Point","coordinates":[150.34318493800004,-30.951260671999933]},"properties":{"objectid":25,"feature_type":"Substation","feature_subtype":"Substation","feature_name":"Gunnedah East Solar Farm","feature_description":"A structure in which high voltage electricity supply is converted, controlled or transformed","status":"Operational","voltage_kv":132,"locality":"ORANGE GROVE","state":"NSW","feature_source":"Esri World Imagery","feature_source_date":1771459200000,"attribute_source":"Transgrid","attribute_source_date":1754006400000,"spatial_confidence":5,"latitude":-30.95126067,"longitude":150.34318494,"created_date":1771459200000,"last_edited_on":1776124800000,"globalid":"{088C6EB8-049A-4377-808D-A7D68876AF3C}"}},{"type":"Feature","id":26,"geometry":{"type":"Point","coordinates":[149.94288851200008,-32.408533732999956]},"properties":{"objectid":26,"feature_type":"Substation","feature_subtype":"Substation","feature_name":"Wollar West","feature_description":"A structure in which high voltage electricity supply is converted, controlled or transformed","status":"Operational","voltage_kv":330,"locality":"WOLLAR","state":"NSW","feature_source":"Esri World Imagery","feature_source_date":1771977600000,"attribute_source":"Transgrid","attribute_source_date":1754006400000,"spatial_confidence":5,"latitude":-32.408533729999995,"longitude":149.94288851000002,"created_date":1771977600000,"last_edited_on":1776124800000,"globalid":"{7B38EAD0-74AB-4E58-9691-A7E8B3A19236}"}},{"type":"Feature","id":27,"geometry":{"type":"Point","coordinates":[148.82136056000002,-32.57919154199993]},"properties":{"objectid":27,"feature_type":"Substation","feature_subtype":"Substation","feature_name":"Wellington West","feature_description":"A structure in which high voltage electricity supply is converted, controlled or transformed","status":"Operational","voltage_kv":330,"locality":"SUNTOP","state":"NSW","feature_source":"Esri World Imagery","feature_source_date":1771977600000,"attribute_source":"Transgrid","attribute_source_date":1754006400000,"spatial_confidence":5,"latitude":-32.57919154,"longitude":148.82136056000002,"created_date":1771977600000,"last_edited_on":1776124800000,"globalid":"{1D8BA28A-AA6B-4FD6-B76A-6362C97F7B6D}"}},{"type":"Feature","id":28,"geometry":{"type":"Point","coordinates":[149.67864615200006,-32.91029142799994]},"properties":{"objectid":28,"feature_type":"Substation","feature_subtype":"Substation","feature_name":"Crudine Ridge","feature_description":"A structure in which high voltage electricity supply is converted, controlled or transformed","status":"Operational","voltage_kv":132,"locality":"PYRAMUL","state":"NSW","feature_source":"Esri World Imagery","feature_source_date":1771977600000,"attribute_source":"Transgrid","attribute_source_date":1754006400000,"spatial_confidence":5,"latitude":-32.91029143,"longitude":149.67864615,"created_date":1771977600000,"last_edited_on":1776124800000,"globalid":"{9207D8AD-93F3-4B7A-A946-2040BD0D0335}"}},{"type":"Feature","id":29,"geometry":{"type":"Point","coordinates":[149.01076532100012,-34.76892045699998]},"properties":{"objectid":29,"feature_type":"Substation","feature_subtype":"Substation","feature_name":"Rye Park South","feature_description":"A structure in which high voltage electricity supply is converted, controlled or transformed","status":"Operational","voltage_kv":330,"locality":"BANGO","state":"NSW","feature_source":"Esri World Imagery","feature_source_date":1772064000000,"attribute_source":"Open Street Map","attribute_source_date":1774396800000,"spatial_confidence":5,"latitude":-34.768920460000004,"longitude":149.01076532000002,"created_date":1772064000000,"last_edited_on":1776124800000,"globalid":"{A852426C-5DB2-40F5-B48D-F254A3416E5D}"}},{"type":"Feature","id":30,"geometry":{"type":"Point","coordinates":[149.14196348100006,-36.215327463999984]},"properties":{"objectid":30,"feature_type":"Substation","feature_subtype":"Substation","feature_name":"Cooma","feature_description":"A structure in which high voltage electricity supply is converted, controlled or transformed","status":"Operational","voltage_kv":132,"locality":"COOMA","state":"NSW","feature_source":"Esri World Imagery","feature_source_date":1772064000000,"attribute_source":"Open Street Map","attribute_source_date":1774396800000,"spatial_confidence":5,"latitude":-36.21532746,"longitude":149.14196348,"created_date":1772064000000,"last_edited_on":1776124800000,"globalid":"{FFC732E1-A7AB-4E9D-B4CC-798B867F3445}"}},{"type":"Feature","id":31,"geometry":{"type":"Point","coordinates":[148.3942629920001,-35.78818263599993]},"properties":{"objectid":31,"feature_type":"Substation","feature_subtype":"Substation","feature_name":"Ravine","feature_description":"A structure in which high voltage electricity supply is converted, controlled or transformed","status":"Operational","voltage_kv":330,"locality":"CABRAMURRA","state":"NSW","feature_source":"Esri World Imagery","feature_source_date":1772064000000,"attribute_source":"Transgrid","attribute_source_date":1754006400000,"spatial_confidence":5,"latitude":-35.78818264,"longitude":148.39426299000002,"created_date":1772064000000,"last_edited_on":1776124800000,"globalid":"{601E5442-E3EA-480D-AE9A-1AF91441137D}"}},{"type":"Feature","id":32,"geometry":{"type":"Point","coordinates":[146.945834783,-35.73980377799995]},"properties":{"objectid":32,"feature_type":"Substation","feature_subtype":"Substation","feature_name":"Walla Walla","feature_description":"A structure in which high voltage electricity supply is converted, controlled or transformed","status":"Operational","voltage_kv":330,"locality":"WALLA WALLA","state":"NSW","feature_source":"Esri World Imagery","feature_source_date":1772064000000,"attribute_source":"Transgrid","attribute_source_date":1754006400000,"spatial_confidence":5,"latitude":-35.73980378,"longitude":146.94583477999998,"created_date":1772064000000,"last_edited_on":1776124800000,"globalid":"{6E610D08-F23D-4EB1-AD82-74476787C725}"}},{"type":"Feature","id":33,"geometry":{"type":"Point","coordinates":[141.268653405,-31.80674726199993]},"properties":{"objectid":33,"feature_type":"Substation","feature_subtype":"Substation","feature_name":"Silverton","feature_description":"A structure in which high voltage electricity supply is converted, controlled or transformed","status":"Operational","voltage_kv":220,"locality":"BROKEN HILL","state":"NSW","feature_source":"Esri World Imagery","feature_source_date":1772064000000,"attribute_source":"Open Street Map","attribute_source_date":1774396800000,"spatial_confidence":5,"latitude":-31.806747259999998,"longitude":141.26865340999998,"created_date":1772064000000,"last_edited_on":1776124800000,"globalid":"{AECD3F24-16DF-48A4-ACE8-730A3E7DB650}"}},{"type":"Feature","id":83,"geometry":{"type":"Point","coordinates":[143.51342237900008,-34.79323038299998]},"properties":{"objectid":83,"feature_type":"Substation","feature_subtype":"Switchyard","feature_name":"Sunraysia Solar Farm","feature_description":"A structure in which high voltage electricity supply is converted, controlled or transformed","status":"Operational","voltage_kv":220,"locality":"BALRANALD","state":"NSW","feature_source":"Esri World Imagery","feature_source_date":1773705600000,"attribute_source":"Transgrid","attribute_source_date":1754006400000,"spatial_confidence":5,"latitude":-34.79323038,"longitude":143.51342237999998,"created_date":1773705600000,"last_edited_on":1776124800000,"globalid":"{E60B4451-BA1B-4A7F-AB4D-30058697D03D}"}},{"type":"Feature","id":84,"geometry":{"type":"Point","coordinates":[143.51703498100005,-34.76933232999994]},"properties":{"objectid":84,"feature_type":"Substation","feature_subtype":"Switchyard","feature_name":"Limondale Solar Farm","feature_description":"A structure in which high voltage electricity supply is converted, controlled or transformed","status":"Operational","voltage_kv":220,"locality":"BALRANALD","state":"NSW","feature_source":"Esri World Imagery","feature_source_date":1773705600000,"attribute_source":"Transgrid","attribute_source_date":1754006400000,"spatial_confidence":5,"latitude":-34.769332330000005,"longitude":143.51703498,"created_date":1773705600000,"last_edited_on":1776124800000,"globalid":"{C768C9F6-1D1C-4F7E-84E8-B97517166251}"}},{"type":"Feature","id":94,"geometry":{"type":"Point","coordinates":[151.07253695400004,-32.57953123599998]},"properties":{"objectid":94,"feature_type":"Substation","feature_subtype":"Switchyard","feature_name":"Redbank","feature_description":"A structure in which high voltage electricity supply is converted, controlled or transformed","status":"Operational","voltage_kv":132,"locality":"WARKWORTH","state":"NSW","feature_source":"Esri World Imagery","feature_source_date":null,"attribute_source":"Aemo-Australian Energy Market Operators 2013","attribute_source_date":1360800000000,"spatial_confidence":5,"latitude":-32.57953124,"longitude":151.07253695,"created_date":1614211200000,"last_edited_on":1763510400000,"globalid":"{7CDA5AB3-BEF7-4E72-BEC5-480487129A8C}"}},{"type":"Feature","id":95,"geometry":{"type":"Point","coordinates":[148.716954288,-33.179884062999975]},"properties":{"objectid":95,"feature_type":"Substation","feature_subtype":"Substation","feature_name":"Manildra","feature_description":"A structure in which high voltage electricity supply is converted, controlled or transformed","status":"Operational","voltage_kv":132,"locality":"MANILDRA","state":"NSW","feature_source":"Esri World Imagery","feature_source_date":null,"attribute_source":"Aemo-Australian Energy Market Operators 2013","attribute_source_date":1360800000000,"spatial_confidence":5,"latitude":-33.17988406,"longitude":148.71695429000002,"created_date":1635292800000,"last_edited_on":1771372800000,"globalid":"{60DBC171-B0B0-45E6-9549-E307B45074F1}"}},{"type":"Feature","id":96,"geometry":{"type":"Point","coordinates":[148.99282351300008,-33.46634000499995]},"properties":{"objectid":96,"feature_type":"Substation","feature_subtype":"Sole Use","feature_name":"Cadia","feature_description":"A structure in which high voltage electricity supply is converted, controlled or transformed","status":"Operational","voltage_kv":132,"locality":"PANUARA","state":"NSW","feature_source":"Esri World Imagery","feature_source_date":null,"attribute_source":"Aemo-Australian Energy Market Operators 2013","attribute_source_date":1360800000000,"spatial_confidence":5,"latitude":-33.466339999999995,"longitude":148.99282351,"created_date":1700265600000,"last_edited_on":1763510400000,"globalid":"{B93AC6A2-7AA7-4CD3-8B91-0C6DCC2FAEA2}"}},{"type":"Feature","id":97,"geometry":{"type":"Point","coordinates":[151.0730049010001,-33.83316695299993]},"properties":{"objectid":97,"feature_type":"Substation","feature_subtype":"Substation","feature_name":"Homebush Bay","feature_description":"A structure in which high voltage electricity supply is converted, controlled or transformed","status":"Operational","voltage_kv":132,"locality":"SYDNEY OLYMPIC PARK","state":"NSW","feature_source":"Esri World Imagery","feature_source_date":null,"attribute_source":"Aemo-Australian Energy Market Operators 2013","attribute_source_date":1360800000000,"spatial_confidence":5,"latitude":-33.83316695,"longitude":151.0730049,"created_date":1675555200000,"last_edited_on":1763510400000,"globalid":"{CC12834C-FDC6-423D-BE99-8F15865B37C4}"}},{"type":"Feature","id":98,"geometry":{"type":"Point","coordinates":[145.52972711400002,-33.515919364999945]},"properties":{"objectid":98,"feature_type":"Substation","feature_subtype":"Substation","feature_name":"Hillston","feature_description":"A structure in which high voltage electricity supply is converted, controlled or transformed","status":"Operational","voltage_kv":132,"locality":"HILLSTON","state":"NSW","feature_source":"Esri World Imagery","feature_source_date":null,"attribute_source":"Aemo-Australian Energy Market Operators 2013","attribute_source_date":1360800000000,"spatial_confidence":5,"latitude":-33.515919360000005,"longitude":145.52972710999998,"created_date":1552953600000,"last_edited_on":1763510400000,"globalid":"{BCFDDCC4-1608-412C-A6AD-A5F159F5C567}"}},{"type":"Feature","id":99,"geometry":{"type":"Point","coordinates":[144.87829571100008,-34.489405052999984]},"properties":{"objectid":99,"feature_type":"Substation","feature_subtype":"Substation","feature_name":"Hay","feature_description":"A structure in which high voltage electricity supply is converted, controlled or transformed","status":"Operational","voltage_kv":132,"locality":"HAY","state":"NSW","feature_source":"Esri World Imagery","feature_source_date":null,"attribute_source":"Aemo-Australian Energy Market Operators 2013","attribute_source_date":1360800000000,"spatial_confidence":5,"latitude":-34.48940505,"longitude":144.87829571,"created_date":1701388800000,"last_edited_on":1763510400000,"globalid":"{612E4977-BB21-4DEF-9F80-2E122532ABC3}"}},{"type":"Feature","id":100,"geometry":{"type":"Point","coordinates":[149.39818142800004,-34.79551732099998]},"properties":{"objectid":100,"feature_type":"Substation","feature_subtype":"Substation","feature_name":"Cullerin Range Wind Farm","feature_description":"A structure in which high voltage electricity supply is converted, controlled or transformed","status":"Operational","voltage_kv":132,"locality":"CULLERIN","state":"NSW","feature_source":"Esri World Imagery","feature_source_date":null,"attribute_source":"Aemo-Australian Energy Market Operators 2013","attribute_source_date":1360800000000,"spatial_confidence":3,"latitude":-34.795517319999995,"longitude":149.39818143,"created_date":1700179200000,"last_edited_on":1763510400000,"globalid":"{FAB72B2F-19D7-49ED-ABB5-B306BFBD9EA0}"}},{"type":"Feature","id":101,"geometry":{"type":"Point","coordinates":[149.3831808000001,-34.695818058999976]},"properties":{"objectid":101,"feature_type":"Substation","feature_subtype":"Switchyard","feature_name":"Gunning Wind Farm","feature_description":"A structure in which high voltage electricity supply is converted, controlled or transformed","status":"Operational","voltage_kv":132,"locality":"GURRUNDAH","state":"NSW","feature_source":"Esri World Imagery","feature_source_date":null,"attribute_source":"Aemo-Australian Energy Market Operators 2013","attribute_source_date":1360800000000,"spatial_confidence":3,"latitude":-34.69581806,"longitude":149.38318080000002,"created_date":1700179200000,"last_edited_on":1763510400000,"globalid":"{5838A3DC-CFF7-4977-BD80-D99D883F3E0A}"}},{"type":"Feature","id":102,"geometry":{"type":"Point","coordinates":[151.7036548640001,-32.66993697299995]},"properties":{"objectid":102,"feature_type":"Substation","feature_subtype":"Zone","feature_name":"Brandy Hill","feature_description":"A structure in which high voltage electricity supply is converted, controlled or transformed","status":"Operational","voltage_kv":132,"locality":"SEAHAM","state":"NSW","feature_source":"Esri World Imagery","feature_source_date":null,"attribute_source":"Aemo-Australian Energy Market Operators 2015","attribute_source_date":1422576000000,"spatial_confidence":5,"latitude":-32.669936969999995,"longitude":151.70365486,"created_date":1682985600000,"last_edited_on":1771977600000,"globalid":"{9835276B-89FD-4B08-B795-63C0EBA5927A}"}},{"type":"Feature","id":116,"geometry":{"type":"Point","coordinates":[153.26580990600007,-28.821008897999945]},"properties":{"objectid":116,"feature_type":"Substation","feature_subtype":"Zone","feature_name":"Lismore South","feature_description":"A structure in which high voltage electricity supply is converted, controlled or transformed","status":"Operational","voltage_kv":66,"locality":"SOUTH LISMORE","state":"NSW","feature_source":"Esri World Imagery","feature_source_date":null,"attribute_source":"Aemo-Australian Energy Market Operators 2013","attribute_source_date":1360800000000,"spatial_confidence":5,"latitude":-28.821008900000002,"longitude":153.26580991,"created_date":1701734400000,"last_edited_on":1763510400000,"globalid":"{E596C1B7-027A-4AB2-A5F8-C121BD73CE9A}"}},{"type":"Feature","id":117,"geometry":{"type":"Point","coordinates":[153.2947708910001,-28.834995679999963]},"properties":{"objectid":117,"feature_type":"Substation","feature_subtype":"Switchyard","feature_name":"Lismore","feature_description":"A structure in which high voltage electricity supply is converted, controlled or transformed","status":"Operational","voltage_kv":66,"locality":"MONALTRIE","state":"NSW","feature_source":"Esri World Imagery","feature_source_date":null,"attribute_source":"Aemo-Australian Energy Market Operators 2013","attribute_source_date":1360800000000,"spatial_confidence":5,"latitude":-28.834995680000002,"longitude":153.29477089,"created_date":1701734400000,"last_edited_on":1763510400000,"globalid":"{AFB177A7-CAB5-414C-91C1-5C9F65951D30}"}},{"type":"Feature","id":118,"geometry":{"type":"Point","coordinates":[153.3437088820001,-28.814545831999965]},"properties":{"objectid":118,"feature_type":"Substation","feature_subtype":"Zone","feature_name":"Lismore East","feature_description":"A structure in which high voltage electricity supply is converted, controlled or transformed","status":"Operational","voltage_kv":66,"locality":"GOONELLABAH","state":"NSW","feature_source":"Esri World Imagery","feature_source_date":null,"attribute_source":"Aemo-Australian Energy Market Operators 2013","attribute_source_date":1360800000000,"spatial_confidence":5,"latitude":-28.81454583,"longitude":153.34370888,"created_date":1701734400000,"last_edited_on":1763510400000,"globalid":"{8E7D0E41-14FB-4249-86B3-3E14362082AF}"}},{"type":"Feature","id":119,"geometry":{"type":"Point","coordinates":[153.433268074,-28.864307835999966]},"properties":{"objectid":119,"feature_type":"Substation","feature_subtype":"Zone","feature_name":"Alstonville","feature_description":"A structure in which high voltage electricity supply is converted, controlled or transformed","status":"Operational","voltage_kv":66,"locality":"LYNWOOD","state":"NSW","feature_source":"Esri World Imagery","feature_source_date":null,"attribute_source":"Aemo-Australian Energy Market Operators 2013","attribute_source_date":1360800000000,"spatial_confidence":5,"latitude":-28.86430784,"longitude":153.43326807,"created_date":1701734400000,"last_edited_on":1763510400000,"globalid":"{B43503B6-5EE2-48D6-BE7D-BAF5A2373D20}"}},{"type":"Feature","id":120,"geometry":{"type":"Point","coordinates":[153.59407647600005,-28.67290847099997]},"properties":{"objectid":120,"feature_type":"Substation","feature_subtype":"Zone","feature_name":"Suffolk Park","feature_description":"A structure in which high voltage electricity supply is converted, controlled or transformed","status":"Operational","voltage_kv":66,"locality":"BYRON BAY","state":"NSW","feature_source":"Esri World Imagery","feature_source_date":null,"attribute_source":"Aemo-Australian Energy Market Operators 2013","attribute_source_date":1360800000000,"spatial_confidence":5,"latitude":-28.67290847,"longitude":153.59407647999998,"created_date":1697241600000,"last_edited_on":1763510400000,"globalid":"{F544EA04-726C-430F-9780-32E987E4C9CF}"}},{"type":"Feature","id":121,"geometry":{"type":"Point","coordinates":[153.55192085900012,-28.86100888699997]},"properties":{"objectid":121,"feature_type":"Substation","feature_subtype":"Zone","feature_name":"Ballina","feature_description":"A structure in which high voltage electricity supply is converted, controlled or transformed","status":"Operational","voltage_kv":66,"locality":"BALLINA","state":"NSW","feature_source":"Esri World Imagery","feature_source_date":null,"attribute_source":"Aemo-Australian Energy Market Operators 2013","attribute_source_date":1360800000000,"spatial_confidence":5,"latitude":-28.86100889,"longitude":153.55192086,"created_date":1701734400000,"last_edited_on":1763510400000,"globalid":"{2D77DEEB-381C-460C-B15D-B62D091BF8C7}"}},{"type":"Feature","id":122,"geometry":{"type":"Point","coordinates":[153.55225088800012,-28.781498743999975]},"properties":{"objectid":122,"feature_type":"Substation","feature_subtype":"Zone","feature_name":"Lennox Head","feature_description":"A structure in which high voltage electricity supply is converted, controlled or transformed","status":"Operational","voltage_kv":66,"locality":"KINVARA","state":"NSW","feature_source":"Esri World Imagery","feature_source_date":null,"attribute_source":"Aemo-Australian Energy Market Operators 2013","attribute_source_date":1360800000000,"spatial_confidence":5,"latitude":-28.78149874,"longitude":153.55225089,"created_date":1701734400000,"last_edited_on":1763510400000,"globalid":"{1571BC08-E467-4A15-8C6D-4A5F4CC8ADED}"}},{"type":"Feature","id":123,"geometry":{"type":"Point","coordinates":[153.554366167,-28.637273954999955]},"properties":{"objectid":123,"feature_type":"Substation","feature_subtype":"Zone","feature_name":"Ewingsdale","feature_description":"A structure in which high voltage electricity supply is converted, controlled or transformed","status":"Operational","voltage_kv":66,"locality":"EWINGSDALE","state":"NSW","feature_source":"Esri World Imagery","feature_source_date":null,"attribute_source":"Aemo-Australian Energy Market Operators 2013","attribute_source_date":1360800000000,"spatial_confidence":5,"latitude":-28.63727396,"longitude":153.55436617,"created_date":1697241600000,"last_edited_on":1763510400000,"globalid":"{4CA739E3-1A0C-45D9-B3D9-CF13F01C6030}"}},{"type":"Feature","id":124,"geometry":{"type":"Point","coordinates":[151.57741892100012,-33.18884667899994]},"properties":{"objectid":124,"feature_type":"Substation","feature_subtype":"Zone","feature_name":"Lake Munmorah","feature_description":"A structure in which high voltage electricity supply is converted, controlled or transformed","status":"Operational","voltage_kv":132,"locality":"LAKE MUNMORAH","state":"NSW","feature_source":"Esri World Imagery","feature_source_date":null,"attribute_source":"Aemo-Australian Energy Market Operators 2013","attribute_source_date":1360800000000,"spatial_confidence":5,"latitude":-33.18884668,"longitude":151.57741892,"created_date":1698537600000,"last_edited_on":1763510400000,"globalid":"{0C55B164-B912-4224-A3FB-AB7CDF7F7C33}"}},{"type":"Feature","id":125,"geometry":{"type":"Point","coordinates":[151.6266939840001,-32.940244967999945]},"properties":{"objectid":125,"feature_type":"Substation","feature_subtype":"Zone","feature_name":"Argenton","feature_description":"A structure in which high voltage electricity supply is converted, controlled or transformed","status":"Operational","voltage_kv":132,"locality":"ARGENTON","state":"NSW","feature_source":"Esri World Imagery","feature_source_date":null,"attribute_source":"Aemo-Australian Energy Market Operators 2013","attribute_source_date":1360800000000,"spatial_confidence":5,"latitude":-32.940244969999995,"longitude":151.62669398,"created_date":1676505600000,"last_edited_on":1763510400000,"globalid":"{3518B251-07DF-43A6-A005-91A8A8B521F7}"}},{"type":"Feature","id":126,"geometry":{"type":"Point","coordinates":[151.65227819000006,-32.88780198199993]},"properties":{"objectid":126,"feature_type":"Substation","feature_subtype":"Zone","feature_name":"Maryland","feature_description":"A structure in which high voltage electricity supply is converted, controlled or transformed","status":"Operational","voltage_kv":132,"locality":"WALLSEND","state":"NSW","feature_source":"Esri World Imagery","feature_source_date":null,"attribute_source":"Aemo-Australian Energy Market Operators 2013","attribute_source_date":1360800000000,"spatial_confidence":5,"latitude":-32.88780198,"longitude":151.65227819,"created_date":1676505600000,"last_edited_on":1763510400000,"globalid":"{2435C7CF-74D4-4957-B9E0-263F495E13F7}"}},{"type":"Feature","id":127,"geometry":{"type":"Point","coordinates":[150.9781685380001,-33.729100082999935]},"properties":{"objectid":127,"feature_type":"Substation","feature_subtype":"Zone","feature_name":"West Castle Hill","feature_description":"A structure in which high voltage electricity supply is converted, controlled or transformed","status":"Operational","voltage_kv":132,"locality":"CASTLE HILL","state":"NSW","feature_source":"Esri World Imagery","feature_source_date":null,"attribute_source":"Aemo-Australian Energy Market Operators 2013","attribute_source_date":1360800000000,"spatial_confidence":5,"latitude":-33.72910008,"longitude":150.97816854,"created_date":1675555200000,"last_edited_on":1763510400000,"globalid":"{7283940C-4C19-4573-B66E-79BF15ABA78C}"}},{"type":"Feature","id":128,"geometry":{"type":"Point","coordinates":[150.90797997800007,-33.69221732999995]},"properties":{"objectid":128,"feature_type":"Substation","feature_subtype":"Zone","feature_name":"Rouse Hill","feature_description":"A structure in which high voltage electricity supply is converted, controlled or transformed","status":"Operational","voltage_kv":132,"locality":"ROUSE HILL","state":"NSW","feature_source":"Esri World Imagery","feature_source_date":null,"attribute_source":"Aemo-Australian Energy Market Operators 2013","attribute_source_date":1360800000000,"spatial_confidence":5,"latitude":-33.69221733,"longitude":150.90797998000002,"created_date":1675555200000,"last_edited_on":1763510400000,"globalid":"{DB0E70C4-E765-4496-BE49-DCAE98D6710D}"}},{"type":"Feature","id":129,"geometry":{"type":"Point","coordinates":[150.9214895440001,-33.68745783199995]},"properties":{"objectid":129,"feature_type":"Substation","feature_subtype":"Zone","feature_name":"Mungerie Park","feature_description":"A structure in which high voltage electricity supply is converted, controlled or transformed","status":"Operational","voltage_kv":132,"locality":"ROUSE HILL","state":"NSW","feature_source":"Esri World Imagery","feature_source_date":null,"attribute_source":"Aemo-Australian Energy Market Operators 2013","attribute_source_date":1360800000000,"spatial_confidence":5,"latitude":-33.68745783,"longitude":150.92148954,"created_date":1675555200000,"last_edited_on":1763510400000,"globalid":"{9BA267A4-52B6-4CC8-A869-A52BCDB2F0AD}"}},{"type":"Feature","id":130,"geometry":{"type":"Point","coordinates":[150.94957090600008,-33.74420338199997]},"properties":{"objectid":130,"feature_type":"Substation","feature_subtype":"Zone","feature_name":"Bella Vista","feature_description":"A structure in which high voltage electricity supply is converted, controlled or transformed","status":"Operational","voltage_kv":132,"locality":"BELLA VISTA","state":"NSW","feature_source":"Esri World Imagery","feature_source_date":null,"attribute_source":"Aemo-Australian Energy Market Operators 2013","attribute_source_date":1360800000000,"spatial_confidence":5,"latitude":-33.74420338,"longitude":150.94957091,"created_date":1675555200000,"last_edited_on":1763510400000,"globalid":"{B4E883F7-920E-433E-83B2-1DE90C26DB40}"}},{"type":"Feature","id":131,"geometry":{"type":"Point","coordinates":[151.00016256000004,-33.73220916199995]},"properties":{"objectid":131,"feature_type":"Substation","feature_subtype":"Zone","feature_name":"Cheriton Avenue","feature_description":"A structure in which high voltage electricity supply is converted, controlled or transformed","status":"Operational","voltage_kv":null,"locality":"CASTLE HILL","state":"NSW","feature_source":"Esri World Imagery","feature_source_date":null,"attribute_source":"Esri World Imagery","attribute_source_date":1675555200000,"spatial_confidence":5,"latitude":-33.73220916,"longitude":151.00016256,"created_date":1675555200000,"last_edited_on":1763510400000,"globalid":"{2D789B10-460B-4098-B1FE-5E1CF2922360}"}},{"type":"Feature","id":132,"geometry":{"type":"Point","coordinates":[151.2027358480001,-33.87319440099998]},"properties":{"objectid":132,"feature_type":"Substation","feature_subtype":"Zone","feature_name":"City Central","feature_description":"A structure in which high voltage electricity supply is converted, controlled or transformed","status":"Operational","voltage_kv":132,"locality":"SYDNEY","state":"NSW","feature_source":"Esri World Imagery","feature_source_date":null,"attribute_source":"Aemo-Australian Energy Market Operators 2013","attribute_source_date":1360800000000,"spatial_confidence":2,"latitude":-33.8731944,"longitude":151.20273584999998,"created_date":1675555200000,"last_edited_on":1763510400000,"globalid":"{EA67CE2C-ACC3-4D66-A7FC-E920BCDBFF13}"}},{"type":"Feature","id":133,"geometry":{"type":"Point","coordinates":[151.2073823820001,-33.87978354599994]},"properties":{"objectid":133,"feature_type":"Substation","feature_subtype":"Zone","feature_name":"Belmore Park","feature_description":"A structure in which high voltage electricity supply is converted, controlled or transformed","status":"Operational","voltage_kv":132,"locality":"HAYMARKET","state":"NSW","feature_source":"Esri World Imagery","feature_source_date":null,"attribute_source":"Aemo-Australian Energy Market Operators 2013","attribute_source_date":1360800000000,"spatial_confidence":5,"latitude":-33.87978355,"longitude":151.20738238,"created_date":1675555200000,"last_edited_on":1763510400000,"globalid":"{BD532306-8CF5-4A22-AD2F-7D3FDE696033}"}},{"type":"Feature","id":134,"geometry":{"type":"Point","coordinates":[151.0105235840001,-34.01488467699994]},"properties":{"objectid":134,"feature_type":"Substation","feature_subtype":"Zone","feature_name":"Menai","feature_description":"A structure in which high voltage electricity supply is converted, controlled or transformed","status":"Operational","voltage_kv":132,"locality":"MENAI","state":"NSW","feature_source":"Esri World Imagery","feature_source_date":null,"attribute_source":"Aemo-Australian Energy Market Operators 2013","attribute_source_date":1360800000000,"spatial_confidence":5,"latitude":-34.01488468,"longitude":151.01052358,"created_date":1675555200000,"last_edited_on":1763510400000,"globalid":"{D9435D8B-544D-43D8-99A1-8505C83DDBC8}"}},{"type":"Feature","id":135,"geometry":{"type":"Point","coordinates":[151.075461065,-34.03387270799993]},"properties":{"objectid":135,"feature_type":"Substation","feature_subtype":"Zone","feature_name":"Kirrawee","feature_description":"A structure in which high voltage electricity supply is converted, controlled or transformed","status":"Operational","voltage_kv":132,"locality":"KIRRAWEE","state":"NSW","feature_source":"Esri World Imagery","feature_source_date":null,"attribute_source":"Aemo-Australian Energy Market Operators 2013","attribute_source_date":1360800000000,"spatial_confidence":5,"latitude":-34.03387271,"longitude":151.07546107,"created_date":1675555200000,"last_edited_on":1763510400000,"globalid":"{69EB61EB-83A8-4A9A-A430-47823ADF49F2}"}},{"type":"Feature","id":136,"geometry":{"type":"Point","coordinates":[151.080227927,-34.027130805999946]},"properties":{"objectid":136,"feature_type":"Substation","feature_subtype":"Zone","feature_name":"Port Hacking","feature_description":"A structure in which high voltage electricity supply is converted, controlled or transformed","status":"Operational","voltage_kv":132,"locality":"KIRRAWEE","state":"NSW","feature_source":"Esri World Imagery","feature_source_date":null,"attribute_source":"Aemo-Australian Energy Market Operators 2013","attribute_source_date":1360800000000,"spatial_confidence":5,"latitude":-34.027130809999996,"longitude":151.08022792999998,"created_date":1675555200000,"last_edited_on":1763510400000,"globalid":"{55033C51-37FD-4F77-A728-CD0D7B74BDC3}"}},{"type":"Feature","id":137,"geometry":{"type":"Point","coordinates":[151.14691217900008,-34.051081384999975]},"properties":{"objectid":137,"feature_type":"Substation","feature_subtype":"Zone","feature_name":"Cronulla","feature_description":"A structure in which high voltage electricity supply is converted, controlled or transformed","status":"Operational","voltage_kv":132,"locality":"CRONULLA","state":"NSW","feature_source":"Esri World Imagery","feature_source_date":null,"attribute_source":"Aemo-Australian Energy Market Operators 2013","attribute_source_date":1360800000000,"spatial_confidence":5,"latitude":-34.05108139,"longitude":151.14691218,"created_date":1675555200000,"last_edited_on":1763510400000,"globalid":"{D56850F8-463E-4251-A07A-CB3F9C416FF3}"}},{"type":"Feature","id":138,"geometry":{"type":"Point","coordinates":[150.83680971600006,-33.81329947299997]},"properties":{"objectid":138,"feature_type":"Substation","feature_subtype":"Zone","feature_name":"Eastern Creek","feature_description":"A structure in which high voltage electricity supply is converted, controlled or transformed","status":"Operational","voltage_kv":132,"locality":"EASTERN CREEK","state":"NSW","feature_source":"Esri World Imagery","feature_source_date":null,"attribute_source":"Aemo-Australian Energy Market Operators 2013","attribute_source_date":1360800000000,"spatial_confidence":5,"latitude":-33.813299470000004,"longitude":150.83680972000002,"created_date":1681516800000,"last_edited_on":1763510400000,"globalid":"{D5CC8FEE-A094-4ABE-BC9D-1BE1A05263A7}"}},{"type":"Feature","id":139,"geometry":{"type":"Point","coordinates":[150.8482381650001,-33.766410417999964]},"properties":{"objectid":139,"feature_type":"Substation","feature_subtype":"Zone","feature_name":"BHP","feature_description":"A structure in which high voltage electricity supply is converted, controlled or transformed","status":"Operational","voltage_kv":132,"locality":"ROOTY HILL","state":"NSW","feature_source":"Esri World Imagery","feature_source_date":null,"attribute_source":"Aemo-Australian Energy Market Operators 2013","attribute_source_date":1360800000000,"spatial_confidence":5,"latitude":-33.76641042,"longitude":150.84823817,"created_date":1681516800000,"last_edited_on":1763510400000,"globalid":"{C198BE7E-47CA-4DE1-8625-9121C8AE791F}"}},{"type":"Feature","id":140,"geometry":{"type":"Point","coordinates":[150.88594173800004,-33.735375347999934]},"properties":{"objectid":140,"feature_type":"Substation","feature_subtype":"Zone","feature_name":"Quakers","feature_description":"A structure in which high voltage electricity supply is converted, controlled or transformed","status":"Operational","voltage_kv":132,"locality":"QUAKERS HILL","state":"NSW","feature_source":"Esri World Imagery","feature_source_date":null,"attribute_source":"Aemo-Australian Energy Market Operators 2013","attribute_source_date":1327276800000,"spatial_confidence":5,"latitude":-33.735375350000005,"longitude":150.88594174,"created_date":1675555200000,"last_edited_on":1763510400000,"globalid":"{9296F652-6A4E-47D1-ABD8-E84C0CBD2162}"}},{"type":"Feature","id":141,"geometry":{"type":"Point","coordinates":[150.89086419900002,-33.790407519999974]},"properties":{"objectid":141,"feature_type":"Substation","feature_subtype":"Zone","feature_name":"Arndell Park","feature_description":"A structure in which high voltage electricity supply is converted, controlled or transformed","status":"Operational","voltage_kv":null,"locality":"ARNDELL PARK","state":"NSW","feature_source":"Esri World Imagery","feature_source_date":null,"attribute_source":"Esri World Imagery","attribute_source_date":1675555200000,"spatial_confidence":5,"latitude":-33.790407519999995,"longitude":150.8908642,"created_date":1675555200000,"last_edited_on":1763510400000,"globalid":"{9E516035-E48A-4939-86A5-BF04731E1A3B}"}},{"type":"Feature","id":142,"geometry":{"type":"Point","coordinates":[151.002782367,-33.83678220499996]},"properties":{"objectid":142,"feature_type":"Substation","feature_subtype":"Zone","feature_name":"Granville","feature_description":"A structure in which high voltage electricity supply is converted, controlled or transformed","status":"Operational","voltage_kv":null,"locality":"GRANVILLE","state":"NSW","feature_source":"Esri World Imagery","feature_source_date":null,"attribute_source":"Esri World Imagery","attribute_source_date":1675555200000,"spatial_confidence":5,"latitude":-33.83678221,"longitude":151.00278237,"created_date":1675555200000,"last_edited_on":1763510400000,"globalid":"{E31E61E7-13A3-4B6A-85F3-39828C7E1B23}"}},{"type":"Feature","id":143,"geometry":{"type":"Point","coordinates":[151.00901279800007,-33.80747956199997]},"properties":{"objectid":143,"feature_type":"Substation","feature_subtype":"Zone","feature_name":"North Parramatta","feature_description":"A structure in which high voltage electricity supply is converted, controlled or transformed","status":"Operational","voltage_kv":null,"locality":"NORTH PARRAMATTA","state":"NSW","feature_source":"Esri World Imagery","feature_source_date":null,"attribute_source":"Esri World Imagery","attribute_source_date":1675555200000,"spatial_confidence":5,"latitude":-33.807479560000004,"longitude":151.0090128,"created_date":1675555200000,"last_edited_on":1763510400000,"globalid":"{078082EF-3EEC-4797-9240-B39DBAEFE576}"}},{"type":"Feature","id":144,"geometry":{"type":"Point","coordinates":[150.9116804150001,-33.84203894899997]},"properties":{"objectid":144,"feature_type":"Substation","feature_subtype":"Zone","feature_name":"Wetherill Park","feature_description":"A structure in which high voltage electricity supply is converted, controlled or transformed","status":"Operational","voltage_kv":132,"locality":"WETHERILL PARK","state":"NSW","feature_source":"Esri World Imagery","feature_source_date":null,"attribute_source":"Aemo-Australian Energy Market Operators 2013","attribute_source_date":1360800000000,"spatial_confidence":5,"latitude":-33.842038949999996,"longitude":150.91168041999998,"created_date":1675555200000,"last_edited_on":1763510400000,"globalid":"{867E0742-4A27-4D2B-92C9-C768A3BBA646}"}},{"type":"Feature","id":158,"geometry":{"type":"Point","coordinates":[148.3138130960001,-36.30175678899997]},"properties":{"objectid":158,"feature_type":"Substation","feature_subtype":"Zone","feature_name":"Geehi Dam","feature_description":"A structure in which high voltage electricity supply is converted, controlled or transformed","status":"Operational","voltage_kv":132,"locality":"GEEHI","state":"NSW","feature_source":"Esri World Imagery","feature_source_date":null,"attribute_source":"Aemo-Australian Energy Market Operators 2013","attribute_source_date":1360800000000,"spatial_confidence":5,"latitude":-36.30175679,"longitude":148.31381309999998,"created_date":1479513600000,"last_edited_on":1772064000000,"globalid":"{9EE6D90D-B143-44C2-9D64-4534157E27FE}"}},{"type":"Feature","id":159,"geometry":{"type":"Point","coordinates":[151.2058937820001,-34.01511625899997]},"properties":{"objectid":159,"feature_type":"Substation","feature_subtype":"Zone","feature_name":"Kurnell","feature_description":"A structure in which high voltage electricity supply is converted, controlled or transformed","status":"Operational","voltage_kv":132,"locality":"KURNELL","state":"NSW","feature_source":"Esri World Imagery","feature_source_date":null,"attribute_source":"Transgrid Annual Report 2011","attribute_source_date":1293840000000,"spatial_confidence":5,"latitude":-34.01511626,"longitude":151.20589378,"created_date":1675555200000,"last_edited_on":1763510400000,"globalid":"{985F10B6-646B-4568-A953-9354EE0DA409}"}},{"type":"Feature","id":160,"geometry":{"type":"Point","coordinates":[151.24669436600004,-33.88346339299994]},"properties":{"objectid":160,"feature_type":"Substation","feature_subtype":"Zone","feature_name":"Double Bay","feature_description":"A structure in which high voltage electricity supply is converted, controlled or transformed","status":"Operational","voltage_kv":132,"locality":"DOUBLE BAY","state":"NSW","feature_source":"Esri World Imagery","feature_source_date":null,"attribute_source":"Aemo-Australian Energy Market Operators 2013","attribute_source_date":1360800000000,"spatial_confidence":3,"latitude":-33.88346339,"longitude":151.24669437,"created_date":1678147200000,"last_edited_on":1763510400000,"globalid":"{24913093-B9BE-47F4-907F-4E733843D449}"}},{"type":"Feature","id":161,"geometry":{"type":"Point","coordinates":[151.24804144400002,-33.90889395399995]},"properties":{"objectid":161,"feature_type":"Substation","feature_subtype":"Zone","feature_name":"Clovelly","feature_description":"A structure in which high voltage electricity supply is converted, controlled or transformed","status":"Operational","voltage_kv":132,"locality":"RANDWICK","state":"NSW","feature_source":"Esri World Imagery","feature_source_date":null,"attribute_source":"Aemo-Australian Energy Market Operators 2013","attribute_source_date":1360800000000,"spatial_confidence":3,"latitude":-33.90889395,"longitude":151.24804143999998,"created_date":1678147200000,"last_edited_on":1763510400000,"globalid":"{BB182DC3-EBDF-4AA2-95F6-536494047822}"}},{"type":"Feature","id":163,"geometry":{"type":"Point","coordinates":[149.10773125100002,-32.66373057399994]},"properties":{"objectid":163,"feature_type":"Substation","feature_subtype":"Zone","feature_name":"Burrendong Dam","feature_description":"A structure in which high voltage electricity supply is converted, controlled or transformed","status":"Operational","voltage_kv":132,"locality":"YARRAGAL","state":"NSW","feature_source":"Esri World Imagery","feature_source_date":null,"attribute_source":"Aemo-Australian Energy Market Operators 2013","attribute_source_date":1360800000000,"spatial_confidence":5,"latitude":-32.66373057,"longitude":149.10773125,"created_date":1641254400000,"last_edited_on":1763510400000,"globalid":"{1B48A6C4-07F3-4207-A146-77219021CDA9}"}},{"type":"Feature","id":164,"geometry":{"type":"Point","coordinates":[149.10842212400007,-33.27419894099995]},"properties":{"objectid":164,"feature_type":"Substation","feature_subtype":"Zone","feature_name":"Orange North","feature_description":"A structure in which high voltage electricity supply is converted, controlled or transformed","status":"Operational","voltage_kv":132,"locality":"ORANGE","state":"NSW","feature_source":"Esri World Imagery","feature_source_date":null,"attribute_source":"Aemo-Australian Energy Market Operators 2013","attribute_source_date":1360800000000,"spatial_confidence":3,"latitude":-33.27419894,"longitude":149.10842212,"created_date":1693699200000,"last_edited_on":1771372800000,"globalid":"{D5E20B69-141A-4BAF-AE0A-8F11AD66677F}"}},{"type":"Feature","id":165,"geometry":{"type":"Point","coordinates":[145.9995949590001,-35.97336337199994]},"properties":{"objectid":165,"feature_type":"Substation","feature_subtype":"Zone","feature_name":"Mulwala","feature_description":"A structure in which high voltage electricity supply is converted, controlled or transformed","status":"Operational","voltage_kv":132,"locality":"MULWALA","state":"NSW","feature_source":"Esri World Imagery","feature_source_date":null,"attribute_source":"Aemo-Australian Energy Market Operators 2013","attribute_source_date":1360800000000,"spatial_confidence":4,"latitude":-35.97336337,"longitude":145.99959496000002,"created_date":1699833600000,"last_edited_on":1763510400000,"globalid":"{771E179C-C038-44EA-8372-A1700710C1C4}"}},{"type":"Feature","id":166,"geometry":{"type":"Point","coordinates":[146.39038171100003,-35.971445236999955]},"properties":{"objectid":166,"feature_type":"Substation","feature_subtype":"Zone","feature_name":"Corowa","feature_description":"A structure in which high voltage electricity supply is converted, controlled or transformed","status":"Operational","voltage_kv":132,"locality":"COROWA","state":"NSW","feature_source":"Esri World Imagery","feature_source_date":null,"attribute_source":"Aemo-Australian Energy Market Operators 2013","attribute_source_date":1360800000000,"spatial_confidence":4,"latitude":-35.97144524,"longitude":146.39038170999999,"created_date":1698105600000,"last_edited_on":1763510400000,"globalid":"{F42DCEAD-A1EB-4362-92ED-CFC66B44BB0E}"}},{"type":"Feature","id":176,"geometry":{"type":"Point","coordinates":[151.20317943100008,-33.86725681599995]},"properties":{"objectid":176,"feature_type":"Substation","feature_subtype":"Zone","feature_name":"City North","feature_description":"A structure in which high voltage electricity supply is converted, controlled or transformed","status":"Operational","voltage_kv":132,"locality":"SYDNEY","state":"NSW","feature_source":"Esri World Imagery","feature_source_date":null,"attribute_source":"Aemo-Australian Energy Market Operators 2013","attribute_source_date":1360800000000,"spatial_confidence":5,"latitude":-33.867256819999994,"longitude":151.20317943,"created_date":1675555200000,"last_edited_on":1763510400000,"globalid":"{E414668B-4080-4102-979D-61E35BA08A22}"}},{"type":"Feature","id":177,"geometry":{"type":"Point","coordinates":[151.0304524610001,-33.82606729999998]},"properties":{"objectid":177,"feature_type":"Substation","feature_subtype":"Zone","feature_name":"Camellia","feature_description":"A structure in which high voltage electricity supply is converted, controlled or transformed","status":"Operational","voltage_kv":132,"locality":"ROSEHILL","state":"NSW","feature_source":"Esri World Imagery","feature_source_date":null,"attribute_source":"Aemo-Australian Energy Market Operators 2013","attribute_source_date":1360800000000,"spatial_confidence":5,"latitude":-33.8260673,"longitude":151.03045246,"created_date":1675555200000,"last_edited_on":1763510400000,"globalid":"{5EC28EA1-4AC0-4485-A69E-DC4411A37784}"}},{"type":"Feature","id":178,"geometry":{"type":"Point","coordinates":[150.32519134400002,-33.669655183999964]},"properties":{"objectid":178,"feature_type":"Substation","feature_subtype":"Zone","feature_name":"Katoomba North","feature_description":"A structure in which high voltage electricity supply is converted, controlled or transformed","status":"Operational","voltage_kv":132,"locality":"MEDLOW BATH","state":"NSW","feature_source":"Esri World Imagery","feature_source_date":null,"attribute_source":"Aemo-Australian Energy Market Operators 2013","attribute_source_date":1360800000000,"spatial_confidence":5,"latitude":-33.66965518,"longitude":150.32519134,"created_date":1678838400000,"last_edited_on":1763510400000,"globalid":"{278E7A22-5F9C-4D64-9A0E-D14F7838FF08}"}},{"type":"Feature","id":179,"geometry":{"type":"Point","coordinates":[149.85677874300006,-33.68728704599994]},"properties":{"objectid":179,"feature_type":"Substation","feature_subtype":"Zone","feature_name":"Oberon","feature_description":"A structure in which high voltage electricity supply is converted, controlled or transformed","status":"Operational","voltage_kv":132,"locality":"OBERON","state":"NSW","feature_source":"Esri World Imagery","feature_source_date":null,"attribute_source":"Aemo-Australian Energy Market Operators 2013","attribute_source_date":1360800000000,"spatial_confidence":5,"latitude":-33.687287049999995,"longitude":149.85677873999998,"created_date":1702512000000,"last_edited_on":1763510400000,"globalid":"{AD2BE8D3-E5DB-48C6-BF1C-1C4CF242187A}"}},{"type":"Feature","id":180,"geometry":{"type":"Point","coordinates":[148.052876996,-32.916977534999944]},"properties":{"objectid":180,"feature_type":"Substation","feature_subtype":"Zone","feature_name":"North Parkes","feature_description":"A structure in which high voltage electricity supply is converted, controlled or transformed","status":"Operational","voltage_kv":132,"locality":"GOONUMBLA","state":"NSW","feature_source":"Esri World Imagery","feature_source_date":null,"attribute_source":"Aemo-Australian Energy Market Operators 2013","attribute_source_date":1360800000000,"spatial_confidence":5,"latitude":-32.91697753,"longitude":148.052877,"created_date":1705881600000,"last_edited_on":1763510400000,"globalid":"{21F22477-6E8D-4216-B38D-AF8FC643FF8F}"}},{"type":"Feature","id":188,"geometry":{"type":"Point","coordinates":[150.8813803480001,-33.84196517899994]},"properties":{"objectid":188,"feature_type":"Substation","feature_subtype":"Zone","feature_name":"West Wetherill","feature_description":"A structure in which high voltage electricity supply is converted, controlled or transformed","status":"Operational","voltage_kv":132,"locality":"WETHERILL PARK","state":"NSW","feature_source":"Esri World Imagery","feature_source_date":null,"attribute_source":"Aemo-Australian Energy Market Operators 2013","attribute_source_date":1360800000000,"spatial_confidence":5,"latitude":-33.84196518,"longitude":150.88138035,"created_date":1675555200000,"last_edited_on":1763510400000,"globalid":"{4869FE2B-2D3B-4508-B138-77847B1E8056}"}},{"type":"Feature","id":190,"geometry":{"type":"Point","coordinates":[148.4117895160001,-36.35103559899994]},"properties":{"objectid":190,"feature_type":"Substation","feature_subtype":"Zone","feature_name":"Munyang","feature_description":"A structure in which high voltage electricity supply is converted, controlled or transformed","status":"Operational","voltage_kv":132,"locality":"BURRUNGUBUGGE","state":"NSW","feature_source":"Esri World Imagery","feature_source_date":null,"attribute_source":"Aemo-Australian Energy Market Operators 2013","attribute_source_date":1360800000000,"spatial_confidence":5,"latitude":-36.351035599999996,"longitude":148.41178951999999,"created_date":1698019200000,"last_edited_on":1771372800000,"globalid":"{9916D026-BD9A-40C5-ACA5-027AC76A2882}"}},{"type":"Feature","id":191,"geometry":{"type":"Point","coordinates":[148.2454088500001,-35.398272334999945]},"properties":{"objectid":191,"feature_type":"Substation","feature_subtype":"Switchyard","feature_name":"Blowering","feature_description":"A structure in which high voltage electricity supply is converted, controlled or transformed","status":"Operational","voltage_kv":132,"locality":"WEREBOLDERA","state":"NSW","feature_source":"Esri World Imagery","feature_source_date":null,"attribute_source":"Aemo-Australian Energy Market Operators 2013","attribute_source_date":1360800000000,"spatial_confidence":5,"latitude":-35.398272330000005,"longitude":148.24540885,"created_date":1678320000000,"last_edited_on":1771372800000,"globalid":"{4D752C76-E523-43DB-AFE6-F795E6754AA9}"}},{"type":"Feature","id":194,"geometry":{"type":"Point","coordinates":[150.59735572800003,-33.88247691699996]},"properties":{"objectid":194,"feature_type":"Substation","feature_subtype":"Switchyard","feature_name":"Warragamba Dam","feature_description":"A structure in which high voltage electricity supply is converted, controlled or transformed","status":"Operational","voltage_kv":132,"locality":"WARRAGAMBA","state":"NSW","feature_source":"Esri World Imagery","feature_source_date":null,"attribute_source":"Aemo-Australian Energy Market Operators 2013","attribute_source_date":1360800000000,"spatial_confidence":5,"latitude":-33.882476919999995,"longitude":150.59735573,"created_date":1678838400000,"last_edited_on":1763510400000,"globalid":"{12CA9503-C0F3-4403-9A3F-FCE966AF2B15}"}},{"type":"Feature","id":195,"geometry":{"type":"Point","coordinates":[149.52301484400004,-35.18738594399997]},"properties":{"objectid":195,"feature_type":"Substation","feature_subtype":"Switchyard","feature_name":"Capital Wind Farm","feature_description":"A structure in which high voltage electricity supply is converted, controlled or transformed","status":"Operational","voltage_kv":330,"locality":"LAKE GEORGE","state":"NSW","feature_source":"Esri World Imagery","feature_source_date":null,"attribute_source":"Aemo-Australian Energy Market Operators 2013","attribute_source_date":1360800000000,"spatial_confidence":5,"latitude":-35.18738594,"longitude":149.52301484,"created_date":1676678400000,"last_edited_on":1772064000000,"globalid":"{E0816EF7-DA87-493F-A1DF-7D7D560796A7}"}},{"type":"Feature","id":196,"geometry":{"type":"Point","coordinates":[147.215407668,-35.177287209999974]},"properties":{"objectid":196,"feature_type":"Substation","feature_subtype":"Substation","feature_name":"Uranquinty","feature_description":"A structure in which high voltage electricity supply is converted, controlled or transformed","status":"Operational","voltage_kv":132,"locality":"URANQUINTY","state":"NSW","feature_source":"Esri World Imagery","feature_source_date":null,"attribute_source":"Aemo-Australian Energy Market Operators 2013","attribute_source_date":1526515200000,"spatial_confidence":5,"latitude":-35.177287209999996,"longitude":147.21540767,"created_date":1695859200000,"last_edited_on":1771372800000,"globalid":"{1DE60B62-57E3-4A1F-9CEE-364E31C4F4B1}"}},{"type":"Feature","id":229,"geometry":{"type":"Point","coordinates":[150.9576409660001,-33.85057579099998]},"properties":{"objectid":229,"feature_type":"Substation","feature_subtype":"Zone","feature_name":"Guildford","feature_description":"A structure in which high voltage electricity supply is converted, controlled or transformed","status":"Operational","voltage_kv":132,"locality":"GUILDFORD WEST","state":"NSW","feature_source":"Esri World Imagery","feature_source_date":null,"attribute_source":"Aemo-Australian Energy Market Operators 2013","attribute_source_date":1360800000000,"spatial_confidence":5,"latitude":-33.85057578999999,"longitude":150.95764097,"created_date":1675555200000,"last_edited_on":1763510400000,"globalid":"{F96CF908-71BE-458D-A598-346D5BD58756}"}},{"type":"Feature","id":230,"geometry":{"type":"Point","coordinates":[148.89896426500002,-33.086876641999936]},"properties":{"objectid":230,"feature_type":"Substation","feature_subtype":"Zone","feature_name":"Molong","feature_description":"A structure in which high voltage electricity supply is converted, controlled or transformed","status":"Operational","voltage_kv":132,"locality":"MOLONG","state":"NSW","feature_source":"Esri World Imagery","feature_source_date":null,"attribute_source":"Aemo-Australian Energy Market Operators 2013","attribute_source_date":1360800000000,"spatial_confidence":5,"latitude":-33.08687664,"longitude":148.89896427,"created_date":1640044800000,"last_edited_on":1771372800000,"globalid":"{927499E8-3949-453B-B589-9FE255D76CFA}"}},{"type":"Feature","id":231,"geometry":{"type":"Point","coordinates":[150.02265160000002,-33.35123014499993]},"properties":{"objectid":231,"feature_type":"Substation","feature_subtype":"Zone","feature_name":"Mount Piper 132","feature_description":"A structure in which high voltage electricity supply is converted, controlled or transformed","status":"Operational","voltage_kv":132,"locality":"BLACKMANS FLAT","state":"NSW","feature_source":"Esri World Imagery","feature_source_date":null,"attribute_source":"Aemo-Australian Energy Market Operators 2013","attribute_source_date":1360800000000,"spatial_confidence":5,"latitude":-33.35123014,"longitude":150.02265160000002,"created_date":1684886400000,"last_edited_on":1771977600000,"globalid":"{C6169892-67E6-4A82-B2A7-EF88FCDC6AD4}"}},{"type":"Feature","id":232,"geometry":{"type":"Point","coordinates":[151.6379436210001,-32.79943740699997]},"properties":{"objectid":232,"feature_type":"Substation","feature_subtype":"Zone","feature_name":"Beresfield","feature_description":"A structure in which high voltage electricity supply is converted, controlled or transformed","status":"Operational","voltage_kv":132,"locality":"BERESFIELD","state":"NSW","feature_source":"Esri World Imagery","feature_source_date":null,"attribute_source":"Aemo-Australian Energy Market Operators 2013","attribute_source_date":1360800000000,"spatial_confidence":5,"latitude":-32.799437409999996,"longitude":151.63794362000002,"created_date":1676505600000,"last_edited_on":1763510400000,"globalid":"{69C6D69A-2FC5-4BF3-9132-06F4F2941A53}"}},{"type":"Feature","id":233,"geometry":{"type":"Point","coordinates":[151.08858394700007,-33.86707430599995]},"properties":{"objectid":233,"feature_type":"Substation","feature_subtype":"Zone","feature_name":"Homebush","feature_description":"A structure in which high voltage electricity supply is converted, controlled or transformed","status":"Operational","voltage_kv":132,"locality":"HOMEBUSH","state":"NSW","feature_source":"Esri World Imagery","feature_source_date":null,"attribute_source":"Aemo-Australian Energy Market Operators 2013","attribute_source_date":1360800000000,"spatial_confidence":5,"latitude":-33.86707431,"longitude":151.08858395000001,"created_date":1675555200000,"last_edited_on":1763510400000,"globalid":"{F6F9F4C3-572E-4AB1-83F0-0E9624A89941}"}},{"type":"Feature","id":234,"geometry":{"type":"Point","coordinates":[150.9687263820001,-33.78181432499997]},"properties":{"objectid":234,"feature_type":"Substation","feature_subtype":"Zone","feature_name":"Baulkham Hills","feature_description":"A structure in which high voltage electricity supply is converted, controlled or transformed","status":"Operational","voltage_kv":132,"locality":"OLD TOONGABBIE","state":"NSW","feature_source":"Esri World Imagery","feature_source_date":null,"attribute_source":"Aemo-Australian Energy Market Operators 2013","attribute_source_date":1360800000000,"spatial_confidence":5,"latitude":-33.781814329999996,"longitude":150.96872638000002,"created_date":1675555200000,"last_edited_on":1763510400000,"globalid":"{FCBE0505-361C-4C13-9EFB-8808A0A7703A}"}},{"type":"Feature","id":235,"geometry":{"type":"Point","coordinates":[150.7953586740001,-33.811931339999944]},"properties":{"objectid":235,"feature_type":"Substation","feature_subtype":"Zone","feature_name":"Mamre","feature_description":"A structure in which high voltage electricity supply is converted, controlled or transformed","status":"Operational","voltage_kv":330,"locality":"ERSKINE PARK","state":"NSW","feature_source":"Esri World Imagery","feature_source_date":null,"attribute_source":"Aemo-Australian Energy Market Operators 2013","attribute_source_date":1360800000000,"spatial_confidence":5,"latitude":-33.81193134,"longitude":150.79535866999998,"created_date":1681516800000,"last_edited_on":1763510400000,"globalid":"{C9E238E6-B3A9-49D9-BBDE-E8B050CCB743}"}},{"type":"Feature","id":236,"geometry":{"type":"Point","coordinates":[150.839008497,-33.75865778199994]},"properties":{"objectid":236,"feature_type":"Substation","feature_subtype":"Zone","feature_name":"Rooty Hill","feature_description":"A structure in which high voltage electricity supply is converted, controlled or transformed","status":"Operational","voltage_kv":132,"locality":"PLUMPTON","state":"NSW","feature_source":"Esri World Imagery","feature_source_date":null,"attribute_source":"Aemo-Australian Energy Market Operators 2013","attribute_source_date":1360800000000,"spatial_confidence":5,"latitude":-33.75865778,"longitude":150.8390085,"created_date":1681516800000,"last_edited_on":1763510400000,"globalid":"{59C527C4-E5B2-4A75-BA09-0964171D9431}"}},{"type":"Feature","id":237,"geometry":{"type":"Point","coordinates":[149.9532718580001,-32.411658648999946]},"properties":{"objectid":237,"feature_type":"Substation","feature_subtype":"Zone","feature_name":"Wollar","feature_description":"A structure in which high voltage electricity supply is converted, controlled or transformed","status":"Operational","voltage_kv":500,"locality":"WOLLAR","state":"NSW","feature_source":"Esri World Imagery","feature_source_date":null,"attribute_source":"Aemo-Australian Energy Market Operators 2013","attribute_source_date":1360800000000,"spatial_confidence":5,"latitude":-32.41165865,"longitude":149.95327186,"created_date":1681948800000,"last_edited_on":1771372800000,"globalid":"{3C7E4243-F55F-4212-A509-2B14FBDD3BE5}"}},{"type":"Feature","id":238,"geometry":{"type":"Point","coordinates":[148.07499589700012,-33.10272111399996]},"properties":{"objectid":238,"feature_type":"Substation","feature_subtype":"Zone","feature_name":"Parkes","feature_description":"A structure in which high voltage electricity supply is converted, controlled or transformed","status":"Operational","voltage_kv":132,"locality":"PARKES","state":"NSW","feature_source":"Esri World Imagery","feature_source_date":null,"attribute_source":"Aemo-Australian Energy Market Operators 2013","attribute_source_date":1646179200000,"spatial_confidence":5,"latitude":-33.10272111,"longitude":148.0749959,"created_date":1705881600000,"last_edited_on":1771372800000,"globalid":"{527928CA-E663-4F0E-8DC0-1EBDED70E17C}"}},{"type":"Feature","id":239,"geometry":{"type":"Point","coordinates":[145.51274952900008,-35.639775164999946]},"properties":{"objectid":239,"feature_type":"Substation","feature_subtype":"Zone","feature_name":"Finley","feature_description":"A structure in which high voltage electricity supply is converted, controlled or transformed","status":"Operational","voltage_kv":132,"locality":"FINLEY","state":"NSW","feature_source":"Esri World Imagery","feature_source_date":null,"attribute_source":"Aemo-Australian Energy Market Operators 2013","attribute_source_date":1360800000000,"spatial_confidence":5,"latitude":-35.63977516,"longitude":145.51274953,"created_date":1696896000000,"last_edited_on":1771372800000,"globalid":"{2B81EEA7-9698-4DE1-951B-30E4BBE02F3B}"}},{"type":"Feature","id":240,"geometry":{"type":"Point","coordinates":[150.33975483500012,-30.977318656999955]},"properties":{"objectid":240,"feature_type":"Substation","feature_subtype":"Switchyard","feature_name":"Gunnedah 132-66","feature_description":"A structure in which high voltage electricity supply is converted, controlled or transformed","status":"Operational","voltage_kv":132,"locality":"CARROLL","state":"NSW","feature_source":"Esri World Imagery","feature_source_date":null,"attribute_source":"Aemo-Australian Energy Market Operators 2013","attribute_source_date":1360800000000,"spatial_confidence":5,"latitude":-30.977318659999998,"longitude":150.33975483999998,"created_date":1677628800000,"last_edited_on":1771372800000,"globalid":"{30213278-BA4E-41C3-8842-EE94B4DBD081}"}},{"type":"Feature","id":241,"geometry":{"type":"Point","coordinates":[152.9095631250001,-30.721689457999958]},"properties":{"objectid":241,"feature_type":"Substation","feature_subtype":"Zone","feature_name":"Macksville","feature_description":"A structure in which high voltage electricity supply is converted, controlled or transformed","status":"Operational","voltage_kv":132,"locality":"MACKSVILLE","state":"NSW","feature_source":"Esri World Imagery","feature_source_date":null,"attribute_source":"Aemo-Australian Energy Market Operators 2013","attribute_source_date":1360800000000,"spatial_confidence":3,"latitude":-30.72168946,"longitude":152.90956313,"created_date":1697241600000,"last_edited_on":1771372800000,"globalid":"{ED0D76D7-695F-4BA0-BC11-E411CFC2C2E7}"}},{"type":"Feature","id":242,"geometry":{"type":"Point","coordinates":[150.93636096900002,-33.72012839699994]},"properties":{"objectid":242,"feature_type":"Substation","feature_subtype":"Zone","feature_name":"Parklea","feature_description":"A structure in which high voltage electricity supply is converted, controlled or transformed","status":"Operational","voltage_kv":132,"locality":"STANHOPE GARDENS","state":"NSW","feature_source":"Esri World Imagery","feature_source_date":null,"attribute_source":"Aemo-Australian Energy Market Operators 2013","attribute_source_date":1360800000000,"spatial_confidence":5,"latitude":-33.7201284,"longitude":150.93636096999998,"created_date":1675555200000,"last_edited_on":1763510400000,"globalid":"{986583DE-31DF-47A0-B98B-4ED065FF780B}"}},{"type":"Feature","id":252,"geometry":{"type":"Point","coordinates":[147.4226853340001,-35.07643430899998]},"properties":{"objectid":252,"feature_type":"Substation","feature_subtype":"Zone","feature_name":"Wagga North","feature_description":"A structure in which high voltage electricity supply is converted, controlled or transformed","status":"Operational","voltage_kv":132,"locality":"BOMEN","state":"NSW","feature_source":"Esri World Imagery","feature_source_date":null,"attribute_source":"Aemo-Australian Energy Market Operators 2013","attribute_source_date":1360800000000,"spatial_confidence":5,"latitude":-35.076434309999996,"longitude":147.42268532999998,"created_date":1695513600000,"last_edited_on":1771372800000,"globalid":"{09793720-1A71-45F6-BBD3-21D14728E078}"}},{"type":"Feature","id":307,"geometry":{"type":"Point","coordinates":[151.0409712830001,-33.65795648899996]},"properties":{"objectid":307,"feature_type":"Substation","feature_subtype":"Zone","feature_name":"Galston","feature_description":"A structure in which high voltage electricity supply is converted, controlled or transformed","status":"Operational","voltage_kv":132,"locality":"GALSTON","state":"NSW","feature_source":"Esri World Imagery","feature_source_date":null,"attribute_source":"Aemo-Australian Energy Market Operators 2013","attribute_source_date":1360800000000,"spatial_confidence":5,"latitude":-33.65795649,"longitude":151.04097127999998,"created_date":1675555200000,"last_edited_on":1763510400000,"globalid":"{3C81FA50-FE37-44CC-8889-510AC6EE1BED}"}},{"type":"Feature","id":315,"geometry":{"type":"Point","coordinates":[149.79771936500003,-30.31695093099995]},"properties":{"objectid":315,"feature_type":"Substation","feature_subtype":"Zone","feature_name":"Narrabri","feature_description":"A structure in which high voltage electricity supply is converted, controlled or transformed","status":"Operational","voltage_kv":132,"locality":"NARRABRI","state":"NSW","feature_source":"Esri World Imagery","feature_source_date":null,"attribute_source":"Aemo-Australian Energy Market Operators 2013","attribute_source_date":1360800000000,"spatial_confidence":5,"latitude":-30.31695093,"longitude":149.79771936999998,"created_date":1697500800000,"last_edited_on":1771372800000,"globalid":"{B5E18FFA-1A2C-4D59-B894-D8AB7332D300}"}},{"type":"Feature","id":316,"geometry":{"type":"Point","coordinates":[149.855609436,-29.48520641099998]},"properties":{"objectid":316,"feature_type":"Substation","feature_subtype":"Zone","feature_name":"Moree","feature_description":"A structure in which high voltage electricity supply is converted, controlled or transformed","status":"Operational","voltage_kv":132,"locality":"MOREE","state":"NSW","feature_source":"Esri World Imagery","feature_source_date":null,"attribute_source":"Aemo-Australian Energy Market Operators 2013","attribute_source_date":1360800000000,"spatial_confidence":5,"latitude":-29.48520641,"longitude":149.85560944000002,"created_date":1697500800000,"last_edited_on":1771372800000,"globalid":"{FF7CC37C-3248-4DC8-9FB0-1D2D56EABE17}"}},{"type":"Feature","id":317,"geometry":{"type":"Point","coordinates":[151.32886895800004,-29.203107245999945]},"properties":{"objectid":317,"feature_type":"Substation","feature_subtype":"Zone","feature_name":"Dumeresq","feature_description":"A structure in which high voltage electricity supply is converted, controlled or transformed","status":"Operational","voltage_kv":330,"locality":"BONSHAW","state":"NSW","feature_source":"Esri World Imagery","feature_source_date":null,"attribute_source":"Aemo-Australian Energy Market Operators 2013","attribute_source_date":1360800000000,"spatial_confidence":5,"latitude":-29.20310725,"longitude":151.32886896,"created_date":1583020800000,"last_edited_on":1771372800000,"globalid":"{5D4BF7B8-7DC4-40B5-8799-2072E87270DB}"}},{"type":"Feature","id":318,"geometry":{"type":"Point","coordinates":[151.15934944800006,-29.78552081099997]},"properties":{"objectid":318,"feature_type":"Substation","feature_subtype":"Zone","feature_name":"Inverell","feature_description":"A structure in which high voltage electricity supply is converted, controlled or transformed","status":"Operational","voltage_kv":132,"locality":"INVERELL","state":"NSW","feature_source":"Esri World Imagery","feature_source_date":null,"attribute_source":"Aemo-Australian Energy Market Operators 2013","attribute_source_date":1360800000000,"spatial_confidence":5,"latitude":-29.785520809999998,"longitude":151.15934945,"created_date":1700179200000,"last_edited_on":1771372800000,"globalid":"{38FD97DA-6EE4-481D-BF78-D24925B3543B}"}},{"type":"Feature","id":319,"geometry":{"type":"Point","coordinates":[151.77314166500003,-29.706735048999974]},"properties":{"objectid":319,"feature_type":"Substation","feature_subtype":"Zone","feature_name":"Glen Innes","feature_description":"A structure in which high voltage electricity supply is converted, controlled or transformed","status":"Operational","voltage_kv":132,"locality":"GLEN INNES","state":"NSW","feature_source":"Esri World Imagery","feature_source_date":null,"attribute_source":"Aemo-Australian Energy Market Operators 2013","attribute_source_date":1673136000000,"spatial_confidence":5,"latitude":-29.706735050000002,"longitude":151.77314167,"created_date":1700179200000,"last_edited_on":1771372800000,"globalid":"{093FB4FF-4A53-4C25-972F-6608B026E9A0}"}},{"type":"Feature","id":320,"geometry":{"type":"Point","coordinates":[152.03919289500004,-29.057539365999958]},"properties":{"objectid":320,"feature_type":"Substation","feature_subtype":"Zone","feature_name":"Tenterfield","feature_description":"A structure in which high voltage electricity supply is converted, controlled or transformed","status":"Operational","voltage_kv":132,"locality":"TENTERFIELD","state":"NSW","feature_source":"Esri World Imagery","feature_source_date":null,"attribute_source":"Aemo-Australian Energy Market Operators 2013","attribute_source_date":1360800000000,"spatial_confidence":5,"latitude":-29.05753937,"longitude":152.0391929,"created_date":1686873600000,"last_edited_on":1771372800000,"globalid":"{4DFB9898-64B2-4ED6-BF44-D4B0052EB14C}"}},{"type":"Feature","id":321,"geometry":{"type":"Point","coordinates":[153.0485478910001,-28.89033908899995]},"properties":{"objectid":321,"feature_type":"Substation","feature_subtype":"Zone","feature_name":"Casino","feature_description":"A structure in which high voltage electricity supply is converted, controlled or transformed","status":"Operational","voltage_kv":132,"locality":"CASINO","state":"NSW","feature_source":"Esri World Imagery","feature_source_date":null,"attribute_source":"Aemo-Australian Energy Market Operators 2013","attribute_source_date":1360800000000,"spatial_confidence":5,"latitude":-28.89033909,"longitude":153.04854788999998,"created_date":1696896000000,"last_edited_on":1763510400000,"globalid":"{BF7F45B6-A7AA-43E0-9845-F930E361656C}"}},{"type":"Feature","id":322,"geometry":{"type":"Point","coordinates":[153.50355381100007,-28.241136067999946]},"properties":{"objectid":322,"feature_type":"Substation","feature_subtype":"Zone","feature_name":"Terranora","feature_description":"A structure in which high voltage electricity supply is converted, controlled or transformed","status":"Operational","voltage_kv":132,"locality":"TERRANORA","state":"NSW","feature_source":"Esri World Imagery","feature_source_date":null,"attribute_source":"Aemo-Australian Energy Market Operators 2013","attribute_source_date":1360800000000,"spatial_confidence":5,"latitude":-28.24113607,"longitude":153.50355381,"created_date":1667692800000,"last_edited_on":1771372800000,"globalid":"{CB82970A-4326-4DCA-A341-9F0A7841F996}"}},{"type":"Feature","id":323,"geometry":{"type":"Point","coordinates":[153.31314911100003,-28.692134713999963]},"properties":{"objectid":323,"feature_type":"Substation","feature_subtype":"Zone","feature_name":"Dunoon","feature_description":"A structure in which high voltage electricity supply is converted, controlled or transformed","status":"Operational","voltage_kv":132,"locality":"DUNOON","state":"NSW","feature_source":"Esri World Imagery","feature_source_date":null,"attribute_source":"Aemo-Australian Energy Market Operators 2013","attribute_source_date":1360800000000,"spatial_confidence":5,"latitude":-28.69213471,"longitude":153.31314910999998,"created_date":1697068800000,"last_edited_on":1763510400000,"globalid":"{0678F929-A4D8-4B6C-967E-28525CC01F52}"}},{"type":"Feature","id":324,"geometry":{"type":"Point","coordinates":[153.45280187600008,-28.57119205899994]},"properties":{"objectid":324,"feature_type":"Substation","feature_subtype":"Zone","feature_name":"Mullumbimby","feature_description":"A structure in which high voltage electricity supply is converted, controlled or transformed","status":"Operational","voltage_kv":132,"locality":"WILSONS CREEK","state":"NSW","feature_source":"Esri World Imagery","feature_source_date":null,"attribute_source":"Aemo-Australian Energy Market Operators 2013","attribute_source_date":1360800000000,"spatial_confidence":5,"latitude":-28.57119206,"longitude":153.45280188,"created_date":1684627200000,"last_edited_on":1763510400000,"globalid":"{ED104A29-ACF3-43E4-954A-E9E6D27FB19D}"}},{"type":"Feature","id":325,"geometry":{"type":"Point","coordinates":[153.2434559400001,-28.818916055999978]},"properties":{"objectid":325,"feature_type":"Substation","feature_subtype":"Bulk Supply Point","feature_name":"Lismore 132","feature_description":"A structure in which high voltage electricity supply is converted, controlled or transformed","status":"Operational","voltage_kv":132,"locality":"SOUTH LISMORE","state":"NSW","feature_source":"Esri World Imagery","feature_source_date":null,"attribute_source":"Aemo-Australian Energy Market Operators 2013","attribute_source_date":1360800000000,"spatial_confidence":5,"latitude":-28.81891606,"longitude":153.24345594000002,"created_date":1701734400000,"last_edited_on":1763510400000,"globalid":"{B790BECD-0D38-4B1B-99F2-900B62718CAC}"}},{"type":"Feature","id":326,"geometry":{"type":"Point","coordinates":[153.00129952400005,-30.462633488999984]},"properties":{"objectid":326,"feature_type":"Substation","feature_subtype":"Zone","feature_name":"Raleigh","feature_description":"A structure in which high voltage electricity supply is converted, controlled or transformed","status":"Operational","voltage_kv":132,"locality":"RALEIGH","state":"NSW","feature_source":"Esri World Imagery","feature_source_date":null,"attribute_source":"Aemo-Australian Energy Market Operators 2013","attribute_source_date":1360800000000,"spatial_confidence":5,"latitude":-30.462633489999998,"longitude":153.00129952,"created_date":1697068800000,"last_edited_on":1771372800000,"globalid":"{2C6B3BA3-3BC6-422F-ABB6-576A4C3CAD37}"}},{"type":"Feature","id":327,"geometry":{"type":"Point","coordinates":[152.83545160100005,-31.44981039499993]},"properties":{"objectid":327,"feature_type":"Substation","feature_subtype":"Zone","feature_name":"Port Macquarie","feature_description":"A structure in which high voltage electricity supply is converted, controlled or transformed","status":"Operational","voltage_kv":132,"locality":"THRUMSTER","state":"NSW","feature_source":"Esri World Imagery","feature_source_date":null,"attribute_source":"Aemo-Australian Energy Market Operators 2013","attribute_source_date":1360800000000,"spatial_confidence":5,"latitude":-31.44981039,"longitude":152.8354516,"created_date":1690156800000,"last_edited_on":1771372800000,"globalid":"{174A6FAC-5EEA-4196-AEB8-3E0C66B5A2BA}"}},{"type":"Feature","id":328,"geometry":{"type":"Point","coordinates":[151.32766619900008,-32.71210646999998]},"properties":{"objectid":328,"feature_type":"Substation","feature_subtype":"Zone","feature_name":"Rothbury","feature_description":"A structure in which high voltage electricity supply is converted, controlled or transformed","status":"Operational","voltage_kv":132,"locality":"LOVEDALE","state":"NSW","feature_source":"Esri World Imagery","feature_source_date":null,"attribute_source":"Aemo-Australian Energy Market Operators 2013","attribute_source_date":1360800000000,"spatial_confidence":5,"latitude":-32.71210647,"longitude":151.32766619999998,"created_date":1698019200000,"last_edited_on":1763510400000,"globalid":"{A3C36D0E-6590-41E4-A011-490C2CD1EC2E}"}},{"type":"Feature","id":329,"geometry":{"type":"Point","coordinates":[151.4795518520001,-32.785619130999976]},"properties":{"objectid":329,"feature_type":"Substation","feature_subtype":"Sole Use","feature_name":"Capral","feature_description":"A structure in which high voltage electricity supply is converted, controlled or transformed","status":"Operational","voltage_kv":132,"locality":"LOXFORD","state":"NSW","feature_source":"Esri World Imagery","feature_source_date":null,"attribute_source":"Aemo-Australian Energy Market Operators 2013","attribute_source_date":1360800000000,"spatial_confidence":5,"latitude":-32.78561913,"longitude":151.47955185,"created_date":1681689600000,"last_edited_on":1763510400000,"globalid":"{ABD81160-4C83-47A4-B930-A0BD18CF7A0D}"}},{"type":"Feature","id":330,"geometry":{"type":"Point","coordinates":[151.92839016300002,-32.34758796999995]},"properties":{"objectid":330,"feature_type":"Substation","feature_subtype":"Zone","feature_name":"Stroud","feature_description":"A structure in which high voltage electricity supply is converted, controlled or transformed","status":"Operational","voltage_kv":132,"locality":"STROUD ROAD","state":"NSW","feature_source":"Esri World Imagery","feature_source_date":null,"attribute_source":"Aemo-Australian Energy Market Operators 2013","attribute_source_date":1360800000000,"spatial_confidence":5,"latitude":-32.34758797,"longitude":151.92839016000002,"created_date":1696464000000,"last_edited_on":1771372800000,"globalid":"{03629B3D-9CAD-4FA0-ADE5-CAFAFE944F7F}"}},{"type":"Feature","id":331,"geometry":{"type":"Point","coordinates":[150.94610451500012,-32.399445484999944]},"properties":{"objectid":331,"feature_type":"Substation","feature_subtype":"Switchyard","feature_name":"Bayswater","feature_description":"A structure in which high voltage electricity supply is converted, controlled or transformed","status":"Operational","voltage_kv":500,"locality":"MUSWELLBROOK","state":"NSW","feature_source":"Esri World Imagery","feature_source_date":null,"attribute_source":"Aemo-Australian Energy Market Operators 2013","attribute_source_date":1360800000000,"spatial_confidence":5,"latitude":-32.39944548,"longitude":150.94610452,"created_date":1676073600000,"last_edited_on":1771372800000,"globalid":"{8A0ABD56-E0D2-4D98-AA02-1546AB5C586B}"}},{"type":"Feature","id":332,"geometry":{"type":"Point","coordinates":[150.97504400700006,-32.371228007999946]},"properties":{"objectid":332,"feature_type":"Substation","feature_subtype":"Terminal","feature_name":"Liddell","feature_description":"A structure in which high voltage electricity supply is converted, controlled or transformed","status":"Operational","voltage_kv":330,"locality":"MUSWELLBROOK","state":"NSW","feature_source":"Esri World Imagery","feature_source_date":null,"attribute_source":"Aemo-Australian Energy Market Operators 2013","attribute_source_date":1360800000000,"spatial_confidence":5,"latitude":-32.37122801,"longitude":150.97504401,"created_date":1676073600000,"last_edited_on":1771372800000,"globalid":"{0C1D9C61-C7C0-4280-A7DE-ACCC7B60AE0A}"}},{"type":"Feature","id":333,"geometry":{"type":"Point","coordinates":[151.54167006400007,-33.15915175899994]},"properties":{"objectid":333,"feature_type":"Substation","feature_subtype":"Switchyard","feature_name":"Vales Point","feature_description":"A structure in which high voltage electricity supply is converted, controlled or transformed","status":"Operational","voltage_kv":330,"locality":"MANNERING PARK","state":"NSW","feature_source":"Esri World Imagery","feature_source_date":null,"attribute_source":"Aemo-Australian Energy Market Operators 2013","attribute_source_date":1360800000000,"spatial_confidence":5,"latitude":-33.15915176,"longitude":151.54167006,"created_date":1698537600000,"last_edited_on":1771372800000,"globalid":"{E85BAC8C-3C0D-4490-8984-CB600769866B}"}},{"type":"Feature","id":334,"geometry":{"type":"Point","coordinates":[151.54010831200003,-33.20978887799998]},"properties":{"objectid":334,"feature_type":"Substation","feature_subtype":"Zone","feature_name":"Munmorah","feature_description":"A structure in which high voltage electricity supply is converted, controlled or transformed","status":"Operational","voltage_kv":330,"locality":"COLONGRA","state":"NSW","feature_source":"Esri World Imagery","feature_source_date":null,"attribute_source":"Aemo-Australian Energy Market Operators 2013","attribute_source_date":1360800000000,"spatial_confidence":5,"latitude":-33.20978888,"longitude":151.54010831,"created_date":1698537600000,"last_edited_on":1771372800000,"globalid":"{5A35FD88-10D2-48FE-BE91-496DAE436056}"}},{"type":"Feature","id":335,"geometry":{"type":"Point","coordinates":[151.51546018600004,-33.06179942999995]},"properties":{"objectid":335,"feature_type":"Substation","feature_subtype":"Zone","feature_name":"Eraring","feature_description":"A structure in which high voltage electricity supply is converted, controlled or transformed","status":"Operational","voltage_kv":500,"locality":"ERARING","state":"NSW","feature_source":"Esri World Imagery","feature_source_date":null,"attribute_source":"Aemo-Australian Energy Market Operators 2013","attribute_source_date":1360800000000,"spatial_confidence":5,"latitude":-33.06179943,"longitude":151.51546019,"created_date":1676505600000,"last_edited_on":1772064000000,"globalid":"{4837166B-7E32-4DE9-AC8F-82C9BB98AA78}"}},{"type":"Feature","id":336,"geometry":{"type":"Point","coordinates":[153.03691596600004,-30.25282492699995]},"properties":{"objectid":336,"feature_type":"Substation","feature_subtype":"Zone","feature_name":"Coffs Harbour","feature_description":"A structure in which high voltage electricity supply is converted, controlled or transformed","status":"Operational","voltage_kv":330,"locality":"KARANGI","state":"NSW","feature_source":"Esri World Imagery","feature_source_date":null,"attribute_source":"Aemo-Australian Energy Market Operators 2013","attribute_source_date":1360800000000,"spatial_confidence":5,"latitude":-30.25282493,"longitude":153.03691597,"created_date":1681516800000,"last_edited_on":1771372800000,"globalid":"{758F53BF-422A-4011-AE67-AF68090D2F5E}"}},{"type":"Feature","id":337,"geometry":{"type":"Point","coordinates":[152.81930638500012,-31.09818589699995]},"properties":{"objectid":337,"feature_type":"Substation","feature_subtype":"Zone","feature_name":"Kempsey","feature_description":"A structure in which high voltage electricity supply is converted, controlled or transformed","status":"Operational","voltage_kv":132,"locality":"SOUTH KEMPSEY","state":"NSW","feature_source":"Esri World Imagery","feature_source_date":null,"attribute_source":"Aemo-Australian Energy Market Operators 2013","attribute_source_date":1360800000000,"spatial_confidence":5,"latitude":-31.098185899999997,"longitude":152.81930639,"created_date":1703721600000,"last_edited_on":1771372800000,"globalid":"{668D6474-12DA-40DB-9160-4050F67C0537}"}},{"type":"Feature","id":338,"geometry":{"type":"Point","coordinates":[150.92480533600008,-31.13231381099996]},"properties":{"objectid":338,"feature_type":"Substation","feature_subtype":"Zone","feature_name":"Tamworth 132","feature_description":"A structure in which high voltage electricity supply is converted, controlled or transformed","status":"Operational","voltage_kv":132,"locality":"HILLVUE","state":"NSW","feature_source":"Esri World Imagery","feature_source_date":null,"attribute_source":"Aemo-Australian Energy Market Operators 2013","attribute_source_date":1360800000000,"spatial_confidence":5,"latitude":-31.13231381,"longitude":150.92480534,"created_date":1703376000000,"last_edited_on":1771459200000,"globalid":"{10F19BAE-3A90-41A7-A733-4E6146541D53}"}},{"type":"Feature","id":339,"geometry":{"type":"Point","coordinates":[150.95137277700007,-31.14680015199997]},"properties":{"objectid":339,"feature_type":"Substation","feature_subtype":"Zone","feature_name":"Tamworth 330","feature_description":"A structure in which high voltage electricity supply is converted, controlled or transformed","status":"Operational","voltage_kv":330,"locality":"CALALA","state":"NSW","feature_source":"Esri World Imagery","feature_source_date":null,"attribute_source":"Aemo-Australian Energy Market Operators 2015","attribute_source_date":1422576000000,"spatial_confidence":5,"latitude":-31.14680015,"longitude":150.95137278,"created_date":1703376000000,"last_edited_on":1771459200000,"globalid":"{1A646C43-D9D5-49DC-A44E-958C06F6DC72}"}},{"type":"Feature","id":340,"geometry":{"type":"Point","coordinates":[151.7130010300001,-30.53268608899998]},"properties":{"objectid":340,"feature_type":"Substation","feature_subtype":"Zone","feature_name":"Armidale","feature_description":"A structure in which high voltage electricity supply is converted, controlled or transformed","status":"Operational","voltage_kv":330,"locality":"ARMIDALE","state":"NSW","feature_source":"Esri World Imagery","feature_source_date":null,"attribute_source":"Aemo-Australian Energy Market Operators 2013","attribute_source_date":1360800000000,"spatial_confidence":5,"latitude":-30.53268609,"longitude":151.71300103,"created_date":1685145600000,"last_edited_on":1771372800000,"globalid":"{039CE99B-30A3-4166-A3D7-DE7CD9E34AC4}"}},{"type":"Feature","id":341,"geometry":{"type":"Point","coordinates":[151.23800291300006,-33.94229743899996]},"properties":{"objectid":341,"feature_type":"Substation","feature_subtype":"Zone","feature_name":"Maroubra","feature_description":"A structure in which high voltage electricity supply is converted, controlled or transformed","status":"Operational","voltage_kv":132,"locality":"MAROUBRA","state":"NSW","feature_source":"Esri World Imagery","feature_source_date":null,"attribute_source":"Aemo-Australian Energy Market Operators 2013","attribute_source_date":1360800000000,"spatial_confidence":5,"latitude":-33.94229744,"longitude":151.23800291,"created_date":1654819200000,"last_edited_on":1763510400000,"globalid":"{5DE9B263-68DB-4AD5-A6CB-F6D1B3C4C492}"}},{"type":"Feature","id":342,"geometry":{"type":"Point","coordinates":[151.18724091600006,-33.91505536799997]},"properties":{"objectid":342,"feature_type":"Substation","feature_subtype":"Bulk Supply Point","feature_name":"Beaconsfield","feature_description":"A structure in which high voltage electricity supply is converted, controlled or transformed","status":"Operational","voltage_kv":330,"locality":"ALEXANDRIA","state":"NSW","feature_source":"Esri World Imagery","feature_source_date":null,"attribute_source":"Aemo-Australian Energy Market Operators 2013","attribute_source_date":1360800000000,"spatial_confidence":5,"latitude":-33.91505537,"longitude":151.18724092,"created_date":1675555200000,"last_edited_on":1772064000000,"globalid":"{AFC14A9F-9CFB-4F17-B381-2B5B284AAA94}"}},{"type":"Feature","id":343,"geometry":{"type":"Point","coordinates":[151.18309074,-33.906600218999984]},"properties":{"objectid":343,"feature_type":"Substation","feature_subtype":"Zone","feature_name":"St Peters","feature_description":"A structure in which high voltage electricity supply is converted, controlled or transformed","status":"Operational","voltage_kv":132,"locality":"ERSKINEVILLE","state":"NSW","feature_source":"Esri World Imagery","feature_source_date":null,"attribute_source":"Aemo-Australian Energy Market Operators 2013","attribute_source_date":1360800000000,"spatial_confidence":5,"latitude":-33.906600219999994,"longitude":151.18309073999998,"created_date":1675555200000,"last_edited_on":1763510400000,"globalid":"{CE993F6E-0F21-4DCC-84FC-41D8B564EB51}"}},{"type":"Feature","id":344,"geometry":{"type":"Point","coordinates":[151.16230254200002,-33.91202685199994]},"properties":{"objectid":344,"feature_type":"Substation","feature_subtype":"Zone","feature_name":"Marrickville","feature_description":"A structure in which high voltage electricity supply is converted, controlled or transformed","status":"Operational","voltage_kv":132,"locality":"MARRICKVILLE","state":"NSW","feature_source":"Esri World Imagery","feature_source_date":null,"attribute_source":"Aemo-Australian Energy Market Operators 2013","attribute_source_date":1360800000000,"spatial_confidence":5,"latitude":-33.91202685,"longitude":151.16230253999998,"created_date":1675555200000,"last_edited_on":1763510400000,"globalid":"{C4E2C89A-0E3C-4E8C-929B-4666D2F44F5C}"}},{"type":"Feature","id":345,"geometry":{"type":"Point","coordinates":[151.09367556200004,-33.81360458399996]},"properties":{"objectid":345,"feature_type":"Substation","feature_subtype":"Zone","feature_name":"Meadowbank","feature_description":"A structure in which high voltage electricity supply is converted, controlled or transformed","status":"Operational","voltage_kv":132,"locality":"MEADOWBANK","state":"NSW","feature_source":"Esri World Imagery","feature_source_date":null,"attribute_source":"Aemo-Australian Energy Market Operators 2013","attribute_source_date":1360800000000,"spatial_confidence":5,"latitude":-33.81360458,"longitude":151.09367556,"created_date":1675555200000,"last_edited_on":1763510400000,"globalid":"{DCDD1A7A-0999-47CD-93A3-A641118284BE}"}},{"type":"Feature","id":346,"geometry":{"type":"Point","coordinates":[151.1329182920001,-33.786711983999965]},"properties":{"objectid":346,"feature_type":"Substation","feature_subtype":"Zone","feature_name":"Macquarie Park","feature_description":"A structure in which high voltage electricity supply is converted, controlled or transformed","status":"Operational","voltage_kv":132,"locality":"MACQUARIE PARK","state":"NSW","feature_source":"Esri World Imagery","feature_source_date":null,"attribute_source":"Aemo-Australian Energy Market Operators 2013","attribute_source_date":1360800000000,"spatial_confidence":5,"latitude":-33.78671198,"longitude":151.13291829000002,"created_date":1675555200000,"last_edited_on":1763510400000,"globalid":"{859FE58A-DFC3-4AA6-AB3F-BFD36D5FFB28}"}},{"type":"Feature","id":347,"geometry":{"type":"Point","coordinates":[151.19446838800002,-33.91231270499998]},"properties":{"objectid":347,"feature_type":"Substation","feature_subtype":"Zone","feature_name":"Green Square","feature_description":"A structure in which high voltage electricity supply is converted, controlled or transformed","status":"Operational","voltage_kv":132,"locality":"ALEXANDRIA","state":"NSW","feature_source":"Esri World Imagery","feature_source_date":null,"attribute_source":"Aemo-Australian Energy Market Operators 2013","attribute_source_date":1360800000000,"spatial_confidence":5,"latitude":-33.91231271,"longitude":151.19446839,"created_date":1675555200000,"last_edited_on":1763510400000,"globalid":"{0B6CF206-156E-4D09-A820-2C4AB5C82C2C}"}},{"type":"Feature","id":348,"geometry":{"type":"Point","coordinates":[151.06266937200007,-33.96628177599996]},"properties":{"objectid":348,"feature_type":"Substation","feature_subtype":"Zone","feature_name":"Peakhurst","feature_description":"A structure in which high voltage electricity supply is converted, controlled or transformed","status":"Operational","voltage_kv":132,"locality":"PEAKHURST","state":"NSW","feature_source":"Esri World Imagery","feature_source_date":null,"attribute_source":"Aemo-Australian Energy Market Operators 2013","attribute_source_date":1360800000000,"spatial_confidence":5,"latitude":-33.96628178,"longitude":151.06266937,"created_date":1675555200000,"last_edited_on":1763510400000,"globalid":"{444B1671-F7F6-4172-90B7-16B43E9E258C}"}},{"type":"Feature","id":349,"geometry":{"type":"Point","coordinates":[151.20225221300007,-33.881404637999935]},"properties":{"objectid":349,"feature_type":"Substation","feature_subtype":"Zone","feature_name":"Haymarket","feature_description":"A structure in which high voltage electricity supply is converted, controlled or transformed","status":"Operational","voltage_kv":330,"locality":"HAYMARKET","state":"NSW","feature_source":"Esri World Imagery","feature_source_date":null,"attribute_source":"Aemo-Australian Energy Market Operators 2013","attribute_source_date":1360800000000,"spatial_confidence":5,"latitude":-33.88140464,"longitude":151.20225221,"created_date":1675555200000,"last_edited_on":1771372800000,"globalid":"{B61E4BD2-FE45-4891-B3E2-67F2CE9A6550}"}},{"type":"Feature","id":350,"geometry":{"type":"Point","coordinates":[150.60297200900004,-33.733024840999974]},"properties":{"objectid":350,"feature_type":"Substation","feature_subtype":"Zone","feature_name":"Warrimoo","feature_description":"A structure in which high voltage electricity supply is converted, controlled or transformed","status":"Operational","voltage_kv":132,"locality":"WARRIMOO","state":"NSW","feature_source":"Esri World Imagery","feature_source_date":null,"attribute_source":"Aemo-Australian Energy Market Operators 2013","attribute_source_date":1360800000000,"spatial_confidence":5,"latitude":-33.73302484,"longitude":150.60297201,"created_date":1678838400000,"last_edited_on":1763510400000,"globalid":"{2D7CBF86-B445-4660-8F29-3488E336894A}"}},{"type":"Feature","id":351,"geometry":{"type":"Point","coordinates":[150.7920869610001,-33.76356765099996]},"properties":{"objectid":351,"feature_type":"Substation","feature_subtype":"Zone","feature_name":"Mount Druitt","feature_description":"A structure in which high voltage electricity supply is converted, controlled or transformed","status":"Operational","voltage_kv":132,"locality":"NORTH ST MARYS","state":"NSW","feature_source":"Esri World Imagery","feature_source_date":null,"attribute_source":"Aemo-Australian Energy Market Operators 2013","attribute_source_date":1360800000000,"spatial_confidence":5,"latitude":-33.76356765,"longitude":150.79208696,"created_date":1681516800000,"last_edited_on":1763510400000,"globalid":"{C6CBDBDC-2FC2-4A4E-869D-869AB28E6E54}"}},{"type":"Feature","id":352,"geometry":{"type":"Point","coordinates":[150.69237645900012,-33.74657335799998]},"properties":{"objectid":352,"feature_type":"Substation","feature_subtype":"Zone","feature_name":"Penrith","feature_description":"A structure in which high voltage electricity supply is converted, controlled or transformed","status":"Operational","voltage_kv":132,"locality":"PENRITH","state":"NSW","feature_source":"Esri World Imagery","feature_source_date":null,"attribute_source":"Aemo-Australian Energy Market Operators 2013","attribute_source_date":1360800000000,"spatial_confidence":5,"latitude":-33.74657336,"longitude":150.69237646,"created_date":1678838400000,"last_edited_on":1763510400000,"globalid":"{B1455B4F-EFCB-4E83-9322-5E5E8100DF16}"}},{"type":"Feature","id":353,"geometry":{"type":"Point","coordinates":[150.7663169870001,-34.08526859699998]},"properties":{"objectid":353,"feature_type":"Substation","feature_subtype":"Bulk Supply Point","feature_name":"Macarthur","feature_description":"A structure in which high voltage electricity supply is converted, controlled or transformed","status":"Operational","voltage_kv":330,"locality":"GLEN ALPINE","state":"NSW","feature_source":"Esri World Imagery","feature_source_date":null,"attribute_source":"Aemo-Australian Energy Market Operators 2013","attribute_source_date":1360800000000,"spatial_confidence":5,"latitude":-34.0852686,"longitude":150.76631699,"created_date":1681516800000,"last_edited_on":1771372800000,"globalid":"{D2650D07-D066-4EA3-A3B5-E59B42861D68}"}},{"type":"Feature","id":354,"geometry":{"type":"Point","coordinates":[150.86577859400006,-33.93266004599997]},"properties":{"objectid":354,"feature_type":"Substation","feature_subtype":"Zone","feature_name":"Liverpool","feature_description":"A structure in which high voltage electricity supply is converted, controlled or transformed","status":"Operational","voltage_kv":330,"locality":"PRESTONS","state":"NSW","feature_source":"Esri World Imagery","feature_source_date":null,"attribute_source":"Aemo-Australian Energy Market Operators 2013","attribute_source_date":1650758400000,"spatial_confidence":5,"latitude":-33.93266005,"longitude":150.86577859,"created_date":1675555200000,"last_edited_on":1771372800000,"globalid":"{3D65708A-A71E-4D5F-B070-0FE0AF2A998F}"}},{"type":"Feature","id":355,"geometry":{"type":"Point","coordinates":[150.80715912100004,-34.52223469599994]},"properties":{"objectid":355,"feature_type":"Substation","feature_subtype":"Terminal","feature_name":"Tallawarra","feature_description":"A structure in which high voltage electricity supply is converted, controlled or transformed","status":"Operational","voltage_kv":132,"locality":"YALLAH","state":"NSW","feature_source":"Esri World Imagery","feature_source_date":null,"attribute_source":"Aemo-Australian Energy Market Operators 2013","attribute_source_date":1360800000000,"spatial_confidence":5,"latitude":-34.5222347,"longitude":150.80715912,"created_date":1707696000000,"last_edited_on":1763510400000,"globalid":"{7D5400FD-8247-4F4B-B6BF-816B26B1C2E6}"}},{"type":"Feature","id":356,"geometry":{"type":"Point","coordinates":[150.48171932800005,-34.72378751599996]},"properties":{"objectid":356,"feature_type":"Substation","feature_subtype":"Zone","feature_name":"Kangaroo Valley","feature_description":"A structure in which high voltage electricity supply is converted, controlled or transformed","status":"Operational","voltage_kv":330,"locality":"KANGAROO VALLEY","state":"NSW","feature_source":"Esri World Imagery","feature_source_date":null,"attribute_source":"Aemo-Australian Energy Market Operators 2013","attribute_source_date":1360800000000,"spatial_confidence":5,"latitude":-34.72378752,"longitude":150.48171932999998,"created_date":1610755200000,"last_edited_on":1771372800000,"globalid":"{0DF9B130-F476-4725-A3A6-A58C2D5705B7}"}},{"type":"Feature","id":357,"geometry":{"type":"Point","coordinates":[148.28866298600008,-35.60646038799996]},"properties":{"objectid":357,"feature_type":"Substation","feature_subtype":"Switchyard","feature_name":"Lower Tumut","feature_description":"A structure in which high voltage electricity supply is converted, controlled or transformed","status":"Operational","voltage_kv":330,"locality":"TALBINGO","state":"NSW","feature_source":"Esri World Imagery","feature_source_date":null,"attribute_source":"Aemo-Australian Energy Market Operators 2013","attribute_source_date":1360800000000,"spatial_confidence":5,"latitude":-35.60646039,"longitude":148.28866299,"created_date":1672185600000,"last_edited_on":1771372800000,"globalid":"{95675546-F130-4242-8A6E-280D20D25ED0}"}},{"type":"Feature","id":358,"geometry":{"type":"Point","coordinates":[148.5980599300001,-36.41474341299994]},"properties":{"objectid":358,"feature_type":"Substation","feature_subtype":"Zone","feature_name":"Jindabyne","feature_description":"A structure in which high voltage electricity supply is converted, controlled or transformed","status":"Operational","voltage_kv":132,"locality":"JINDABYNE","state":"NSW","feature_source":"Esri World Imagery","feature_source_date":null,"attribute_source":"Aemo-Australian Energy Market Operators 2013","attribute_source_date":1360800000000,"spatial_confidence":5,"latitude":-36.41474341000001,"longitude":148.59805993,"created_date":1701734400000,"last_edited_on":1763510400000,"globalid":"{4D54B660-522D-4A0F-87A6-87B3F6301FF9}"}},{"type":"Feature","id":359,"geometry":{"type":"Point","coordinates":[148.01966776900008,-33.36527457599993]},"properties":{"objectid":359,"feature_type":"Substation","feature_subtype":"Zone","feature_name":"Forbes","feature_description":"A structure in which high voltage electricity supply is converted, controlled or transformed","status":"Operational","voltage_kv":132,"locality":"FORBES","state":"NSW","feature_source":"Esri World Imagery","feature_source_date":null,"attribute_source":"Aemo-Australian Energy Market Operators 2013","attribute_source_date":1360800000000,"spatial_confidence":5,"latitude":-33.365274580000005,"longitude":148.01966776999998,"created_date":1705881600000,"last_edited_on":1771372800000,"globalid":"{77BB8101-CAC5-4E9D-8444-F81FD9E36320}"}},{"type":"Feature","id":360,"geometry":{"type":"Point","coordinates":[142.25951975300006,-34.102816159999975]},"properties":{"objectid":360,"feature_type":"Substation","feature_subtype":"Substation","feature_name":"Buronga","feature_description":"A structure in which high voltage electricity supply is converted, controlled or transformed","status":"Operational","voltage_kv":220,"locality":"WENTWORTH","state":"NSW","feature_source":"Esri World Imagery","feature_source_date":null,"attribute_source":"Aemo-Australian Energy Market Operators 2013","attribute_source_date":1632182400000,"spatial_confidence":5,"latitude":-34.10281616,"longitude":142.25951975,"created_date":1699488000000,"last_edited_on":1771372800000,"globalid":"{2719815A-3703-46E1-9C93-DBE5368390A3}"}},{"type":"Feature","id":363,"geometry":{"type":"Point","coordinates":[147.03256194300002,-36.10539656999998]},"properties":{"objectid":363,"feature_type":"Substation","feature_subtype":"Switchyard","feature_name":"Hume","feature_description":"A structure in which high voltage electricity supply is converted, controlled or transformed","status":"Operational","voltage_kv":132,"locality":"LAKE HUME VILLAGE","state":"NSW","feature_source":"Esri World Imagery","feature_source_date":null,"attribute_source":"Aemo-Australian Energy Market Operators 2013","attribute_source_date":1360800000000,"spatial_confidence":5,"latitude":-36.105396569999996,"longitude":147.03256194,"created_date":1588896000000,"last_edited_on":1772064000000,"globalid":"{DA0FD9EB-6D73-4D63-B076-C1DE89892CBB}"}},{"type":"Feature","id":380,"geometry":{"type":"Point","coordinates":[153.0673161410001,-30.345110844999965]},"properties":{"objectid":380,"feature_type":"Substation","feature_subtype":"Zone","feature_name":"Boambee South","feature_description":"A structure in which high voltage electricity supply is converted, controlled or transformed","status":"Operational","voltage_kv":132,"locality":"BOAMBEE","state":"NSW","feature_source":"Esri World Imagery","feature_source_date":null,"attribute_source":"Aemo-Australian Energy Market Operators 2013","attribute_source_date":1360800000000,"spatial_confidence":5,"latitude":-30.345110849999998,"longitude":153.06731614,"created_date":1681516800000,"last_edited_on":1771372800000,"globalid":"{F45050A8-731E-4328-8D3C-9722ABE2E336}"}},{"type":"Feature","id":381,"geometry":{"type":"Point","coordinates":[152.958496684,-30.620321415999967]},"properties":{"objectid":381,"feature_type":"Substation","feature_subtype":"Zone","feature_name":"Nambucca","feature_description":"A structure in which high voltage electricity supply is converted, controlled or transformed","status":"Operational","voltage_kv":132,"locality":"VALLA","state":"NSW","feature_source":"Esri World Imagery","feature_source_date":null,"attribute_source":"Aemo-Australian Energy Market Operators 2013","attribute_source_date":1360800000000,"spatial_confidence":5,"latitude":-30.62032142,"longitude":152.95849668000002,"created_date":1697068800000,"last_edited_on":1771372800000,"globalid":"{35089D14-D7C9-4E7B-B9F6-6C11C04190E6}"}},{"type":"Feature","id":388,"geometry":{"type":"Point","coordinates":[151.06580694900003,-33.87894680399995]},"properties":{"objectid":388,"feature_type":"Substation","feature_subtype":"Zone","feature_name":"Chullora","feature_description":"A structure in which high voltage electricity supply is converted, controlled or transformed","status":"Operational","voltage_kv":132,"locality":"STRATHFIELD","state":"NSW","feature_source":"Esri World Imagery","feature_source_date":null,"attribute_source":"Aemo-Australian Energy Market Operators 2013","attribute_source_date":1360800000000,"spatial_confidence":5,"latitude":-33.8789468,"longitude":151.06580695,"created_date":1675555200000,"last_edited_on":1763510400000,"globalid":"{6B4E5651-84B9-4375-BD7B-7E2CD397BDFC}"}},{"type":"Feature","id":389,"geometry":{"type":"Point","coordinates":[151.0301079840001,-33.65561779899997]},"properties":{"objectid":389,"feature_type":"Substation","feature_subtype":"Bulk Supply Point","feature_name":"Sydney North","feature_description":"A structure in which high voltage electricity supply is converted, controlled or transformed","status":"Operational","voltage_kv":330,"locality":"DURAL","state":"NSW","feature_source":"Esri World Imagery","feature_source_date":null,"attribute_source":"Aemo-Australian Energy Market Operators 2013","attribute_source_date":1360800000000,"spatial_confidence":5,"latitude":-33.6556178,"longitude":151.03010798,"created_date":1675555200000,"last_edited_on":1771372800000,"globalid":"{1758094F-9613-4A22-BCA3-E60A58321683}"}},{"type":"Feature","id":390,"geometry":{"type":"Point","coordinates":[151.07460245100003,-33.85633580399997]},"properties":{"objectid":390,"feature_type":"Substation","feature_subtype":"Zone","feature_name":"Mason Park","feature_description":"A structure in which high voltage electricity supply is converted, controlled or transformed","status":"Operational","voltage_kv":132,"locality":"HOMEBUSH","state":"NSW","feature_source":"Esri World Imagery","feature_source_date":null,"attribute_source":"Aemo-Australian Energy Market Operators 2013","attribute_source_date":1360800000000,"spatial_confidence":5,"latitude":-33.8563358,"longitude":151.07460245000001,"created_date":1675555200000,"last_edited_on":1763510400000,"globalid":"{F7BB1F79-9C70-4B9A-9284-2A996C232846}"}},{"type":"Feature","id":391,"geometry":{"type":"Point","coordinates":[151.208286949,-33.72580981599998]},"properties":{"objectid":391,"feature_type":"Substation","feature_subtype":"Zone","feature_name":"Sydney East","feature_description":"A structure in which high voltage electricity supply is converted, controlled or transformed","status":"Operational","voltage_kv":330,"locality":"BELROSE","state":"NSW","feature_source":"Esri World Imagery","feature_source_date":null,"attribute_source":"Aemo-Australian Energy Market Operators 2013","attribute_source_date":1360800000000,"spatial_confidence":5,"latitude":-33.72580982,"longitude":151.20828695,"created_date":1675555200000,"last_edited_on":1771372800000,"globalid":"{849EF6B5-FF00-4AE0-89E8-E1564BB5D545}"}},{"type":"Feature","id":394,"geometry":{"type":"Point","coordinates":[150.05106452300004,-34.441732714999944]},"properties":{"objectid":394,"feature_type":"Substation","feature_subtype":"Zone","feature_name":"Bannaby","feature_description":"A structure in which high voltage electricity supply is converted, controlled or transformed","status":"Operational","voltage_kv":500,"locality":"BANNABY","state":"NSW","feature_source":"Esri World Imagery","feature_source_date":null,"attribute_source":"Aemo-Australian Energy Market Operators 2013","attribute_source_date":1360800000000,"spatial_confidence":5,"latitude":-34.44173271,"longitude":150.05106451999998,"created_date":1698537600000,"last_edited_on":1771372800000,"globalid":"{545F7697-6299-4EFB-A11A-B3060A0EAD73}"}},{"type":"Feature","id":395,"geometry":{"type":"Point","coordinates":[150.08107537900003,-33.40639904699998]},"properties":{"objectid":395,"feature_type":"Substation","feature_subtype":"Switchyard","feature_name":"Wallerawang 330","feature_description":"A structure in which high voltage electricity supply is converted, controlled or transformed","status":"Operational","voltage_kv":330,"locality":"WALLERAWANG","state":"NSW","feature_source":"Esri World Imagery","feature_source_date":null,"attribute_source":"Aemo-Australian Energy Market Operators 2013","attribute_source_date":1360800000000,"spatial_confidence":5,"latitude":-33.406399050000005,"longitude":150.08107538,"created_date":1684886400000,"last_edited_on":1771977600000,"globalid":"{F2F37FA6-AB86-42DD-BA2E-A9D8DD636294}"}},{"type":"Feature","id":396,"geometry":{"type":"Point","coordinates":[150.07710197400002,-33.40606371499996]},"properties":{"objectid":396,"feature_type":"Substation","feature_subtype":"Switchyard","feature_name":"Wallerawang 132","feature_description":"A structure in which high voltage electricity supply is converted, controlled or transformed","status":"Operational","voltage_kv":330,"locality":"WALLERAWANG","state":"NSW","feature_source":"Esri World Imagery","feature_source_date":null,"attribute_source":"Aemo-Australian Energy Market Operators 2013","attribute_source_date":1360800000000,"spatial_confidence":5,"latitude":-33.40606372,"longitude":150.07710197,"created_date":1684886400000,"last_edited_on":1771977600000,"globalid":"{CE8256FB-ED1F-4BDD-8E82-A73A4EA956CA}"}},{"type":"Feature","id":397,"geometry":{"type":"Point","coordinates":[149.10591030500007,-33.279678624999974]},"properties":{"objectid":397,"feature_type":"Substation","feature_subtype":"Zone","feature_name":"Orange","feature_description":"A structure in which high voltage electricity supply is converted, controlled or transformed","status":"Operational","voltage_kv":132,"locality":"ORANGE","state":"NSW","feature_source":"Esri World Imagery","feature_source_date":null,"attribute_source":"Aemo-Australian Energy Market Operators 2013","attribute_source_date":1360800000000,"spatial_confidence":5,"latitude":-33.27967863,"longitude":149.10591030999998,"created_date":1693699200000,"last_edited_on":1771977600000,"globalid":"{42A2660E-3274-4E9F-AAA0-875E859F68E4}"}},{"type":"Feature","id":398,"geometry":{"type":"Point","coordinates":[148.95474205300002,-32.57033752999996]},"properties":{"objectid":398,"feature_type":"Substation","feature_subtype":"Zone","feature_name":"Wellington Town","feature_description":"A structure in which high voltage electricity supply is converted, controlled or transformed","status":"Operational","voltage_kv":132,"locality":"WELLINGTON","state":"NSW","feature_source":"Esri World Imagery","feature_source_date":null,"attribute_source":"Aemo-Australian Energy Market Operators 2013","attribute_source_date":1360800000000,"spatial_confidence":5,"latitude":-32.57033753,"longitude":148.95474205,"created_date":1642291200000,"last_edited_on":1771372800000,"globalid":"{A32C3105-9B1E-4554-A924-2FC85BBAA76F}"}},{"type":"Feature","id":399,"geometry":{"type":"Point","coordinates":[150.0261197740001,-33.36387174599997]},"properties":{"objectid":399,"feature_type":"Substation","feature_subtype":"Zone","feature_name":"Mount Piper 500","feature_description":"A structure in which high voltage electricity supply is converted, controlled or transformed","status":"Operational","voltage_kv":500,"locality":"BLACKMANS FLAT","state":"NSW","feature_source":"Esri World Imagery","feature_source_date":null,"attribute_source":"Aemo-Australian Energy Market Operators 2013","attribute_source_date":1360800000000,"spatial_confidence":5,"latitude":-33.363871749999994,"longitude":150.02611977,"created_date":1684886400000,"last_edited_on":1771977600000,"globalid":"{7253CB12-04A2-426C-B1A1-9354BC31778E}"}},{"type":"Feature","id":400,"geometry":{"type":"Point","coordinates":[149.5213669520001,-33.43020703499997]},"properties":{"objectid":400,"feature_type":"Substation","feature_subtype":"Zone","feature_name":"Panorama","feature_description":"A structure in which high voltage electricity supply is converted, controlled or transformed","status":"Operational","voltage_kv":132,"locality":"EVANS PLAINS","state":"NSW","feature_source":"Esri World Imagery","feature_source_date":null,"attribute_source":"Aemo-Australian Energy Market Operators 2013","attribute_source_date":1360800000000,"spatial_confidence":5,"latitude":-33.43020704,"longitude":149.52136695,"created_date":1699747200000,"last_edited_on":1771977600000,"globalid":"{997A9380-F593-4474-BA72-9518960BAFCF}"}},{"type":"Feature","id":401,"geometry":{"type":"Point","coordinates":[149.56935355000007,-32.58594949199994]},"properties":{"objectid":401,"feature_type":"Substation","feature_subtype":"Zone","feature_name":"Mudgee","feature_description":"A structure in which high voltage electricity supply is converted, controlled or transformed","status":"Operational","voltage_kv":132,"locality":"CAERLEON","state":"NSW","feature_source":"Esri World Imagery","feature_source_date":null,"attribute_source":"Aemo-Australian Energy Market Operators 2013","attribute_source_date":1360800000000,"spatial_confidence":5,"latitude":-32.585949490000004,"longitude":149.56935355,"created_date":1696636800000,"last_edited_on":1771977600000,"globalid":"{18B0F575-A72C-451F-B1DB-5750D5F969C3}"}},{"type":"Feature","id":402,"geometry":{"type":"Point","coordinates":[148.9631705820001,-32.52715738999996]},"properties":{"objectid":402,"feature_type":"Substation","feature_subtype":"Zone","feature_name":"Wellington","feature_description":"A structure in which high voltage electricity supply is converted, controlled or transformed","status":"Operational","voltage_kv":330,"locality":"WUULUMAN","state":"NSW","feature_source":"Esri World Imagery","feature_source_date":null,"attribute_source":"Aemo-Australian Energy Market Operators 2013","attribute_source_date":1360800000000,"spatial_confidence":5,"latitude":-32.52715739,"longitude":148.96317058,"created_date":1648857600000,"last_edited_on":1771372800000,"globalid":"{87D15A4E-0D54-42D9-B1EA-E73F1183F14B}"}},{"type":"Feature","id":403,"geometry":{"type":"Point","coordinates":[149.86359851300006,-32.95952375799993]},"properties":{"objectid":403,"feature_type":"Substation","feature_subtype":"Zone","feature_name":"Ilford","feature_description":"A structure in which high voltage electricity supply is converted, controlled or transformed","status":"Operational","voltage_kv":132,"locality":"ILFORD","state":"NSW","feature_source":"Esri World Imagery","feature_source_date":null,"attribute_source":"Aemo-Australian Energy Market Operators 2013","attribute_source_date":1360800000000,"spatial_confidence":5,"latitude":-32.959523759999996,"longitude":149.86359850999997,"created_date":1639526400000,"last_edited_on":1771977600000,"globalid":"{537F5FD9-D4E0-4496-BFA3-4B3C100E616D}"}},{"type":"Feature","id":404,"geometry":{"type":"Point","coordinates":[149.1402805780001,-36.218186455999955]},"properties":{"objectid":404,"feature_type":"Substation","feature_subtype":"Substation","feature_name":"Cooma","feature_description":"A structure in which high voltage electricity supply is converted, controlled or transformed","status":"Operational","voltage_kv":132,"locality":"COOMA","state":"NSW","feature_source":"Esri World Imagery","feature_source_date":null,"attribute_source":"Aemo-Australian Energy Market Operators 2013","attribute_source_date":1360800000000,"spatial_confidence":5,"latitude":-36.21818646,"longitude":149.14028058,"created_date":1701734400000,"last_edited_on":1763510400000,"globalid":"{CC36E146-2CDF-42D4-B3FA-FFDA212F141C}"}},{"type":"Feature","id":405,"geometry":{"type":"Point","coordinates":[148.58247155000004,-35.00093461499995]},"properties":{"objectid":405,"feature_type":"Substation","feature_subtype":"Zone","feature_name":"Burrinjuck","feature_description":"A structure in which high voltage electricity supply is converted, controlled or transformed","status":"Operational","voltage_kv":132,"locality":"BURRINJUCK","state":"NSW","feature_source":"Esri World Imagery","feature_source_date":null,"attribute_source":"Aemo-Australian Energy Market Operators 2013","attribute_source_date":1360800000000,"spatial_confidence":5,"latitude":-35.00093461,"longitude":148.58247155,"created_date":1682121600000,"last_edited_on":1771372800000,"globalid":"{A70141E4-5C89-4569-BFE6-F00A731A25C9}"}},{"type":"Feature","id":406,"geometry":{"type":"Point","coordinates":[148.36722297300003,-35.88137118299994]},"properties":{"objectid":406,"feature_type":"Substation","feature_subtype":"Switchyard","feature_name":"Tumut 2","feature_description":"A structure in which high voltage electricity supply is converted, controlled or transformed","status":"Operational","voltage_kv":330,"locality":"CABRAMURRA","state":"NSW","feature_source":"Esri World Imagery","feature_source_date":null,"attribute_source":"Aemo-Australian Energy Market Operators 2013","attribute_source_date":1360800000000,"spatial_confidence":5,"latitude":-35.88137118,"longitude":148.36722297,"created_date":1583020800000,"last_edited_on":1772064000000,"globalid":"{DBD5C499-A6FF-4DE0-B98A-97BE70B6754C}"}},{"type":"Feature","id":407,"geometry":{"type":"Point","coordinates":[148.1354872830001,-35.29614604799997]},"properties":{"objectid":407,"feature_type":"Substation","feature_subtype":"Zone","feature_name":"Gadara","feature_description":"A structure in which high voltage electricity supply is converted, controlled or transformed","status":"Operational","voltage_kv":132,"locality":"GADARA","state":"NSW","feature_source":"Esri World Imagery","feature_source_date":null,"attribute_source":"Aemo-Australian Energy Market Operators 2013","attribute_source_date":1360800000000,"spatial_confidence":5,"latitude":-35.296146050000004,"longitude":148.13548728,"created_date":1695513600000,"last_edited_on":1771372800000,"globalid":"{84FFF695-0940-4BE7-9151-DBAA709E0DA4}"}},{"type":"Feature","id":408,"geometry":{"type":"Point","coordinates":[148.4134349320001,-36.34942999599997]},"properties":{"objectid":408,"feature_type":"Substation","feature_subtype":"Zone","feature_name":"Guthega","feature_description":"A structure in which high voltage electricity supply is converted, controlled or transformed","status":"Operational","voltage_kv":132,"locality":"BURRUNGUBUGGE","state":"NSW","feature_source":"Esri World Imagery","feature_source_date":null,"attribute_source":"Aemo-Australian Energy Market Operators 2013","attribute_source_date":1360800000000,"spatial_confidence":4,"latitude":-36.349430000000005,"longitude":148.41343493,"created_date":1698019200000,"last_edited_on":1771372800000,"globalid":"{BA37B78B-7BF0-4193-8AA4-8936512370C2}"}},{"type":"Feature","id":409,"geometry":{"type":"Point","coordinates":[148.14427607100004,-36.225536707999936]},"properties":{"objectid":409,"feature_type":"Substation","feature_subtype":"Zone","feature_name":"Murray","feature_description":"A structure in which high voltage electricity supply is converted, controlled or transformed","status":"Operational","voltage_kv":330,"locality":"KHANCOBAN","state":"NSW","feature_source":"Esri World Imagery","feature_source_date":null,"attribute_source":"Aemo-Australian Energy Market Operators 2013","attribute_source_date":1360800000000,"spatial_confidence":5,"latitude":-36.22553671,"longitude":148.14427607000002,"created_date":1698796800000,"last_edited_on":1771372800000,"globalid":"{03BDB1DA-7910-4BD0-AECA-05AF6985D38A}"}},{"type":"Feature","id":410,"geometry":{"type":"Point","coordinates":[145.95371314300007,-34.740999905999956]},"properties":{"objectid":410,"feature_type":"Substation","feature_subtype":"Substation","feature_name":"Coleambally","feature_description":"A structure in which high voltage electricity supply is converted, controlled or transformed","status":"Operational","voltage_kv":220,"locality":"COLEAMBALLY","state":"NSW","feature_source":"Esri World Imagery","feature_source_date":null,"attribute_source":"Aemo-Australian Energy Market Operators 2013","attribute_source_date":1360800000000,"spatial_confidence":5,"latitude":-34.740999910000006,"longitude":145.95371314,"created_date":1703376000000,"last_edited_on":1771372800000,"globalid":"{C7C65260-1FED-4438-BEF0-ABE75458EC43}"}},{"type":"Feature","id":437,"geometry":{"type":"Point","coordinates":[148.20365519400002,-35.29907656399996]},"properties":{"objectid":437,"feature_type":"Substation","feature_subtype":"Zone","feature_name":"Tumut","feature_description":"A structure in which high voltage electricity supply is converted, controlled or transformed","status":"Operational","voltage_kv":132,"locality":"TUMUT","state":"NSW","feature_source":"Esri World Imagery","feature_source_date":null,"attribute_source":"Aemo-Australian Energy Market Operators 2013","attribute_source_date":1360800000000,"spatial_confidence":5,"latitude":-35.299076559999996,"longitude":148.20365519,"created_date":1695513600000,"last_edited_on":1772064000000,"globalid":"{70C9DA48-CBE5-4928-807F-7B5089760E23}"}},{"type":"Feature","id":438,"geometry":{"type":"Point","coordinates":[147.3935562380001,-35.20042047099997]},"properties":{"objectid":438,"feature_type":"Substation","feature_subtype":"Zone","feature_name":"Wagga 330","feature_description":"A structure in which high voltage electricity supply is converted, controlled or transformed","status":"Operational","voltage_kv":330,"locality":"GREGADOO","state":"NSW","feature_source":"Esri World Imagery","feature_source_date":null,"attribute_source":"Aemo-Australian Energy Market Operators 2013","attribute_source_date":1360800000000,"spatial_confidence":5,"latitude":-35.200420470000005,"longitude":147.39355623999998,"created_date":1695600000000,"last_edited_on":1771372800000,"globalid":"{2901F319-6E19-4188-AFFB-93378C2D221C}"}},{"type":"Feature","id":479,"geometry":{"type":"Point","coordinates":[149.73116405700011,-34.76944530299994]},"properties":{"objectid":479,"feature_type":"Substation","feature_subtype":"Zone","feature_name":"Goulburn","feature_description":"A structure in which high voltage electricity supply is converted, controlled or transformed","status":"Operational","voltage_kv":132,"locality":"GOULBURN","state":"NSW","feature_source":"Esri World Imagery","feature_source_date":null,"attribute_source":"Aemo-Australian Energy Market Operators 2013","attribute_source_date":1360800000000,"spatial_confidence":5,"latitude":-34.769445299999994,"longitude":149.73116406,"created_date":1613779200000,"last_edited_on":1763510400000,"globalid":"{17DDAA31-B351-4DE8-BCAC-2E465F4A9EA4}"}},{"type":"Feature","id":480,"geometry":{"type":"Point","coordinates":[148.9040684690001,-34.86258645099997]},"properties":{"objectid":480,"feature_type":"Substation","feature_subtype":"Switchyard","feature_name":"Yass","feature_description":"A structure in which high voltage electricity supply is converted, controlled or transformed","status":"Operational","voltage_kv":330,"locality":"YASS","state":"NSW","feature_source":"Esri World Imagery","feature_source_date":null,"attribute_source":"Aemo-Australian Energy Market Operators 2013","attribute_source_date":1360800000000,"spatial_confidence":5,"latitude":-34.862586449999995,"longitude":148.90406847,"created_date":1700179200000,"last_edited_on":1771372800000,"globalid":"{07A550EC-E8E9-4ED8-AF71-501E3CE5AC55}"}},{"type":"Feature","id":481,"geometry":{"type":"Point","coordinates":[147.55074399600005,-34.46063310799997]},"properties":{"objectid":481,"feature_type":"Substation","feature_subtype":"Zone","feature_name":"Temora","feature_description":"A structure in which high voltage electricity supply is converted, controlled or transformed","status":"Operational","voltage_kv":132,"locality":"TEMORA","state":"NSW","feature_source":"Esri World Imagery","feature_source_date":null,"attribute_source":"Aemo-Australian Energy Market Operators 2013","attribute_source_date":1360800000000,"spatial_confidence":5,"latitude":-34.460633109999996,"longitude":147.550744,"created_date":1695513600000,"last_edited_on":1763510400000,"globalid":"{912F2258-695B-4C9E-9424-5A35F5D3BB82}"}},{"type":"Feature","id":482,"geometry":{"type":"Point","coordinates":[148.31338326900004,-34.54163856799994]},"properties":{"objectid":482,"feature_type":"Substation","feature_subtype":"Zone","feature_name":"Murrumburrah","feature_description":"A structure in which high voltage electricity supply is converted, controlled or transformed","status":"Operational","voltage_kv":132,"locality":"MURRUMBURRAH","state":"NSW","feature_source":"Esri World Imagery","feature_source_date":null,"attribute_source":"Aemo-Australian Energy Market Operators 2013","attribute_source_date":1360800000000,"spatial_confidence":5,"latitude":-34.54163857,"longitude":148.31338327,"created_date":1690934400000,"last_edited_on":1771372800000,"globalid":"{AD926CB3-E770-4C9D-8B00-3A29B0F352BF}"}},{"type":"Feature","id":488,"geometry":{"type":"Point","coordinates":[146.9526528020001,-36.05380446999993]},"properties":{"objectid":488,"feature_type":"Substation","feature_subtype":"Zone","feature_name":"Albury","feature_description":"A structure in which high voltage electricity supply is converted, controlled or transformed","status":"Operational","voltage_kv":132,"locality":"LAVINGTON","state":"NSW","feature_source":"Esri World Imagery","feature_source_date":null,"attribute_source":"Aemo-Australian Energy Market Operators 2013","attribute_source_date":1360800000000,"spatial_confidence":5,"latitude":-36.05380447,"longitude":146.95265279999998,"created_date":1588896000000,"last_edited_on":1771372800000,"globalid":"{B9BADAFB-A9CB-4BD2-AFFC-A3064E306C22}"}},{"type":"Feature","id":489,"geometry":{"type":"Point","coordinates":[146.90855182400003,-35.925333465999984]},"properties":{"objectid":489,"feature_type":"Substation","feature_subtype":"Zone","feature_name":"Jindera","feature_description":"A structure in which high voltage electricity supply is converted, controlled or transformed","status":"Operational","voltage_kv":330,"locality":"JINDERA","state":"NSW","feature_source":"Esri World Imagery","feature_source_date":null,"attribute_source":"Aemo-Australian Energy Market Operators 2013","attribute_source_date":1360800000000,"spatial_confidence":5,"latitude":-35.92533347,"longitude":146.90855182,"created_date":1698105600000,"last_edited_on":1771372800000,"globalid":"{AFF38E40-17EE-4B30-A87B-FA2E3ACCF528}"}},{"type":"Feature","id":490,"geometry":{"type":"Point","coordinates":[146.98469661700005,-35.99413667299996]},"properties":{"objectid":490,"feature_type":"Substation","feature_subtype":"Zone","feature_name":"Australian Newsprint Mills","feature_description":"A structure in which high voltage electricity supply is converted, controlled or transformed","status":"Operational","voltage_kv":132,"locality":"ETTAMOGAH","state":"NSW","feature_source":"Esri World Imagery","feature_source_date":null,"attribute_source":"Aemo-Australian Energy Market Operators 2013","attribute_source_date":1360800000000,"spatial_confidence":5,"latitude":-35.99413667,"longitude":146.98469662,"created_date":1588896000000,"last_edited_on":1771372800000,"globalid":"{69BE7337-0E9E-4F75-BE35-2D583A7248B7}"}},{"type":"Feature","id":491,"geometry":{"type":"Point","coordinates":[152.93286547600007,-29.61616158099997]},"properties":{"objectid":491,"feature_type":"Substation","feature_subtype":"Zone","feature_name":"Koolkhan","feature_description":"A structure in which high voltage electricity supply is converted, controlled or transformed","status":"Operational","voltage_kv":330,"locality":"KOOLKHAN","state":"NSW","feature_source":"Esri World Imagery","feature_source_date":null,"attribute_source":"Aemo-Australian Energy Market Operators 2013","attribute_source_date":1438560000000,"spatial_confidence":5,"latitude":-29.61616158,"longitude":152.93286547999998,"created_date":1683158400000,"last_edited_on":1771372800000,"globalid":"{7ACCF9DD-C639-4732-AD2B-9DE80280E6AE}"}},{"type":"Feature","id":492,"geometry":{"type":"Point","coordinates":[148.3860425910001,-35.91089408299996]},"properties":{"objectid":492,"feature_type":"Substation","feature_subtype":"Terminal","feature_name":"Upper Tumut","feature_description":"A structure in which high voltage electricity supply is converted, controlled or transformed","status":"Operational","voltage_kv":330,"locality":"CABRAMURRA","state":"NSW","feature_source":"Esri World Imagery","feature_source_date":null,"attribute_source":"Aemo-Australian Energy Market Operators 2013","attribute_source_date":1360800000000,"spatial_confidence":5,"latitude":-35.91089408,"longitude":148.38604259,"created_date":1583020800000,"last_edited_on":1771372800000,"globalid":"{1AF477D4-4907-4A52-94EA-19742536B469}"}},{"type":"Feature","id":493,"geometry":{"type":"Point","coordinates":[151.49209584300002,-33.24466631799993]},"properties":{"objectid":493,"feature_type":"Substation","feature_subtype":"Zone","feature_name":"Charmhaven","feature_description":"A structure in which high voltage electricity supply is converted, controlled or transformed","status":"Operational","voltage_kv":132,"locality":"WOONGARRAH","state":"NSW","feature_source":"Esri World Imagery","feature_source_date":null,"attribute_source":"Aemo-Australian Energy Market Operators 2013","attribute_source_date":1360800000000,"spatial_confidence":5,"latitude":-33.24466632,"longitude":151.49209584,"created_date":1698537600000,"last_edited_on":1763510400000,"globalid":"{F4FEF51C-5D52-4986-A646-2322B69A8C3D}"}},{"type":"Feature","id":494,"geometry":{"type":"Point","coordinates":[151.43788602100005,-33.267182478999985]},"properties":{"objectid":494,"feature_type":"Substation","feature_subtype":"Zone","feature_name":"Wyong","feature_description":"A structure in which high voltage electricity supply is converted, controlled or transformed","status":"Operational","voltage_kv":132,"locality":"WYONG","state":"NSW","feature_source":"Esri World Imagery","feature_source_date":null,"attribute_source":"Aemo-Australian Energy Market Operators 2013","attribute_source_date":1360800000000,"spatial_confidence":5,"latitude":-33.26718248,"longitude":151.43788602,"created_date":1698019200000,"last_edited_on":1763510400000,"globalid":"{F9D35A18-DF49-4E63-8EC5-4A65E2D62687}"}},{"type":"Feature","id":495,"geometry":{"type":"Point","coordinates":[151.331715561,-33.42098403299997]},"properties":{"objectid":495,"feature_type":"Substation","feature_subtype":"Zone","feature_name":"West Gosford","feature_description":"A structure in which high voltage electricity supply is converted, controlled or transformed","status":"Operational","voltage_kv":132,"locality":"WEST GOSFORD","state":"NSW","feature_source":"Esri World Imagery","feature_source_date":null,"attribute_source":"Aemo-Australian Energy Market Operators 2013","attribute_source_date":1360800000000,"spatial_confidence":5,"latitude":-33.42098403,"longitude":151.33171556000002,"created_date":1698019200000,"last_edited_on":1763510400000,"globalid":"{F07F4489-A141-457B-ABF5-F852A81281CA}"}},{"type":"Feature","id":496,"geometry":{"type":"Point","coordinates":[151.2441366910001,-33.75457527699996]},"properties":{"objectid":496,"feature_type":"Substation","feature_subtype":"Zone","feature_name":"Warringah","feature_description":"A structure in which high voltage electricity supply is converted, controlled or transformed","status":"Operational","voltage_kv":132,"locality":"FRENCHS FOREST","state":"NSW","feature_source":"Esri World Imagery","feature_source_date":null,"attribute_source":"Aemo-Australian Energy Market Operators 2013","attribute_source_date":1360800000000,"spatial_confidence":5,"latitude":-33.75457528,"longitude":151.24413669,"created_date":1654819200000,"last_edited_on":1763510400000,"globalid":"{318E2C62-CA5B-4771-8B74-45B56D97F31F}"}},{"type":"Feature","id":497,"geometry":{"type":"Point","coordinates":[151.1854045670001,-33.81678257699997]},"properties":{"objectid":497,"feature_type":"Substation","feature_subtype":"Zone","feature_name":"Willoughby","feature_description":"A structure in which high voltage electricity supply is converted, controlled or transformed","status":"Operational","voltage_kv":132,"locality":"ARTARMON","state":"NSW","feature_source":"Esri World Imagery","feature_source_date":null,"attribute_source":"Aemo-Australian Energy Market Operators 2013","attribute_source_date":1360800000000,"spatial_confidence":5,"latitude":-33.816782579999995,"longitude":151.18540456999997,"created_date":1675555200000,"last_edited_on":1763510400000,"globalid":"{D86F6AE9-FB5C-4DB7-A5C4-9056131A0467}"}},{"type":"Feature","id":498,"geometry":{"type":"Point","coordinates":[151.19357171700005,-33.87046411099993]},"properties":{"objectid":498,"feature_type":"Substation","feature_subtype":"Zone","feature_name":"Pyrmont","feature_description":"A structure in which high voltage electricity supply is converted, controlled or transformed","status":"Operational","voltage_kv":132,"locality":"PYRMONT","state":"NSW","feature_source":"Esri World Imagery","feature_source_date":null,"attribute_source":"Aemo-Australian Energy Market Operators 2013","attribute_source_date":1360800000000,"spatial_confidence":5,"latitude":-33.87046411,"longitude":151.19357172,"created_date":1675555200000,"last_edited_on":1763510400000,"globalid":"{889E6919-4B29-4FA6-9003-33BA55237DEE}"}},{"type":"Feature","id":499,"geometry":{"type":"Point","coordinates":[151.1159545370001,-33.92155925299994]},"properties":{"objectid":499,"feature_type":"Substation","feature_subtype":"Zone","feature_name":"Canterbury","feature_description":"A structure in which high voltage electricity supply is converted, controlled or transformed","status":"Operational","voltage_kv":132,"locality":"EARLWOOD","state":"NSW","feature_source":"Esri World Imagery","feature_source_date":null,"attribute_source":"Aemo-Australian Energy Market Operators 2013","attribute_source_date":1360800000000,"spatial_confidence":5,"latitude":-33.92155925,"longitude":151.11595454000002,"created_date":1675555200000,"last_edited_on":1763510400000,"globalid":"{508B7FAE-8204-4053-99F3-BE32520252BB}"}},{"type":"Feature","id":500,"geometry":{"type":"Point","coordinates":[151.21232485400003,-33.879815762999954]},"properties":{"objectid":500,"feature_type":"Substation","feature_subtype":"Zone","feature_name":"Campbell","feature_description":"A structure in which high voltage electricity supply is converted, controlled or transformed","status":"Operational","voltage_kv":132,"locality":"SURRY HILLS","state":"NSW","feature_source":"Esri World Imagery","feature_source_date":null,"attribute_source":"Aemo-Australian Energy Market Operators 2013","attribute_source_date":1360800000000,"spatial_confidence":5,"latitude":-33.87981576,"longitude":151.21232485,"created_date":1675555200000,"last_edited_on":1763510400000,"globalid":"{328027FC-4691-42A7-A1E2-E978CA09F1BF}"}},{"type":"Feature","id":501,"geometry":{"type":"Point","coordinates":[151.22982687400008,-33.926819345999945]},"properties":{"objectid":501,"feature_type":"Substation","feature_subtype":"Zone","feature_name":"Kingsford","feature_description":"A structure in which high voltage electricity supply is converted, controlled or transformed","status":"Operational","voltage_kv":132,"locality":"KINGSFORD","state":"NSW","feature_source":"Esri World Imagery","feature_source_date":null,"attribute_source":"Aemo-Australian Energy Market Operators 2013","attribute_source_date":1360800000000,"spatial_confidence":5,"latitude":-33.92681935,"longitude":151.22982687,"created_date":1654819200000,"last_edited_on":1763510400000,"globalid":"{D9234FC3-3325-4893-B9C1-9D05193B372E}"}},{"type":"Feature","id":502,"geometry":{"type":"Point","coordinates":[151.22913207300007,-33.968930840999974]},"properties":{"objectid":502,"feature_type":"Substation","feature_subtype":"Zone","feature_name":"Bunnerong","feature_description":"A structure in which high voltage electricity supply is converted, controlled or transformed","status":"Operational","voltage_kv":132,"locality":"MATRAVILLE","state":"NSW","feature_source":"Esri World Imagery","feature_source_date":null,"attribute_source":"Aemo-Australian Energy Market Operators 2013","attribute_source_date":1360800000000,"spatial_confidence":5,"latitude":-33.96893084,"longitude":151.22913207,"created_date":1654819200000,"last_edited_on":1763510400000,"globalid":"{974543FD-E6CA-464B-B922-0472767B00F9}"}},{"type":"Feature","id":503,"geometry":{"type":"Point","coordinates":[143.5251083060001,-34.775593449999974]},"properties":{"objectid":503,"feature_type":"Substation","feature_subtype":"Zone","feature_name":"Balranald","feature_description":"A structure in which high voltage electricity supply is converted, controlled or transformed","status":"Operational","voltage_kv":220,"locality":"BALRANALD","state":"NSW","feature_source":"Esri World Imagery","feature_source_date":null,"attribute_source":"Aemo-Australian Energy Market Operators 2013","attribute_source_date":1360800000000,"spatial_confidence":5,"latitude":-34.77559345,"longitude":143.52510831,"created_date":1696982400000,"last_edited_on":1771372800000,"globalid":"{6A37F4CB-A550-4993-944C-AB95614F20B8}"}},{"type":"Feature","id":504,"geometry":{"type":"Point","coordinates":[141.41926310400004,-31.98624344999996]},"properties":{"objectid":504,"feature_type":"Substation","feature_subtype":"Zone","feature_name":"Broken Hill","feature_description":"A structure in which high voltage electricity supply is converted, controlled or transformed","status":"Operational","voltage_kv":220,"locality":"BROKEN HILL","state":"NSW","feature_source":"Esri World Imagery","feature_source_date":null,"attribute_source":"Aemo-Australian Energy Market Operators 2013","attribute_source_date":1360800000000,"spatial_confidence":5,"latitude":-31.98624345,"longitude":141.4192631,"created_date":1701820800000,"last_edited_on":1771372800000,"globalid":"{A6362974-41AE-4217-B2C5-DB2B941ACC07}"}},{"type":"Feature","id":508,"geometry":{"type":"Point","coordinates":[151.433465973,-33.30799633399994]},"properties":{"objectid":508,"feature_type":"Substation","feature_subtype":"Zone","feature_name":"Tuggerah","feature_description":"A structure in which high voltage electricity supply is converted, controlled or transformed","status":"Operational","voltage_kv":330,"locality":"TUGGERAH","state":"NSW","feature_source":"Esri World Imagery","feature_source_date":null,"attribute_source":"Aemo-Australian Energy Market Operators 2013","attribute_source_date":1360800000000,"spatial_confidence":5,"latitude":-33.307996329999995,"longitude":151.43346597000001,"created_date":1698019200000,"last_edited_on":1771372800000,"globalid":"{0866FC2F-9406-4F14-B757-7DF9DFE6DD47}"}},{"type":"Feature","id":509,"geometry":{"type":"Point","coordinates":[151.71415689600008,-32.82176131999995]},"properties":{"objectid":509,"feature_type":"Substation","feature_subtype":"Zone","feature_name":"Tomago","feature_description":"A structure in which high voltage electricity supply is converted, controlled or transformed","status":"Operational","voltage_kv":330,"locality":"TOMAGO","state":"NSW","feature_source":"Esri World Imagery","feature_source_date":null,"attribute_source":"Aemo-Australian Energy Market Operators 2013","attribute_source_date":1360800000000,"spatial_confidence":5,"latitude":-32.82176132,"longitude":151.7141569,"created_date":1676505600000,"last_edited_on":1776038400000,"globalid":"{C145E685-3A88-4BD6-A7D8-DA4F45A8E9D4}"}},{"type":"Feature","id":510,"geometry":{"type":"Point","coordinates":[151.70995199100003,-32.89015535699997]},"properties":{"objectid":510,"feature_type":"Substation","feature_subtype":"Zone","feature_name":"Waratah West","feature_description":"A structure in which high voltage electricity supply is converted, controlled or transformed","status":"Operational","voltage_kv":330,"locality":"CALLAGHAN","state":"NSW","feature_source":"Esri World Imagery","feature_source_date":null,"attribute_source":"Aemo-Australian Energy Market Operators 2013","attribute_source_date":1360800000000,"spatial_confidence":5,"latitude":-32.890155359999994,"longitude":151.70995199,"created_date":1676505600000,"last_edited_on":1771372800000,"globalid":"{0897113F-4585-4C5A-A54A-424326991296}"}},{"type":"Feature","id":511,"geometry":{"type":"Point","coordinates":[151.74198801400007,-32.88515228299997]},"properties":{"objectid":511,"feature_type":"Substation","feature_subtype":"Sole Use","feature_name":"BHP","feature_description":"A structure in which high voltage electricity supply is converted, controlled or transformed","status":"Operational","voltage_kv":132,"locality":"MAYFIELD NORTH","state":"NSW","feature_source":"Esri World Imagery","feature_source_date":null,"attribute_source":"Aemo-Australian Energy Market Operators 2013","attribute_source_date":1360800000000,"spatial_confidence":4,"latitude":-32.88515228,"longitude":151.74198801,"created_date":1676505600000,"last_edited_on":1763510400000,"globalid":"{5D9645CB-4CF2-4441-A6DA-1FBDB77B2889}"}},{"type":"Feature","id":512,"geometry":{"type":"Point","coordinates":[150.73226497100006,-34.07207827399998]},"properties":{"objectid":512,"feature_type":"Substation","feature_subtype":"Zone","feature_name":"Nepean","feature_description":"A structure in which high voltage electricity supply is converted, controlled or transformed","status":"Operational","voltage_kv":132,"locality":"SPRING FARM","state":"NSW","feature_source":"Esri World Imagery","feature_source_date":null,"attribute_source":"Aemo-Australian Energy Market Operators 2013","attribute_source_date":1360800000000,"spatial_confidence":5,"latitude":-34.072078270000006,"longitude":150.73226497000002,"created_date":1681516800000,"last_edited_on":1763510400000,"globalid":"{8EBFF820-0557-45F4-B4C9-42A1970EA03C}"}},{"type":"Feature","id":513,"geometry":{"type":"Point","coordinates":[150.64852902100006,-33.78799526499995]},"properties":{"objectid":513,"feature_type":"Substation","feature_subtype":"Zone","feature_name":"Regentville","feature_description":"A structure in which high voltage electricity supply is converted, controlled or transformed","status":"Operational","voltage_kv":330,"locality":"MULGOA","state":"NSW","feature_source":"Esri World Imagery","feature_source_date":null,"attribute_source":"Aemo-Australian Energy Market Operators 2013","attribute_source_date":1360800000000,"spatial_confidence":5,"latitude":-33.78799526,"longitude":150.64852902,"created_date":1678838400000,"last_edited_on":1771372800000,"globalid":"{45EDAC59-B62C-4700-8D9E-188978073D86}"}},{"type":"Feature","id":514,"geometry":{"type":"Point","coordinates":[151.04424496500008,-33.782611300999974]},"properties":{"objectid":514,"feature_type":"Substation","feature_subtype":"Zone","feature_name":"Carlingford","feature_description":"A structure in which high voltage electricity supply is converted, controlled or transformed","status":"Operational","voltage_kv":132,"locality":"CARLINGFORD","state":"NSW","feature_source":"Esri World Imagery","feature_source_date":null,"attribute_source":"Aemo-Australian Energy Market Operators 2013","attribute_source_date":1360800000000,"spatial_confidence":5,"latitude":-33.7826113,"longitude":151.04424497,"created_date":1675555200000,"last_edited_on":1763510400000,"globalid":"{D1F14419-5CAE-40FB-BFC2-CF001ABDE268}"}},{"type":"Feature","id":515,"geometry":{"type":"Point","coordinates":[150.81346251800005,-33.62811377899993]},"properties":{"objectid":515,"feature_type":"Substation","feature_subtype":"Zone","feature_name":"Hawksbury","feature_description":"A structure in which high voltage electricity supply is converted, controlled or transformed","status":"Operational","voltage_kv":132,"locality":"SOUTH WINDSOR","state":"NSW","feature_source":"Esri World Imagery","feature_source_date":null,"attribute_source":"Aemo-Australian Energy Market Operators 2013","attribute_source_date":1360800000000,"spatial_confidence":5,"latitude":-33.62811378000001,"longitude":150.81346252,"created_date":1681516800000,"last_edited_on":1763510400000,"globalid":"{FFF83B91-C3C9-4538-8C8F-8320400E9749}"}},{"type":"Feature","id":516,"geometry":{"type":"Point","coordinates":[150.84347901,-33.65707528099995]},"properties":{"objectid":516,"feature_type":"Substation","feature_subtype":"Zone","feature_name":"Vineyard","feature_description":"A structure in which high voltage electricity supply is converted, controlled or transformed","status":"Operational","voltage_kv":330,"locality":"RICHARDS","state":"NSW","feature_source":"Esri World Imagery","feature_source_date":null,"attribute_source":"Aemo-Australian Energy Market Operators 2013","attribute_source_date":1360800000000,"spatial_confidence":5,"latitude":-33.657075279999994,"longitude":150.84347901,"created_date":1675555200000,"last_edited_on":1771372800000,"globalid":"{AA5072B1-0F6E-486D-A57E-445B8E16F5E1}"}},{"type":"Feature","id":517,"geometry":{"type":"Point","coordinates":[151.00276448600005,-33.666300295999974]},"properties":{"objectid":517,"feature_type":"Substation","feature_subtype":"Zone","feature_name":"Kenthurst","feature_description":"A structure in which high voltage electricity supply is converted, controlled or transformed","status":"Operational","voltage_kv":132,"locality":"KENTHURST","state":"NSW","feature_source":"Esri World Imagery","feature_source_date":null,"attribute_source":"Aemo-Australian Energy Market Operators 2013","attribute_source_date":1360800000000,"spatial_confidence":5,"latitude":-33.6663003,"longitude":151.00276449,"created_date":1675555200000,"last_edited_on":1763510400000,"globalid":"{614428D6-5070-4281-B54E-F0D15B6875AA}"}},{"type":"Feature","id":518,"geometry":{"type":"Point","coordinates":[150.92642726100007,-33.802413962999935]},"properties":{"objectid":518,"feature_type":"Substation","feature_subtype":"Zone","feature_name":"Blacktown","feature_description":"A structure in which high voltage electricity supply is converted, controlled or transformed","status":"Operational","voltage_kv":132,"locality":"PROSPECT","state":"NSW","feature_source":"Esri World Imagery","feature_source_date":null,"attribute_source":"Aemo-Australian Energy Market Operators 2013","attribute_source_date":1360800000000,"spatial_confidence":5,"latitude":-33.802413959999996,"longitude":150.92642726,"created_date":1675555200000,"last_edited_on":1763510400000,"globalid":"{8BCCA957-ABBD-44EC-A8E5-40BE0024714B}"}},{"type":"Feature","id":519,"geometry":{"type":"Point","coordinates":[150.82795192300011,-33.816063793999945]},"properties":{"objectid":519,"feature_type":"Substation","feature_subtype":"Bulk Supply Point","feature_name":"Sydney West","feature_description":"A structure in which high voltage electricity supply is converted, controlled or transformed","status":"Operational","voltage_kv":330,"locality":"EASTERN CREEK","state":"NSW","feature_source":"Esri World Imagery","feature_source_date":null,"attribute_source":"Aemo-Australian Energy Market Operators 2013","attribute_source_date":1360800000000,"spatial_confidence":5,"latitude":-33.81606379,"longitude":150.82795192,"created_date":1681516800000,"last_edited_on":1771372800000,"globalid":"{1B4D38D9-9C8D-4E52-AA16-96400FDE9B92}"}},{"type":"Feature","id":520,"geometry":{"type":"Point","coordinates":[150.85133246200007,-34.01432978499997]},"properties":{"objectid":520,"feature_type":"Substation","feature_subtype":"Zone","feature_name":"Ingleburn","feature_description":"A structure in which high voltage electricity supply is converted, controlled or transformed","status":"Operational","voltage_kv":330,"locality":"MINTO","state":"NSW","feature_source":"Esri World Imagery","feature_source_date":null,"attribute_source":"Aemo-Australian Energy Market Operators 2013","attribute_source_date":1360800000000,"spatial_confidence":5,"latitude":-34.01432979,"longitude":150.85133246,"created_date":1675555200000,"last_edited_on":1771372800000,"globalid":"{750A8749-1536-4E03-A683-04B4ED3842A5}"}},{"type":"Feature","id":521,"geometry":{"type":"Point","coordinates":[150.8717827470001,-33.930935688999966]},"properties":{"objectid":521,"feature_type":"Substation","feature_subtype":"Zone","feature_name":"West Liverpool","feature_description":"A structure in which high voltage electricity supply is converted, controlled or transformed","status":"Operational","voltage_kv":132,"locality":"PRESTONS","state":"NSW","feature_source":"Esri World Imagery","feature_source_date":null,"attribute_source":"Aemo-Australian Energy Market Operators 2013","attribute_source_date":1360800000000,"spatial_confidence":5,"latitude":-33.93093569,"longitude":150.87178275,"created_date":1675555200000,"last_edited_on":1763510400000,"globalid":"{B71BEAAE-9E7C-4BFB-B6FC-84A3C68F64A1}"}},{"type":"Feature","id":522,"geometry":{"type":"Point","coordinates":[150.80853898300006,-33.900637779999954]},"properties":{"objectid":522,"feature_type":"Substation","feature_subtype":"Zone","feature_name":"Kemps Creek","feature_description":"A structure in which high voltage electricity supply is converted, controlled or transformed","status":"Operational","voltage_kv":500,"locality":"AUSTRAL","state":"NSW","feature_source":"Esri World Imagery","feature_source_date":null,"attribute_source":"Aemo-Australian Energy Market Operators 2013","attribute_source_date":1360800000000,"spatial_confidence":5,"latitude":-33.90063778,"longitude":150.80853898,"created_date":1681516800000,"last_edited_on":1771372800000,"globalid":"{550C1D01-13AB-4A58-BF0E-6BBD598BFC97}"}},{"type":"Feature","id":523,"geometry":{"type":"Point","coordinates":[151.01290144300003,-33.978641798999945]},"properties":{"objectid":523,"feature_type":"Substation","feature_subtype":"Zone","feature_name":"Sydney South","feature_description":"A structure in which high voltage electricity supply is converted, controlled or transformed","status":"Operational","voltage_kv":330,"locality":"PICNIC POINT","state":"NSW","feature_source":"Esri World Imagery","feature_source_date":null,"attribute_source":"Aemo-Australian Energy Market Operators 2013","attribute_source_date":1360800000000,"spatial_confidence":5,"latitude":-33.9786418,"longitude":151.01290144,"created_date":1675555200000,"last_edited_on":1771372800000,"globalid":"{E3DAB566-82FE-4592-BBF8-1979A3522AF2}"}},{"type":"Feature","id":577,"geometry":{"type":"Point","coordinates":[150.40676695600007,-34.55233374799997]},"properties":{"objectid":577,"feature_type":"Substation","feature_subtype":"Zone","feature_name":"Fairfax Lane","feature_description":"A structure in which high voltage electricity supply is converted, controlled or transformed","status":"Operational","voltage_kv":132,"locality":"MOSS VALE","state":"NSW","feature_source":"Esri World Imagery","feature_source_date":null,"attribute_source":"Aemo-Australian Energy Market Operators 2013","attribute_source_date":1360800000000,"spatial_confidence":5,"latitude":-34.55233375,"longitude":150.40676696,"created_date":1678838400000,"last_edited_on":1763510400000,"globalid":"{ECCBB7A4-CA94-473B-8298-2A9A1785C9A1}"}},{"type":"Feature","id":578,"geometry":{"type":"Point","coordinates":[150.05193600000007,-34.61532371699997]},"properties":{"objectid":578,"feature_type":"Substation","feature_subtype":"Zone","feature_name":"Marulan","feature_description":"A structure in which high voltage electricity supply is converted, controlled or transformed","status":"Operational","voltage_kv":330,"locality":"BRAYTON","state":"NSW","feature_source":"Esri World Imagery","feature_source_date":null,"attribute_source":"Aemo-Australian Energy Market Operators 2013","attribute_source_date":1360800000000,"spatial_confidence":5,"latitude":-34.61532372,"longitude":150.05193599999998,"created_date":1698537600000,"last_edited_on":1771372800000,"globalid":"{F1E293C5-19F6-454E-8ACC-B3F66ECCD10D}"}},{"type":"Feature","id":579,"geometry":{"type":"Point","coordinates":[150.8604972930001,-34.45913848299995]},"properties":{"objectid":579,"feature_type":"Substation","feature_subtype":"Zone","feature_name":"Spring Hill","feature_description":"A structure in which high voltage electricity supply is converted, controlled or transformed","status":"Operational","voltage_kv":132,"locality":"UNANDERRA","state":"NSW","feature_source":"Esri World Imagery","feature_source_date":null,"attribute_source":"Aemo-Australian Energy Market Operators 2013","attribute_source_date":1360800000000,"spatial_confidence":5,"latitude":-34.45913848,"longitude":150.86049729,"created_date":1707696000000,"last_edited_on":1763510400000,"globalid":"{73EF5B64-0CFD-48B5-B989-4AADF3EEF4E8}"}},{"type":"Feature","id":580,"geometry":{"type":"Point","coordinates":[150.7811844030001,-34.53461928199994]},"properties":{"objectid":580,"feature_type":"Substation","feature_subtype":"Zone","feature_name":"Dapto","feature_description":"A structure in which high voltage electricity supply is converted, controlled or transformed","status":"Operational","voltage_kv":330,"locality":"YALLAH","state":"NSW","feature_source":"Esri World Imagery","feature_source_date":null,"attribute_source":"Aemo-Australian Energy Market Operators 2013","attribute_source_date":1360800000000,"spatial_confidence":5,"latitude":-34.534619279999994,"longitude":150.7811844,"created_date":1707696000000,"last_edited_on":1771372800000,"globalid":"{B303E13C-1AA1-4402-952E-41A7B51ADE10}"}},{"type":"Feature","id":581,"geometry":{"type":"Point","coordinates":[150.74383271300007,-34.44725688099993]},"properties":{"objectid":581,"feature_type":"Substation","feature_subtype":"Zone","feature_name":"Avon","feature_description":"A structure in which high voltage electricity supply is converted, controlled or transformed","status":"Operational","voltage_kv":330,"locality":"AVON","state":"NSW","feature_source":"Esri World Imagery","feature_source_date":null,"attribute_source":"Aemo-Australian Energy Market Operators 2013","attribute_source_date":1360800000000,"spatial_confidence":5,"latitude":-34.447256880000005,"longitude":150.74383271,"created_date":1678147200000,"last_edited_on":1771372800000,"globalid":"{92ECB205-1288-4D7B-895D-010F9662CC90}"}},{"type":"Feature","id":582,"geometry":{"type":"Point","coordinates":[153.18864403600003,-28.890456506999953]},"properties":{"objectid":582,"feature_type":"Substation","feature_subtype":"Zone","feature_name":"Lismore","feature_description":"A structure in which high voltage electricity supply is converted, controlled or transformed","status":"Operational","voltage_kv":330,"locality":"MCKEES HILL","state":"NSW","feature_source":"Esri World Imagery","feature_source_date":null,"attribute_source":"Aemo-Australian Energy Market Operators 2013","attribute_source_date":1360800000000,"spatial_confidence":5,"latitude":-28.89045651,"longitude":153.18864404,"created_date":1701820800000,"last_edited_on":1771372800000,"globalid":"{2C0E637D-6C22-4F1F-B95E-3BBCB4C9C307}"}},{"type":"Feature","id":591,"geometry":{"type":"Point","coordinates":[150.4257415610001,-33.72068824399997]},"properties":{"objectid":591,"feature_type":"Substation","feature_subtype":"Zone","feature_name":"Lawson","feature_description":"A structure in which high voltage electricity supply is converted, controlled or transformed","status":"Operational","voltage_kv":132,"locality":"LAWSON","state":"NSW","feature_source":"Esri World Imagery","feature_source_date":null,"attribute_source":"Aemo-Australian Energy Market Operators 2013","attribute_source_date":1360800000000,"spatial_confidence":5,"latitude":-33.720688239999994,"longitude":150.42574156,"created_date":1678838400000,"last_edited_on":1763510400000,"globalid":"{392F72AC-CED4-4F90-83F9-5A309192ACD2}"}},{"type":"Feature","id":592,"geometry":{"type":"Point","coordinates":[152.45160602500005,-31.899274421999962]},"properties":{"objectid":592,"feature_type":"Substation","feature_subtype":"Zone","feature_name":"Taree","feature_description":"A structure in which high voltage electricity supply is converted, controlled or transformed","status":"Operational","voltage_kv":132,"locality":"TAREE","state":"NSW","feature_source":"Esri World Imagery","feature_source_date":null,"attribute_source":"Aemo-Australian Energy Market Operators 2013","attribute_source_date":1360800000000,"spatial_confidence":5,"latitude":-31.89927442,"longitude":152.45160603000002,"created_date":1695600000000,"last_edited_on":1771372800000,"globalid":"{5D480AAB-234A-4780-8135-3EC7C624AB57}"}},{"type":"Feature","id":593,"geometry":{"type":"Point","coordinates":[149.4614043670001,-32.34808464899993]},"properties":{"objectid":593,"feature_type":"Substation","feature_subtype":"Zone","feature_name":"Beryl","feature_description":"A structure in which high voltage electricity supply is converted, controlled or transformed","status":"Operational","voltage_kv":132,"locality":"GULGONG","state":"NSW","feature_source":"Esri World Imagery","feature_source_date":null,"attribute_source":"Aemo-Australian Energy Market Operators 2013","attribute_source_date":1360800000000,"spatial_confidence":5,"latitude":-32.34808465,"longitude":149.46140437,"created_date":1682553600000,"last_edited_on":1771372800000,"globalid":"{8C94DA09-9158-45C7-BAEC-971490544AC1}"}},{"type":"Feature","id":594,"geometry":{"type":"Point","coordinates":[151.37050947600005,-33.34999532799998]},"properties":{"objectid":594,"feature_type":"Substation","feature_subtype":"Zone","feature_name":"Ourimbah","feature_description":"A structure in which high voltage electricity supply is converted, controlled or transformed","status":"Operational","voltage_kv":132,"locality":"OURIMBAH","state":"NSW","feature_source":"Esri World Imagery","feature_source_date":null,"attribute_source":"Aemo-Australian Energy Market Operators 2013","attribute_source_date":1360800000000,"spatial_confidence":5,"latitude":-33.34999533,"longitude":151.37050947999998,"created_date":1698019200000,"last_edited_on":1763510400000,"globalid":"{770CD285-DADB-4673-996E-589738433B9D}"}},{"type":"Feature","id":595,"geometry":{"type":"Point","coordinates":[151.32982597400007,-33.41138532499997]},"properties":{"objectid":595,"feature_type":"Substation","feature_subtype":"Zone","feature_name":"Gosford","feature_description":"A structure in which high voltage electricity supply is converted, controlled or transformed","status":"Operational","voltage_kv":132,"locality":"WEST GOSFORD","state":"NSW","feature_source":"Esri World Imagery","feature_source_date":null,"attribute_source":"Aemo-Australian Energy Market Operators 2013","attribute_source_date":1360800000000,"spatial_confidence":5,"latitude":-33.411385329999995,"longitude":151.32982597,"created_date":1698019200000,"last_edited_on":1763510400000,"globalid":"{E96B1D27-B7E8-4B29-AB4C-0876529E3DC2}"}},{"type":"Feature","id":596,"geometry":{"type":"Point","coordinates":[148.6757907980001,-33.84971109299994]},"properties":{"objectid":596,"feature_type":"Substation","feature_subtype":"Zone","feature_name":"Cowra","feature_description":"A structure in which high voltage electricity supply is converted, controlled or transformed","status":"Operational","voltage_kv":132,"locality":"COWRA","state":"NSW","feature_source":"Esri World Imagery","feature_source_date":null,"attribute_source":"Aemo-Australian Energy Market Operators 2013","attribute_source_date":1360800000000,"spatial_confidence":5,"latitude":-33.84971109,"longitude":148.67579080000002,"created_date":1694822400000,"last_edited_on":1771372800000,"globalid":"{5DF7699A-E925-48F5-8F46-D24DF9B9D3A4}"}},{"type":"Feature","id":598,"geometry":{"type":"Point","coordinates":[147.38149869400002,-35.126353741999935]},"properties":{"objectid":598,"feature_type":"Substation","feature_subtype":"Zone","feature_name":"Wagga 132","feature_description":"A structure in which high voltage electricity supply is converted, controlled or transformed","status":"Operational","voltage_kv":132,"locality":"KOORINGAL","state":"NSW","feature_source":"Esri World Imagery","feature_source_date":null,"attribute_source":"Aemo-Australian Energy Market Operators 2013","attribute_source_date":1360800000000,"spatial_confidence":5,"latitude":-35.12635374,"longitude":147.38149869,"created_date":1695600000000,"last_edited_on":1772064000000,"globalid":"{FBE3D8C1-433C-40CF-A650-BC75D8CD1105}"}},{"type":"Feature","id":601,"geometry":{"type":"Point","coordinates":[145.03132063500004,-35.55720192399997]},"properties":{"objectid":601,"feature_type":"Substation","feature_subtype":"Zone","feature_name":"Deniliquin 132","feature_description":"A structure in which high voltage electricity supply is converted, controlled or transformed","status":"Operational","voltage_kv":132,"locality":"DENILIQUIN","state":"NSW","feature_source":"Esri World Imagery","feature_source_date":null,"attribute_source":"Aemo-Australian Energy Market Operators 2013","attribute_source_date":1360800000000,"spatial_confidence":5,"latitude":-35.557201920000004,"longitude":145.03132064,"created_date":1698710400000,"last_edited_on":1771372800000,"globalid":"{E3563E30-6E2D-4F70-BB18-8E3F769CE56A}"}},{"type":"Feature","id":602,"geometry":{"type":"Point","coordinates":[146.3964845480001,-34.60251863199994]},"properties":{"objectid":602,"feature_type":"Substation","feature_subtype":"Zone","feature_name":"Yanco","feature_description":"A structure in which high voltage electricity supply is converted, controlled or transformed","status":"Operational","voltage_kv":132,"locality":"YANCO","state":"NSW","feature_source":"Esri World Imagery","feature_source_date":null,"attribute_source":"Aemo-Australian Energy Market Operators 2013","attribute_source_date":1360800000000,"spatial_confidence":5,"latitude":-34.60251863,"longitude":146.39648455,"created_date":1705881600000,"last_edited_on":1771372800000,"globalid":"{CB4A4F83-6274-4CEF-93F3-681C5DCE8BDC}"}},{"type":"Feature","id":603,"geometry":{"type":"Point","coordinates":[146.10942112600003,-34.31551889599996]},"properties":{"objectid":603,"feature_type":"Substation","feature_subtype":"Zone","feature_name":"Griffith","feature_description":"A structure in which high voltage electricity supply is converted, controlled or transformed","status":"Operational","voltage_kv":132,"locality":"YOOGALI","state":"NSW","feature_source":"Esri World Imagery","feature_source_date":null,"attribute_source":"Aemo-Australian Energy Market Operators 2013","attribute_source_date":1360800000000,"spatial_confidence":5,"latitude":-34.3155189,"longitude":146.10942113,"created_date":1647993600000,"last_edited_on":1771372800000,"globalid":"{1090ACFF-0CE6-4893-86BA-B26A78282E9B}"}},{"type":"Feature","id":604,"geometry":{"type":"Point","coordinates":[146.0351686020001,-34.64890989299994]},"properties":{"objectid":604,"feature_type":"Substation","feature_subtype":"Zone","feature_name":"Darlington Point","feature_description":"A structure in which high voltage electricity supply is converted, controlled or transformed","status":"Operational","voltage_kv":330,"locality":"DARLINGTON POINT","state":"NSW","feature_source":"Esri World Imagery","feature_source_date":null,"attribute_source":"Aemo-Australian Energy Market Operators 2013","attribute_source_date":1360800000000,"spatial_confidence":5,"latitude":-34.64890989,"longitude":146.0351686,"created_date":1619827200000,"last_edited_on":1771372800000,"globalid":"{F294AD28-6C5E-4554-8D65-9B66ADEB3FBA}"}},{"type":"Feature","id":616,"geometry":{"type":"Point","coordinates":[151.7147684900001,-32.89387385799995]},"properties":{"objectid":616,"feature_type":"Substation","feature_subtype":"Zone","feature_name":"Waratah","feature_description":"A structure in which high voltage electricity supply is converted, controlled or transformed","status":"Operational","voltage_kv":132,"locality":"CALLAGHAN","state":"NSW","feature_source":"Esri World Imagery","feature_source_date":null,"attribute_source":"Aemo-Australian Energy Market Operators 2013","attribute_source_date":1360800000000,"spatial_confidence":5,"latitude":-32.89387386,"longitude":151.71476848999998,"created_date":1676505600000,"last_edited_on":1763510400000,"globalid":"{AC937FC7-4C05-4105-856F-D5AEA2FFAA41}"}},{"type":"Feature","id":617,"geometry":{"type":"Point","coordinates":[151.5001870310001,-32.80597233699996]},"properties":{"objectid":617,"feature_type":"Substation","feature_subtype":"Zone","feature_name":"Kurri","feature_description":"A structure in which high voltage electricity supply is converted, controlled or transformed","status":"Operational","voltage_kv":132,"locality":"HEDDON GRETA","state":"NSW","feature_source":"Esri World Imagery","feature_source_date":null,"attribute_source":"Aemo-Australian Energy Market Operators 2013","attribute_source_date":1360800000000,"spatial_confidence":5,"latitude":-32.805972340000004,"longitude":151.50018703,"created_date":1698537600000,"last_edited_on":1763510400000,"globalid":"{069F3EC7-E43F-43E3-89C8-6FADD24AF978}"}},{"type":"Feature","id":627,"geometry":{"type":"Point","coordinates":[150.9416786820001,-32.22219827999993]},"properties":{"objectid":627,"feature_type":"Substation","feature_subtype":"Zone","feature_name":"Muswellbrook","feature_description":"A structure in which high voltage electricity supply is converted, controlled or transformed","status":"Operational","voltage_kv":330,"locality":"MCCULLYS GAP","state":"NSW","feature_source":"Esri World Imagery","feature_source_date":null,"attribute_source":"Aemo-Australian Energy Market Operators 2013","attribute_source_date":1360800000000,"spatial_confidence":5,"latitude":-32.22219828,"longitude":150.94167868,"created_date":1694995200000,"last_edited_on":1771977600000,"globalid":"{44BCB83E-FA99-416C-9543-1C90BBA301E5}"}},{"type":"Feature","id":628,"geometry":{"type":"Point","coordinates":[150.9113116840001,-32.24543327799995]},"properties":{"objectid":628,"feature_type":"Substation","feature_subtype":"Zone","feature_name":"Muswellbrook 132","feature_description":"A structure in which high voltage electricity supply is converted, controlled or transformed","status":"Operational","voltage_kv":132,"locality":"MUSWELLBROOK","state":"NSW","feature_source":"Esri World Imagery","feature_source_date":null,"attribute_source":"Aemo-Australian Energy Market Operators 2013","attribute_source_date":1360800000000,"spatial_confidence":5,"latitude":-32.24543327999999,"longitude":150.91131168,"created_date":1676073600000,"last_edited_on":1763510400000,"globalid":"{2C230F13-B1FB-4F81-A5E3-58B0E7B9A56B}"}},{"type":"Feature","id":629,"geometry":{"type":"Point","coordinates":[151.07620762500005,-32.53139479499998]},"properties":{"objectid":629,"feature_type":"Substation","feature_subtype":"Zone","feature_name":"Singleton","feature_description":"A structure in which high voltage electricity supply is converted, controlled or transformed","status":"Operational","voltage_kv":132,"locality":"MAISON DIEU","state":"NSW","feature_source":"Esri World Imagery","feature_source_date":null,"attribute_source":"Aemo-Australian Energy Market Operators 2013","attribute_source_date":1360800000000,"spatial_confidence":5,"latitude":-32.5313948,"longitude":151.07620763,"created_date":1614211200000,"last_edited_on":1763510400000,"globalid":"{9E1495E5-2638-43E9-8074-F869E22B71B1}"}},{"type":"Feature","id":630,"geometry":{"type":"Point","coordinates":[151.56153750600004,-32.92759434299995]},"properties":{"objectid":630,"feature_type":"Substation","feature_subtype":"Zone","feature_name":"Newcastle","feature_description":"A structure in which high voltage electricity supply is converted, controlled or transformed","status":"Operational","voltage_kv":330,"locality":"KILLINGWORTH","state":"NSW","feature_source":"Esri World Imagery","feature_source_date":null,"attribute_source":"Aemo-Australian Energy Market Operators 2013","attribute_source_date":1360800000000,"spatial_confidence":5,"latitude":-32.92759434,"longitude":151.56153751,"created_date":1676505600000,"last_edited_on":1771372800000,"globalid":"{A1061074-E608-468E-B21F-EEF3638BF707}"}},{"type":"Feature","id":633,"geometry":{"type":"Point","coordinates":[151.14507744700006,-33.81171030999997]},"properties":{"objectid":633,"feature_type":"Substation","feature_subtype":"Zone","feature_name":"Lane Cove","feature_description":"A structure in which high voltage electricity supply is converted, controlled or transformed","status":"Operational","voltage_kv":132,"locality":"LANE COVE WEST","state":"NSW","feature_source":"Esri World Imagery","feature_source_date":null,"attribute_source":"Aemo-Australian Energy Market Operators 2013","attribute_source_date":1360800000000,"spatial_confidence":5,"latitude":-33.81171031,"longitude":151.14507745,"created_date":1675555200000,"last_edited_on":1763510400000,"globalid":"{6965BF46-1FB8-48A2-8265-7C38E7D3AF56}"}},{"type":"Feature","id":634,"geometry":{"type":"Point","coordinates":[151.05752395100012,-33.73869622199993]},"properties":{"objectid":634,"feature_type":"Substation","feature_subtype":"Zone","feature_name":"Pennant Hills","feature_description":"A structure in which high voltage electricity supply is converted, controlled or transformed","status":"Operational","voltage_kv":132,"locality":"PENNANT HILLS","state":"NSW","feature_source":"Esri World Imagery","feature_source_date":null,"attribute_source":"Aemo-Australian Energy Market Operators 2013","attribute_source_date":1360800000000,"spatial_confidence":5,"latitude":-33.73869622,"longitude":151.05752395000002,"created_date":1675555200000,"last_edited_on":1763510400000,"globalid":"{819E5362-F2B4-4CEB-89C8-C5C1CCBB4136}"}},{"type":"Feature","id":635,"geometry":{"type":"Point","coordinates":[151.14593597100009,-33.63125680899998]},"properties":{"objectid":635,"feature_type":"Substation","feature_subtype":"Zone","feature_name":"Berowra","feature_description":"A structure in which high voltage electricity supply is converted, controlled or transformed","status":"Operational","voltage_kv":132,"locality":"BEROWRA","state":"NSW","feature_source":"Esri World Imagery","feature_source_date":null,"attribute_source":"Aemo-Australian Energy Market Operators 2013","attribute_source_date":1360800000000,"spatial_confidence":5,"latitude":-33.63125681,"longitude":151.14593597,"created_date":1675555200000,"last_edited_on":1763510400000,"globalid":"{B437BE53-9A58-4DAF-93ED-03D18DF2B47D}"}},{"type":"Feature","id":636,"geometry":{"type":"Point","coordinates":[151.292816882,-33.414338559999976]},"properties":{"objectid":636,"feature_type":"Substation","feature_subtype":"Zone","feature_name":"Sommersby","feature_description":"A structure in which high voltage electricity supply is converted, controlled or transformed","status":"Operational","voltage_kv":132,"locality":"SOMERSBY","state":"NSW","feature_source":"Esri World Imagery","feature_source_date":null,"attribute_source":"Aemo-Australian Energy Market Operators 2013","attribute_source_date":1360800000000,"spatial_confidence":5,"latitude":-33.41433856,"longitude":151.29281688,"created_date":1698019200000,"last_edited_on":1763510400000,"globalid":"{1E08C6DA-0503-4A03-85B4-BCDC3F98BA12}"}},{"type":"Feature","id":637,"geometry":{"type":"Point","coordinates":[151.73647948100006,-32.93512335999998]},"properties":{"objectid":637,"feature_type":"Substation","feature_subtype":"Zone","feature_name":"Merewether","feature_description":"A structure in which high voltage electricity supply is converted, controlled or transformed","status":"Operational","voltage_kv":132,"locality":"HAMILTON SOUTH","state":"NSW","feature_source":"Esri World Imagery","feature_source_date":null,"attribute_source":"Aemo-Australian Energy Market Operators 2013","attribute_source_date":1360800000000,"spatial_confidence":4,"latitude":-32.93512336,"longitude":151.73647948,"created_date":1676505600000,"last_edited_on":1763510400000,"globalid":"{D9A7A17A-F8AE-4092-BAAC-DE9134757AC9}"}},{"type":"Feature","id":638,"geometry":{"type":"Point","coordinates":[150.87671368200006,-32.29505377499993]},"properties":{"objectid":638,"feature_type":"Substation","feature_subtype":"Zone","feature_name":"Mitchell","feature_description":"A structure in which high voltage electricity supply is converted, controlled or transformed","status":"Operational","voltage_kv":132,"locality":"MUSWELLBROOK","state":"NSW","feature_source":"Esri World Imagery","feature_source_date":null,"attribute_source":"Aemo-Australian Energy Market Operators 2013","attribute_source_date":1360800000000,"spatial_confidence":5,"latitude":-32.29505377,"longitude":150.87671368,"created_date":1694995200000,"last_edited_on":1763510400000,"globalid":"{A70CA869-3CEC-46D8-93AE-8AC6F6FAC886}"}},{"type":"Feature","id":639,"geometry":{"type":"Point","coordinates":[151.76522099300007,-32.815106861999936]},"properties":{"objectid":639,"feature_type":"Substation","feature_subtype":"Zone","feature_name":"Tomago 132","feature_description":"A structure in which high voltage electricity supply is converted, controlled or transformed","status":"Operational","voltage_kv":132,"locality":"TOMAGO","state":"NSW","feature_source":"Esri World Imagery","feature_source_date":null,"attribute_source":"Aemo-Australian Energy Market Operators 2013","attribute_source_date":1360800000000,"spatial_confidence":5,"latitude":-32.81510686,"longitude":151.76522099,"created_date":1676505600000,"last_edited_on":1771977600000,"globalid":"{F1A5FEAD-8246-4E6D-B210-405B4F660802}"}},{"type":"Feature","id":640,"geometry":{"type":"Point","coordinates":[151.5577939960001,-33.00531234399995]},"properties":{"objectid":640,"feature_type":"Substation","feature_subtype":"Zone","feature_name":"Awaba","feature_description":"A structure in which high voltage electricity supply is converted, controlled or transformed","status":"Operational","voltage_kv":132,"locality":"TORONTO","state":"NSW","feature_source":"Esri World Imagery","feature_source_date":null,"attribute_source":"Aemo-Australian Energy Market Operators 2013","attribute_source_date":1360800000000,"spatial_confidence":5,"latitude":-33.005312339999996,"longitude":151.557794,"created_date":1676505600000,"last_edited_on":1763510400000,"globalid":"{FBE3B669-AE43-49E8-974C-DEDAB9E3CC31}"}},{"type":"Feature","id":755,"geometry":{"type":"Point","coordinates":[149.36890923300007,-36.571576095999944]},"properties":{"objectid":755,"feature_type":"Substation","feature_subtype":"Substation","feature_name":"Steeple Flat","feature_description":"A structure in which high voltage electricity supply is converted, controlled or transformed","status":"Operational","voltage_kv":132,"locality":"STEEPLE FLAT","state":"NSW","feature_source":"Esri World Imagery","feature_source_date":null,"attribute_source":"Aemo-Australian Energy Market Operators 2015","attribute_source_date":1422576000000,"spatial_confidence":5,"latitude":-36.5715761,"longitude":149.36890922999999,"created_date":1619136000000,"last_edited_on":1763510400000,"globalid":"{C39B3917-27CD-47BB-AA60-DD6AAC5D647F}"}},{"type":"Feature","id":756,"geometry":{"type":"Point","coordinates":[149.83222403500008,-36.69382231599997]},"properties":{"objectid":756,"feature_type":"Substation","feature_subtype":"Zone","feature_name":"Bega South","feature_description":"A structure in which high voltage electricity supply is converted, controlled or transformed","status":"Operational","voltage_kv":132,"locality":"BEGA","state":"NSW","feature_source":"Esri World Imagery","feature_source_date":null,"attribute_source":"Aemo-Australian Energy Market Operators 2015","attribute_source_date":1422576000000,"spatial_confidence":5,"latitude":-36.69382232,"longitude":149.83222404,"created_date":1697846400000,"last_edited_on":1763510400000,"globalid":"{EA85F868-1462-4B9C-AD27-6F95503F2315}"}},{"type":"Feature","id":758,"geometry":{"type":"Point","coordinates":[147.19233380900005,-31.57831430599998]},"properties":{"objectid":758,"feature_type":"Substation","feature_subtype":"Zone","feature_name":"Nyngan","feature_description":"A structure in which high voltage electricity supply is converted, controlled or transformed","status":"Operational","voltage_kv":132,"locality":"NYNGAN","state":"NSW","feature_source":"Esri World Imagery","feature_source_date":null,"attribute_source":"Aemo-Australian Energy Market Operators 2015","attribute_source_date":1422576000000,"spatial_confidence":5,"latitude":-31.57831431,"longitude":147.19233380999998,"created_date":1690329600000,"last_edited_on":1763510400000,"globalid":"{6C04E958-9387-4FE0-8013-3533A59F4017}"}},{"type":"Feature","id":759,"geometry":{"type":"Point","coordinates":[147.72269179400007,-31.83515919599995]},"properties":{"objectid":759,"feature_type":"Substation","feature_subtype":"Zone","feature_name":"Nevertire","feature_description":"A structure in which high voltage electricity supply is converted, controlled or transformed","status":"Operational","voltage_kv":132,"locality":"NEVERTIRE","state":"NSW","feature_source":"Esri World Imagery","feature_source_date":null,"attribute_source":"Aemo-Australian Energy Market Operators 2015","attribute_source_date":1422576000000,"spatial_confidence":5,"latitude":-31.8351592,"longitude":147.72269179,"created_date":1695340800000,"last_edited_on":1763510400000,"globalid":"{C3099AEE-13D6-4DDC-A97E-B86089CE75D6}"}},{"type":"Feature","id":760,"geometry":{"type":"Point","coordinates":[148.26351599200007,-32.258416386999954]},"properties":{"objectid":760,"feature_type":"Substation","feature_subtype":"Switchyard","feature_name":"Narromine South","feature_description":"A structure in which high voltage electricity supply is converted, controlled or transformed","status":"Operational","voltage_kv":132,"locality":"NARROMINE","state":"NSW","feature_source":"Esri World Imagery","feature_source_date":null,"attribute_source":"Aemo-Australian Energy Market Operators 2015","attribute_source_date":1422576000000,"spatial_confidence":5,"latitude":-32.25841639,"longitude":148.26351599,"created_date":1696982400000,"last_edited_on":1763510400000,"globalid":"{1A4E7694-BB46-4B51-A36A-88BCED4DDC7F}"}},{"type":"Feature","id":761,"geometry":{"type":"Point","coordinates":[148.6293618190001,-32.24874608899995]},"properties":{"objectid":761,"feature_type":"Substation","feature_subtype":"Zone","feature_name":"Dubbo","feature_description":"A structure in which high voltage electricity supply is converted, controlled or transformed","status":"Operational","voltage_kv":132,"locality":"DUBBO","state":"NSW","feature_source":"Esri World Imagery","feature_source_date":null,"attribute_source":"Aemo-Australian Energy Market Operators 2015","attribute_source_date":1422576000000,"spatial_confidence":5,"latitude":-32.24874609,"longitude":148.62936182,"created_date":1696982400000,"last_edited_on":1763510400000,"globalid":"{54326363-C56B-4303-ABAD-679154BC001F}"}},{"type":"Feature","id":762,"geometry":{"type":"Point","coordinates":[152.7364765000001,-31.605227345999936]},"properties":{"objectid":762,"feature_type":"Substation","feature_subtype":"Zone","feature_name":"Heron Creek","feature_description":"A structure in which high voltage electricity supply is converted, controlled or transformed","status":"Operational","voltage_kv":132,"locality":"HERONS CREEK","state":"NSW","feature_source":"Esri World Imagery","feature_source_date":null,"attribute_source":"Aemo-Australian Energy Market Operators 2015","attribute_source_date":1422576000000,"spatial_confidence":5,"latitude":-31.60522735,"longitude":152.7364765,"created_date":1695945600000,"last_edited_on":1763510400000,"globalid":"{88D08C32-3704-4AB3-9C16-0A7319EFEB73}"}},{"type":"Feature","id":763,"geometry":{"type":"Point","coordinates":[151.11379141400005,-33.81172027499997]},"properties":{"objectid":763,"feature_type":"Substation","feature_subtype":"Zone","feature_name":"Top Ryde","feature_description":"A structure in which high voltage electricity supply is converted, controlled or transformed","status":"Operational","voltage_kv":132,"locality":"RYDE","state":"NSW","feature_source":"Esri World Imagery","feature_source_date":null,"attribute_source":"Aemo-Australian Energy Market Operators 2015","attribute_source_date":1422576000000,"spatial_confidence":5,"latitude":-33.81172028,"longitude":151.11379141,"created_date":1675555200000,"last_edited_on":1763510400000,"globalid":"{2EB6586B-985B-45B8-B5FD-678BC3F97DED}"}},{"type":"Feature","id":764,"geometry":{"type":"Point","coordinates":[151.4763395110001,-33.11205754499997]},"properties":{"objectid":764,"feature_type":"Substation","feature_subtype":"Zone","feature_name":"Morisset","feature_description":"A structure in which high voltage electricity supply is converted, controlled or transformed","status":"Operational","voltage_kv":132,"locality":"MORISSET","state":"NSW","feature_source":"Esri World Imagery","feature_source_date":null,"attribute_source":"Aemo-Australian Energy Market Operators 2015","attribute_source_date":1422576000000,"spatial_confidence":5,"latitude":-33.11205755,"longitude":151.47633951,"created_date":1698537600000,"last_edited_on":1763510400000,"globalid":"{BC85CBDC-6416-4574-9117-27BD9B877597}"}},{"type":"Feature","id":765,"geometry":{"type":"Point","coordinates":[151.56172010300008,-33.03315203799997]},"properties":{"objectid":765,"feature_type":"Substation","feature_subtype":"Zone","feature_name":"Rathmines","feature_description":"A structure in which high voltage electricity supply is converted, controlled or transformed","status":"Operational","voltage_kv":132,"locality":"AWABA","state":"NSW","feature_source":"Esri World Imagery","feature_source_date":null,"attribute_source":"Aemo-Australian Energy Market Operators 2015","attribute_source_date":1422576000000,"spatial_confidence":5,"latitude":-33.03315204,"longitude":151.5617201,"created_date":1676505600000,"last_edited_on":1763510400000,"globalid":"{9FA5E007-170F-43C3-BBC2-5EFB91024C45}"}},{"type":"Feature","id":766,"geometry":{"type":"Point","coordinates":[151.52502913700005,-33.04955329999996]},"properties":{"objectid":766,"feature_type":"Substation","feature_subtype":"Zone","feature_name":"Eraring 132","feature_description":"A structure in which high voltage electricity supply is converted, controlled or transformed","status":"Operational","voltage_kv":132,"locality":"ERARING","state":"NSW","feature_source":"Esri World Imagery","feature_source_date":null,"attribute_source":"Aemo-Australian Energy Market Operators 2015","attribute_source_date":1422576000000,"spatial_confidence":5,"latitude":-33.0495533,"longitude":151.52502914000002,"created_date":1676505600000,"last_edited_on":1763510400000,"globalid":"{4D2A1033-802B-49E9-910C-C47A177078CB}"}},{"type":"Feature","id":767,"geometry":{"type":"Point","coordinates":[150.99900240600005,-33.81447279699995]},"properties":{"objectid":767,"feature_type":"Substation","feature_subtype":"Zone","feature_name":"West Parramatta","feature_description":"A structure in which high voltage electricity supply is converted, controlled or transformed","status":"Operational","voltage_kv":132,"locality":"PARRAMATTA","state":"NSW","feature_source":"Esri World Imagery","feature_source_date":null,"attribute_source":"Aemo-Australian Energy Market Operators 2015","attribute_source_date":1422576000000,"spatial_confidence":5,"latitude":-33.8144728,"longitude":150.99900241,"created_date":1675555200000,"last_edited_on":1763510400000,"globalid":"{66BAD00D-696B-422F-8CBC-8DF62946A474}"}},{"type":"Feature","id":768,"geometry":{"type":"Point","coordinates":[151.01011924600004,-33.81643347399995]},"properties":{"objectid":768,"feature_type":"Substation","feature_subtype":"Zone","feature_name":"East Parramatta","feature_description":"A structure in which high voltage electricity supply is converted, controlled or transformed","status":"Operational","voltage_kv":132,"locality":"PARRAMATTA","state":"NSW","feature_source":"Esri World Imagery","feature_source_date":null,"attribute_source":"Aemo-Australian Energy Market Operators 2015","attribute_source_date":1422576000000,"spatial_confidence":5,"latitude":-33.81643347,"longitude":151.01011925,"created_date":1675555200000,"last_edited_on":1763510400000,"globalid":"{3185C643-FCF7-445B-A069-A8980389E69E}"}},{"type":"Feature","id":769,"geometry":{"type":"Point","coordinates":[151.0370071420001,-33.894146673999956]},"properties":{"objectid":769,"feature_type":"Substation","feature_subtype":"Zone","feature_name":"Rookwood Road","feature_description":"A structure in which high voltage electricity supply is converted, controlled or transformed","status":"Operational","voltage_kv":330,"locality":"POTTS HILL","state":"NSW","feature_source":"Esri World Imagery","feature_source_date":null,"attribute_source":"Aemo-Australian Energy Market Operators 2015","attribute_source_date":1422576000000,"spatial_confidence":5,"latitude":-33.894146670000005,"longitude":151.03700714000001,"created_date":1675555200000,"last_edited_on":1772064000000,"globalid":"{C4497FC0-2B6D-47B4-9E32-7ADAE23FCAFC}"}},{"type":"Feature","id":770,"geometry":{"type":"Point","coordinates":[151.04221816200004,-33.88819326299995]},"properties":{"objectid":770,"feature_type":"Substation","feature_subtype":"Zone","feature_name":"Potts Hill","feature_description":"A structure in which high voltage electricity supply is converted, controlled or transformed","status":"Operational","voltage_kv":132,"locality":"CHULLORA","state":"NSW","feature_source":"Esri World Imagery","feature_source_date":null,"attribute_source":"Aemo-Australian Energy Market Operators 2015","attribute_source_date":1422576000000,"spatial_confidence":5,"latitude":-33.88819326,"longitude":151.04221816,"created_date":1675555200000,"last_edited_on":1763510400000,"globalid":"{1160D3BC-8B4C-427F-980F-07BC3AF33DE8}"}},{"type":"Feature","id":771,"geometry":{"type":"Point","coordinates":[151.01850445700006,-33.887484180999934]},"properties":{"objectid":771,"feature_type":"Substation","feature_subtype":"Zone","feature_name":"Sefton","feature_description":"A structure in which high voltage electricity supply is converted, controlled or transformed","status":"Operational","voltage_kv":132,"locality":"BIRRONG","state":"NSW","feature_source":"Esri World Imagery","feature_source_date":null,"attribute_source":"Aemo-Australian Energy Market Operators 2015","attribute_source_date":1422576000000,"spatial_confidence":5,"latitude":-33.88748418,"longitude":151.01850446,"created_date":1675555200000,"last_edited_on":1763510400000,"globalid":"{4C8717EF-BC69-4B48-9038-84F55196FFA3}"}},{"type":"Feature","id":772,"geometry":{"type":"Point","coordinates":[151.03927815400004,-33.93696544699998]},"properties":{"objectid":772,"feature_type":"Substation","feature_subtype":"Zone","feature_name":"Bankstown","feature_description":"A structure in which high voltage electricity supply is converted, controlled or transformed","status":"Operational","voltage_kv":132,"locality":"PADSTOW","state":"NSW","feature_source":"Esri World Imagery","feature_source_date":null,"attribute_source":"Aemo-Australian Energy Market Operators 2015","attribute_source_date":1422576000000,"spatial_confidence":5,"latitude":-33.93696545,"longitude":151.03927815,"created_date":1675555200000,"last_edited_on":1763510400000,"globalid":"{E595DFD0-7367-47D0-B2D6-C328450ADED3}"}},{"type":"Feature","id":773,"geometry":{"type":"Point","coordinates":[151.04075122200004,-33.90442832499997]},"properties":{"objectid":773,"feature_type":"Substation","feature_subtype":"Zone","feature_name":"Greenacre Park","feature_description":"A structure in which high voltage electricity supply is converted, controlled or transformed","status":"Operational","voltage_kv":132,"locality":"GREENACRE","state":"NSW","feature_source":"Esri World Imagery","feature_source_date":null,"attribute_source":"Aemo-Australian Energy Market Operators 2015","attribute_source_date":1422576000000,"spatial_confidence":5,"latitude":-33.90442833,"longitude":151.04075121999998,"created_date":1675555200000,"last_edited_on":1763510400000,"globalid":"{B662BFD7-0E48-4A4C-9FCA-1543B0868F5A}"}},{"type":"Feature","id":774,"geometry":{"type":"Point","coordinates":[150.91915192300007,-33.83471020999997]},"properties":{"objectid":774,"feature_type":"Substation","feature_subtype":"Zone","feature_name":"Holroyd","feature_description":"A structure in which high voltage electricity supply is converted, controlled or transformed","status":"Operational","voltage_kv":330,"locality":"GREYSTANES","state":"NSW","feature_source":"Esri World Imagery","feature_source_date":null,"attribute_source":"Aemo-Australian Energy Market Operators 2015","attribute_source_date":1422576000000,"spatial_confidence":5,"latitude":-33.83471021,"longitude":150.91915192,"created_date":1675555200000,"last_edited_on":1772064000000,"globalid":"{C2AE2E8C-AAA6-4004-A855-FCB56538B0E6}"}},{"type":"Feature","id":775,"geometry":{"type":"Point","coordinates":[151.20806090000008,-33.86292446799996]},"properties":{"objectid":775,"feature_type":"Substation","feature_subtype":"Zone","feature_name":"Dalley Street","feature_description":"A structure in which high voltage electricity supply is converted, controlled or transformed","status":"Operational","voltage_kv":132,"locality":"SYDNEY","state":"NSW","feature_source":"Esri World Imagery","feature_source_date":null,"attribute_source":"Aemo-Australian Energy Market Operators 2015","attribute_source_date":1422576000000,"spatial_confidence":5,"latitude":-33.86292447,"longitude":151.2080609,"created_date":1675555200000,"last_edited_on":1763510400000,"globalid":"{123BEF86-D156-4550-9774-A48D45DC6495}"}},{"type":"Feature","id":776,"geometry":{"type":"Point","coordinates":[151.21204653100006,-33.882435603999966]},"properties":{"objectid":776,"feature_type":"Substation","feature_subtype":"Zone","feature_name":"Surry Hills","feature_description":"A structure in which high voltage electricity supply is converted, controlled or transformed","status":"Operational","voltage_kv":132,"locality":"SURRY HILLS","state":"NSW","feature_source":"Esri World Imagery","feature_source_date":null,"attribute_source":"Aemo-Australian Energy Market Operators 2015","attribute_source_date":1422576000000,"spatial_confidence":5,"latitude":-33.882435599999994,"longitude":151.21204652999998,"created_date":1675555200000,"last_edited_on":1763510400000,"globalid":"{828BE0A6-6022-4BBE-9F29-536EB1A24FD1}"}},{"type":"Feature","id":777,"geometry":{"type":"Point","coordinates":[151.12774472800004,-33.968182972999955]},"properties":{"objectid":777,"feature_type":"Substation","feature_subtype":"Zone","feature_name":"Kogarah","feature_description":"A structure in which high voltage electricity supply is converted, controlled or transformed","status":"Operational","voltage_kv":132,"locality":"KOGARAH","state":"NSW","feature_source":"Esri World Imagery","feature_source_date":null,"attribute_source":"Aemo-Australian Energy Market Operators 2015","attribute_source_date":1422576000000,"spatial_confidence":5,"latitude":-33.96818297,"longitude":151.12774473000002,"created_date":1675555200000,"last_edited_on":1763510400000,"globalid":"{5759C596-3193-4D99-BB35-676D2A81C145}"}},{"type":"Feature","id":778,"geometry":{"type":"Point","coordinates":[151.09583541400002,-33.95500477499996]},"properties":{"objectid":778,"feature_type":"Substation","feature_subtype":"Zone","feature_name":"Hurstville North","feature_description":"A structure in which high voltage electricity supply is converted, controlled or transformed","status":"Operational","voltage_kv":132,"locality":"HURSTVILLE","state":"NSW","feature_source":"Esri World Imagery","feature_source_date":null,"attribute_source":"Aemo-Australian Energy Market Operators 2015","attribute_source_date":1422576000000,"spatial_confidence":5,"latitude":-33.955004779999996,"longitude":151.09583541,"created_date":1675555200000,"last_edited_on":1763510400000,"globalid":"{73ED53C2-7F69-4248-B519-FD8AC8DE677D}"}},{"type":"Feature","id":779,"geometry":{"type":"Point","coordinates":[151.20383784700005,-33.904116434999935]},"properties":{"objectid":779,"feature_type":"Substation","feature_subtype":"Zone","feature_name":"Zetland","feature_description":"A structure in which high voltage electricity supply is converted, controlled or transformed","status":"Operational","voltage_kv":132,"locality":"WATERLOO","state":"NSW","feature_source":"Esri World Imagery","feature_source_date":null,"attribute_source":"Aemo-Australian Energy Market Operators 2015","attribute_source_date":1422576000000,"spatial_confidence":5,"latitude":-33.90411643,"longitude":151.20383785,"created_date":1675555200000,"last_edited_on":1763510400000,"globalid":"{CEE55436-3051-47B0-BA31-CC09229F57E7}"}},{"type":"Feature","id":780,"geometry":{"type":"Point","coordinates":[151.26050498900008,-33.89161652399997]},"properties":{"objectid":780,"feature_type":"Substation","feature_subtype":"Zone","feature_name":"Waverley","feature_description":"A structure in which high voltage electricity supply is converted, controlled or transformed","status":"Operational","voltage_kv":132,"locality":"BONDI","state":"NSW","feature_source":"Esri World Imagery","feature_source_date":null,"attribute_source":"Aemo-Australian Energy Market Operators 2015","attribute_source_date":1422576000000,"spatial_confidence":5,"latitude":-33.89161652,"longitude":151.26050499000002,"created_date":1678147200000,"last_edited_on":1763510400000,"globalid":"{BABB4082-7E2C-4D32-9868-976F23E6918A}"}},{"type":"Feature","id":781,"geometry":{"type":"Point","coordinates":[151.27137764700012,-33.877998753999975]},"properties":{"objectid":781,"feature_type":"Substation","feature_subtype":"Zone","feature_name":"Rose Bay","feature_description":"A structure in which high voltage electricity supply is converted, controlled or transformed","status":"Operational","voltage_kv":132,"locality":"ROSE BAY","state":"NSW","feature_source":"Esri World Imagery","feature_source_date":null,"attribute_source":"Aemo-Australian Energy Market Operators 2015","attribute_source_date":1422576000000,"spatial_confidence":5,"latitude":-33.877998749999996,"longitude":151.27137765,"created_date":1678147200000,"last_edited_on":1763510400000,"globalid":"{7712EA4D-0F0F-4525-B006-404BD3473B84}"}},{"type":"Feature","id":782,"geometry":{"type":"Point","coordinates":[151.10405554500005,-34.02384236599994]},"properties":{"objectid":782,"feature_type":"Substation","feature_subtype":"Zone","feature_name":"Gwawley Bay","feature_description":"A structure in which high voltage electricity supply is converted, controlled or transformed","status":"Non-Operational","voltage_kv":132,"locality":"MIRANDA","state":"NSW","feature_source":"Esri World Imagery","feature_source_date":null,"attribute_source":"Aemo-Australian Energy Market Operators 2015","attribute_source_date":1422576000000,"spatial_confidence":5,"latitude":-34.023842370000004,"longitude":151.10405555000003,"created_date":1675555200000,"last_edited_on":1763510400000,"globalid":"{A7DF952E-A0BB-4531-85CC-667EE341EAC0}"}},{"type":"Feature","id":783,"geometry":{"type":"Point","coordinates":[150.87803284000006,-33.77072522199995]},"properties":{"objectid":783,"feature_type":"Substation","feature_subtype":"Zone","feature_name":"Doonside","feature_description":"A structure in which high voltage electricity supply is converted, controlled or transformed","status":"Non-Operational","voltage_kv":132,"locality":"DOONSIDE","state":"NSW","feature_source":"Esri World Imagery","feature_source_date":null,"attribute_source":"Aemo-Australian Energy Market Operators 2015","attribute_source_date":1617667200000,"spatial_confidence":5,"latitude":-33.770725219999996,"longitude":150.87803283999997,"created_date":1675555200000,"last_edited_on":1763510400000,"globalid":"{DE019714-162D-46D5-804C-5AAA5BBF17D7}"}},{"type":"Feature","id":784,"geometry":{"type":"Point","coordinates":[150.87063660100011,-33.79439488899993]},"properties":{"objectid":784,"feature_type":"Substation","feature_subtype":"Zone","feature_name":"Huntingwood","feature_description":"A structure in which high voltage electricity supply is converted, controlled or transformed","status":"Operational","voltage_kv":132,"locality":"EASTERN CREEK","state":"NSW","feature_source":"Esri World Imagery","feature_source_date":null,"attribute_source":"Aemo-Australian Energy Market Operators 2015","attribute_source_date":1422576000000,"spatial_confidence":5,"latitude":-33.79439489,"longitude":150.87063659999998,"created_date":1675555200000,"last_edited_on":1763510400000,"globalid":"{127EBCD2-EAB4-4AEA-96B4-E598B1E16744}"}},{"type":"Feature","id":785,"geometry":{"type":"Point","coordinates":[151.1160543730001,-33.920774086999984]},"properties":{"objectid":785,"feature_type":"Substation","feature_subtype":"Zone","feature_name":"New Canterbury","feature_description":"A structure in which high voltage electricity supply is converted, controlled or transformed","status":"Operational","voltage_kv":132,"locality":"EARLWOOD","state":"NSW","feature_source":"Esri World Imagery","feature_source_date":null,"attribute_source":"Aemo-Australian Energy Market Operators 2015","attribute_source_date":1422576000000,"spatial_confidence":5,"latitude":-33.920774089999995,"longitude":151.11605437,"created_date":1675555200000,"last_edited_on":1763510400000,"globalid":"{0403A869-C0E9-455C-A223-11CB05BC5501}"}},{"type":"Feature","id":786,"geometry":{"type":"Point","coordinates":[153.47244719100001,-28.255883894999954]},"properties":{"objectid":786,"feature_type":"Substation","feature_subtype":"Zone","feature_name":"Bungalora","feature_description":"A structure in which high voltage electricity supply is converted, controlled or transformed","status":"Operational","voltage_kv":132,"locality":"BUNGALORA","state":"NSW","feature_source":"Esri World Imagery","feature_source_date":null,"attribute_source":"Aemo-Australian Energy Market Operators 2015","attribute_source_date":1422576000000,"spatial_confidence":5,"latitude":-28.2558839,"longitude":153.47244719,"created_date":1667692800000,"last_edited_on":1763510400000,"globalid":"{775D587F-825F-462B-9B52-210B082D72F6}"}},{"type":"Feature","id":787,"geometry":{"type":"Point","coordinates":[148.24688832300012,-32.23604469299994]},"properties":{"objectid":787,"feature_type":"Substation","feature_subtype":"Zone","feature_name":"Narromine","feature_description":"A structure in which high voltage electricity supply is converted, controlled or transformed","status":"Operational","voltage_kv":132,"locality":"NARROMINE","state":"NSW","feature_source":"Esri World Imagery","feature_source_date":null,"attribute_source":"Aemo-Australian Energy Market Operators 2015","attribute_source_date":1422576000000,"spatial_confidence":5,"latitude":-32.23604469,"longitude":148.24688832,"created_date":1696982400000,"last_edited_on":1763510400000,"globalid":"{DB5EAB90-7DB5-4E7A-A7CF-9F021DD7FB8C}"}},{"type":"Feature","id":788,"geometry":{"type":"Point","coordinates":[148.62988089500004,-32.26934789499995]},"properties":{"objectid":788,"feature_type":"Substation","feature_subtype":"Zone","feature_name":"Dubbo South","feature_description":"A structure in which high voltage electricity supply is converted, controlled or transformed","status":"Operational","voltage_kv":132,"locality":"DUBBO","state":"NSW","feature_source":"Esri World Imagery","feature_source_date":null,"attribute_source":"Aemo-Australian Energy Market Operators 2015","attribute_source_date":1422576000000,"spatial_confidence":5,"latitude":-32.2693479,"longitude":148.6298809,"created_date":1696982400000,"last_edited_on":1763510400000,"globalid":"{24F13C19-D40D-4932-8D75-2D1D6C44AC74}"}},{"type":"Feature","id":789,"geometry":{"type":"Point","coordinates":[148.58043570600012,-32.24022328799998]},"properties":{"objectid":789,"feature_type":"Substation","feature_subtype":"Zone","feature_name":"Dubbo West","feature_description":"A structure in which high voltage electricity supply is converted, controlled or transformed","status":"Operational","voltage_kv":132,"locality":"DUBBO","state":"NSW","feature_source":"Esri World Imagery","feature_source_date":null,"attribute_source":"Aemo-Australian Energy Market Operators 2015","attribute_source_date":1422576000000,"spatial_confidence":5,"latitude":-32.24022329,"longitude":148.58043571,"created_date":1696982400000,"last_edited_on":1763510400000,"globalid":"{9A6C42A3-0F47-41D9-A797-B5E7F672B42E}"}},{"type":"Feature","id":790,"geometry":{"type":"Point","coordinates":[149.45768718400006,-34.614028676999965]},"properties":{"objectid":790,"feature_type":"Substation","feature_subtype":"Switchyard","feature_name":"Gullen Range Wind Farm","feature_description":"A structure in which high voltage electricity supply is converted, controlled or transformed","status":"Operational","voltage_kv":330,"locality":"BANNISTER","state":"NSW","feature_source":"Esri World Imagery","feature_source_date":null,"attribute_source":"Aemo-Australian Energy Market Operators 2015","attribute_source_date":1360800000000,"spatial_confidence":5,"latitude":-34.61402868,"longitude":149.45768718000002,"created_date":1700179200000,"last_edited_on":1771372800000,"globalid":"{38EF6054-8AA1-42BA-885F-2D41B69A82CD}"}},{"type":"Feature","id":793,"geometry":{"type":"Point","coordinates":[149.86073967800007,-29.572762818999934]},"properties":{"objectid":793,"feature_type":"Substation","feature_subtype":"Terminal","feature_name":"Moree Solar","feature_description":"A structure in which high voltage electricity supply is converted, controlled or transformed","status":"Operational","voltage_kv":132,"locality":"MOREE","state":"NSW","feature_source":"Esri World Imagery","feature_source_date":null,"attribute_source":"Aemo-Australian Energy Market Operators 2013","attribute_source_date":1360800000000,"spatial_confidence":5,"latitude":-29.57276282,"longitude":149.86073968,"created_date":1697500800000,"last_edited_on":1763510400000,"globalid":"{BC540F81-BB70-4A39-B7BB-A77300695478}"}},{"type":"Feature","id":814,"geometry":{"type":"Point","coordinates":[149.2275422890001,-35.369115094999984]},"properties":{"objectid":814,"feature_type":"Substation","feature_subtype":"Substation","feature_name":"Karabar","feature_description":"A structure in which high voltage electricity supply is converted, controlled or transformed","status":"Operational","voltage_kv":66,"locality":"KARABAR","state":"NSW","feature_source":"Esri World Imagery","feature_source_date":null,"attribute_source":"Land And Property Information - Nsw","attribute_source_date":1481241600000,"spatial_confidence":5,"latitude":-35.3691151,"longitude":149.22754229,"created_date":1699747200000,"last_edited_on":1763510400000,"globalid":"{E7D491C7-4BF5-453B-AE3F-0734C9352412}"}},{"type":"Feature","id":815,"geometry":{"type":"Point","coordinates":[148.53638069500005,-34.87242108799995]},"properties":{"objectid":815,"feature_type":"Substation","feature_subtype":"Substation","feature_name":"Berremangra","feature_description":"A structure in which high voltage electricity supply is converted, controlled or transformed","status":"Operational","voltage_kv":66,"locality":"BERREMANGRA","state":"NSW","feature_source":"Esri World Imagery","feature_source_date":null,"attribute_source":"Transgrid","attribute_source_date":1480032000000,"spatial_confidence":4,"latitude":-34.872421089999996,"longitude":148.53638070000002,"created_date":1682121600000,"last_edited_on":1763510400000,"globalid":"{6674025D-F432-4EF4-A7E9-4DBE8CB22213}"}},{"type":"Feature","id":816,"geometry":{"type":"Point","coordinates":[149.43628128600005,-35.25364298299996]},"properties":{"objectid":816,"feature_type":"Substation","feature_subtype":"Substation","feature_name":"Bungendore","feature_description":"A structure in which high voltage electricity supply is converted, controlled or transformed","status":"Operational","voltage_kv":66,"locality":"BUNGENDORE","state":"NSW","feature_source":"Esri World Imagery","feature_source_date":null,"attribute_source":"Transgrid","attribute_source_date":1480032000000,"spatial_confidence":4,"latitude":-35.25364298,"longitude":149.43628129,"created_date":1698624000000,"last_edited_on":1763510400000,"globalid":"{57E33AE1-E13F-4C00-AE5E-43DF808F787E}"}},{"type":"Feature","id":817,"geometry":{"type":"Point","coordinates":[149.7053997810001,-34.78503228699998]},"properties":{"objectid":817,"feature_type":"Substation","feature_subtype":"Substation","feature_name":"Brisbane Grove","feature_description":"A structure in which high voltage electricity supply is converted, controlled or transformed","status":"Operational","voltage_kv":66,"locality":"BRISBANE GROVE","state":"NSW","feature_source":"Esri World Imagery","feature_source_date":null,"attribute_source":"Essential Energy","attribute_source_date":1477958400000,"spatial_confidence":4,"latitude":-34.78503229,"longitude":149.70539978,"created_date":1613779200000,"last_edited_on":1763510400000,"globalid":"{3BC0831C-4D5B-4AAB-A404-E9FAE32153AC}"}},{"type":"Feature","id":818,"geometry":{"type":"Point","coordinates":[149.93469979100007,-37.10344859399993]},"properties":{"objectid":818,"feature_type":"Substation","feature_subtype":"Substation","feature_name":"Edrom","feature_description":"A structure in which high voltage electricity supply is converted, controlled or transformed","status":"Operational","voltage_kv":66,"locality":"EDROM","state":"NSW","feature_source":"Esri World Imagery","feature_source_date":null,"attribute_source":"Essential Energy","attribute_source_date":1477958400000,"spatial_confidence":4,"latitude":-37.10344859,"longitude":149.93469979,"created_date":1696896000000,"last_edited_on":1763510400000,"globalid":"{234FEBD8-2879-49AB-9515-5CB1FBD554C1}"}},{"type":"Feature","id":819,"geometry":{"type":"Point","coordinates":[149.88795378400005,-37.06282825699998]},"properties":{"objectid":819,"feature_type":"Substation","feature_subtype":"Substation","feature_name":"Eden","feature_description":"A structure in which high voltage electricity supply is converted, controlled or transformed","status":"Operational","voltage_kv":66,"locality":"EDEN","state":"NSW","feature_source":"Esri World Imagery","feature_source_date":null,"attribute_source":"Essential Energy","attribute_source_date":1477958400000,"spatial_confidence":4,"latitude":-37.06282826,"longitude":149.88795378,"created_date":1696896000000,"last_edited_on":1763510400000,"globalid":"{E8181E83-A9A7-4B85-9E4F-1FEDEAD9F792}"}},{"type":"Feature","id":820,"geometry":{"type":"Point","coordinates":[149.851752948,-36.913200193999955]},"properties":{"objectid":820,"feature_type":"Substation","feature_subtype":"Substation","feature_name":"Bald Hills","feature_description":"A structure in which high voltage electricity supply is converted, controlled or transformed","status":"Operational","voltage_kv":66,"locality":"BALD HILLS","state":"NSW","feature_source":"Esri World Imagery","feature_source_date":null,"attribute_source":"Essential Energy","attribute_source_date":1477958400000,"spatial_confidence":4,"latitude":-36.913200190000005,"longitude":149.85175295,"created_date":1696896000000,"last_edited_on":1763510400000,"globalid":"{E96A63CB-F088-4264-913D-54CC01BE8E09}"}},{"type":"Feature","id":821,"geometry":{"type":"Point","coordinates":[149.86514083500003,-36.901545588999966]},"properties":{"objectid":821,"feature_type":"Substation","feature_subtype":"Substation","feature_name":"Millingandi","feature_description":"A structure in which high voltage electricity supply is converted, controlled or transformed","status":"Operational","voltage_kv":66,"locality":"MILLINGANDI","state":"NSW","feature_source":"Esri World Imagery","feature_source_date":null,"attribute_source":"Essential Energy","attribute_source_date":1477958400000,"spatial_confidence":4,"latitude":-36.90154559,"longitude":149.86514084,"created_date":1696896000000,"last_edited_on":1763510400000,"globalid":"{43E2A5A9-F201-4FA8-A205-052D1563987D}"}},{"type":"Feature","id":822,"geometry":{"type":"Point","coordinates":[149.841132495,-36.71581192599996]},"properties":{"objectid":822,"feature_type":"Substation","feature_subtype":"Switchyard","feature_name":"Black Range","feature_description":"A structure in which high voltage electricity supply is converted, controlled or transformed","status":"Operational","voltage_kv":132,"locality":"BLACK RANGE","state":"NSW","feature_source":"Esri World Imagery","feature_source_date":null,"attribute_source":"Essential Energy","attribute_source_date":1477958400000,"spatial_confidence":4,"latitude":-36.71581193,"longitude":149.84113250000001,"created_date":1697846400000,"last_edited_on":1763510400000,"globalid":"{FA10B133-A8F3-4FFE-A67C-DA3EF5DFE005}"}},{"type":"Feature","id":823,"geometry":{"type":"Point","coordinates":[149.833836721,-36.68517633699997]},"properties":{"objectid":823,"feature_type":"Substation","feature_subtype":"Substation","feature_name":"Bega","feature_description":"A structure in which high voltage electricity supply is converted, controlled or transformed","status":"Operational","voltage_kv":66,"locality":"BEGA","state":"NSW","feature_source":"Esri World Imagery","feature_source_date":null,"attribute_source":"Essential Energy","attribute_source_date":1477958400000,"spatial_confidence":4,"latitude":-36.68517634,"longitude":149.83383672,"created_date":1697846400000,"last_edited_on":1763510400000,"globalid":"{08EAB2FB-9C1B-4AB6-83C2-1F7F05495AA5}"}},{"type":"Feature","id":824,"geometry":{"type":"Point","coordinates":[149.80934352100007,-36.54875600999998]},"properties":{"objectid":824,"feature_type":"Substation","feature_subtype":"Substation","feature_name":"Brogo","feature_description":"A structure in which high voltage electricity supply is converted, controlled or transformed","status":"Operational","voltage_kv":66,"locality":"BROGO","state":"NSW","feature_source":"Esri World Imagery","feature_source_date":null,"attribute_source":"Essential Energy","attribute_source_date":1477958400000,"spatial_confidence":3,"latitude":-36.54875601,"longitude":149.80934352,"created_date":1697846400000,"last_edited_on":1763510400000,"globalid":"{8E3C85DA-B666-4D27-BE73-F2AD18F7457C}"}},{"type":"Feature","id":825,"geometry":{"type":"Point","coordinates":[149.89368967400003,-36.38995043699998]},"properties":{"objectid":825,"feature_type":"Substation","feature_subtype":"Substation","feature_name":"Cobargo","feature_description":"A structure in which high voltage electricity supply is converted, controlled or transformed","status":"Operational","voltage_kv":66,"locality":"COBARGO","state":"NSW","feature_source":"Esri World Imagery","feature_source_date":null,"attribute_source":"Essential Energy","attribute_source_date":1477958400000,"spatial_confidence":4,"latitude":-36.38995044,"longitude":149.89368967,"created_date":1677283200000,"last_edited_on":1763510400000,"globalid":"{D601656E-F3D9-4CE1-800F-68BFD5CB8155}"}},{"type":"Feature","id":826,"geometry":{"type":"Point","coordinates":[149.47365597200007,-36.59503231299993]},"properties":{"objectid":826,"feature_type":"Substation","feature_subtype":"Switchyard","feature_name":"Brown Mountain","feature_description":"A structure in which high voltage electricity supply is converted, controlled or transformed","status":"Operational","voltage_kv":66,"locality":"BEMBOKA","state":"NSW","feature_source":"Esri World Imagery","feature_source_date":null,"attribute_source":"Essential Energy","attribute_source_date":1477958400000,"spatial_confidence":4,"latitude":-36.59503231,"longitude":149.47365597,"created_date":1673136000000,"last_edited_on":1763510400000,"globalid":"{B1B01CDA-37AA-4B68-BEEC-79FFBDD14F8F}"}},{"type":"Feature","id":827,"geometry":{"type":"Point","coordinates":[149.2433498680001,-36.89122787499997]},"properties":{"objectid":827,"feature_type":"Substation","feature_subtype":"Substation","feature_name":"Bombala","feature_description":"A structure in which high voltage electricity supply is converted, controlled or transformed","status":"Operational","voltage_kv":66,"locality":"BOMBALA","state":"NSW","feature_source":"Esri World Imagery","feature_source_date":null,"attribute_source":"Essential Energy","attribute_source_date":1477958400000,"spatial_confidence":4,"latitude":-36.891227879999995,"longitude":149.24334987,"created_date":1700179200000,"last_edited_on":1763510400000,"globalid":"{C0310253-CD38-4C9C-A6B6-8DBB09867F1C}"}},{"type":"Feature","id":828,"geometry":{"type":"Point","coordinates":[149.440267252,-35.59168574599994]},"properties":{"objectid":828,"feature_type":"Substation","feature_subtype":"Substation","feature_name":"Captains Flat","feature_description":"A structure in which high voltage electricity supply is converted, controlled or transformed","status":"Operational","voltage_kv":66,"locality":"CAPTAINS FLAT","state":"NSW","feature_source":"Esri World Imagery","feature_source_date":null,"attribute_source":"Essential Energy","attribute_source_date":1477958400000,"spatial_confidence":4,"latitude":-35.591685749999996,"longitude":149.44026725,"created_date":1574640000000,"last_edited_on":1763510400000,"globalid":"{933339A2-D392-42A5-AFA4-B6A809F636F2}"}},{"type":"Feature","id":829,"geometry":{"type":"Point","coordinates":[149.1269047070001,-36.57646594899995]},"properties":{"objectid":829,"feature_type":"Substation","feature_subtype":"Subtransmission","feature_name":"Springfield","feature_description":"A structure in which high voltage electricity supply is converted, controlled or transformed","status":"Operational","voltage_kv":132,"locality":"SPRINGFIELD","state":"NSW","feature_source":"Esri World Imagery","feature_source_date":null,"attribute_source":"Essential Energy","attribute_source_date":1477958400000,"spatial_confidence":4,"latitude":-36.57646595,"longitude":149.12690471000002,"created_date":1704067200000,"last_edited_on":1763510400000,"globalid":"{B173A47D-14BC-4397-91F2-54E326591D45}"}},{"type":"Feature","id":830,"geometry":{"type":"Point","coordinates":[148.68037181600005,-36.407590081999956]},"properties":{"objectid":830,"feature_type":"Substation","feature_subtype":"Substation","feature_name":"East Jindabyne","feature_description":"A structure in which high voltage electricity supply is converted, controlled or transformed","status":"Operational","voltage_kv":66,"locality":"EAST JINDABYNE","state":"NSW","feature_source":"Esri World Imagery","feature_source_date":null,"attribute_source":"Essential Energy","attribute_source_date":1477958400000,"spatial_confidence":5,"latitude":-36.40759008,"longitude":148.68037181999998,"created_date":1701734400000,"last_edited_on":1763510400000,"globalid":"{59F418E7-A125-4B71-A63B-BEE09DA9CEA5}"}},{"type":"Feature","id":831,"geometry":{"type":"Point","coordinates":[148.7008817190001,-36.002863883999964]},"properties":{"objectid":831,"feature_type":"Substation","feature_subtype":"Substation","feature_name":"Adaminaby","feature_description":"A structure in which high voltage electricity supply is converted, controlled or transformed","status":"Operational","voltage_kv":66,"locality":"ADAMINABY","state":"NSW","feature_source":"Esri World Imagery","feature_source_date":null,"attribute_source":"Essential Energy","attribute_source_date":1477958400000,"spatial_confidence":4,"latitude":-36.00286388,"longitude":148.70088171999998,"created_date":1700179200000,"last_edited_on":1763510400000,"globalid":"{7A219A6A-179F-49EA-9CF5-2A8A383A1BAA}"}},{"type":"Feature","id":832,"geometry":{"type":"Point","coordinates":[148.63585369500004,-35.940057500999956]},"properties":{"objectid":832,"feature_type":"Substation","feature_subtype":"Substation","feature_name":"Providence Portal","feature_description":"A structure in which high voltage electricity supply is converted, controlled or transformed","status":"Operational","voltage_kv":66,"locality":"PROVIDENCE PORTAL","state":"NSW","feature_source":"Esri World Imagery","feature_source_date":null,"attribute_source":"Essential Energy","attribute_source_date":1477958400000,"spatial_confidence":4,"latitude":-35.940057499999995,"longitude":148.63585369999998,"created_date":1702684800000,"last_edited_on":1763510400000,"globalid":"{44918019-C4E9-4165-A4DF-4833BDA92DD3}"}},{"type":"Feature","id":833,"geometry":{"type":"Point","coordinates":[148.384234181,-35.93605760599996]},"properties":{"objectid":833,"feature_type":"Substation","feature_subtype":"Substation","feature_name":"Cabramurra","feature_description":"A structure in which high voltage electricity supply is converted, controlled or transformed","status":"Operational","voltage_kv":66,"locality":"CABRAMURRA","state":"NSW","feature_source":"Esri World Imagery","feature_source_date":null,"attribute_source":"Essential Energy","attribute_source_date":1477958400000,"spatial_confidence":4,"latitude":-35.93605761,"longitude":148.38423418,"created_date":1583020800000,"last_edited_on":1763510400000,"globalid":"{7762EF75-09A9-412D-9678-86E5C6036EB4}"}},{"type":"Feature","id":834,"geometry":{"type":"Point","coordinates":[144.7507789130001,-36.07749436499995]},"properties":{"objectid":834,"feature_type":"Substation","feature_subtype":"Substation","feature_name":"Moama","feature_description":"A structure in which high voltage electricity supply is converted, controlled or transformed","status":"Operational","voltage_kv":66,"locality":"MOAMA","state":"NSW","feature_source":"Esri World Imagery","feature_source_date":null,"attribute_source":"Essential Energy","attribute_source_date":1477958400000,"spatial_confidence":4,"latitude":-36.077494359999996,"longitude":144.75077891,"created_date":1699401600000,"last_edited_on":1763510400000,"globalid":"{BCE51C93-5A68-498D-B6B1-A486A61672C0}"}},{"type":"Feature","id":835,"geometry":{"type":"Point","coordinates":[144.1468647380001,-35.59338468699997]},"properties":{"objectid":835,"feature_type":"Substation","feature_subtype":"Substation","feature_name":"Barham","feature_description":"A structure in which high voltage electricity supply is converted, controlled or transformed","status":"Operational","voltage_kv":66,"locality":"BARHAM","state":"NSW","feature_source":"Esri World Imagery","feature_source_date":null,"attribute_source":"Essential Energy","attribute_source_date":1477958400000,"spatial_confidence":4,"latitude":-35.59338469,"longitude":144.14686474,"created_date":1698796800000,"last_edited_on":1763510400000,"globalid":"{55BD1875-732C-4456-BC31-EEEEB26BBD01}"}},{"type":"Feature","id":836,"geometry":{"type":"Point","coordinates":[144.98729139900001,-35.52740142399995]},"properties":{"objectid":836,"feature_type":"Substation","feature_subtype":"Substation","feature_name":"Deniliquin","feature_description":"A structure in which high voltage electricity supply is converted, controlled or transformed","status":"Operational","voltage_kv":66,"locality":"DENILIQUIN","state":"NSW","feature_source":"Esri World Imagery","feature_source_date":null,"attribute_source":"Essential Energy","attribute_source_date":1477958400000,"spatial_confidence":4,"latitude":-35.52740142,"longitude":144.9872914,"created_date":1698710400000,"last_edited_on":1763510400000,"globalid":"{23E990EF-8334-453C-BF63-897E745FC7CB}"}},{"type":"Feature","id":837,"geometry":{"type":"Point","coordinates":[144.389661541,-35.19064595699996]},"properties":{"objectid":837,"feature_type":"Substation","feature_subtype":"Substation","feature_name":"Murgha","feature_description":"A structure in which high voltage electricity supply is converted, controlled or transformed","status":"Operational","voltage_kv":66,"locality":"BARRATTA","state":"NSW","feature_source":"Esri World Imagery","feature_source_date":null,"attribute_source":"Essential Energy","attribute_source_date":1477958400000,"spatial_confidence":4,"latitude":-35.190645960000005,"longitude":144.38966154,"created_date":1698796800000,"last_edited_on":1763510400000,"globalid":"{BD8DC7F7-AC1D-4EB2-AA71-4762D7159455}"}},{"type":"Feature","id":838,"geometry":{"type":"Point","coordinates":[144.03540559200007,-35.08741660399994]},"properties":{"objectid":838,"feature_type":"Substation","feature_subtype":"Substation","feature_name":"Moulamein","feature_description":"A structure in which high voltage electricity supply is converted, controlled or transformed","status":"Operational","voltage_kv":66,"locality":"MOULAMEIN","state":"NSW","feature_source":"Esri World Imagery","feature_source_date":null,"attribute_source":"Essential Energy","attribute_source_date":1477958400000,"spatial_confidence":3,"latitude":-35.087416600000005,"longitude":144.03540559,"created_date":1673740800000,"last_edited_on":1763510400000,"globalid":"{9F5C3D83-93DB-4F8B-9B5C-0DF7764D2E24}"}},{"type":"Feature","id":839,"geometry":{"type":"Point","coordinates":[150.09099509100008,-35.87536115299997]},"properties":{"objectid":839,"feature_type":"Substation","feature_subtype":"Substation","feature_name":"Moruya North","feature_description":"A structure in which high voltage electricity supply is converted, controlled or transformed","status":"Operational","voltage_kv":132,"locality":"MORUYA","state":"NSW","feature_source":"Esri World Imagery","feature_source_date":null,"attribute_source":"Aemo-Australian Energy Market Operators 2016","attribute_source_date":1481500800000,"spatial_confidence":4,"latitude":-35.87536115,"longitude":150.09099509,"created_date":1695945600000,"last_edited_on":1763510400000,"globalid":"{3E37582B-C82D-4B26-AEB4-0B5A1EB478D9}"}},{"type":"Feature","id":840,"geometry":{"type":"Point","coordinates":[150.17525402700005,-35.71789216299993]},"properties":{"objectid":840,"feature_type":"Substation","feature_subtype":"Substation","feature_name":"Batemans Bay","feature_description":"A structure in which high voltage electricity supply is converted, controlled or transformed","status":"Operational","voltage_kv":132,"locality":"BATEMANS BAY","state":"NSW","feature_source":"Esri World Imagery","feature_source_date":null,"attribute_source":"Aemo-Australian Energy Market Operators 2016","attribute_source_date":1481500800000,"spatial_confidence":4,"latitude":-35.71789216,"longitude":150.17525403,"created_date":1695945600000,"last_edited_on":1763510400000,"globalid":"{ED530A79-DAC8-4B58-9527-D9F8FDB6596E}"}},{"type":"Feature","id":841,"geometry":{"type":"Point","coordinates":[150.39813757900004,-35.33666795299996]},"properties":{"objectid":841,"feature_type":"Substation","feature_subtype":"Switchyard","feature_name":"Evans Lane","feature_description":"A structure in which high voltage electricity supply is converted, controlled or transformed","status":"Operational","voltage_kv":132,"locality":"WOODSTOCK","state":"NSW","feature_source":"Esri World Imagery","feature_source_date":null,"attribute_source":"Aemo-Australian Energy Market Operators 2016","attribute_source_date":1481500800000,"spatial_confidence":4,"latitude":-35.33666795,"longitude":150.39813758,"created_date":1683590400000,"last_edited_on":1763510400000,"globalid":"{3704061E-1200-4868-85B9-D28FE2484099}"}},{"type":"Feature","id":842,"geometry":{"type":"Point","coordinates":[150.59229092900011,-34.89054060799998]},"properties":{"objectid":842,"feature_type":"Substation","feature_subtype":"Substation","feature_name":"Shoalhaven","feature_description":"A structure in which high voltage electricity supply is converted, controlled or transformed","status":"Operational","voltage_kv":132,"locality":"NOWRA","state":"NSW","feature_source":"Esri World Imagery","feature_source_date":null,"attribute_source":"Aemo-Australian Energy Market Operators 2016","attribute_source_date":1481500800000,"spatial_confidence":4,"latitude":-34.89054061,"longitude":150.59229093,"created_date":1696032000000,"last_edited_on":1763510400000,"globalid":"{C26E09A1-F026-4AF2-AEFA-2783ABF47C8E}"}},{"type":"Feature","id":843,"geometry":{"type":"Point","coordinates":[150.46292571300012,-35.35121910399994]},"properties":{"objectid":843,"feature_type":"Substation","feature_subtype":"Substation","feature_name":"Ulladulla","feature_description":"A structure in which high voltage electricity supply is converted, controlled or transformed","status":"Operational","voltage_kv":132,"locality":"ULLADULLA","state":"NSW","feature_source":"Esri World Imagery","feature_source_date":null,"attribute_source":"Aemo-Australian Energy Market Operators 2016","attribute_source_date":1481500800000,"spatial_confidence":4,"latitude":-35.3512191,"longitude":150.46292570999998,"created_date":1683590400000,"last_edited_on":1763510400000,"globalid":"{09071DC6-72AC-4653-9D56-2B7CF785B96A}"}},{"type":"Feature","id":844,"geometry":{"type":"Point","coordinates":[150.57570036700008,-35.02340037099998]},"properties":{"objectid":844,"feature_type":"Substation","feature_subtype":"Substation","feature_name":"Tomerong","feature_description":"A structure in which high voltage electricity supply is converted, controlled or transformed","status":"Operational","voltage_kv":132,"locality":"TOMERONG","state":"NSW","feature_source":"Esri World Imagery","feature_source_date":null,"attribute_source":"Aemo-Australian Energy Market Operators 2016","attribute_source_date":1481500800000,"spatial_confidence":3,"latitude":-35.023400370000005,"longitude":150.57570037000002,"created_date":1696032000000,"last_edited_on":1763510400000,"globalid":"{28F7FB84-C577-4F4B-A015-46BBD5D07345}"}},{"type":"Feature","id":845,"geometry":{"type":"Point","coordinates":[150.7769891900001,-34.583056804999956]},"properties":{"objectid":845,"feature_type":"Substation","feature_subtype":"Substation","feature_name":"Mt Terry","feature_description":"A structure in which high voltage electricity supply is converted, controlled or transformed","status":"Operational","voltage_kv":132,"locality":"ALBION PARK","state":"NSW","feature_source":"Esri World Imagery","feature_source_date":null,"attribute_source":"Aemo-Australian Energy Market Operators 2016","attribute_source_date":1481500800000,"spatial_confidence":4,"latitude":-34.583056809999995,"longitude":150.77698919000002,"created_date":1707696000000,"last_edited_on":1763510400000,"globalid":"{E5C27F7B-1142-4141-9429-185DD467F6AD}"}},{"type":"Feature","id":846,"geometry":{"type":"Point","coordinates":[150.88185591400008,-34.34140178999996]},"properties":{"objectid":846,"feature_type":"Substation","feature_subtype":"Substation","feature_name":"Woonona","feature_description":"A structure in which high voltage electricity supply is converted, controlled or transformed","status":"Operational","voltage_kv":132,"locality":"BULLI","state":"NSW","feature_source":"Esri World Imagery","feature_source_date":null,"attribute_source":"Aemo-Australian Energy Market Operators 2016","attribute_source_date":1481587200000,"spatial_confidence":5,"latitude":-34.34140179,"longitude":150.88185590999998,"created_date":1696377600000,"last_edited_on":1763510400000,"globalid":"{AD600EF2-D6A8-476A-AB02-7B4D03259D94}"}},{"type":"Feature","id":847,"geometry":{"type":"Point","coordinates":[151.0456465410001,-33.80999254899996]},"properties":{"objectid":847,"feature_type":"Substation","feature_subtype":"Substation","feature_name":"Rydalmere","feature_description":"A structure in which high voltage electricity supply is converted, controlled or transformed","status":"Operational","voltage_kv":null,"locality":"RYDALMERE","state":"NSW","feature_source":"Esri World Imagery","feature_source_date":null,"attribute_source":"Esri World Imagery","attribute_source_date":1675555200000,"spatial_confidence":4,"latitude":-33.80999255,"longitude":151.04564654,"created_date":1675555200000,"last_edited_on":1763510400000,"globalid":"{22233CA5-D2CF-4B2B-A69E-FA34342A2A51}"}},{"type":"Feature","id":848,"geometry":{"type":"Point","coordinates":[148.50933058300006,-36.294516734999945]},"properties":{"objectid":848,"feature_type":"Substation","feature_subtype":"Substation","feature_name":"Snowy Adit","feature_description":"A structure in which high voltage electricity supply is converted, controlled or transformed","status":"Operational","voltage_kv":132,"locality":"CREEL BAY","state":"NSW","feature_source":"Esri World Imagery","feature_source_date":null,"attribute_source":"Aemo-Australian Energy Market Operators 2016","attribute_source_date":1481673600000,"spatial_confidence":4,"latitude":-36.29451673,"longitude":148.50933057999998,"created_date":1698019200000,"last_edited_on":1772064000000,"globalid":"{16AEFEF5-EFA7-43CB-A372-3F41CA76421B}"}},{"type":"Feature","id":849,"geometry":{"type":"Point","coordinates":[151.42081436500007,-33.32938238599996]},"properties":{"objectid":849,"feature_type":"Substation","feature_subtype":"Substation","feature_name":"Berkeley Vale","feature_description":"A structure in which high voltage electricity supply is converted, controlled or transformed","status":"Operational","voltage_kv":132,"locality":"BERKELEY VALE","state":"NSW","feature_source":"Esri World Imagery","feature_source_date":null,"attribute_source":"Aemo-Australian Energy Market Operators 2016","attribute_source_date":1481673600000,"spatial_confidence":4,"latitude":-33.329382390000006,"longitude":151.42081437000002,"created_date":1698019200000,"last_edited_on":1763510400000,"globalid":"{E7333945-9D9F-474A-984E-F038E94A5479}"}},{"type":"Feature","id":850,"geometry":{"type":"Point","coordinates":[151.12033288400005,-33.648351839999975]},"properties":{"objectid":850,"feature_type":"Substation","feature_subtype":"Substation","feature_name":"Mt Colah","feature_description":"A structure in which high voltage electricity supply is converted, controlled or transformed","status":"Operational","voltage_kv":132,"locality":"MOUNT KURING-GAI","state":"NSW","feature_source":"Esri World Imagery","feature_source_date":null,"attribute_source":"Aemo-Australian Energy Market Operators 2016","attribute_source_date":1481673600000,"spatial_confidence":4,"latitude":-33.64835184,"longitude":151.12033287999998,"created_date":1675555200000,"last_edited_on":1772064000000,"globalid":"{B77E2548-4330-4272-9860-8305F2A21DCC}"}},{"type":"Feature","id":851,"geometry":{"type":"Point","coordinates":[150.03657329700002,-30.697845778999977]},"properties":{"objectid":851,"feature_type":"Substation","feature_subtype":"Substation","feature_name":"Boggabri","feature_description":"A structure in which high voltage electricity supply is converted, controlled or transformed","status":"Operational","voltage_kv":66,"locality":"BOGGABRI","state":"NSW","feature_source":"Esri World Imagery","feature_source_date":null,"attribute_source":"Aemo-Australian Energy Market Operators 2016","attribute_source_date":1481673600000,"spatial_confidence":4,"latitude":-30.69784578,"longitude":150.0365733,"created_date":1703635200000,"last_edited_on":1763510400000,"globalid":"{AB8777BC-B5F3-41B0-A09F-7C9C2A59BBB2}"}},{"type":"Feature","id":852,"geometry":{"type":"Point","coordinates":[150.2314017430001,-30.99560904799995]},"properties":{"objectid":852,"feature_type":"Substation","feature_subtype":"Substation","feature_name":"Gunnedah","feature_description":"A structure in which high voltage electricity supply is converted, controlled or transformed","status":"Operational","voltage_kv":66,"locality":"GUNNEDAH","state":"NSW","feature_source":"Esri World Imagery","feature_source_date":null,"attribute_source":"Aemo-Australian Energy Market Operators 2016","attribute_source_date":1481673600000,"spatial_confidence":4,"latitude":-30.99560905,"longitude":150.23140174,"created_date":1683590400000,"last_edited_on":1763510400000,"globalid":"{EC63BCC7-005F-4392-84D5-EB004CB13544}"}},{"type":"Feature","id":853,"geometry":{"type":"Point","coordinates":[151.09958876100006,-29.79078600899993]},"properties":{"objectid":853,"feature_type":"Substation","feature_subtype":"Transmission","feature_name":"Borthwick","feature_description":"A structure in which high voltage electricity supply is converted, controlled or transformed","status":"Operational","voltage_kv":66,"locality":"INVERELL","state":"NSW","feature_source":"Esri World Imagery","feature_source_date":null,"attribute_source":"Essential Energy","attribute_source_date":1477958400000,"spatial_confidence":4,"latitude":-29.79078601,"longitude":151.09958876000002,"created_date":1694736000000,"last_edited_on":1763510400000,"globalid":"{303E9EC5-A4AB-4864-ACBC-4D9F7DD48D41}"}},{"type":"Feature","id":854,"geometry":{"type":"Point","coordinates":[150.9231811530001,-29.910148637999953]},"properties":{"objectid":854,"feature_type":"Substation","feature_subtype":"Switchyard","feature_name":"Copeton","feature_description":"A structure in which high voltage electricity supply is converted, controlled or transformed","status":"Operational","voltage_kv":66,"locality":"BUNDARRA","state":"NSW","feature_source":"Esri World Imagery","feature_source_date":null,"attribute_source":"Essential Energy","attribute_source_date":1693958400000,"spatial_confidence":4,"latitude":-29.91014864,"longitude":150.92318115,"created_date":1690502400000,"last_edited_on":1763510400000,"globalid":"{261C634A-8571-44B4-ACAE-4BA622438CDD}"}},{"type":"Feature","id":855,"geometry":{"type":"Point","coordinates":[152.7122024030001,-30.331420200999958]},"properties":{"objectid":855,"feature_type":"Substation","feature_subtype":"Substation","feature_name":"Dorrigo","feature_description":"A structure in which high voltage electricity supply is converted, controlled or transformed","status":"Operational","voltage_kv":132,"locality":"DORRIGO","state":"NSW","feature_source":"Esri World Imagery","feature_source_date":null,"attribute_source":"Aemo-Australian Energy Market Operators 2016","attribute_source_date":1476403200000,"spatial_confidence":5,"latitude":-30.3314202,"longitude":152.7122024,"created_date":1697241600000,"last_edited_on":1763510400000,"globalid":"{48CECF5A-65EB-4579-9D97-C48FE694783B}"}},{"type":"Feature","id":856,"geometry":{"type":"Point","coordinates":[151.16471989100012,-33.86378948599997]},"properties":{"objectid":856,"feature_type":"Substation","feature_subtype":"Substation","feature_name":"Rozelle","feature_description":"A structure in which high voltage electricity supply is converted, controlled or transformed","status":"Operational","voltage_kv":132,"locality":"ROZELLE","state":"NSW","feature_source":"Esri World Imagery","feature_source_date":null,"attribute_source":"Aemo-Australian Energy Market Operators 2016","attribute_source_date":1476403200000,"spatial_confidence":5,"latitude":-33.86378949,"longitude":151.16471989000001,"created_date":1675555200000,"last_edited_on":1763510400000,"globalid":"{C7DCE638-04FE-45D4-A666-5C19BB84E486}"}},{"type":"Feature","id":857,"geometry":{"type":"Point","coordinates":[151.13481632000003,-33.85572012799997]},"properties":{"objectid":857,"feature_type":"Substation","feature_subtype":"Substation","feature_name":"Drummoyne","feature_description":"A structure in which high voltage electricity supply is converted, controlled or transformed","status":"Operational","voltage_kv":132,"locality":"WAREEMBA","state":"NSW","feature_source":"Esri World Imagery","feature_source_date":null,"attribute_source":"Aemo-Australian Energy Market Operators 2016","attribute_source_date":1476403200000,"spatial_confidence":5,"latitude":-33.85572013,"longitude":151.13481632,"created_date":1675555200000,"last_edited_on":1763510400000,"globalid":"{5D47ADF2-B97A-49D0-8AA0-71A40E351CC0}"}},{"type":"Feature","id":868,"geometry":{"type":"Point","coordinates":[151.41266777700002,-29.699488953999946]},"properties":{"objectid":868,"feature_type":"Substation","feature_subtype":"Substation","feature_name":"Sapphire","feature_description":"A structure in which high voltage electricity supply is converted, controlled or transformed","status":"Operational","voltage_kv":330,"locality":"KINGSLAND","state":"NSW","feature_source":"Esri World Imagery","feature_source_date":null,"attribute_source":"Aemo-Australian Energy Market Operators 2019","attribute_source_date":1585958400000,"spatial_confidence":5,"latitude":-29.69948895,"longitude":151.41266778,"created_date":1700179200000,"last_edited_on":1771372800000,"globalid":"{E320EBB4-24B8-466A-B06A-B9FCDAB1FDBF}"}},{"type":"Feature","id":869,"geometry":{"type":"Point","coordinates":[151.14992501100005,-33.95253838399998]},"properties":{"objectid":869,"feature_type":"Substation","feature_subtype":"Substation","feature_name":"Rockdale","feature_description":"A structure in which high voltage electricity supply is converted, controlled or transformed","status":"Operational","voltage_kv":132,"locality":"ROCKDALE","state":"NSW","feature_source":"Esri World Imagery","feature_source_date":null,"attribute_source":"Aemo-Australian Energy Market Operators 2019","attribute_source_date":1585958400000,"spatial_confidence":5,"latitude":-33.95253838,"longitude":151.14992501,"created_date":1675555200000,"last_edited_on":1763510400000,"globalid":"{1465E2B5-BFB9-4F54-B65B-2A937148D56D}"}},{"type":"Feature","id":870,"geometry":{"type":"Point","coordinates":[149.21830424000007,-35.433008951999966]},"properties":{"objectid":870,"feature_type":"Substation","feature_subtype":"Substation","feature_name":"Googong Town","feature_description":"A structure in which high voltage electricity supply is converted, controlled or transformed","status":"Operational","voltage_kv":132,"locality":"GOOGONG","state":"NSW","feature_source":"Esri World Imagery","feature_source_date":null,"attribute_source":"Aemo-Australian Energy Market Operators 2019","attribute_source_date":1585958400000,"spatial_confidence":5,"latitude":-35.43300895,"longitude":149.21830424,"created_date":1699747200000,"last_edited_on":1763510400000,"globalid":"{CDA61096-0C2C-437C-AEA2-C1732EA81E30}"}},{"type":"Feature","id":871,"geometry":{"type":"Point","coordinates":[151.5671387100001,-33.00608515099998]},"properties":{"objectid":871,"feature_type":"Substation","feature_subtype":"Substation","feature_name":"Toronto West","feature_description":"A structure in which high voltage electricity supply is converted, controlled or transformed","status":"Operational","voltage_kv":132,"locality":"TORONTO","state":"NSW","feature_source":"Esri World Imagery","feature_source_date":null,"attribute_source":"Aemo-Australian Energy Market Operators 2019","attribute_source_date":1585958400000,"spatial_confidence":5,"latitude":-33.00608515,"longitude":151.56713871000002,"created_date":1676505600000,"last_edited_on":1763510400000,"globalid":"{071E3EE8-CDFE-48BA-88B1-52FFAF7B2F40}"}},{"type":"Feature","id":1308,"geometry":{"type":"Point","coordinates":[141.44315158000006,-31.989606057999936]},"properties":{"objectid":1308,"feature_type":"Substation","feature_subtype":"Zone","feature_name":"Perilya Mine","feature_description":"A structure in which high voltage electricity supply is converted, controlled or transformed","status":"Operational","voltage_kv":220,"locality":"BROKEN HILL","state":"NSW","feature_source":"Esri World Imagery","feature_source_date":null,"attribute_source":"Open Street Map","attribute_source_date":1705881600000,"spatial_confidence":5,"latitude":-31.98960606,"longitude":141.44315157999998,"created_date":1701820800000,"last_edited_on":1763510400000,"globalid":"{067C2186-34C5-41EE-BD2F-4C545FF4ED6B}"}},{"type":"Feature","id":1309,"geometry":{"type":"Point","coordinates":[147.0728874020001,-31.56403719599996]},"properties":{"objectid":1309,"feature_type":"Substation","feature_subtype":"Zone","feature_name":"Nyngan Solar Farm","feature_description":"A structure in which high voltage electricity supply is converted, controlled or transformed","status":"Operational","voltage_kv":132,"locality":"NYNGAN","state":"NSW","feature_source":"Esri World Imagery","feature_source_date":null,"attribute_source":"Open Street Map","attribute_source_date":1705881600000,"spatial_confidence":5,"latitude":-31.5640372,"longitude":147.0728874,"created_date":1683072000000,"last_edited_on":1763510400000,"globalid":"{EB4034C8-D4EF-4009-A07C-DED7BBEEC835}"}},{"type":"Feature","id":1310,"geometry":{"type":"Point","coordinates":[149.8652267550001,-34.431263384999966]},"properties":{"objectid":1310,"feature_type":"Substation","feature_subtype":"Zone","feature_name":"Taralga Wind Farm","feature_description":"A structure in which high voltage electricity supply is converted, controlled or transformed","status":"Operational","voltage_kv":132,"locality":"MYRTLEVILLE","state":"NSW","feature_source":"Esri World Imagery","feature_source_date":null,"attribute_source":"Aemo-Australian Energy Market Operators 2023","attribute_source_date":1698883200000,"spatial_confidence":5,"latitude":-34.43126339,"longitude":149.86522675999998,"created_date":1696204800000,"last_edited_on":1763510400000,"globalid":"{AF0C2BA9-1C61-4AAE-9E1E-44F0A2DB8C7F}"}},{"type":"Feature","id":1311,"geometry":{"type":"Point","coordinates":[147.33669788800012,-33.80928421599998]},"properties":{"objectid":1311,"feature_type":"Substation","feature_subtype":"Zone","feature_name":"West Wyalong Solar farm","feature_description":"A structure in which high voltage electricity supply is converted, controlled or transformed","status":"Operational","voltage_kv":null,"locality":"WYALONG","state":"NSW","feature_source":"Esri World Imagery","feature_source_date":null,"attribute_source":"Esri World Imagery","attribute_source_date":1677801600000,"spatial_confidence":5,"latitude":-33.809284219999995,"longitude":147.33669789,"created_date":1677801600000,"last_edited_on":1763510400000,"globalid":"{C778011C-5C58-42F7-8B81-0B6471288F8D}"}},{"type":"Feature","id":1312,"geometry":{"type":"Point","coordinates":[147.39696026100012,-33.64316470699998]},"properties":{"objectid":1312,"feature_type":"Substation","feature_subtype":"Zone","feature_name":"Lake Cowal","feature_description":"A structure in which high voltage electricity supply is converted, controlled or transformed","status":"Operational","voltage_kv":132,"locality":"LAKE COWAL","state":"NSW","feature_source":"Esri World Imagery","feature_source_date":null,"attribute_source":"Aemo-Australian Energy Market Operators 2023","attribute_source_date":1698883200000,"spatial_confidence":5,"latitude":-33.64316470999999,"longitude":147.39696026,"created_date":1704067200000,"last_edited_on":1763510400000,"globalid":"{65C1471F-A4DE-4B1C-AF97-06E9AE73E1CE}"}},{"type":"Feature","id":1313,"geometry":{"type":"Point","coordinates":[153.434622589,-28.314469660999976]},"properties":{"objectid":1313,"feature_type":"Substation","feature_subtype":"Zone","feature_name":"Condong","feature_description":"A structure in which high voltage electricity supply is converted, controlled or transformed","status":"Operational","voltage_kv":66,"locality":"CONDONG","state":"NSW","feature_source":"Esri World Imagery","feature_source_date":null,"attribute_source":"Open Street Map","attribute_source_date":1705881600000,"spatial_confidence":5,"latitude":-28.31446966,"longitude":153.43462258999998,"created_date":1697068800000,"last_edited_on":1763510400000,"globalid":"{572914F4-76BF-4C1A-A854-1D64F24E44E3}"}},{"type":"Feature","id":1314,"geometry":{"type":"Point","coordinates":[153.43158172300002,-29.01316933199996]},"properties":{"objectid":1314,"feature_type":"Substation","feature_subtype":"Zone","feature_name":"Broadwater","feature_description":"A structure in which high voltage electricity supply is converted, controlled or transformed","status":"Operational","voltage_kv":66,"locality":"BROADWATER","state":"NSW","feature_source":"Esri World Imagery","feature_source_date":null,"attribute_source":"Open Street Map","attribute_source_date":1724544000000,"spatial_confidence":5,"latitude":-29.01316933,"longitude":153.43158172,"created_date":1687564800000,"last_edited_on":1763510400000,"globalid":"{BD25AF99-607C-4FF0-A1A1-0159134DE3FF}"}},{"type":"Feature","id":1315,"geometry":{"type":"Point","coordinates":[151.2448248510001,-29.38943517299998]},"properties":{"objectid":1315,"feature_type":"Substation","feature_subtype":"Zone","feature_name":"Pindari","feature_description":"A structure in which high voltage electricity supply is converted, controlled or transformed","status":"Operational","voltage_kv":66,"locality":"PINDAROI","state":"NSW","feature_source":"Esri World Imagery","feature_source_date":null,"attribute_source":"Open Street Map","attribute_source_date":1724889600000,"spatial_confidence":5,"latitude":-29.38943517,"longitude":151.24482485,"created_date":1700179200000,"last_edited_on":1763510400000,"globalid":"{8C18D482-BFE5-44FA-8EBF-1ED1309F1C4A}"}},{"type":"Feature","id":1316,"geometry":{"type":"Point","coordinates":[151.89980423400004,-30.572444915999938]},"properties":{"objectid":1316,"feature_type":"Substation","feature_subtype":"Zone","feature_name":"Hillgrove","feature_description":"A structure in which high voltage electricity supply is converted, controlled or transformed","status":"Operational","voltage_kv":66,"locality":"HILLGROVE","state":"NSW","feature_source":"Esri World Imagery","feature_source_date":null,"attribute_source":"Open Street Map","attribute_source_date":1705881600000,"spatial_confidence":5,"latitude":-30.572444920000002,"longitude":151.89980423,"created_date":1695254400000,"last_edited_on":1763510400000,"globalid":"{ED4E4F19-6197-4D0F-B1E7-5C6B50117193}"}},{"type":"Feature","id":1317,"geometry":{"type":"Point","coordinates":[149.67752046500004,-30.36332490099994]},"properties":{"objectid":1317,"feature_type":"Substation","feature_subtype":"Zone","feature_name":"Wilga Park","feature_description":"A structure in which high voltage electricity supply is converted, controlled or transformed","status":"Operational","voltage_kv":66,"locality":"BOHENA CREEK","state":"NSW","feature_source":"Esri World Imagery","feature_source_date":null,"attribute_source":"Open Street Map","attribute_source_date":1719532800000,"spatial_confidence":5,"latitude":-30.3633249,"longitude":149.67752047000002,"created_date":1697500800000,"last_edited_on":1763510400000,"globalid":"{914581E3-1F82-40F9-9B4A-06896064EE09}"}},{"type":"Feature","id":1318,"geometry":{"type":"Point","coordinates":[149.9151050050001,-30.517837749999956]},"properties":{"objectid":1318,"feature_type":"Substation","feature_subtype":"Zone","feature_name":"Narrabri Coal Mine","feature_description":"A structure in which high voltage electricity supply is converted, controlled or transformed","status":"Operational","voltage_kv":null,"locality":"BAAN BAA","state":"NSW","feature_source":"Esri World Imagery","feature_source_date":null,"attribute_source":"Esri World Imagery","attribute_source_date":1697500800000,"spatial_confidence":5,"latitude":-30.51783775,"longitude":149.91510501,"created_date":1697500800000,"last_edited_on":1763510400000,"globalid":"{650F6836-24E9-44B6-9B8A-621BDFAF9FC1}"}},{"type":"Feature","id":1319,"geometry":{"type":"Point","coordinates":[150.49072939200005,-30.88059797099993]},"properties":{"objectid":1319,"feature_type":"Substation","feature_subtype":"Zone","feature_name":"Lake Keepit","feature_description":"A structure in which high voltage electricity supply is converted, controlled or transformed","status":"Operational","voltage_kv":66,"locality":"KEEPIT","state":"NSW","feature_source":"Esri World Imagery","feature_source_date":null,"attribute_source":"Nsw Land And Property Information","attribute_source_date":null,"spatial_confidence":5,"latitude":-30.88059797,"longitude":150.49072939,"created_date":1701648000000,"last_edited_on":1763510400000,"globalid":"{3AB22B36-D57B-46E3-AD80-E2AEB683B565}"}},{"type":"Feature","id":1320,"geometry":{"type":"Point","coordinates":[146.7218710740001,-31.397739829999978]},"properties":{"objectid":1320,"feature_type":"Substation","feature_subtype":"Zone","feature_name":"Tritton Mine","feature_description":"A structure in which high voltage electricity supply is converted, controlled or transformed","status":"Operational","voltage_kv":null,"locality":"GIRILAMBONE","state":"NSW","feature_source":"Esri World Imagery","feature_source_date":null,"attribute_source":"Esri World Imagery","attribute_source_date":1611705600000,"spatial_confidence":5,"latitude":-31.39773983,"longitude":146.72187107,"created_date":1611705600000,"last_edited_on":1763510400000,"globalid":"{4C956C3E-2806-4CEF-B7A0-D361E5801670}"}},{"type":"Feature","id":1321,"geometry":{"type":"Point","coordinates":[146.3186447600001,-31.556515179999963]},"properties":{"objectid":1321,"feature_type":"Substation","feature_subtype":"Zone","feature_name":"Mt Boppy Mine","feature_description":"A structure in which high voltage electricity supply is converted, controlled or transformed","status":"Operational","voltage_kv":null,"locality":"CANBELEGO","state":"NSW","feature_source":"Esri World Imagery","feature_source_date":null,"attribute_source":"Esri World Imagery","attribute_source_date":1705795200000,"spatial_confidence":5,"latitude":-31.556515179999998,"longitude":146.31864476,"created_date":1705795200000,"last_edited_on":1763510400000,"globalid":"{E3419442-E2A8-461D-A59F-7C5FCD0E95E2}"}},{"type":"Feature","id":1322,"geometry":{"type":"Point","coordinates":[149.7960774060001,-32.268681286999936]},"properties":{"objectid":1322,"feature_type":"Substation","feature_subtype":"Zone","feature_name":"Ulan Mine South","feature_description":"A structure in which high voltage electricity supply is converted, controlled or transformed","status":"Operational","voltage_kv":66,"locality":"ULAN","state":"NSW","feature_source":"Esri World Imagery","feature_source_date":null,"attribute_source":"Open Street Map","attribute_source_date":1705881600000,"spatial_confidence":5,"latitude":-32.268681289999996,"longitude":149.79607740999998,"created_date":1696723200000,"last_edited_on":1763510400000,"globalid":"{A3976331-2C2D-4577-AA69-34EFB9F86750}"}},{"type":"Feature","id":1323,"geometry":{"type":"Point","coordinates":[149.78746977000003,-32.26656554999994]},"properties":{"objectid":1323,"feature_type":"Substation","feature_subtype":"Zone","feature_name":"Ulan Mine","feature_description":"A structure in which high voltage electricity supply is converted, controlled or transformed","status":"Operational","voltage_kv":66,"locality":"ULAN","state":"NSW","feature_source":"Esri World Imagery","feature_source_date":null,"attribute_source":"Open Street Map","attribute_source_date":1650585600000,"spatial_confidence":5,"latitude":-32.26656555,"longitude":149.78746977,"created_date":1696723200000,"last_edited_on":1763510400000,"globalid":"{4324BBFF-C8C5-46D6-8129-E18028C09127}"}},{"type":"Feature","id":1324,"geometry":{"type":"Point","coordinates":[149.74403337600006,-32.27511660899995]},"properties":{"objectid":1324,"feature_type":"Substation","feature_subtype":"Zone","feature_name":"Ulan","feature_description":"A structure in which high voltage electricity supply is converted, controlled or transformed","status":"Operational","voltage_kv":66,"locality":"ULAN","state":"NSW","feature_source":"Esri World Imagery","feature_source_date":null,"attribute_source":"Open Street Map","attribute_source_date":1650585600000,"spatial_confidence":5,"latitude":-32.275116610000005,"longitude":149.74403338,"created_date":1696723200000,"last_edited_on":1763510400000,"globalid":"{D30088A7-AEC4-4CB7-BC9F-D3760ADE24A1}"}},{"type":"Feature","id":1325,"geometry":{"type":"Point","coordinates":[149.876581277,-32.34495469099994]},"properties":{"objectid":1325,"feature_type":"Substation","feature_subtype":"Zone","feature_name":"Wilpinjong","feature_description":"A structure in which high voltage electricity supply is converted, controlled or transformed","status":"Operational","voltage_kv":66,"locality":"WILPINJONG","state":"NSW","feature_source":"Esri World Imagery","feature_source_date":null,"attribute_source":"Open Street Map","attribute_source_date":1650499200000,"spatial_confidence":5,"latitude":-32.34495469,"longitude":149.87658127999998,"created_date":1681948800000,"last_edited_on":1763510400000,"globalid":"{39A9C554-51CD-420D-AD17-4573CA288578}"}},{"type":"Feature","id":1326,"geometry":{"type":"Point","coordinates":[147.66213557700007,-33.37903937699997]},"properties":{"objectid":1326,"feature_type":"Substation","feature_subtype":"Zone","feature_name":"Jemalong","feature_description":"A structure in which high voltage electricity supply is converted, controlled or transformed","status":"Operational","voltage_kv":66,"locality":"JEMALONG","state":"NSW","feature_source":"Esri World Imagery","feature_source_date":null,"attribute_source":"Open Street Map","attribute_source_date":1705881600000,"spatial_confidence":5,"latitude":-33.379039379999995,"longitude":147.66213558,"created_date":1705881600000,"last_edited_on":1763510400000,"globalid":"{EF401D3A-A824-47A4-BA4C-5C36639F5221}"}},{"type":"Feature","id":1327,"geometry":{"type":"Point","coordinates":[150.0788528070001,-33.52902754799993]},"properties":{"objectid":1327,"feature_type":"Substation","feature_subtype":"Zone","feature_name":"Lake Lyell","feature_description":"A structure in which high voltage electricity supply is converted, controlled or transformed","status":"Operational","voltage_kv":null,"locality":"RYDAL","state":"NSW","feature_source":"Esri World Imagery","feature_source_date":null,"attribute_source":"Esri World Imagery","attribute_source_date":1684886400000,"spatial_confidence":5,"latitude":-33.52902755,"longitude":150.07885281,"created_date":1684886400000,"last_edited_on":1763510400000,"globalid":"{6BD305CF-13CB-495E-9B51-85A20D41551D}"}},{"type":"Feature","id":1328,"geometry":{"type":"Point","coordinates":[149.20758434200002,-33.62779941499997]},"properties":{"objectid":1328,"feature_type":"Substation","feature_subtype":"Zone","feature_name":"Blaney Wind Farm","feature_description":"A structure in which high voltage electricity supply is converted, controlled or transformed","status":"Operational","voltage_kv":66,"locality":"CARCOAR","state":"NSW","feature_source":"Esri World Imagery","feature_source_date":null,"attribute_source":"Open Street Map","attribute_source_date":1705881600000,"spatial_confidence":5,"latitude":-33.627799419999995,"longitude":149.20758434,"created_date":1700524800000,"last_edited_on":1763510400000,"globalid":"{0ECE7965-05EA-491A-85D2-1C99958ABD44}"}},{"type":"Feature","id":1329,"geometry":{"type":"Point","coordinates":[148.9468937370001,-33.96813263399997]},"properties":{"objectid":1329,"feature_type":"Substation","feature_subtype":"Zone","feature_name":"Wyangala","feature_description":"A structure in which high voltage electricity supply is converted, controlled or transformed","status":"Operational","voltage_kv":66,"locality":"WYANGALA","state":"NSW","feature_source":"Esri World Imagery","feature_source_date":null,"attribute_source":"Open Street Map","attribute_source_date":1719619200000,"spatial_confidence":5,"latitude":-33.96813263,"longitude":148.94689374,"created_date":1693699200000,"last_edited_on":1763510400000,"globalid":"{241154B1-08A3-4259-915E-F8EBDA0B0D40}"}},{"type":"Feature","id":1330,"geometry":{"type":"Point","coordinates":[148.605425813,-34.59192533299995]},"properties":{"objectid":1330,"feature_type":"Substation","feature_subtype":"Zone","feature_name":"Galong","feature_description":"A structure in which high voltage electricity supply is converted, controlled or transformed","status":"Operational","voltage_kv":66,"locality":"GALONG","state":"NSW","feature_source":"Esri World Imagery","feature_source_date":null,"attribute_source":"Open Street Map","attribute_source_date":1545004800000,"spatial_confidence":5,"latitude":-34.59192533,"longitude":148.60542581,"created_date":1682121600000,"last_edited_on":1763510400000,"globalid":"{A1F6A95C-8043-4736-9EF8-4327F60EB74C}"}},{"type":"Feature","id":1331,"geometry":{"type":"Point","coordinates":[147.57375771500006,-34.810632313999974]},"properties":{"objectid":1331,"feature_type":"Substation","feature_subtype":"Zone","feature_name":"Junee Solar Farm","feature_description":"A structure in which high voltage electricity supply is converted, controlled or transformed","status":"Operational","voltage_kv":66,"locality":"MARINNA","state":"NSW","feature_source":"Esri World Imagery","feature_source_date":null,"attribute_source":"Open Street Map","attribute_source_date":1721001600000,"spatial_confidence":5,"latitude":-34.81063231,"longitude":147.57375772,"created_date":1695513600000,"last_edited_on":1763510400000,"globalid":"{98AAEC63-CBE3-447E-BFDE-0D5674581C26}"}},{"type":"Feature","id":1332,"geometry":{"type":"Point","coordinates":[148.3074973790001,-35.560611860999984]},"properties":{"objectid":1332,"feature_type":"Substation","feature_subtype":"Zone","feature_name":"Jounama","feature_description":"A structure in which high voltage electricity supply is converted, controlled or transformed","status":"Operational","voltage_kv":66,"locality":"TALBINGO","state":"NSW","feature_source":"Esri World Imagery","feature_source_date":null,"attribute_source":"Aemo-Australian Energy Market Operators 2012","attribute_source_date":1342051200000,"spatial_confidence":5,"latitude":-35.56061186,"longitude":148.30749738,"created_date":1672185600000,"last_edited_on":1763510400000,"globalid":"{8747DE03-C24E-4612-83DB-7CCD32A742E6}"}},{"type":"Feature","id":1333,"geometry":{"type":"Point","coordinates":[147.31959898500008,-35.730850257999975]},"properties":{"objectid":1333,"feature_type":"Substation","feature_subtype":"Zone","feature_name":"Holbrook","feature_description":"A structure in which high voltage electricity supply is converted, controlled or transformed","status":"Operational","voltage_kv":66,"locality":"HOLBROOK","state":"NSW","feature_source":"Esri World Imagery","feature_source_date":null,"attribute_source":"Open Street Map","attribute_source_date":1526342400000,"spatial_confidence":5,"latitude":-35.730850260000004,"longitude":147.31959899,"created_date":1695600000000,"last_edited_on":1763510400000,"globalid":"{37BFB790-C248-4495-A4AB-9014D0467D1C}"}},{"type":"Feature","id":1334,"geometry":{"type":"Point","coordinates":[142.21625841200012,-33.37320744599998]},"properties":{"objectid":1334,"feature_type":"Substation","feature_subtype":"Zone","feature_name":"Ginkgo Mine","feature_description":"A structure in which high voltage electricity supply is converted, controlled or transformed","status":"Operational","voltage_kv":66,"locality":"POONCARIE","state":"NSW","feature_source":"Esri World Imagery","feature_source_date":null,"attribute_source":"Open Street Map","attribute_source_date":1612483200000,"spatial_confidence":5,"latitude":-33.373207449999995,"longitude":142.21625841,"created_date":1635120000000,"last_edited_on":1763510400000,"globalid":"{66A3339C-BDAF-4926-9AA2-DD719816C767}"}},{"type":"Feature","id":1335,"geometry":{"type":"Point","coordinates":[142.14614013900007,-33.41996557699997]},"properties":{"objectid":1335,"feature_type":"Substation","feature_subtype":"Zone","feature_name":"Snapper Mine","feature_description":"A structure in which high voltage electricity supply is converted, controlled or transformed","status":"Operational","voltage_kv":66,"locality":"POONCARIE","state":"NSW","feature_source":"Esri World Imagery","feature_source_date":null,"attribute_source":"Open Street Map","attribute_source_date":1494374400000,"spatial_confidence":5,"latitude":-33.419965579999996,"longitude":142.14614014,"created_date":1698969600000,"last_edited_on":1763510400000,"globalid":"{927AFC92-0F0F-4BFD-8835-602066837D9B}"}},{"type":"Feature","id":1336,"geometry":{"type":"Point","coordinates":[145.66008092900006,-31.161633894999966]},"properties":{"objectid":1336,"feature_type":"Substation","feature_subtype":"Zone","feature_name":"Endevour Mine","feature_description":"A structure in which high voltage electricity supply is converted, controlled or transformed","status":"Operational","voltage_kv":132,"locality":"COBAR","state":"NSW","feature_source":"Esri World Imagery","feature_source_date":null,"attribute_source":"Aemo-Australian Energy Market Operators 2023","attribute_source_date":1705881600000,"spatial_confidence":5,"latitude":-31.161633899999998,"longitude":145.66008093,"created_date":1705104000000,"last_edited_on":1763510400000,"globalid":"{5546406E-3F84-4274-8796-B2BA2B982D95}"}},{"type":"Feature","id":1337,"geometry":{"type":"Point","coordinates":[145.80265016600003,-31.40751108099994]},"properties":{"objectid":1337,"feature_type":"Substation","feature_subtype":"Zone","feature_name":"CSA Maine","feature_description":"A structure in which high voltage electricity supply is converted, controlled or transformed","status":"Operational","voltage_kv":132,"locality":"COBAR","state":"NSW","feature_source":"Esri World Imagery","feature_source_date":null,"attribute_source":"Aemo-Australian Energy Market Operators 2023","attribute_source_date":1705881600000,"spatial_confidence":5,"latitude":-31.40751108,"longitude":145.80265017000002,"created_date":1621641600000,"last_edited_on":1763510400000,"globalid":"{E86C747E-C69F-4998-9590-78C433B25EB6}"}},{"type":"Feature","id":1338,"geometry":{"type":"Point","coordinates":[145.88470684600009,-31.56093904499994]},"properties":{"objectid":1338,"feature_type":"Substation","feature_subtype":"Zone","feature_name":"Peak Gold Mine","feature_description":"A structure in which high voltage electricity supply is converted, controlled or transformed","status":"Operational","voltage_kv":null,"locality":"COBAR","state":"NSW","feature_source":"Esri World Imagery","feature_source_date":null,"attribute_source":"Esri World Imagery","attribute_source_date":1650585600000,"spatial_confidence":5,"latitude":-31.56093904,"longitude":145.88470685000001,"created_date":1650585600000,"last_edited_on":1763510400000,"globalid":"{406BE2CF-3C7D-48ED-8F76-976C7918D2FE}"}},{"type":"Feature","id":1339,"geometry":{"type":"Point","coordinates":[145.84639942900003,-31.498061444999962]},"properties":{"objectid":1339,"feature_type":"Substation","feature_subtype":"Zone","feature_name":"Cobar","feature_description":"A structure in which high voltage electricity supply is converted, controlled or transformed","status":"Operational","voltage_kv":null,"locality":"COBAR","state":"NSW","feature_source":"Esri World Imagery","feature_source_date":null,"attribute_source":"Esri World Imagery","attribute_source_date":1650585600000,"spatial_confidence":5,"latitude":-31.49806145,"longitude":145.84639943000002,"created_date":1650585600000,"last_edited_on":1763510400000,"globalid":"{E128FF42-082F-4EE0-9CCC-C486358C98D9}"}},{"type":"Feature","id":1340,"geometry":{"type":"Point","coordinates":[148.13144381600011,-30.006325319999974]},"properties":{"objectid":1340,"feature_type":"Substation","feature_subtype":"Zone","feature_name":"Walgett","feature_description":"A structure in which high voltage electricity supply is converted, controlled or transformed","status":"Operational","voltage_kv":66,"locality":"WALGETT","state":"NSW","feature_source":"Esri World Imagery","feature_source_date":null,"attribute_source":"Open Street Map","attribute_source_date":1719532800000,"spatial_confidence":5,"latitude":-30.00632532,"longitude":148.13144382000002,"created_date":1695859200000,"last_edited_on":1763510400000,"globalid":"{AD959819-B910-41A8-A8CE-4A976C65514B}"}},{"type":"Feature","id":1341,"geometry":{"type":"Point","coordinates":[148.9670457210001,-30.097723705999954]},"properties":{"objectid":1341,"feature_type":"Substation","feature_subtype":"Zone","feature_name":"Burren Junction","feature_description":"A structure in which high voltage electricity supply is converted, controlled or transformed","status":"Operational","voltage_kv":66,"locality":"BURREN JUNCTION","state":"NSW","feature_source":"Esri World Imagery","feature_source_date":null,"attribute_source":"Open Street Map","attribute_source_date":1727222400000,"spatial_confidence":5,"latitude":-30.09772371,"longitude":148.96704572000002,"created_date":1702339200000,"last_edited_on":1763510400000,"globalid":"{57F9772F-763A-4958-857A-4B101C79E12C}"}},{"type":"Feature","id":1569,"geometry":{"type":"Point","coordinates":[146.93642551800008,-36.06908540699993]},"properties":{"objectid":1569,"feature_type":"Substation","feature_subtype":"Zone","feature_name":"Jelbart","feature_description":"A structure in which high voltage electricity supply is converted, controlled or transformed","status":"Operational","voltage_kv":132,"locality":"NORTH ALBURY","state":"NSW","feature_source":"Esri World Imagery","feature_source_date":null,"attribute_source":"Open Street Map","attribute_source_date":1523923200000,"spatial_confidence":5,"latitude":-36.06908541,"longitude":146.93642552,"created_date":1588896000000,"last_edited_on":1763510400000,"globalid":"{B694B0E5-C609-4CCC-837A-BE83DF8D6E39}"}},{"type":"Feature","id":1570,"geometry":{"type":"Point","coordinates":[147.1189154980001,-35.68611549599996]},"properties":{"objectid":1570,"feature_type":"Substation","feature_subtype":"Zone","feature_name":"Morven","feature_description":"A structure in which high voltage electricity supply is converted, controlled or transformed","status":"Operational","voltage_kv":132,"locality":"MORVEN","state":"NSW","feature_source":"Esri World Imagery","feature_source_date":null,"attribute_source":"Open Street Map","attribute_source_date":1526342400000,"spatial_confidence":5,"latitude":-35.68611550000001,"longitude":147.11891549999999,"created_date":1695859200000,"last_edited_on":1763510400000,"globalid":"{0AFEE6C9-3778-40DD-B753-02CA81638353}"}},{"type":"Feature","id":1584,"geometry":{"type":"Point","coordinates":[153.53890963800006,-28.175150247999966]},"properties":{"objectid":1584,"feature_type":"Substation","feature_subtype":"Zone","feature_name":"Tweed Heads","feature_description":"A structure in which high voltage electricity supply is converted, controlled or transformed","status":"Operational","voltage_kv":66,"locality":"TWEED HEADS","state":"NSW","feature_source":"Esri World Imagery","feature_source_date":null,"attribute_source":"Open Street Map","attribute_source_date":1703635200000,"spatial_confidence":5,"latitude":-28.17515025,"longitude":153.53890964,"created_date":1667692800000,"last_edited_on":1763510400000,"globalid":"{CBC6BC27-8137-4D6D-AA91-B91CBFBF028A}"}},{"type":"Feature","id":1585,"geometry":{"type":"Point","coordinates":[153.54507726100007,-28.222741930999973]},"properties":{"objectid":1585,"feature_type":"Substation","feature_subtype":"Zone","feature_name":"Banora Point","feature_description":"A structure in which high voltage electricity supply is converted, controlled or transformed","status":"Operational","voltage_kv":66,"locality":"BANORA POINT","state":"NSW","feature_source":"Esri World Imagery","feature_source_date":null,"attribute_source":"Open Street Map","attribute_source_date":1703808000000,"spatial_confidence":5,"latitude":-28.222741929999998,"longitude":153.54507726,"created_date":1667692800000,"last_edited_on":1763510400000,"globalid":"{CDBB5D46-5B47-41B9-A90D-B8CF37432B95}"}},{"type":"Feature","id":1586,"geometry":{"type":"Point","coordinates":[153.54978205700002,-28.267206078999948]},"properties":{"objectid":1586,"feature_type":"Substation","feature_subtype":"Zone","feature_name":"Cudgen","feature_description":"A structure in which high voltage electricity supply is converted, controlled or transformed","status":"Operational","voltage_kv":66,"locality":"CUDGEN","state":"NSW","feature_source":"Esri World Imagery","feature_source_date":null,"attribute_source":"Open Street Map","attribute_source_date":1703635200000,"spatial_confidence":5,"latitude":-28.267206079999998,"longitude":153.54978206,"created_date":1667692800000,"last_edited_on":1763510400000,"globalid":"{06B2417D-FAE3-4D38-A855-C9C67582423A}"}},{"type":"Feature","id":1587,"geometry":{"type":"Point","coordinates":[153.40550056900008,-28.324235486999953]},"properties":{"objectid":1587,"feature_type":"Substation","feature_subtype":"Zone","feature_name":"Murwillumbah","feature_description":"A structure in which high voltage electricity supply is converted, controlled or transformed","status":"Operational","voltage_kv":66,"locality":"MURWILLUMBAH","state":"NSW","feature_source":"Esri World Imagery","feature_source_date":null,"attribute_source":"Open Street Map","attribute_source_date":1703721600000,"spatial_confidence":5,"latitude":-28.32423549,"longitude":153.40550057,"created_date":1682985600000,"last_edited_on":1763510400000,"globalid":"{4C03157D-AB74-47F0-AD02-EF04D450E991}"}},{"type":"Feature","id":1588,"geometry":{"type":"Point","coordinates":[153.00390205500003,-28.63299414399995]},"properties":{"objectid":1588,"feature_type":"Substation","feature_subtype":"Zone","feature_name":"Kyogle","feature_description":"A structure in which high voltage electricity supply is converted, controlled or transformed","status":"Operational","voltage_kv":66,"locality":"KYOGLE","state":"NSW","feature_source":"Esri World Imagery","feature_source_date":null,"attribute_source":"Open Street Map","attribute_source_date":1560988800000,"spatial_confidence":5,"latitude":-28.63299414,"longitude":153.00390206,"created_date":1696896000000,"last_edited_on":1763510400000,"globalid":"{7761087C-F42B-4EC0-A4CB-75F2CC32E33C}"}},{"type":"Feature","id":1589,"geometry":{"type":"Point","coordinates":[153.29842303500004,-28.826855361999947]},"properties":{"objectid":1589,"feature_type":"Substation","feature_subtype":"Zone","feature_name":"Lismore University","feature_description":"A structure in which high voltage electricity supply is converted, controlled or transformed","status":"Operational","voltage_kv":66,"locality":"EAST LISMORE","state":"NSW","feature_source":"Esri World Imagery","feature_source_date":null,"attribute_source":"Open Street Map","attribute_source_date":1560988800000,"spatial_confidence":5,"latitude":-28.82685536,"longitude":153.29842304,"created_date":1701734400000,"last_edited_on":1763510400000,"globalid":"{A7CE5CC3-D51D-4985-BB52-FB0AB6086558}"}},{"type":"Feature","id":1590,"geometry":{"type":"Point","coordinates":[153.3421580470001,-29.09785435799995]},"properties":{"objectid":1590,"feature_type":"Substation","feature_subtype":"Zone","feature_name":"Woodburn","feature_description":"A structure in which high voltage electricity supply is converted, controlled or transformed","status":"Operational","voltage_kv":66,"locality":"WOODBURN","state":"NSW","feature_source":"Esri World Imagery","feature_source_date":null,"attribute_source":"Open Street Map","attribute_source_date":1560988800000,"spatial_confidence":5,"latitude":-29.09785436,"longitude":153.34215805,"created_date":1697846400000,"last_edited_on":1763510400000,"globalid":"{74B584B5-FC1B-46BC-A395-B786B865FE37}"}},{"type":"Feature","id":1591,"geometry":{"type":"Point","coordinates":[152.99553819300002,-29.105226654999967]},"properties":{"objectid":1591,"feature_type":"Substation","feature_subtype":"Zone","feature_name":"Rappville","feature_description":"A structure in which high voltage electricity supply is converted, controlled or transformed","status":"Operational","voltage_kv":66,"locality":"MYRTLE CREEK","state":"NSW","feature_source":"Esri World Imagery","feature_source_date":null,"attribute_source":"Open Street Map","attribute_source_date":1438819200000,"spatial_confidence":5,"latitude":-29.10522666,"longitude":152.99553819,"created_date":1696896000000,"last_edited_on":1763510400000,"globalid":"{1E689F34-F643-4363-B7CA-692B78942351}"}},{"type":"Feature","id":1592,"geometry":{"type":"Point","coordinates":[151.59218948700004,-29.45732328899993]},"properties":{"objectid":1592,"feature_type":"Substation","feature_subtype":"Zone","feature_name":"Emmaville","feature_description":"A structure in which high voltage electricity supply is converted, controlled or transformed","status":"Operational","voltage_kv":66,"locality":"EMMAVILLE","state":"NSW","feature_source":"Esri World Imagery","feature_source_date":null,"attribute_source":"Open Street Map","attribute_source_date":1439769600000,"spatial_confidence":5,"latitude":-29.45732329,"longitude":151.59218948999998,"created_date":1683590400000,"last_edited_on":1763510400000,"globalid":"{FDE6A67B-7F5C-46B1-9DF6-F3F91B503A08}"}},{"type":"Feature","id":1593,"geometry":{"type":"Point","coordinates":[151.25061733500002,-29.33714994999997]},"properties":{"objectid":1593,"feature_type":"Substation","feature_subtype":"Zone","feature_name":"Pindari","feature_description":"A structure in which high voltage electricity supply is converted, controlled or transformed","status":"Operational","voltage_kv":66,"locality":"ASHFORD","state":"NSW","feature_source":"Esri World Imagery","feature_source_date":null,"attribute_source":"Open Street Map","attribute_source_date":1439856000000,"spatial_confidence":5,"latitude":-29.33714995,"longitude":151.25061734,"created_date":1700179200000,"last_edited_on":1763510400000,"globalid":"{4F2C6568-2BD3-494E-B5A8-90C0F06C1844}"}},{"type":"Feature","id":1594,"geometry":{"type":"Point","coordinates":[151.11709474200006,-29.223630190999984]},"properties":{"objectid":1594,"feature_type":"Substation","feature_subtype":"Zone","feature_name":"Ashford","feature_description":"A structure in which high voltage electricity supply is converted, controlled or transformed","status":"Operational","voltage_kv":66,"locality":"ASHFORD","state":"NSW","feature_source":"Esri World Imagery","feature_source_date":null,"attribute_source":"Open Street Map","attribute_source_date":1439769600000,"spatial_confidence":5,"latitude":-29.22363019,"longitude":151.11709474,"created_date":1699228800000,"last_edited_on":1763510400000,"globalid":"{B75D1C8F-680E-432D-88C1-FA1283A51207}"}},{"type":"Feature","id":1595,"geometry":{"type":"Point","coordinates":[150.8890514960001,-29.240314316999957]},"properties":{"objectid":1595,"feature_type":"Substation","feature_subtype":"Zone","feature_name":"Wallangra","feature_description":"A structure in which high voltage electricity supply is converted, controlled or transformed","status":"Operational","voltage_kv":66,"locality":"WALLANGRA","state":"NSW","feature_source":"Esri World Imagery","feature_source_date":null,"attribute_source":"Open Street Map","attribute_source_date":1637798400000,"spatial_confidence":5,"latitude":-29.24031432,"longitude":150.88905150000002,"created_date":1698969600000,"last_edited_on":1763510400000,"globalid":"{1ED17D86-1860-4E91-9F39-5C291B91EC27}"}},{"type":"Feature","id":1596,"geometry":{"type":"Point","coordinates":[150.75630308900008,-29.25079638899996]},"properties":{"objectid":1596,"feature_type":"Substation","feature_subtype":"Switchyard","feature_name":"Coolatai","feature_description":"A structure in which high voltage electricity supply is converted, controlled or transformed","status":"Operational","voltage_kv":66,"locality":"COOLATAI","state":"NSW","feature_source":"Esri World Imagery","feature_source_date":null,"attribute_source":"Open Street Map","attribute_source_date":1643068800000,"spatial_confidence":5,"latitude":-29.250796389999998,"longitude":150.75630309000002,"created_date":1696896000000,"last_edited_on":1763510400000,"globalid":"{651AE7CE-28F7-4418-ACC1-0C06B35B141D}"}},{"type":"Feature","id":1597,"geometry":{"type":"Point","coordinates":[150.4789424380001,-29.12065915599993]},"properties":{"objectid":1597,"feature_type":"Substation","feature_subtype":"Zone","feature_name":"Yallaroi","feature_description":"A structure in which high voltage electricity supply is converted, controlled or transformed","status":"Operational","voltage_kv":66,"locality":"YALLAROI","state":"NSW","feature_source":"Esri World Imagery","feature_source_date":null,"attribute_source":"Open Street Map","attribute_source_date":1643068800000,"spatial_confidence":5,"latitude":-29.12065916,"longitude":150.47894244,"created_date":1696896000000,"last_edited_on":1763510400000,"globalid":"{0BF6FF46-6EC0-4E43-8B5F-B65B76E21985}"}},{"type":"Feature","id":1598,"geometry":{"type":"Point","coordinates":[150.57809784500012,-29.527618227999938]},"properties":{"objectid":1598,"feature_type":"Substation","feature_subtype":"Zone","feature_name":"Warialda","feature_description":"A structure in which high voltage electricity supply is converted, controlled or transformed","status":"Operational","voltage_kv":66,"locality":"WARIALDA","state":"NSW","feature_source":"Esri World Imagery","feature_source_date":null,"attribute_source":"Open Street Map","attribute_source_date":1643068800000,"spatial_confidence":5,"latitude":-29.527618229999998,"longitude":150.57809785,"created_date":1681084800000,"last_edited_on":1763510400000,"globalid":"{3F1671DA-9F47-4783-8C59-1718FF67B5F6}"}},{"type":"Feature","id":1599,"geometry":{"type":"Point","coordinates":[148.99762749600006,-28.980657940999947]},"properties":{"objectid":1599,"feature_type":"Substation","feature_subtype":"Zone","feature_name":"Mungindi","feature_description":"A structure in which high voltage electricity supply is converted, controlled or transformed","status":"Operational","voltage_kv":66,"locality":"MUNGINDI","state":"NSW","feature_source":"Esri World Imagery","feature_source_date":null,"attribute_source":"Open Street Map","attribute_source_date":1719619200000,"spatial_confidence":5,"latitude":-28.98065794,"longitude":148.9976275,"created_date":1699574400000,"last_edited_on":1763510400000,"globalid":"{1E8E4E4F-8745-411F-B0E0-DE4CCFEB7966}"}},{"type":"Feature","id":1600,"geometry":{"type":"Point","coordinates":[149.63915861200007,-29.08286527299998]},"properties":{"objectid":1600,"feature_type":"Substation","feature_subtype":"Zone","feature_name":"Garah","feature_description":"A structure in which high voltage electricity supply is converted, controlled or transformed","status":"Operational","voltage_kv":66,"locality":"GARAH","state":"NSW","feature_source":"Esri World Imagery","feature_source_date":null,"attribute_source":"Open Street Map","attribute_source_date":1719619200000,"spatial_confidence":5,"latitude":-29.08286527,"longitude":149.63915861,"created_date":1697846400000,"last_edited_on":1763510400000,"globalid":"{DA2D8DA6-C322-4A64-A154-3DEC78E0EB1A}"}},{"type":"Feature","id":1601,"geometry":{"type":"Point","coordinates":[149.59551263800006,-29.556309959999965]},"properties":{"objectid":1601,"feature_type":"Substation","feature_subtype":"Zone","feature_name":"Mallowa","feature_description":"A structure in which high voltage electricity supply is converted, controlled or transformed","status":"Operational","voltage_kv":66,"locality":"MOREE","state":"NSW","feature_source":"Esri World Imagery","feature_source_date":null,"attribute_source":"Open Street Map","attribute_source_date":1719532800000,"spatial_confidence":5,"latitude":-29.55630996,"longitude":149.59551263999998,"created_date":1697500800000,"last_edited_on":1763510400000,"globalid":"{226BC196-1A9A-475D-B3B9-8FEC026DF14A}"}},{"type":"Feature","id":1602,"geometry":{"type":"Point","coordinates":[148.96045417900007,-29.458391070999937]},"properties":{"objectid":1602,"feature_type":"Substation","feature_subtype":"Zone","feature_name":"Wenna","feature_description":"A structure in which high voltage electricity supply is converted, controlled or transformed","status":"Operational","voltage_kv":66,"locality":"BULLARAH","state":"NSW","feature_source":"Esri World Imagery","feature_source_date":null,"attribute_source":"Open Street Map","attribute_source_date":1719532800000,"spatial_confidence":5,"latitude":-29.45839107,"longitude":148.96045418,"created_date":1680998400000,"last_edited_on":1763510400000,"globalid":"{17FCAA18-7516-407B-80D4-AA967251919A}"}},{"type":"Feature","id":1603,"geometry":{"type":"Point","coordinates":[149.79226834100007,-29.93659209699996]},"properties":{"objectid":1603,"feature_type":"Substation","feature_subtype":"Zone","feature_name":"Bellata","feature_description":"A structure in which high voltage electricity supply is converted, controlled or transformed","status":"Operational","voltage_kv":66,"locality":"BELLATA","state":"NSW","feature_source":"Esri World Imagery","feature_source_date":null,"attribute_source":"Open Street Map","attribute_source_date":1719532800000,"spatial_confidence":5,"latitude":-29.9365921,"longitude":149.79226834000002,"created_date":1697500800000,"last_edited_on":1763510400000,"globalid":"{52080DBC-AEFA-49F7-9AD8-32AA35B3873E}"}},{"type":"Feature","id":1604,"geometry":{"type":"Point","coordinates":[150.56994005400009,-29.858308706999935]},"properties":{"objectid":1604,"feature_type":"Substation","feature_subtype":"Zone","feature_name":"Bingara","feature_description":"A structure in which high voltage electricity supply is converted, controlled or transformed","status":"Operational","voltage_kv":66,"locality":"BINGARA","state":"NSW","feature_source":"Esri World Imagery","feature_source_date":null,"attribute_source":"Open Street Map","attribute_source_date":1643068800000,"spatial_confidence":5,"latitude":-29.85830871,"longitude":150.56994004999999,"created_date":1681084800000,"last_edited_on":1763510400000,"globalid":"{748FEAE2-CE00-47E7-800F-03C98E0DB6F0}"}},{"type":"Feature","id":1605,"geometry":{"type":"Point","coordinates":[150.8980234290001,-29.887801260999936]},"properties":{"objectid":1605,"feature_type":"Substation","feature_subtype":"Zone","feature_name":"Copeton","feature_description":"A structure in which high voltage electricity supply is converted, controlled or transformed","status":"Operational","voltage_kv":66,"locality":"COPETON","state":"NSW","feature_source":"Esri World Imagery","feature_source_date":null,"attribute_source":"Open Street Map","attribute_source_date":1693958400000,"spatial_confidence":5,"latitude":-29.88780126,"longitude":150.89802343,"created_date":1690502400000,"last_edited_on":1763510400000,"globalid":"{54D12BCD-A012-4A3C-B5B8-B44FF947BEB4}"}},{"type":"Feature","id":1606,"geometry":{"type":"Point","coordinates":[151.71207628700006,-29.733265812999946]},"properties":{"objectid":1606,"feature_type":"Substation","feature_subtype":"Zone","feature_name":"Glen Innes","feature_description":"A structure in which high voltage electricity supply is converted, controlled or transformed","status":"Operational","voltage_kv":66,"locality":"GLEN INNES","state":"NSW","feature_source":"Esri World Imagery","feature_source_date":null,"attribute_source":"Open Street Map","attribute_source_date":1673136000000,"spatial_confidence":5,"latitude":-29.73326581,"longitude":151.71207629,"created_date":1683590400000,"last_edited_on":1771372800000,"globalid":"{6F3AA250-C728-4C63-9672-3303A69F4134}"}},{"type":"Feature","id":1607,"geometry":{"type":"Point","coordinates":[153.35168463600007,-29.443095201999938]},"properties":{"objectid":1607,"feature_type":"Substation","feature_subtype":"Zone","feature_name":"Yamba","feature_description":"A structure in which high voltage electricity supply is converted, controlled or transformed","status":"Operational","voltage_kv":66,"locality":"YAMBA","state":"NSW","feature_source":"Esri World Imagery","feature_source_date":null,"attribute_source":"Open Street Map","attribute_source_date":1560988800000,"spatial_confidence":5,"latitude":-29.443095200000002,"longitude":153.35168464,"created_date":1697846400000,"last_edited_on":1763510400000,"globalid":"{EA222AAF-B26B-4C07-9515-A916AC1B902F}"}},{"type":"Feature","id":1608,"geometry":{"type":"Point","coordinates":[153.20422509800005,-29.467114659999936]},"properties":{"objectid":1608,"feature_type":"Substation","feature_subtype":"Zone","feature_name":"Maclean","feature_description":"A structure in which high voltage electricity supply is converted, controlled or transformed","status":"Operational","voltage_kv":66,"locality":"MACLEAN","state":"NSW","feature_source":"Esri World Imagery","feature_source_date":null,"attribute_source":"Open Street Map","attribute_source_date":1438560000000,"spatial_confidence":5,"latitude":-29.46711466,"longitude":153.20422509999997,"created_date":1697846400000,"last_edited_on":1763510400000,"globalid":"{CEF716B8-A32A-4943-8790-7E5D92BD1F15}"}},{"type":"Feature","id":1609,"geometry":{"type":"Point","coordinates":[152.9180919270001,-29.66817892599994]},"properties":{"objectid":1609,"feature_type":"Substation","feature_subtype":"Zone","feature_name":"Grafton North","feature_description":"A structure in which high voltage electricity supply is converted, controlled or transformed","status":"Operational","voltage_kv":66,"locality":"GRAFTON","state":"NSW","feature_source":"Esri World Imagery","feature_source_date":null,"attribute_source":"Open Street Map","attribute_source_date":1438560000000,"spatial_confidence":5,"latitude":-29.66817893,"longitude":152.91809193,"created_date":1683158400000,"last_edited_on":1763510400000,"globalid":"{9E69C54C-0529-4C1A-9B4C-4CD7B4CF38B2}"}},{"type":"Feature","id":1610,"geometry":{"type":"Point","coordinates":[152.93053001700002,-29.617444054999964]},"properties":{"objectid":1610,"feature_type":"Substation","feature_subtype":"Zone","feature_name":"Koolkhan","feature_description":"A structure in which high voltage electricity supply is converted, controlled or transformed","status":"Operational","voltage_kv":66,"locality":"KOOLKHAN","state":"NSW","feature_source":"Esri World Imagery","feature_source_date":null,"attribute_source":"Open Street Map","attribute_source_date":1438560000000,"spatial_confidence":5,"latitude":-29.61744406,"longitude":152.93053002,"created_date":1683158400000,"last_edited_on":1763510400000,"globalid":"{041A1BCE-EBB1-481F-869F-5C6ABCA204A1}"}},{"type":"Feature","id":1611,"geometry":{"type":"Point","coordinates":[152.9404735490001,-29.711532357999943]},"properties":{"objectid":1611,"feature_type":"Substation","feature_subtype":"Zone","feature_name":"Grafton South","feature_description":"A structure in which high voltage electricity supply is converted, controlled or transformed","status":"Operational","voltage_kv":66,"locality":"SOUTH GRAFTON","state":"NSW","feature_source":"Esri World Imagery","feature_source_date":null,"attribute_source":"Open Street Map","attribute_source_date":1650412800000,"spatial_confidence":5,"latitude":-29.71153236,"longitude":152.94047355,"created_date":1683158400000,"last_edited_on":1763510400000,"globalid":"{D3C384DF-3EF6-4D77-AB10-EB5B801AB682}"}},{"type":"Feature","id":1612,"geometry":{"type":"Point","coordinates":[152.830334482,-29.86083165499997]},"properties":{"objectid":1612,"feature_type":"Substation","feature_subtype":"Zone","feature_name":"Shannon Creek","feature_description":"A structure in which high voltage electricity supply is converted, controlled or transformed","status":"Operational","voltage_kv":66,"locality":"BLAXLANDS CREEK","state":"NSW","feature_source":"Esri World Imagery","feature_source_date":null,"attribute_source":"Open Street Map","attribute_source_date":1438560000000,"spatial_confidence":5,"latitude":-29.860831660000002,"longitude":152.83033448,"created_date":1697846400000,"last_edited_on":1763510400000,"globalid":"{A9C0DB9A-1165-42CE-AFE6-88F035D0929A}"}},{"type":"Feature","id":1613,"geometry":{"type":"Point","coordinates":[153.189747935,-30.123448388999975]},"properties":{"objectid":1613,"feature_type":"Substation","feature_subtype":"Zone","feature_name":"Woolgoolga","feature_description":"A structure in which high voltage electricity supply is converted, controlled or transformed","status":"Operational","voltage_kv":66,"locality":"WOOLGOOLGA","state":"NSW","feature_source":"Esri World Imagery","feature_source_date":null,"attribute_source":"Open Street Map","attribute_source_date":1560902400000,"spatial_confidence":5,"latitude":-30.12344839,"longitude":153.18974794,"created_date":1681516800000,"last_edited_on":1763510400000,"globalid":"{12774497-B65F-48E3-BB2E-D001E0FB37A1}"}},{"type":"Feature","id":1614,"geometry":{"type":"Point","coordinates":[153.14811348800004,-30.187779276999947]},"properties":{"objectid":1614,"feature_type":"Substation","feature_subtype":"Zone","feature_name":"Moonee","feature_description":"A structure in which high voltage electricity supply is converted, controlled or transformed","status":"Operational","voltage_kv":66,"locality":"MOONEE BEACH","state":"NSW","feature_source":"Esri World Imagery","feature_source_date":null,"attribute_source":"Open Street Map","attribute_source_date":1560902400000,"spatial_confidence":5,"latitude":-30.18777928,"longitude":153.14811349,"created_date":1681516800000,"last_edited_on":1763510400000,"globalid":"{B58720DF-F511-4D38-985A-B18762FF56EF}"}},{"type":"Feature","id":1615,"geometry":{"type":"Point","coordinates":[152.99475794500006,-30.150804999999934]},"properties":{"objectid":1615,"feature_type":"Substation","feature_subtype":"Zone","feature_name":"Nana Glen","feature_description":"A structure in which high voltage electricity supply is converted, controlled or transformed","status":"Operational","voltage_kv":66,"locality":"NANA GLEN","state":"NSW","feature_source":"Esri World Imagery","feature_source_date":null,"attribute_source":"Open Street Map","attribute_source_date":1631577600000,"spatial_confidence":5,"latitude":-30.150805000000002,"longitude":152.99475795,"created_date":1695686400000,"last_edited_on":1763510400000,"globalid":"{138018A4-8DB7-46B9-B52D-C1D2F4E18D4A}"}},{"type":"Feature","id":1616,"geometry":{"type":"Point","coordinates":[152.8826070330001,-30.231450438999957]},"properties":{"objectid":1616,"feature_type":"Substation","feature_subtype":"Zone","feature_name":"Ulong","feature_description":"A structure in which high voltage electricity supply is converted, controlled or transformed","status":"Operational","voltage_kv":66,"locality":"ULONG","state":"NSW","feature_source":"Esri World Imagery","feature_source_date":null,"attribute_source":"Open Street Map","attribute_source_date":1438560000000,"spatial_confidence":5,"latitude":-30.23145044,"longitude":152.88260703,"created_date":1697846400000,"last_edited_on":1763510400000,"globalid":"{158BCC5C-7A96-4E6D-9A4B-A30B333B1960}"}},{"type":"Feature","id":1617,"geometry":{"type":"Point","coordinates":[153.1179649190001,-30.281760143999975]},"properties":{"objectid":1617,"feature_type":"Substation","feature_subtype":"Zone","feature_name":"Coffs Harbour North","feature_description":"A structure in which high voltage electricity supply is converted, controlled or transformed","status":"Operational","voltage_kv":66,"locality":"COFFS HARBOUR","state":"NSW","feature_source":"Esri World Imagery","feature_source_date":null,"attribute_source":"Open Street Map","attribute_source_date":1560902400000,"spatial_confidence":5,"latitude":-30.28176014,"longitude":153.11796492,"created_date":1681516800000,"last_edited_on":1763510400000,"globalid":"{F791A004-4A4F-428C-BCC3-D94BEFB4AF4F}"}},{"type":"Feature","id":1618,"geometry":{"type":"Point","coordinates":[153.1024491700001,-30.305533174999937]},"properties":{"objectid":1618,"feature_type":"Substation","feature_subtype":"Zone","feature_name":"Coffs Harbour South","feature_description":"A structure in which high voltage electricity supply is converted, controlled or transformed","status":"Operational","voltage_kv":66,"locality":"COFFS HARBOUR","state":"NSW","feature_source":"Esri World Imagery","feature_source_date":null,"attribute_source":"Open Street Map","attribute_source_date":1560902400000,"spatial_confidence":5,"latitude":-30.305533169999997,"longitude":153.10244917,"created_date":1681516800000,"last_edited_on":1763510400000,"globalid":"{723657DA-76FC-42B3-B720-7950F42C35C7}"}},{"type":"Feature","id":1619,"geometry":{"type":"Point","coordinates":[153.07959401900007,-30.366190823999943]},"properties":{"objectid":1619,"feature_type":"Substation","feature_subtype":"Zone","feature_name":"Sawtell","feature_description":"A structure in which high voltage electricity supply is converted, controlled or transformed","status":"Operational","voltage_kv":66,"locality":"BONVILLE","state":"NSW","feature_source":"Esri World Imagery","feature_source_date":null,"attribute_source":"Open Street Map","attribute_source_date":1560902400000,"spatial_confidence":5,"latitude":-30.36619082,"longitude":153.07959402,"created_date":1681516800000,"last_edited_on":1763510400000,"globalid":"{B99AB5B3-345E-4DB7-A1F4-94FF1DA3E392}"}},{"type":"Feature","id":1620,"geometry":{"type":"Point","coordinates":[152.98243208600002,-30.636378212999944]},"properties":{"objectid":1620,"feature_type":"Substation","feature_subtype":"Zone","feature_name":"Nambucca Heads","feature_description":"A structure in which high voltage electricity supply is converted, controlled or transformed","status":"Operational","voltage_kv":66,"locality":"NAMBUCCA HEADS","state":"NSW","feature_source":"Esri World Imagery","feature_source_date":null,"attribute_source":"Open Street Map","attribute_source_date":1663632000000,"spatial_confidence":5,"latitude":-30.63637821,"longitude":152.98243209,"created_date":1697068800000,"last_edited_on":1763510400000,"globalid":"{7BF4BF43-6546-478A-8122-E6828DD942BF}"}},{"type":"Feature","id":1621,"geometry":{"type":"Point","coordinates":[151.0669444550001,-30.175698256999965]},"properties":{"objectid":1621,"feature_type":"Substation","feature_subtype":"Zone","feature_name":"Bundarra","feature_description":"A structure in which high voltage electricity supply is converted, controlled or transformed","status":"Operational","voltage_kv":66,"locality":"BUNDARRA","state":"NSW","feature_source":"Esri World Imagery","feature_source_date":null,"attribute_source":"Open Street Map","attribute_source_date":1439510400000,"spatial_confidence":5,"latitude":-30.17569826,"longitude":151.06694446,"created_date":1694736000000,"last_edited_on":1763510400000,"globalid":"{E3FBCF21-B4A1-4E49-9E66-79CA6336B450}"}},{"type":"Feature","id":1622,"geometry":{"type":"Point","coordinates":[151.6765469080001,-30.188667092999935]},"properties":{"objectid":1622,"feature_type":"Substation","feature_subtype":"Zone","feature_name":"Guyra","feature_description":"A structure in which high voltage electricity supply is converted, controlled or transformed","status":"Operational","voltage_kv":66,"locality":"GUYRA","state":"NSW","feature_source":"Esri World Imagery","feature_source_date":null,"attribute_source":"Open Street Map","attribute_source_date":1644192000000,"spatial_confidence":5,"latitude":-30.188667090000003,"longitude":151.67654691,"created_date":1700179200000,"last_edited_on":1763510400000,"globalid":"{171BB14D-F3C0-4537-9811-4EFE64C29759}"}},{"type":"Feature","id":1623,"geometry":{"type":"Point","coordinates":[145.95705196000006,-30.093166378999967]},"properties":{"objectid":1623,"feature_type":"Substation","feature_subtype":"Zone","feature_name":"Bourke","feature_description":"A structure in which high voltage electricity supply is converted, controlled or transformed","status":"Operational","voltage_kv":66,"locality":"BOURKE","state":"NSW","feature_source":"Esri World Imagery","feature_source_date":null,"attribute_source":"Open Street Map","attribute_source_date":1719100800000,"spatial_confidence":5,"latitude":-30.09316638,"longitude":145.95705196,"created_date":1686614400000,"last_edited_on":1763510400000,"globalid":"{F2F899AA-0A90-4B68-A03B-732CA6238A6D}"}},{"type":"Feature","id":1624,"geometry":{"type":"Point","coordinates":[146.86469987700002,-29.94580149099994]},"properties":{"objectid":1624,"feature_type":"Substation","feature_subtype":"Zone","feature_name":"Brewarrina","feature_description":"A structure in which high voltage electricity supply is converted, controlled or transformed","status":"Operational","voltage_kv":66,"locality":"BREWARRINA","state":"NSW","feature_source":"Esri World Imagery","feature_source_date":null,"attribute_source":"Open Street Map","attribute_source_date":1719100800000,"spatial_confidence":5,"latitude":-29.945801489999997,"longitude":146.86469988,"created_date":1698105600000,"last_edited_on":1763510400000,"globalid":"{ECAD86E5-863A-487E-B5E2-8AD59B9AB5B5}"}},{"type":"Feature","id":1625,"geometry":{"type":"Point","coordinates":[147.97233724900002,-29.427180759999942]},"properties":{"objectid":1625,"feature_type":"Substation","feature_subtype":"Zone","feature_name":"Lightning Ridge","feature_description":"A structure in which high voltage electricity supply is converted, controlled or transformed","status":"Operational","voltage_kv":66,"locality":"LIGHTNING RIDGE","state":"NSW","feature_source":"Esri World Imagery","feature_source_date":null,"attribute_source":"Open Street Map","attribute_source_date":1719532800000,"spatial_confidence":5,"latitude":-29.42718076,"longitude":147.97233724999998,"created_date":1704153600000,"last_edited_on":1763510400000,"globalid":"{21DAF8EF-01B4-4AE8-83FC-CBC5E2AABD28}"}},{"type":"Feature","id":1626,"geometry":{"type":"Point","coordinates":[148.805801018,-29.696146169999963]},"properties":{"objectid":1626,"feature_type":"Substation","feature_subtype":"Zone","feature_name":"Merrywinebone","feature_description":"A structure in which high voltage electricity supply is converted, controlled or transformed","status":"Operational","voltage_kv":66,"locality":"COLLARENEBRI","state":"NSW","feature_source":"Esri World Imagery","feature_source_date":null,"attribute_source":"Open Street Map","attribute_source_date":1719532800000,"spatial_confidence":5,"latitude":-29.696146170000002,"longitude":148.80580102000002,"created_date":1697587200000,"last_edited_on":1763510400000,"globalid":"{C4FF3DCF-2E93-42C9-9E1C-80F8BB20B3A6}"}},{"type":"Feature","id":1627,"geometry":{"type":"Point","coordinates":[149.45597273400006,-30.21785689199993]},"properties":{"objectid":1627,"feature_type":"Substation","feature_subtype":"Zone","feature_name":"Wee Waa","feature_description":"A structure in which high voltage electricity supply is converted, controlled or transformed","status":"Operational","voltage_kv":66,"locality":"WEE WAA","state":"NSW","feature_source":"Esri World Imagery","feature_source_date":null,"attribute_source":"Open Street Map","attribute_source_date":1717286400000,"spatial_confidence":5,"latitude":-30.21785689,"longitude":149.45597273,"created_date":1693353600000,"last_edited_on":1763510400000,"globalid":"{09AAE8F3-D721-459F-84B8-B566B8674056}"}},{"type":"Feature","id":1628,"geometry":{"type":"Point","coordinates":[150.61206047000007,-30.39417089799997]},"properties":{"objectid":1628,"feature_type":"Substation","feature_subtype":"Zone","feature_name":"Barraba","feature_description":"A structure in which high voltage electricity supply is converted, controlled or transformed","status":"Operational","voltage_kv":66,"locality":"BARRABA","state":"NSW","feature_source":"Esri World Imagery","feature_source_date":null,"attribute_source":"Open Street Map","attribute_source_date":1439942400000,"spatial_confidence":5,"latitude":-30.394170900000002,"longitude":150.61206047,"created_date":1701648000000,"last_edited_on":1763510400000,"globalid":"{93DE83CE-3AD5-4B96-8A37-FBA3578F331A}"}},{"type":"Feature","id":1629,"geometry":{"type":"Point","coordinates":[150.73616553300008,-30.63934910599994]},"properties":{"objectid":1629,"feature_type":"Substation","feature_subtype":"Zone","feature_name":"Upper Mnailla","feature_description":"A structure in which high voltage electricity supply is converted, controlled or transformed","status":"Operational","voltage_kv":66,"locality":"NAMOI RIVER","state":"NSW","feature_source":"Esri World Imagery","feature_source_date":null,"attribute_source":"Open Street Map","attribute_source_date":1439942400000,"spatial_confidence":5,"latitude":-30.639349109999998,"longitude":150.73616553,"created_date":1699747200000,"last_edited_on":1763510400000,"globalid":"{2238D967-C799-4284-B3EA-34D5CD92D9F8}"}},{"type":"Feature","id":1630,"geometry":{"type":"Point","coordinates":[150.7327863490001,-30.759857758999942]},"properties":{"objectid":1630,"feature_type":"Substation","feature_subtype":"Zone","feature_name":"Manilla","feature_description":"A structure in which high voltage electricity supply is converted, controlled or transformed","status":"Operational","voltage_kv":66,"locality":"MANILLA","state":"NSW","feature_source":"Esri World Imagery","feature_source_date":null,"attribute_source":"Open Street Map","attribute_source_date":1440028800000,"spatial_confidence":5,"latitude":-30.75985776,"longitude":150.73278635,"created_date":1699747200000,"last_edited_on":1763510400000,"globalid":"{100B8C47-82B4-442E-8B4C-57705C573981}"}},{"type":"Feature","id":1631,"geometry":{"type":"Point","coordinates":[151.64951780600006,-30.49212909499994]},"properties":{"objectid":1631,"feature_type":"Substation","feature_subtype":"Zone","feature_name":"Madgwick Drive","feature_description":"A structure in which high voltage electricity supply is converted, controlled or transformed","status":"Operational","voltage_kv":66,"locality":"ARMIDALE","state":"NSW","feature_source":"Esri World Imagery","feature_source_date":null,"attribute_source":"Open Street Map","attribute_source_date":1591920000000,"spatial_confidence":5,"latitude":-30.492129090000002,"longitude":151.64951781,"created_date":1685145600000,"last_edited_on":1763510400000,"globalid":"{D5E2BAF9-E58A-4645-9B2D-1128BE345325}"}},{"type":"Feature","id":1632,"geometry":{"type":"Point","coordinates":[151.64762912100002,-30.517883994999977]},"properties":{"objectid":1632,"feature_type":"Substation","feature_subtype":"Zone","feature_name":"Miller Street","feature_description":"A structure in which high voltage electricity supply is converted, controlled or transformed","status":"Operational","voltage_kv":66,"locality":"ARMIDALE","state":"NSW","feature_source":"Esri World Imagery","feature_source_date":null,"attribute_source":"Open Street Map","attribute_source_date":1712361600000,"spatial_confidence":5,"latitude":-30.517884000000002,"longitude":151.64762912,"created_date":1685145600000,"last_edited_on":1763510400000,"globalid":"{12CB0828-F537-4D53-A56E-3A76044DAE9E}"}},{"type":"Feature","id":1633,"geometry":{"type":"Point","coordinates":[151.67820750700002,-30.53115242399997]},"properties":{"objectid":1633,"feature_type":"Substation","feature_subtype":"Zone","feature_name":"Galloway Street","feature_description":"A structure in which high voltage electricity supply is converted, controlled or transformed","status":"Operational","voltage_kv":66,"locality":"ARMIDALE","state":"NSW","feature_source":"Esri World Imagery","feature_source_date":null,"attribute_source":"Open Street Map","attribute_source_date":1712361600000,"spatial_confidence":5,"latitude":-30.531152419999998,"longitude":151.67820751,"created_date":1685145600000,"last_edited_on":1763510400000,"globalid":"{DFFFDFD7-8654-4023-BA34-587A664DA587}"}},{"type":"Feature","id":1634,"geometry":{"type":"Point","coordinates":[152.06106785300005,-30.572349145999965]},"properties":{"objectid":1634,"feature_type":"Substation","feature_subtype":"Zone","feature_name":"Oaky","feature_description":"A structure in which high voltage electricity supply is converted, controlled or transformed","status":"Operational","voltage_kv":66,"locality":"WOLLOMOMBI","state":"NSW","feature_source":"Esri World Imagery","feature_source_date":null,"attribute_source":"Open Street Map","attribute_source_date":1438732800000,"spatial_confidence":5,"latitude":-30.572349149999997,"longitude":152.06106785,"created_date":1694563200000,"last_edited_on":1763510400000,"globalid":"{44857592-A6E3-45FC-A8FF-3D6C5CA4F91E}"}},{"type":"Feature","id":1635,"geometry":{"type":"Point","coordinates":[151.50931039400007,-30.642313955999953]},"properties":{"objectid":1635,"feature_type":"Substation","feature_subtype":"Zone","feature_name":"Uralla","feature_description":"A structure in which high voltage electricity supply is converted, controlled or transformed","status":"Operational","voltage_kv":66,"locality":"URALLA","state":"NSW","feature_source":"Esri World Imagery","feature_source_date":null,"attribute_source":"Open Street Map","attribute_source_date":1439510400000,"spatial_confidence":5,"latitude":-30.64231396,"longitude":151.50931039,"created_date":1685145600000,"last_edited_on":1763510400000,"globalid":"{75172AC2-A971-43D1-827F-EEF5B97A2CDA}"}},{"type":"Feature","id":1636,"geometry":{"type":"Point","coordinates":[151.58582563900006,-30.996871075999934]},"properties":{"objectid":1636,"feature_type":"Substation","feature_subtype":"Zone","feature_name":"Walcha South","feature_description":"A structure in which high voltage electricity supply is converted, controlled or transformed","status":"Operational","voltage_kv":66,"locality":"WALCHA","state":"NSW","feature_source":"Esri World Imagery","feature_source_date":null,"attribute_source":"Open Street Map","attribute_source_date":1439510400000,"spatial_confidence":5,"latitude":-30.996871080000002,"longitude":151.58582564,"created_date":1697587200000,"last_edited_on":1763510400000,"globalid":"{C3493AC9-806F-4A63-A478-0F3991F79B6C}"}},{"type":"Feature","id":1637,"geometry":{"type":"Point","coordinates":[151.15415853500008,-30.877351286999954]},"properties":{"objectid":1637,"feature_type":"Substation","feature_subtype":"Zone","feature_name":"Bendemeer","feature_description":"A structure in which high voltage electricity supply is converted, controlled or transformed","status":"Operational","voltage_kv":66,"locality":"BENDEMEER","state":"NSW","feature_source":"Esri World Imagery","feature_source_date":null,"attribute_source":"Open Street Map","attribute_source_date":1650412800000,"spatial_confidence":5,"latitude":-30.87735129,"longitude":151.15415854,"created_date":1699747200000,"last_edited_on":1763510400000,"globalid":"{E24A0321-5B77-48D1-A339-13C8A37B150E}"}},{"type":"Feature","id":1638,"geometry":{"type":"Point","coordinates":[150.8341255150001,-30.928231036999932]},"properties":{"objectid":1638,"feature_type":"Substation","feature_subtype":"Zone","feature_name":"Attunga","feature_description":"A structure in which high voltage electricity supply is converted, controlled or transformed","status":"Operational","voltage_kv":66,"locality":"ATTUNGA","state":"NSW","feature_source":"Esri World Imagery","feature_source_date":null,"attribute_source":"Open Street Map","attribute_source_date":1440028800000,"spatial_confidence":5,"latitude":-30.92823104,"longitude":150.83412552000001,"created_date":1699747200000,"last_edited_on":1763510400000,"globalid":"{AC94F752-D100-44B3-9003-2AC075A81D4E}"}},{"type":"Feature","id":1639,"geometry":{"type":"Point","coordinates":[151.03815457500002,-31.066657473999953]},"properties":{"objectid":1639,"feature_type":"Substation","feature_subtype":"Zone","feature_name":"Kootingal","feature_description":"A structure in which high voltage electricity supply is converted, controlled or transformed","status":"Operational","voltage_kv":66,"locality":"KOOTINGAL","state":"NSW","feature_source":"Esri World Imagery","feature_source_date":null,"attribute_source":"Open Street Map","attribute_source_date":1650412800000,"spatial_confidence":5,"latitude":-31.066657470000003,"longitude":151.03815458,"created_date":1703721600000,"last_edited_on":1763510400000,"globalid":"{A435F641-7877-45F0-A0A7-34BD71680BB3}"}},{"type":"Feature","id":1640,"geometry":{"type":"Point","coordinates":[150.939431742,-31.099330608999935]},"properties":{"objectid":1640,"feature_type":"Substation","feature_subtype":"Zone","feature_name":"Tamworth East","feature_description":"A structure in which high voltage electricity supply is converted, controlled or transformed","status":"Operational","voltage_kv":66,"locality":"TAMWORTH","state":"NSW","feature_source":"Esri World Imagery","feature_source_date":null,"attribute_source":"Open Street Map","attribute_source_date":1440028800000,"spatial_confidence":5,"latitude":-31.09933061,"longitude":150.93943174,"created_date":1703376000000,"last_edited_on":1763510400000,"globalid":"{31AFE851-F5B2-4F2C-87FD-18466780E677}"}},{"type":"Feature","id":1641,"geometry":{"type":"Point","coordinates":[150.9040427650001,-31.06698927499997]},"properties":{"objectid":1641,"feature_type":"Substation","feature_subtype":"Zone","feature_name":"Oxley Vale","feature_description":"A structure in which high voltage electricity supply is converted, controlled or transformed","status":"Operational","voltage_kv":66,"locality":"OXLEY VALE","state":"NSW","feature_source":"Esri World Imagery","feature_source_date":null,"attribute_source":"Open Street Map","attribute_source_date":1440028800000,"spatial_confidence":5,"latitude":-31.06698928,"longitude":150.90404277,"created_date":1699747200000,"last_edited_on":1763510400000,"globalid":"{5AABB88D-09CB-4FA0-8EF2-486294C6701C}"}},{"type":"Feature","id":1642,"geometry":{"type":"Point","coordinates":[150.86000808000006,-31.07636204099998]},"properties":{"objectid":1642,"feature_type":"Substation","feature_subtype":"Zone","feature_name":"Goddard Lane","feature_description":"A structure in which high voltage electricity supply is converted, controlled or transformed","status":"Operational","voltage_kv":66,"locality":"WESTDALE","state":"NSW","feature_source":"Esri World Imagery","feature_source_date":null,"attribute_source":"Open Street Map","attribute_source_date":1440028800000,"spatial_confidence":5,"latitude":-31.07636204,"longitude":150.86000808,"created_date":1703376000000,"last_edited_on":1763510400000,"globalid":"{324278DB-2071-4E3C-AFFA-C4110BEBD27A}"}},{"type":"Feature","id":1643,"geometry":{"type":"Point","coordinates":[150.89476417000003,-31.115213078999943]},"properties":{"objectid":1643,"feature_type":"Substation","feature_subtype":"Zone","feature_name":"Tamworth South","feature_description":"A structure in which high voltage electricity supply is converted, controlled or transformed","status":"Operational","voltage_kv":66,"locality":"HILLVUE","state":"NSW","feature_source":"Esri World Imagery","feature_source_date":null,"attribute_source":"Open Street Map","attribute_source_date":1685059200000,"spatial_confidence":5,"latitude":-31.11521308,"longitude":150.89476417,"created_date":1703376000000,"last_edited_on":1763510400000,"globalid":"{910C7DC5-429D-4A4B-B507-88F4CF722C4C}"}},{"type":"Feature","id":1644,"geometry":{"type":"Point","coordinates":[150.73029790300006,-31.264183094999964]},"properties":{"objectid":1644,"feature_type":"Substation","feature_subtype":"Zone","feature_name":"Currabubula","feature_description":"A structure in which high voltage electricity supply is converted, controlled or transformed","status":"Operational","voltage_kv":66,"locality":"CURRABUBULA","state":"NSW","feature_source":"Esri World Imagery","feature_source_date":null,"attribute_source":"Open Street Map","attribute_source_date":1650412800000,"spatial_confidence":5,"latitude":-31.2641831,"longitude":150.73029789999998,"created_date":1703376000000,"last_edited_on":1763510400000,"globalid":"{EA9E8E0C-22D6-47C1-96E2-A79702D6E81E}"}},{"type":"Feature","id":1645,"geometry":{"type":"Point","coordinates":[150.65767538900002,-31.36088211999993]},"properties":{"objectid":1645,"feature_type":"Substation","feature_subtype":"Zone","feature_name":"Werris Creek","feature_description":"A structure in which high voltage electricity supply is converted, controlled or transformed","status":"Operational","voltage_kv":66,"locality":"WERRIS CREEK","state":"NSW","feature_source":"Esri World Imagery","feature_source_date":null,"attribute_source":"Open Street Map","attribute_source_date":1650412800000,"spatial_confidence":5,"latitude":-31.36088212,"longitude":150.65767539,"created_date":1703376000000,"last_edited_on":1763510400000,"globalid":"{B9583FEA-360D-4DC4-87A7-2F165D42C3ED}"}},{"type":"Feature","id":1646,"geometry":{"type":"Point","coordinates":[150.67836130600006,-31.49411414599996]},"properties":{"objectid":1646,"feature_type":"Substation","feature_subtype":"Zone","feature_name":"Quirindi","feature_description":"A structure in which high voltage electricity supply is converted, controlled or transformed","status":"Operational","voltage_kv":66,"locality":"QUIRINDI","state":"NSW","feature_source":"Esri World Imagery","feature_source_date":null,"attribute_source":"Open Street Map","attribute_source_date":1650412800000,"spatial_confidence":5,"latitude":-31.494114149999998,"longitude":150.67836131,"created_date":1703376000000,"last_edited_on":1763510400000,"globalid":"{DDD5B990-C90A-4347-9F04-F2E56FD55AA0}"}},{"type":"Feature","id":1647,"geometry":{"type":"Point","coordinates":[148.39176546700003,-30.962001923999935]},"properties":{"objectid":1647,"feature_type":"Substation","feature_subtype":"Zone","feature_name":"Coonamble","feature_description":"A structure in which high voltage electricity supply is converted, controlled or transformed","status":"Operational","voltage_kv":66,"locality":"COONAMBLE","state":"NSW","feature_source":"Esri World Imagery","feature_source_date":null,"attribute_source":"Open Street Map","attribute_source_date":1719187200000,"spatial_confidence":5,"latitude":-30.96200192,"longitude":148.39176547,"created_date":1702080000000,"last_edited_on":1763510400000,"globalid":"{3B4BEEE7-E5A1-4393-A366-4745175EDAA2}"}},{"type":"Feature","id":1648,"geometry":{"type":"Point","coordinates":[148.48453733200006,-31.324968415999933]},"properties":{"objectid":1648,"feature_type":"Substation","feature_subtype":"Zone","feature_name":"Gulargambone","feature_description":"A structure in which high voltage electricity supply is converted, controlled or transformed","status":"Operational","voltage_kv":66,"locality":"GULARGAMBONE","state":"NSW","feature_source":"Esri World Imagery","feature_source_date":null,"attribute_source":"Open Street Map","attribute_source_date":1719187200000,"spatial_confidence":5,"latitude":-31.32496842,"longitude":148.48453733,"created_date":1680652800000,"last_edited_on":1763510400000,"globalid":"{90D8A830-AD86-4818-8E04-C742BD1A651D}"}},{"type":"Feature","id":1649,"geometry":{"type":"Point","coordinates":[149.20566922500007,-31.830481817999953]},"properties":{"objectid":1649,"feature_type":"Substation","feature_subtype":"Zone","feature_name":"Merrygoen","feature_description":"A structure in which high voltage electricity supply is converted, controlled or transformed","status":"Operational","voltage_kv":66,"locality":"MERRYGOEN","state":"NSW","feature_source":"Esri World Imagery","feature_source_date":null,"attribute_source":"Open Street Map","attribute_source_date":1650499200000,"spatial_confidence":5,"latitude":-31.83048182,"longitude":149.20566923,"created_date":1704240000000,"last_edited_on":1763510400000,"globalid":"{522CAC18-05EF-403C-9B2E-9B21EFF8AD96}"}},{"type":"Feature","id":1650,"geometry":{"type":"Point","coordinates":[148.63486102600007,-32.21171185199995]},"properties":{"objectid":1650,"feature_type":"Substation","feature_subtype":"Zone","feature_name":"Dubbo North","feature_description":"A structure in which high voltage electricity supply is converted, controlled or transformed","status":"Operational","voltage_kv":66,"locality":"DUBBO","state":"NSW","feature_source":"Esri World Imagery","feature_source_date":null,"attribute_source":"Open Street Map","attribute_source_date":1650499200000,"spatial_confidence":5,"latitude":-32.21171185,"longitude":148.63486103000002,"created_date":1696982400000,"last_edited_on":1763510400000,"globalid":"{7DE9485D-7A3A-45FE-91FB-2667AA58186F}"}},{"type":"Feature","id":1651,"geometry":{"type":"Point","coordinates":[148.649027326,-32.25186675699996]},"properties":{"objectid":1651,"feature_type":"Substation","feature_subtype":"Zone","feature_name":"Dubbo East","feature_description":"A structure in which high voltage electricity supply is converted, controlled or transformed","status":"Operational","voltage_kv":66,"locality":"DUBBO","state":"NSW","feature_source":"Esri World Imagery","feature_source_date":null,"attribute_source":"Open Street Map","attribute_source_date":1621123200000,"spatial_confidence":5,"latitude":-32.251866760000006,"longitude":148.64902733,"created_date":1696982400000,"last_edited_on":1763510400000,"globalid":"{BFC10B08-8C5F-4B15-B9D6-D235A0A0E8BA}"}},{"type":"Feature","id":1652,"geometry":{"type":"Point","coordinates":[148.61623221700006,-32.24503309199997]},"properties":{"objectid":1652,"feature_type":"Substation","feature_subtype":"Zone","feature_name":"Phillip ST Dubbo","feature_description":"A structure in which high voltage electricity supply is converted, controlled or transformed","status":"Operational","voltage_kv":66,"locality":"DUBBO","state":"NSW","feature_source":"Esri World Imagery","feature_source_date":null,"attribute_source":"Open Street Map","attribute_source_date":1621123200000,"spatial_confidence":5,"latitude":-32.24503309,"longitude":148.61623222,"created_date":1696982400000,"last_edited_on":1763510400000,"globalid":"{8DBE59F2-B65A-4FAE-8197-2F2F7643F40F}"}},{"type":"Feature","id":1653,"geometry":{"type":"Point","coordinates":[148.84130176000008,-32.41694654199995]},"properties":{"objectid":1653,"feature_type":"Substation","feature_subtype":"Zone","feature_name":"Geurie","feature_description":"A structure in which high voltage electricity supply is converted, controlled or transformed","status":"Operational","voltage_kv":66,"locality":"GEURIE","state":"NSW","feature_source":"Esri World Imagery","feature_source_date":null,"attribute_source":"Open Street Map","attribute_source_date":1719100800000,"spatial_confidence":5,"latitude":-32.41694654,"longitude":148.84130176,"created_date":1691452800000,"last_edited_on":1763510400000,"globalid":"{C69FFA36-3ABF-4776-9277-0C7A740318E9}"}},{"type":"Feature","id":1654,"geometry":{"type":"Point","coordinates":[149.52330587500012,-32.363543077999964]},"properties":{"objectid":1654,"feature_type":"Substation","feature_subtype":"Zone","feature_name":"Gulgong","feature_description":"A structure in which high voltage electricity supply is converted, controlled or transformed","status":"Operational","voltage_kv":66,"locality":"GULGONG","state":"NSW","feature_source":"Esri World Imagery","feature_source_date":null,"attribute_source":"Open Street Map","attribute_source_date":1646179200000,"spatial_confidence":5,"latitude":-32.36354308,"longitude":149.52330588,"created_date":1696636800000,"last_edited_on":1763510400000,"globalid":"{F3D0BCBB-5D0A-4992-936E-883B643B14CC}"}},{"type":"Feature","id":1655,"geometry":{"type":"Point","coordinates":[150.8731245880001,-32.05969568599994]},"properties":{"objectid":1655,"feature_type":"Substation","feature_subtype":"Zone","feature_name":"Scone","feature_description":"A structure in which high voltage electricity supply is converted, controlled or transformed","status":"Operational","voltage_kv":66,"locality":"SCONE","state":"NSW","feature_source":"Esri World Imagery","feature_source_date":null,"attribute_source":"Open Street Map","attribute_source_date":1649721600000,"spatial_confidence":5,"latitude":-32.059695690000005,"longitude":150.87312459,"created_date":1694995200000,"last_edited_on":1763510400000,"globalid":"{EC3E6C84-AA44-422E-82E6-04EF4E657BDA}"}},{"type":"Feature","id":1656,"geometry":{"type":"Point","coordinates":[150.89216388400007,-32.17808820899995]},"properties":{"objectid":1656,"feature_type":"Substation","feature_subtype":"Zone","feature_name":"Aberdeen","feature_description":"A structure in which high voltage electricity supply is converted, controlled or transformed","status":"Operational","voltage_kv":66,"locality":"ABERDEEN","state":"NSW","feature_source":"Esri World Imagery","feature_source_date":null,"attribute_source":"Open Street Map","attribute_source_date":1649721600000,"spatial_confidence":5,"latitude":-32.17808821,"longitude":150.89216388,"created_date":1694995200000,"last_edited_on":1763510400000,"globalid":"{87D94878-AA9C-4A95-8ACB-41543C4DEB89}"}},{"type":"Feature","id":1657,"geometry":{"type":"Point","coordinates":[152.7962013030001,-31.643599807999976]},"properties":{"objectid":1657,"feature_type":"Substation","feature_subtype":"Zone","feature_name":"Laurieton","feature_description":"A structure in which high voltage electricity supply is converted, controlled or transformed","status":"Operational","voltage_kv":66,"locality":"LAURIETON","state":"NSW","feature_source":"Esri World Imagery","feature_source_date":null,"attribute_source":"Open Street Map","attribute_source_date":1632528000000,"spatial_confidence":5,"latitude":-31.643599809999998,"longitude":152.7962013,"created_date":1695945600000,"last_edited_on":1763510400000,"globalid":"{9A091E16-C6C6-4B83-BF79-4CC6FBBDD641}"}},{"type":"Feature","id":1658,"geometry":{"type":"Point","coordinates":[152.7213145920001,-31.63332122999998]},"properties":{"objectid":1658,"feature_type":"Substation","feature_subtype":"Zone","feature_name":"Kew","feature_description":"A structure in which high voltage electricity supply is converted, controlled or transformed","status":"Operational","voltage_kv":66,"locality":"KEW","state":"NSW","feature_source":"Esri World Imagery","feature_source_date":null,"attribute_source":"Open Street Map","attribute_source_date":1632528000000,"spatial_confidence":5,"latitude":-31.63332123,"longitude":152.72131459000002,"created_date":1695945600000,"last_edited_on":1763510400000,"globalid":"{4E6EF865-EBC0-403F-9EA8-561533C6858B}"}},{"type":"Feature","id":1659,"geometry":{"type":"Point","coordinates":[152.56546872900003,-31.945751477999977]},"properties":{"objectid":1659,"feature_type":"Substation","feature_subtype":"Zone","feature_name":"Bohnock","feature_description":"A structure in which high voltage electricity supply is converted, controlled or transformed","status":"Operational","voltage_kv":66,"locality":"BOHNOCK","state":"NSW","feature_source":"Esri World Imagery","feature_source_date":null,"attribute_source":"Open Street Map","attribute_source_date":1561334400000,"spatial_confidence":5,"latitude":-31.94575148,"longitude":152.56546873000002,"created_date":1695600000000,"last_edited_on":1763510400000,"globalid":"{A42EB220-A8F5-41C3-898D-382827AF543C}"}},{"type":"Feature","id":1660,"geometry":{"type":"Point","coordinates":[152.47147093600006,-32.06886114499997]},"properties":{"objectid":1660,"feature_type":"Substation","feature_subtype":"Zone","feature_name":"Hallidays","feature_description":"A structure in which high voltage electricity supply is converted, controlled or transformed","status":"Operational","voltage_kv":66,"locality":"RAINBOW FLAT","state":"NSW","feature_source":"Esri World Imagery","feature_source_date":null,"attribute_source":"Open Street Map","attribute_source_date":1712707200000,"spatial_confidence":5,"latitude":-32.068861150000004,"longitude":152.47147094,"created_date":1695600000000,"last_edited_on":1763510400000,"globalid":"{F64DEC87-C569-4DC9-B5C4-CCA937F1F938}"}},{"type":"Feature","id":1661,"geometry":{"type":"Point","coordinates":[152.49465027100007,-32.16325014499995]},"properties":{"objectid":1661,"feature_type":"Substation","feature_subtype":"Zone","feature_name":"Tuncurry","feature_description":"A structure in which high voltage electricity supply is converted, controlled or transformed","status":"Operational","voltage_kv":66,"locality":"TUNCURRY","state":"NSW","feature_source":"Esri World Imagery","feature_source_date":null,"attribute_source":"Open Street Map","attribute_source_date":1561161600000,"spatial_confidence":5,"latitude":-32.16325014,"longitude":152.49465027,"created_date":1695600000000,"last_edited_on":1763510400000,"globalid":"{6469B093-1680-41EB-9B12-6DC30C182D5D}"}},{"type":"Feature","id":1662,"geometry":{"type":"Point","coordinates":[152.52172362300007,-32.18889793499994]},"properties":{"objectid":1662,"feature_type":"Substation","feature_subtype":"Zone","feature_name":"Forster","feature_description":"A structure in which high voltage electricity supply is converted, controlled or transformed","status":"Operational","voltage_kv":66,"locality":"FORSTER","state":"NSW","feature_source":"Esri World Imagery","feature_source_date":null,"attribute_source":"Open Street Map","attribute_source_date":1561161600000,"spatial_confidence":5,"latitude":-32.18889793,"longitude":152.52172362000002,"created_date":1695600000000,"last_edited_on":1763510400000,"globalid":"{ADEEBC60-EA57-46FF-B5B3-92A99C853C42}"}},{"type":"Feature","id":1663,"geometry":{"type":"Point","coordinates":[151.47358928300002,-33.36939580899997]},"properties":{"objectid":1663,"feature_type":"Substation","feature_subtype":"Zone","feature_name":"Long Jetty","feature_description":"A structure in which high voltage electricity supply is converted, controlled or transformed","status":"Operational","voltage_kv":66,"locality":"BATEAU BAY","state":"NSW","feature_source":"Esri World Imagery","feature_source_date":null,"attribute_source":"Open Street Map","attribute_source_date":1642550400000,"spatial_confidence":5,"latitude":-33.36939581,"longitude":151.47358928,"created_date":1698537600000,"last_edited_on":1763510400000,"globalid":"{E91A08AA-DF80-4001-B0C3-70B676C8DF49}"}},{"type":"Feature","id":1664,"geometry":{"type":"Point","coordinates":[151.3765538660001,-33.43764248399998]},"properties":{"objectid":1664,"feature_type":"Substation","feature_subtype":"Zone","feature_name":"Erina","feature_description":"A structure in which high voltage electricity supply is converted, controlled or transformed","status":"Operational","voltage_kv":66,"locality":"ERINA","state":"NSW","feature_source":"Esri World Imagery","feature_source_date":null,"attribute_source":"Open Street Map","attribute_source_date":1642550400000,"spatial_confidence":5,"latitude":-33.43764248,"longitude":151.37655386999998,"created_date":1698019200000,"last_edited_on":1763510400000,"globalid":"{BF7354A4-A0B6-443F-9CDA-F46B8599C307}"}},{"type":"Feature","id":1665,"geometry":{"type":"Point","coordinates":[151.41344698000012,-33.457396038999946]},"properties":{"objectid":1665,"feature_type":"Substation","feature_subtype":"Zone","feature_name":"Avoca","feature_description":"A structure in which high voltage electricity supply is converted, controlled or transformed","status":"Operational","voltage_kv":66,"locality":"PICKETTS VALLEY","state":"NSW","feature_source":"Esri World Imagery","feature_source_date":null,"attribute_source":"Open Street Map","attribute_source_date":1642636800000,"spatial_confidence":5,"latitude":-33.457396040000006,"longitude":151.41344698,"created_date":1698019200000,"last_edited_on":1763510400000,"globalid":"{37F41635-F5A4-4623-BA31-4A5BE85E16A0}"}},{"type":"Feature","id":1666,"geometry":{"type":"Point","coordinates":[151.32152035400009,-33.49304789699994]},"properties":{"objectid":1666,"feature_type":"Substation","feature_subtype":"Zone","feature_name":"Woy Woy","feature_description":"A structure in which high voltage electricity supply is converted, controlled or transformed","status":"Operational","voltage_kv":66,"locality":"WOY WOY","state":"NSW","feature_source":"Esri World Imagery","feature_source_date":null,"attribute_source":"Open Street Map","attribute_source_date":1485648000000,"spatial_confidence":5,"latitude":-33.4930479,"longitude":151.32152035,"created_date":1698019200000,"last_edited_on":1763510400000,"globalid":"{C5976D91-A807-4FC4-927D-DB17CC836DBA}"}},{"type":"Feature","id":1667,"geometry":{"type":"Point","coordinates":[151.30709825400004,-33.51877637999996]},"properties":{"objectid":1667,"feature_type":"Substation","feature_subtype":"Zone","feature_name":"Umina","feature_description":"A structure in which high voltage electricity supply is converted, controlled or transformed","status":"Operational","voltage_kv":66,"locality":"UMINA BEACH","state":"NSW","feature_source":"Esri World Imagery","feature_source_date":null,"attribute_source":"Open Street Map","attribute_source_date":1642550400000,"spatial_confidence":5,"latitude":-33.518776380000006,"longitude":151.30709825,"created_date":1678147200000,"last_edited_on":1763510400000,"globalid":"{F6D18A0B-7788-4699-86F8-C71CFAF2BF8F}"}},{"type":"Feature","id":1668,"geometry":{"type":"Point","coordinates":[148.1880104170001,-32.73859942099995]},"properties":{"objectid":1668,"feature_type":"Substation","feature_subtype":"Zone","feature_name":"Peak Hill","feature_description":"A structure in which high voltage electricity supply is converted, controlled or transformed","status":"Operational","voltage_kv":66,"locality":"PEAK HILL","state":"NSW","feature_source":"Esri World Imagery","feature_source_date":null,"attribute_source":"Open Street Map","attribute_source_date":1643155200000,"spatial_confidence":5,"latitude":-32.73859942,"longitude":148.18801041999998,"created_date":1637193600000,"last_edited_on":1763510400000,"globalid":"{314944EE-5585-422F-A906-6C7ED782212A}"}},{"type":"Feature","id":1669,"geometry":{"type":"Point","coordinates":[147.7247211780001,-32.93122451499994]},"properties":{"objectid":1669,"feature_type":"Substation","feature_subtype":"Zone","feature_name":"Trundle","feature_description":"A structure in which high voltage electricity supply is converted, controlled or transformed","status":"Operational","voltage_kv":66,"locality":"TRUNDLE","state":"NSW","feature_source":"Esri World Imagery","feature_source_date":null,"attribute_source":"Open Street Map","attribute_source_date":1652832000000,"spatial_confidence":5,"latitude":-32.93122451,"longitude":147.72472118000002,"created_date":1705881600000,"last_edited_on":1763510400000,"globalid":"{0D95E9C1-24F6-4269-AFAF-49017AB8DB61}"}},{"type":"Feature","id":1670,"geometry":{"type":"Point","coordinates":[148.15353609200008,-33.13686164199993]},"properties":{"objectid":1670,"feature_type":"Substation","feature_subtype":"Zone","feature_name":"Parkes","feature_description":"A structure in which high voltage electricity supply is converted, controlled or transformed","status":"Operational","voltage_kv":66,"locality":"PARKES","state":"NSW","feature_source":"Esri World Imagery","feature_source_date":null,"attribute_source":"Open Street Map","attribute_source_date":1646179200000,"spatial_confidence":5,"latitude":-33.13686164,"longitude":148.15353609000002,"created_date":1637193600000,"last_edited_on":1763510400000,"globalid":"{0285D641-97EB-42C8-BDF9-ADE716CFAA37}"}},{"type":"Feature","id":1671,"geometry":{"type":"Point","coordinates":[148.73776938100002,-32.92862795099995]},"properties":{"objectid":1671,"feature_type":"Substation","feature_subtype":"Zone","feature_name":"Cumnock","feature_description":"A structure in which high voltage electricity supply is converted, controlled or transformed","status":"Operational","voltage_kv":66,"locality":"CUMNOCK","state":"NSW","feature_source":"Esri World Imagery","feature_source_date":null,"attribute_source":"Open Street Map","attribute_source_date":1579219200000,"spatial_confidence":5,"latitude":-32.928627950000006,"longitude":148.73776938,"created_date":1632268800000,"last_edited_on":1763510400000,"globalid":"{587797AB-A121-472E-B8D2-CC3D9061D66D}"}},{"type":"Feature","id":1672,"geometry":{"type":"Point","coordinates":[149.048862277,-32.72663479099998]},"properties":{"objectid":1672,"feature_type":"Substation","feature_subtype":"Zone","feature_name":"Mumbil","feature_description":"A structure in which high voltage electricity supply is converted, controlled or transformed","status":"Operational","voltage_kv":66,"locality":"MUMBIL","state":"NSW","feature_source":"Esri World Imagery","feature_source_date":null,"attribute_source":"Open Street Map","attribute_source_date":1719100800000,"spatial_confidence":5,"latitude":-32.72663479,"longitude":149.04886228,"created_date":1699747200000,"last_edited_on":1763510400000,"globalid":"{EAF7A180-83FC-4FE6-8E3C-15E2CB272534}"}},{"type":"Feature","id":1673,"geometry":{"type":"Point","coordinates":[146.395447718,-33.306560332999936]},"properties":{"objectid":1673,"feature_type":"Substation","feature_subtype":"Zone","feature_name":"Lake Cargelligo","feature_description":"A structure in which high voltage electricity supply is converted, controlled or transformed","status":"Operational","voltage_kv":66,"locality":"LAKE CARGELLIGO","state":"NSW","feature_source":"Esri World Imagery","feature_source_date":null,"attribute_source":"Open Street Map","attribute_source_date":1719014400000,"spatial_confidence":5,"latitude":-33.306560329999996,"longitude":146.39544772,"created_date":1704412800000,"last_edited_on":1763510400000,"globalid":"{B30C556C-1EA7-4D20-862B-2C9BC49B5140}"}},{"type":"Feature","id":1674,"geometry":{"type":"Point","coordinates":[147.16853743600007,-33.07888525599998]},"properties":{"objectid":1674,"feature_type":"Substation","feature_subtype":"Zone","feature_name":"Condobolin","feature_description":"A structure in which high voltage electricity supply is converted, controlled or transformed","status":"Operational","voltage_kv":66,"locality":"CONDOBOLIN","state":"NSW","feature_source":"Esri World Imagery","feature_source_date":null,"attribute_source":"Open Street Map","attribute_source_date":1719014400000,"spatial_confidence":5,"latitude":-33.07888526,"longitude":147.16853744,"created_date":1703980800000,"last_edited_on":1763510400000,"globalid":"{20C8E0CA-5BB8-47BC-9FCB-5E23EAD5EE28}"}},{"type":"Feature","id":1675,"geometry":{"type":"Point","coordinates":[148.3278482060001,-33.51426006799994]},"properties":{"objectid":1675,"feature_type":"Substation","feature_subtype":"Zone","feature_name":"Kaloola","feature_description":"A structure in which high voltage electricity supply is converted, controlled or transformed","status":"Operational","voltage_kv":66,"locality":"PAYTENS BRIDGE","state":"NSW","feature_source":"Esri World Imagery","feature_source_date":null,"attribute_source":"Open Street Map","attribute_source_date":1719532800000,"spatial_confidence":5,"latitude":-33.514260070000006,"longitude":148.32784820999998,"created_date":1705881600000,"last_edited_on":1763510400000,"globalid":"{E64E4623-5BF3-4815-9491-FD20E9A0E4C4}"}},{"type":"Feature","id":1676,"geometry":{"type":"Point","coordinates":[148.6443064340001,-33.56047337399997]},"properties":{"objectid":1676,"feature_type":"Substation","feature_subtype":"Zone","feature_name":"Canowindra","feature_description":"A structure in which high voltage electricity supply is converted, controlled or transformed","status":"Operational","voltage_kv":66,"locality":"CANOWINDRA","state":"NSW","feature_source":"Esri World Imagery","feature_source_date":null,"attribute_source":"Open Street Map","attribute_source_date":1718236800000,"spatial_confidence":5,"latitude":-33.560473370000004,"longitude":148.64430643,"created_date":1635292800000,"last_edited_on":1763510400000,"globalid":"{16BD1A83-DE58-4175-9ECC-CA0A3C69DF2F}"}},{"type":"Feature","id":1677,"geometry":{"type":"Point","coordinates":[149.1415563810001,-33.67227504199997]},"properties":{"objectid":1677,"feature_type":"Substation","feature_subtype":"Zone","feature_name":"Mandurama","feature_description":"A structure in which high voltage electricity supply is converted, controlled or transformed","status":"Operational","voltage_kv":66,"locality":"CARCOAR","state":"NSW","feature_source":"Esri World Imagery","feature_source_date":null,"attribute_source":"Open Street Map","attribute_source_date":1718236800000,"spatial_confidence":5,"latitude":-33.672275039999995,"longitude":149.14155638,"created_date":1700524800000,"last_edited_on":1763510400000,"globalid":"{D20DDA0C-1DE6-46C5-82BE-97F9B700C380}"}},{"type":"Feature","id":1678,"geometry":{"type":"Point","coordinates":[149.25591094800006,-33.51845480299994]},"properties":{"objectid":1678,"feature_type":"Substation","feature_subtype":"Zone","feature_name":"Blayney","feature_description":"A structure in which high voltage electricity supply is converted, controlled or transformed","status":"Operational","voltage_kv":66,"locality":"BLAYNEY","state":"NSW","feature_source":"Esri World Imagery","feature_source_date":null,"attribute_source":"Open Street Map","attribute_source_date":1718236800000,"spatial_confidence":5,"latitude":-33.5184548,"longitude":149.25591095,"created_date":1700524800000,"last_edited_on":1763510400000,"globalid":"{125ADE08-C23D-44F9-A6AD-5A93173B75FB}"}},{"type":"Feature","id":1679,"geometry":{"type":"Point","coordinates":[149.54321053800004,-33.41333903599997]},"properties":{"objectid":1679,"feature_type":"Substation","feature_subtype":"Zone","feature_name":"Stewart","feature_description":"A structure in which high voltage electricity supply is converted, controlled or transformed","status":"Operational","voltage_kv":66,"locality":"ROBIN HILL","state":"NSW","feature_source":"Esri World Imagery","feature_source_date":null,"attribute_source":"Open Street Map","attribute_source_date":1643155200000,"spatial_confidence":5,"latitude":-33.41333904,"longitude":149.54321054000002,"created_date":1699747200000,"last_edited_on":1763510400000,"globalid":"{36798791-0699-4639-9292-E955A65B6441}"}},{"type":"Feature","id":1680,"geometry":{"type":"Point","coordinates":[149.58583842300004,-33.42543813899994]},"properties":{"objectid":1680,"feature_type":"Substation","feature_subtype":"Zone","feature_name":"Russell Street","feature_description":"A structure in which high voltage electricity supply is converted, controlled or transformed","status":"Operational","voltage_kv":66,"locality":"BATHURST","state":"NSW","feature_source":"Esri World Imagery","feature_source_date":null,"attribute_source":"Open Street Map","attribute_source_date":1643155200000,"spatial_confidence":5,"latitude":-33.425438140000004,"longitude":149.58583842000002,"created_date":1696636800000,"last_edited_on":1763510400000,"globalid":"{C8D84EEC-8ED9-4EE2-A71E-5F661137119A}"}},{"type":"Feature","id":1681,"geometry":{"type":"Point","coordinates":[149.64173619200005,-33.42829819199994]},"properties":{"objectid":1681,"feature_type":"Substation","feature_subtype":"Zone","feature_name":"Raglan","feature_description":"A structure in which high voltage electricity supply is converted, controlled or transformed","status":"Operational","voltage_kv":66,"locality":"RAGLAN","state":"NSW","feature_source":"Esri World Imagery","feature_source_date":null,"attribute_source":"Open Street Map","attribute_source_date":1643155200000,"spatial_confidence":5,"latitude":-33.42829819,"longitude":149.64173619,"created_date":1696636800000,"last_edited_on":1763510400000,"globalid":"{60AB67AB-8E87-4697-99F3-8ED9352E73DC}"}},{"type":"Feature","id":1682,"geometry":{"type":"Point","coordinates":[150.07316285900004,-33.371127747999935]},"properties":{"objectid":1682,"feature_type":"Substation","feature_subtype":"Zone","feature_name":"Blackmans Flat","feature_description":"A structure in which high voltage electricity supply is converted, controlled or transformed","status":"Operational","voltage_kv":66,"locality":"LIDSDALE","state":"NSW","feature_source":"Esri World Imagery","feature_source_date":null,"attribute_source":"Open Street Map","attribute_source_date":1618790400000,"spatial_confidence":5,"latitude":-33.37112775,"longitude":150.07316286000002,"created_date":1684886400000,"last_edited_on":1763510400000,"globalid":"{D9CF968A-3004-4A66-A46F-FB5079C56766}"}},{"type":"Feature","id":1683,"geometry":{"type":"Point","coordinates":[150.14139933,-33.48263008899994]},"properties":{"objectid":1683,"feature_type":"Substation","feature_subtype":"Zone","feature_name":"Lithgow","feature_description":"A structure in which high voltage electricity supply is converted, controlled or transformed","status":"Operational","voltage_kv":66,"locality":"LITHGOW","state":"NSW","feature_source":"Esri World Imagery","feature_source_date":null,"attribute_source":"Open Street Map","attribute_source_date":1634947200000,"spatial_confidence":5,"latitude":-33.48263009,"longitude":150.14139933,"created_date":1683244800000,"last_edited_on":1763510400000,"globalid":"{64A43ABC-335E-4058-A685-ABA7551FCB03}"}},{"type":"Feature","id":1684,"geometry":{"type":"Point","coordinates":[150.2705745720001,-33.528887630999975]},"properties":{"objectid":1684,"feature_type":"Substation","feature_subtype":"Zone","feature_name":"Hartley Vale","feature_description":"A structure in which high voltage electricity supply is converted, controlled or transformed","status":"Operational","voltage_kv":66,"locality":"BELL","state":"NSW","feature_source":"Esri World Imagery","feature_source_date":null,"attribute_source":"Open Street Map","attribute_source_date":1634947200000,"spatial_confidence":5,"latitude":-33.52888763,"longitude":150.27057457,"created_date":1683244800000,"last_edited_on":1763510400000,"globalid":"{0396C656-909D-43F7-803C-07B1273F9673}"}},{"type":"Feature","id":1685,"geometry":{"type":"Point","coordinates":[150.28328026100007,-33.62569377899996]},"properties":{"objectid":1685,"feature_type":"Substation","feature_subtype":"Zone","feature_name":"Blackheath","feature_description":"A structure in which high voltage electricity supply is converted, controlled or transformed","status":"Operational","voltage_kv":66,"locality":"BLACKHEATH","state":"NSW","feature_source":"Esri World Imagery","feature_source_date":null,"attribute_source":"Open Street Map","attribute_source_date":1634947200000,"spatial_confidence":5,"latitude":-33.62569378,"longitude":150.28328026,"created_date":1681084800000,"last_edited_on":1763510400000,"globalid":"{D060DE23-8A38-487B-8370-0C64A7584946}"}},{"type":"Feature","id":1686,"geometry":{"type":"Point","coordinates":[150.35799673400004,-33.70334536599995]},"properties":{"objectid":1686,"feature_type":"Substation","feature_subtype":"Zone","feature_name":"Wentworth Falls","feature_description":"A structure in which high voltage electricity supply is converted, controlled or transformed","status":"Operational","voltage_kv":66,"locality":"WENTWORTH FALLS","state":"NSW","feature_source":"Esri World Imagery","feature_source_date":null,"attribute_source":"Open Street Map","attribute_source_date":1617148800000,"spatial_confidence":5,"latitude":-33.70334537,"longitude":150.35799673,"created_date":1678838400000,"last_edited_on":1763510400000,"globalid":"{6BAE5F94-A551-4B0D-A7B9-A155547DE8F6}"}},{"type":"Feature","id":1687,"geometry":{"type":"Point","coordinates":[150.45779753800002,-33.720311504999984]},"properties":{"objectid":1687,"feature_type":"Substation","feature_subtype":"Zone","feature_name":"Hazelbrook","feature_description":"A structure in which high voltage electricity supply is converted, controlled or transformed","status":"Operational","voltage_kv":66,"locality":"HAZELBROOK","state":"NSW","feature_source":"Esri World Imagery","feature_source_date":null,"attribute_source":"Open Street Map","attribute_source_date":1634774400000,"spatial_confidence":5,"latitude":-33.72031151,"longitude":150.45779754,"created_date":1678838400000,"last_edited_on":1763510400000,"globalid":"{EC4D9D7B-21D9-4BCF-83AC-C5452748CC42}"}},{"type":"Feature","id":1688,"geometry":{"type":"Point","coordinates":[150.5668103490001,-33.70090281599994]},"properties":{"objectid":1688,"feature_type":"Substation","feature_subtype":"Zone","feature_name":"Springwood","feature_description":"A structure in which high voltage electricity supply is converted, controlled or transformed","status":"Operational","voltage_kv":66,"locality":"SPRINGWOOD","state":"NSW","feature_source":"Esri World Imagery","feature_source_date":null,"attribute_source":"Open Street Map","attribute_source_date":1699488000000,"spatial_confidence":5,"latitude":-33.700902819999996,"longitude":150.56681035,"created_date":1696032000000,"last_edited_on":1763510400000,"globalid":"{5CF597B0-E741-4AE2-B442-2D2CCC05B625}"}},{"type":"Feature","id":1689,"geometry":{"type":"Point","coordinates":[151.09583630200007,-33.771730729999945]},"properties":{"objectid":1689,"feature_type":"Substation","feature_subtype":"Zone","feature_name":"Epping","feature_description":"A structure in which high voltage electricity supply is converted, controlled or transformed","status":"Operational","voltage_kv":66,"locality":"MARSFIELD","state":"NSW","feature_source":"Esri World Imagery","feature_source_date":null,"attribute_source":"Open Street Map","attribute_source_date":1555459200000,"spatial_confidence":5,"latitude":-33.77173073,"longitude":151.0958363,"created_date":1675555200000,"last_edited_on":1763510400000,"globalid":"{BFABB999-DCCB-4218-9F49-41B1AF84D47D}"}},{"type":"Feature","id":1690,"geometry":{"type":"Point","coordinates":[151.01170430900004,-33.73695460999994]},"properties":{"objectid":1690,"feature_type":"Substation","feature_subtype":"Zone","feature_name":"Castle Hill","feature_description":"A structure in which high voltage electricity supply is converted, controlled or transformed","status":"Operational","voltage_kv":66,"locality":"CASTLE HILL","state":"NSW","feature_source":"Esri World Imagery","feature_source_date":null,"attribute_source":"Open Street Map","attribute_source_date":1642896000000,"spatial_confidence":5,"latitude":-33.73695461,"longitude":151.01170431,"created_date":1675555200000,"last_edited_on":1763510400000,"globalid":"{C49F975F-4D86-48F7-BBDA-F75D379CF003}"}},{"type":"Feature","id":1691,"geometry":{"type":"Point","coordinates":[151.12947309800006,-33.82816252199996]},"properties":{"objectid":1691,"feature_type":"Substation","feature_subtype":"Zone","feature_name":"Hunters Hill","feature_description":"A structure in which high voltage electricity supply is converted, controlled or transformed","status":"Operational","voltage_kv":66,"locality":"GLADESVILLE","state":"NSW","feature_source":"Esri World Imagery","feature_source_date":null,"attribute_source":"Open Street Map","attribute_source_date":1710720000000,"spatial_confidence":5,"latitude":-33.82816252,"longitude":151.1294731,"created_date":1675555200000,"last_edited_on":1763510400000,"globalid":"{5F73C0AF-088E-4C99-9358-E0913F8A0C4F}"}},{"type":"Feature","id":1692,"geometry":{"type":"Point","coordinates":[150.88085656600003,-33.99443139299996]},"properties":{"objectid":1692,"feature_type":"Substation","feature_subtype":"Zone","feature_name":"Macquarie Fields","feature_description":"A structure in which high voltage electricity supply is converted, controlled or transformed","status":"Operational","voltage_kv":66,"locality":"MACQUARIE FIELDS","state":"NSW","feature_source":"Esri World Imagery","feature_source_date":null,"attribute_source":"Open Street Map","attribute_source_date":1556496000000,"spatial_confidence":5,"latitude":-33.994431389999995,"longitude":150.88085657,"created_date":1675555200000,"last_edited_on":1763510400000,"globalid":"{1D7A87B1-2380-4C82-B425-2F9939ED41BF}"}},{"type":"Feature","id":1693,"geometry":{"type":"Point","coordinates":[150.8534911260001,-33.99756501599995]},"properties":{"objectid":1693,"feature_type":"Substation","feature_subtype":"Zone","feature_name":"Bow Bowing","feature_description":"A structure in which high voltage electricity supply is converted, controlled or transformed","status":"Operational","voltage_kv":66,"locality":"INGLEBURN","state":"NSW","feature_source":"Esri World Imagery","feature_source_date":null,"attribute_source":"Open Street Map","attribute_source_date":1556496000000,"spatial_confidence":5,"latitude":-33.99756502,"longitude":150.85349112999998,"created_date":1675555200000,"last_edited_on":1763510400000,"globalid":"{EFB1AA5F-F248-4C77-A825-61175B12BDBE}"}},{"type":"Feature","id":1694,"geometry":{"type":"Point","coordinates":[150.83763284100007,-34.037815930999955]},"properties":{"objectid":1694,"feature_type":"Substation","feature_subtype":"Zone","feature_name":"Minto","feature_description":"A structure in which high voltage electricity supply is converted, controlled or transformed","status":"Operational","voltage_kv":66,"locality":"MINTO","state":"NSW","feature_source":"Esri World Imagery","feature_source_date":null,"attribute_source":"Open Street Map","attribute_source_date":1556496000000,"spatial_confidence":5,"latitude":-34.03781593,"longitude":150.83763284,"created_date":1681516800000,"last_edited_on":1763510400000,"globalid":"{6742B867-6F90-4A79-A166-E44B4CC0F5B2}"}},{"type":"Feature","id":1695,"geometry":{"type":"Point","coordinates":[150.80112173500004,-34.065896290999945]},"properties":{"objectid":1695,"feature_type":"Substation","feature_subtype":"Zone","feature_name":"Campeltown","feature_description":"A structure in which high voltage electricity supply is converted, controlled or transformed","status":"Operational","voltage_kv":66,"locality":"BLAIR ATHOL","state":"NSW","feature_source":"Esri World Imagery","feature_source_date":null,"attribute_source":"Open Street Map","attribute_source_date":1674691200000,"spatial_confidence":5,"latitude":-34.065896290000005,"longitude":150.80112173999999,"created_date":1681516800000,"last_edited_on":1763510400000,"globalid":"{BD28BDE5-52E6-447A-8818-A19B31A9DE9E}"}},{"type":"Feature","id":1696,"geometry":{"type":"Point","coordinates":[150.82838872000002,-34.07995720899993]},"properties":{"objectid":1696,"feature_type":"Substation","feature_subtype":"Zone","feature_name":"Kentlyn","feature_description":"A structure in which high voltage electricity supply is converted, controlled or transformed","status":"Operational","voltage_kv":66,"locality":"CAMPBELLTOWN","state":"NSW","feature_source":"Esri World Imagery","feature_source_date":null,"attribute_source":"Open Street Map","attribute_source_date":1556496000000,"spatial_confidence":5,"latitude":-34.07995721,"longitude":150.82838872000002,"created_date":1681516800000,"last_edited_on":1763510400000,"globalid":"{CF7EC887-310F-4EDF-9EB6-48C74609C409}"}},{"type":"Feature","id":1697,"geometry":{"type":"Point","coordinates":[150.7920421020001,-34.10041163899996]},"properties":{"objectid":1697,"feature_type":"Substation","feature_subtype":"Zone","feature_name":"Ambarvale","feature_description":"A structure in which high voltage electricity supply is converted, controlled or transformed","status":"Operational","voltage_kv":66,"locality":"ROSEMEADOW","state":"NSW","feature_source":"Esri World Imagery","feature_source_date":null,"attribute_source":"Open Street Map","attribute_source_date":1556496000000,"spatial_confidence":5,"latitude":-34.10041164,"longitude":150.7920421,"created_date":1681516800000,"last_edited_on":1763510400000,"globalid":"{CFFE5B27-E456-4EA2-A4CD-C35DA287013A}"}},{"type":"Feature","id":1698,"geometry":{"type":"Point","coordinates":[150.7636523870001,-34.043406449999964]},"properties":{"objectid":1698,"feature_type":"Substation","feature_subtype":"Zone","feature_name":"Narellan","feature_description":"A structure in which high voltage electricity supply is converted, controlled or transformed","status":"Operational","voltage_kv":66,"locality":"SMEATON GRANGE","state":"NSW","feature_source":"Esri World Imagery","feature_source_date":null,"attribute_source":"Open Street Map","attribute_source_date":1670976000000,"spatial_confidence":5,"latitude":-34.04340645,"longitude":150.76365239,"created_date":1681516800000,"last_edited_on":1763510400000,"globalid":"{D720833C-1DEB-437C-A4D2-AB45BC6744AA}"}},{"type":"Feature","id":1699,"geometry":{"type":"Point","coordinates":[150.7720241500001,-34.20713370599998]},"properties":{"objectid":1699,"feature_type":"Substation","feature_subtype":"Zone","feature_name":"Appin Colliery","feature_description":"A structure in which high voltage electricity supply is converted, controlled or transformed","status":"Operational","voltage_kv":66,"locality":"APPIN","state":"NSW","feature_source":"Esri World Imagery","feature_source_date":null,"attribute_source":"Open Street Map","attribute_source_date":1556496000000,"spatial_confidence":5,"latitude":-34.207133709999994,"longitude":150.77202415,"created_date":1696032000000,"last_edited_on":1763510400000,"globalid":"{99104970-7F56-44CF-A587-03C1149514B8}"}},{"type":"Feature","id":1700,"geometry":{"type":"Point","coordinates":[150.8226612630001,-34.218355258999964]},"properties":{"objectid":1700,"feature_type":"Substation","feature_subtype":"Zone","feature_name":"Westcliff Colliery","feature_description":"A structure in which high voltage electricity supply is converted, controlled or transformed","status":"Operational","voltage_kv":66,"locality":"APPIN","state":"NSW","feature_source":"Esri World Imagery","feature_source_date":null,"attribute_source":"Open Street Map","attribute_source_date":1556496000000,"spatial_confidence":5,"latitude":-34.21835526,"longitude":150.82266126,"created_date":1696032000000,"last_edited_on":1763510400000,"globalid":"{6B2DFB0F-1E7A-4F27-B027-E8AE5B216ADF}"}},{"type":"Feature","id":1701,"geometry":{"type":"Point","coordinates":[150.74395939200008,-34.227273999999966]},"properties":{"objectid":1701,"feature_type":"Substation","feature_subtype":"Zone","feature_name":"Broughton Pass","feature_description":"A structure in which high voltage electricity supply is converted, controlled or transformed","status":"Operational","voltage_kv":66,"locality":"APPIN","state":"NSW","feature_source":"Esri World Imagery","feature_source_date":null,"attribute_source":"Open Street Map","attribute_source_date":1717286400000,"spatial_confidence":5,"latitude":-34.227274,"longitude":150.74395939,"created_date":1696032000000,"last_edited_on":1763510400000,"globalid":"{E9626E7A-9A13-4C82-A3FA-AD306C3BE5EA}"}},{"type":"Feature","id":1702,"geometry":{"type":"Point","coordinates":[150.72589336900012,-34.18111249499998]},"properties":{"objectid":1702,"feature_type":"Substation","feature_subtype":"Zone","feature_name":"Douglas Park Zone","feature_description":"A structure in which high voltage electricity supply is converted, controlled or transformed","status":"Operational","voltage_kv":66,"locality":"DOUGLAS PARK","state":"NSW","feature_source":"Esri World Imagery","feature_source_date":null,"attribute_source":"Open Street Map","attribute_source_date":1556496000000,"spatial_confidence":5,"latitude":-34.1811125,"longitude":150.72589337,"created_date":1696032000000,"last_edited_on":1763510400000,"globalid":"{A8E170F4-9B20-4AD1-865D-8A446B1511FC}"}},{"type":"Feature","id":1703,"geometry":{"type":"Point","coordinates":[150.71880978900003,-34.18909050999997]},"properties":{"objectid":1703,"feature_type":"Substation","feature_subtype":"Switchyard","feature_name":"Douglas Park Switching","feature_description":"A structure in which high voltage electricity supply is converted, controlled or transformed","status":"Operational","voltage_kv":66,"locality":"DOUGLAS PARK","state":"NSW","feature_source":"Esri World Imagery","feature_source_date":null,"attribute_source":"Open Street Map","attribute_source_date":1556496000000,"spatial_confidence":5,"latitude":-34.18909051,"longitude":150.71880979,"created_date":1696032000000,"last_edited_on":1763510400000,"globalid":"{6E827AA0-7E35-48E5-BFE4-48F088DDCE6D}"}},{"type":"Feature","id":1704,"geometry":{"type":"Point","coordinates":[150.71838017400012,-34.22012010299994]},"properties":{"objectid":1704,"feature_type":"Substation","feature_subtype":"Zone","feature_name":"Tower Colliery","feature_description":"A structure in which high voltage electricity supply is converted, controlled or transformed","status":"Operational","voltage_kv":66,"locality":"DOUGLAS PARK","state":"NSW","feature_source":"Esri World Imagery","feature_source_date":null,"attribute_source":"Open Street Map","attribute_source_date":1556496000000,"spatial_confidence":5,"latitude":-34.2201201,"longitude":150.71838017,"created_date":1696032000000,"last_edited_on":1763510400000,"globalid":"{19467184-7E82-4F27-808C-95A55369A6A4}"}},{"type":"Feature","id":1705,"geometry":{"type":"Point","coordinates":[150.63917113000002,-34.19107494999997]},"properties":{"objectid":1705,"feature_type":"Substation","feature_subtype":"Zone","feature_name":"Maldon","feature_description":"A structure in which high voltage electricity supply is converted, controlled or transformed","status":"Operational","voltage_kv":66,"locality":"RAZORBACK","state":"NSW","feature_source":"Esri World Imagery","feature_source_date":null,"attribute_source":"Open Street Map","attribute_source_date":1643932800000,"spatial_confidence":5,"latitude":-34.19107495,"longitude":150.63917113000002,"created_date":1696032000000,"last_edited_on":1763510400000,"globalid":"{CA12F988-5BB2-4A5B-A553-A848B63E5656}"}},{"type":"Feature","id":1706,"geometry":{"type":"Point","coordinates":[150.67256058600003,-34.22776469099995]},"properties":{"objectid":1706,"feature_type":"Substation","feature_subtype":"Zone","feature_name":"Wilton","feature_description":"A structure in which high voltage electricity supply is converted, controlled or transformed","status":"Operational","voltage_kv":66,"locality":"WILTON","state":"NSW","feature_source":"Esri World Imagery","feature_source_date":null,"attribute_source":"Open Street Map","attribute_source_date":1556496000000,"spatial_confidence":5,"latitude":-34.22776469,"longitude":150.67256059000002,"created_date":1696032000000,"last_edited_on":1763510400000,"globalid":"{E9EA8D6B-3418-4A49-9695-D1E321AB44D9}"}},{"type":"Feature","id":1707,"geometry":{"type":"Point","coordinates":[150.5882578600001,-34.22923273899994]},"properties":{"objectid":1707,"feature_type":"Substation","feature_subtype":"Zone","feature_name":"Tahmoor","feature_description":"A structure in which high voltage electricity supply is converted, controlled or transformed","status":"Operational","voltage_kv":66,"locality":"TAHMOOR","state":"NSW","feature_source":"Esri World Imagery","feature_source_date":null,"attribute_source":"Open Street Map","attribute_source_date":1635984000000,"spatial_confidence":5,"latitude":-34.22923274,"longitude":150.58825786,"created_date":1696032000000,"last_edited_on":1763510400000,"globalid":"{75BF1356-CF55-4E0D-9EE1-421F2838FC96}"}},{"type":"Feature","id":1708,"geometry":{"type":"Point","coordinates":[150.57932815300012,-34.249036322999984]},"properties":{"objectid":1708,"feature_type":"Substation","feature_subtype":"Zone","feature_name":"Tahmoor Colliery","feature_description":"A structure in which high voltage electricity supply is converted, controlled or transformed","status":"Operational","voltage_kv":66,"locality":"BARGO","state":"NSW","feature_source":"Esri World Imagery","feature_source_date":null,"attribute_source":"Open Street Map","attribute_source_date":1556496000000,"spatial_confidence":5,"latitude":-34.24903632,"longitude":150.57932814999998,"created_date":1696032000000,"last_edited_on":1763510400000,"globalid":"{175B0E44-84D9-4655-AF35-9B862411C5B4}"}},{"type":"Feature","id":1709,"geometry":{"type":"Point","coordinates":[146.64004510200004,-33.749173034999956]},"properties":{"objectid":1709,"feature_type":"Substation","feature_subtype":"Zone","feature_name":"Anona","feature_description":"A structure in which high voltage electricity supply is converted, controlled or transformed","status":"Operational","voltage_kv":66,"locality":"WEETHALLE","state":"NSW","feature_source":"Esri World Imagery","feature_source_date":null,"attribute_source":"Open Street Map","attribute_source_date":1652918400000,"spatial_confidence":5,"latitude":-33.749173039999995,"longitude":146.64004509999998,"created_date":1662076800000,"last_edited_on":1763510400000,"globalid":"{FE1F1F5D-B72A-4655-A37D-25CD7DD759A1}"}},{"type":"Feature","id":1710,"geometry":{"type":"Point","coordinates":[147.22923095700003,-33.930762121999976]},"properties":{"objectid":1710,"feature_type":"Substation","feature_subtype":"Zone","feature_name":"West Wyalong","feature_description":"A structure in which high voltage electricity supply is converted, controlled or transformed","status":"Operational","voltage_kv":66,"locality":"WYALONG","state":"NSW","feature_source":"Esri World Imagery","feature_source_date":null,"attribute_source":"Open Street Map","attribute_source_date":1528761600000,"spatial_confidence":5,"latitude":-33.930762120000004,"longitude":147.22923096,"created_date":1677801600000,"last_edited_on":1763510400000,"globalid":"{702EF1C9-0170-4CB3-9162-23A10411D6A1}"}},{"type":"Feature","id":1711,"geometry":{"type":"Point","coordinates":[146.8861479960001,-34.33167323699996]},"properties":{"objectid":1711,"feature_type":"Substation","feature_subtype":"Zone","feature_name":"Ardlethan","feature_description":"A structure in which high voltage electricity supply is converted, controlled or transformed","status":"Operational","voltage_kv":66,"locality":"ARDLETHAN","state":"NSW","feature_source":"Esri World Imagery","feature_source_date":null,"attribute_source":"Open Street Map","attribute_source_date":1528761600000,"spatial_confidence":5,"latitude":-34.33167324,"longitude":146.886148,"created_date":1670025600000,"last_edited_on":1763510400000,"globalid":"{5C2BDB95-DE0D-4400-ACA4-816DBAAAD7F5}"}},{"type":"Feature","id":1712,"geometry":{"type":"Point","coordinates":[147.21792363800012,-34.35207606599994]},"properties":{"objectid":1712,"feature_type":"Substation","feature_subtype":"Zone","feature_name":"Ariah Park","feature_description":"A structure in which high voltage electricity supply is converted, controlled or transformed","status":"Operational","voltage_kv":66,"locality":"ARIAH PARK","state":"NSW","feature_source":"Esri World Imagery","feature_source_date":null,"attribute_source":"Open Street Map","attribute_source_date":1528761600000,"spatial_confidence":5,"latitude":-34.352076069999995,"longitude":147.21792363999998,"created_date":1704067200000,"last_edited_on":1763510400000,"globalid":"{F44C2D03-8C07-4C73-8326-594286FB8632}"}},{"type":"Feature","id":1713,"geometry":{"type":"Point","coordinates":[147.5503472050001,-34.45933307699994]},"properties":{"objectid":1713,"feature_type":"Substation","feature_subtype":"Zone","feature_name":"Temora Town","feature_description":"A structure in which high voltage electricity supply is converted, controlled or transformed","status":"Operational","voltage_kv":66,"locality":"TEMORA","state":"NSW","feature_source":"Esri World Imagery","feature_source_date":null,"attribute_source":"Open Street Map","attribute_source_date":1527984000000,"spatial_confidence":5,"latitude":-34.45933308,"longitude":147.55034720999998,"created_date":1695513600000,"last_edited_on":1763510400000,"globalid":"{3634FFAC-75A5-4050-AA30-3335AE540D9C}"}},{"type":"Feature","id":1714,"geometry":{"type":"Point","coordinates":[148.7073661490001,-33.84036941099998]},"properties":{"objectid":1714,"feature_type":"Substation","feature_subtype":"Zone","feature_name":"Cowra East","feature_description":"A structure in which high voltage electricity supply is converted, controlled or transformed","status":"Operational","voltage_kv":66,"locality":"COWRA","state":"NSW","feature_source":"Esri World Imagery","feature_source_date":null,"attribute_source":"Open Street Map","attribute_source_date":1641600000000,"spatial_confidence":5,"latitude":-33.84036941,"longitude":148.70736615,"created_date":1694822400000,"last_edited_on":1763510400000,"globalid":"{5E919347-694C-4ABD-91AD-965C52926C74}"}},{"type":"Feature","id":1715,"geometry":{"type":"Point","coordinates":[148.16897739500007,-33.89519625699995]},"properties":{"objectid":1715,"feature_type":"Substation","feature_subtype":"Zone","feature_name":"Grenfell","feature_description":"A structure in which high voltage electricity supply is converted, controlled or transformed","status":"Operational","voltage_kv":66,"locality":"GRENFELL","state":"NSW","feature_source":"Esri World Imagery","feature_source_date":null,"attribute_source":"Open Street Map","attribute_source_date":1641600000000,"spatial_confidence":5,"latitude":-33.89519626,"longitude":148.16897740000002,"created_date":1702684800000,"last_edited_on":1763510400000,"globalid":"{21D48DDA-B8E4-4F04-82E6-F8259BD9F4E2}"}},{"type":"Feature","id":1716,"geometry":{"type":"Point","coordinates":[148.2715450180001,-34.304565148999984]},"properties":{"objectid":1716,"feature_type":"Substation","feature_subtype":"Zone","feature_name":"Young","feature_description":"A structure in which high voltage electricity supply is converted, controlled or transformed","status":"Operational","voltage_kv":66,"locality":"YOUNG","state":"NSW","feature_source":"Esri World Imagery","feature_source_date":null,"attribute_source":"Open Street Map","attribute_source_date":1545004800000,"spatial_confidence":5,"latitude":-34.304565149999995,"longitude":148.27154502,"created_date":1690934400000,"last_edited_on":1763510400000,"globalid":"{24C85401-2A7E-4839-BF1A-F1F56FDC8F0F}"}},{"type":"Feature","id":1717,"geometry":{"type":"Point","coordinates":[148.71194721100005,-34.444404230999965]},"properties":{"objectid":1717,"feature_type":"Substation","feature_subtype":"Zone","feature_name":"Boorowa","feature_description":"A structure in which high voltage electricity supply is converted, controlled or transformed","status":"Operational","voltage_kv":66,"locality":"BOOROWA","state":"NSW","feature_source":"Esri World Imagery","feature_source_date":null,"attribute_source":"Open Street Map","attribute_source_date":1545004800000,"spatial_confidence":5,"latitude":-34.44440423,"longitude":148.71194721,"created_date":1682121600000,"last_edited_on":1763510400000,"globalid":"{3E4A7366-CDC8-4133-B707-6A9C1C7E8E87}"}},{"type":"Feature","id":1718,"geometry":{"type":"Point","coordinates":[149.47116599900005,-34.44868584699998]},"properties":{"objectid":1718,"feature_type":"Substation","feature_subtype":"Zone","feature_name":"Crookwell","feature_description":"A structure in which high voltage electricity supply is converted, controlled or transformed","status":"Operational","voltage_kv":66,"locality":"CROOKWELL","state":"NSW","feature_source":"Esri World Imagery","feature_source_date":null,"attribute_source":"Open Street Map","attribute_source_date":1717718400000,"spatial_confidence":5,"latitude":-34.44868585,"longitude":149.471166,"created_date":1705881600000,"last_edited_on":1763510400000,"globalid":"{FAF25EE1-F68C-4B4E-9D14-D10F5B3764BF}"}},{"type":"Feature","id":1719,"geometry":{"type":"Point","coordinates":[149.54904451800007,-34.513508041999955]},"properties":{"objectid":1719,"feature_type":"Substation","feature_subtype":"Zone","feature_name":"Crookwell Wind Farm","feature_description":"A structure in which high voltage electricity supply is converted, controlled or transformed","status":"Operational","voltage_kv":66,"locality":"PEJAR","state":"NSW","feature_source":"Esri World Imagery","feature_source_date":null,"attribute_source":"Open Street Map","attribute_source_date":1560816000000,"spatial_confidence":5,"latitude":-34.51350804,"longitude":149.54904452,"created_date":1680134400000,"last_edited_on":1763510400000,"globalid":"{6CAAB0CD-D63B-4D64-A84B-2C253ED3BBEE}"}},{"type":"Feature","id":1720,"geometry":{"type":"Point","coordinates":[146.53898669400007,-34.74359853999994]},"properties":{"objectid":1720,"feature_type":"Substation","feature_subtype":"Zone","feature_name":"Narrandera","feature_description":"A structure in which high voltage electricity supply is converted, controlled or transformed","status":"Operational","voltage_kv":66,"locality":"NARRANDERA","state":"NSW","feature_source":"Esri World Imagery","feature_source_date":null,"attribute_source":"Open Street Map","attribute_source_date":1525132800000,"spatial_confidence":5,"latitude":-34.74359854,"longitude":146.53898669,"created_date":1705881600000,"last_edited_on":1763510400000,"globalid":"{7074AD3A-D9D9-4182-8E49-3FBC8C65654A}"}},{"type":"Feature","id":1721,"geometry":{"type":"Point","coordinates":[147.21485322400008,-34.81730273599993]},"properties":{"objectid":1721,"feature_type":"Substation","feature_subtype":"Zone","feature_name":"Coolamon","feature_description":"A structure in which high voltage electricity supply is converted, controlled or transformed","status":"Operational","voltage_kv":null,"locality":"COOLAMON","state":"NSW","feature_source":"Esri World Imagery","feature_source_date":null,"attribute_source":"Esri World Imagery","attribute_source_date":1677801600000,"spatial_confidence":5,"latitude":-34.81730274,"longitude":147.21485322,"created_date":1677801600000,"last_edited_on":1763510400000,"globalid":"{B4E12DCD-7F83-4EEF-ADCA-647B70B928C2}"}},{"type":"Feature","id":1722,"geometry":{"type":"Point","coordinates":[148.02713474000006,-34.65195865099997]},"properties":{"objectid":1722,"feature_type":"Substation","feature_subtype":"Zone","feature_name":"Cootamundra","feature_description":"A structure in which high voltage electricity supply is converted, controlled or transformed","status":"Operational","voltage_kv":66,"locality":"COOTAMUNDRA","state":"NSW","feature_source":"Esri World Imagery","feature_source_date":null,"attribute_source":"Open Street Map","attribute_source_date":1544140800000,"spatial_confidence":5,"latitude":-34.65195865,"longitude":148.02713473999998,"created_date":1695513600000,"last_edited_on":1763510400000,"globalid":"{97B345C6-D38E-42EC-A1A0-431A2F625F6F}"}},{"type":"Feature","id":1723,"geometry":{"type":"Point","coordinates":[148.32809864900003,-34.54279025499994]},"properties":{"objectid":1723,"feature_type":"Substation","feature_subtype":"Zone","feature_name":"Murrumburrah 66","feature_description":"A structure in which high voltage electricity supply is converted, controlled or transformed","status":"Operational","voltage_kv":66,"locality":"MURRUMBURRAH","state":"NSW","feature_source":"Esri World Imagery","feature_source_date":null,"attribute_source":"Open Street Map","attribute_source_date":1544140800000,"spatial_confidence":5,"latitude":-34.54279025,"longitude":148.32809865000002,"created_date":1690934400000,"last_edited_on":1763510400000,"globalid":"{0B7EF7D2-21BB-4812-BCB0-7A5E4F1307B9}"}},{"type":"Feature","id":1724,"geometry":{"type":"Point","coordinates":[148.34585587700008,-34.814532087999964]},"properties":{"objectid":1724,"feature_type":"Substation","feature_subtype":"Zone","feature_name":"Jugiong","feature_description":"A structure in which high voltage electricity supply is converted, controlled or transformed","status":"Operational","voltage_kv":66,"locality":"JUGIONG","state":"NSW","feature_source":"Esri World Imagery","feature_source_date":null,"attribute_source":"Open Street Map","attribute_source_date":1544400000000,"spatial_confidence":5,"latitude":-34.81453209,"longitude":148.34585588,"created_date":1704931200000,"last_edited_on":1763510400000,"globalid":"{096AF12C-296F-4B22-A623-9E3990807A4E}"}},{"type":"Feature","id":1725,"geometry":{"type":"Point","coordinates":[148.89431422100006,-34.83381070299998]},"properties":{"objectid":1725,"feature_type":"Substation","feature_subtype":"Zone","feature_name":"Yass 66","feature_description":"A structure in which high voltage electricity supply is converted, controlled or transformed","status":"Operational","voltage_kv":66,"locality":"YASS","state":"NSW","feature_source":"Esri World Imagery","feature_source_date":null,"attribute_source":"Open Street Map","attribute_source_date":1545177600000,"spatial_confidence":5,"latitude":-34.833810699999994,"longitude":148.89431421999998,"created_date":1700179200000,"last_edited_on":1763510400000,"globalid":"{A9AE149F-C97B-4D55-9D3C-85A899728DB3}"}},{"type":"Feature","id":1726,"geometry":{"type":"Point","coordinates":[148.42838919100006,-35.01153219099996]},"properties":{"objectid":1726,"feature_type":"Substation","feature_subtype":"Zone","feature_name":"Parsons Creek","feature_description":"A structure in which high voltage electricity supply is converted, controlled or transformed","status":"Operational","voltage_kv":66,"locality":"ADJUNGBILLY","state":"NSW","feature_source":"Esri World Imagery","feature_source_date":null,"attribute_source":"Open Street Map","attribute_source_date":1544140800000,"spatial_confidence":5,"latitude":-35.01153219,"longitude":148.42838919000002,"created_date":1682121600000,"last_edited_on":1763510400000,"globalid":"{02AD0958-A4C1-4A27-8FEF-F11B56C60723}"}},{"type":"Feature","id":1727,"geometry":{"type":"Point","coordinates":[148.10871178900004,-35.08175786399994]},"properties":{"objectid":1727,"feature_type":"Substation","feature_subtype":"Zone","feature_name":"Gundagai","feature_description":"A structure in which high voltage electricity supply is converted, controlled or transformed","status":"Operational","voltage_kv":66,"locality":"SOUTH GUNDAGAI","state":"NSW","feature_source":"Esri World Imagery","feature_source_date":null,"attribute_source":"Open Street Map","attribute_source_date":1719705600000,"spatial_confidence":5,"latitude":-35.081757859999996,"longitude":148.10871179,"created_date":1704931200000,"last_edited_on":1763510400000,"globalid":"{4DF9ABEC-58F5-4699-A96A-71BD10A69A6A}"}},{"type":"Feature","id":1728,"geometry":{"type":"Point","coordinates":[147.93428500000005,-35.066522298999985]},"properties":{"objectid":1728,"feature_type":"Substation","feature_subtype":"Zone","feature_name":"Nangus","feature_description":"A structure in which high voltage electricity supply is converted, controlled or transformed","status":"Operational","voltage_kv":66,"locality":"NANGUS","state":"NSW","feature_source":"Esri World Imagery","feature_source_date":null,"attribute_source":"Open Street Map","attribute_source_date":1529798400000,"spatial_confidence":5,"latitude":-35.066522299999995,"longitude":147.93428500000002,"created_date":1695513600000,"last_edited_on":1763510400000,"globalid":"{DEDDA91F-9215-41FF-9F8E-3570A30959E9}"}},{"type":"Feature","id":1729,"geometry":{"type":"Point","coordinates":[148.072617024,-35.30682454899994]},"properties":{"objectid":1729,"feature_type":"Substation","feature_subtype":"Zone","feature_name":"Adelong","feature_description":"A structure in which high voltage electricity supply is converted, controlled or transformed","status":"Operational","voltage_kv":66,"locality":"ADELONG","state":"NSW","feature_source":"Esri World Imagery","feature_source_date":null,"attribute_source":"Open Street Map","attribute_source_date":1529798400000,"spatial_confidence":5,"latitude":-35.30682455,"longitude":148.07261702,"created_date":1695513600000,"last_edited_on":1763510400000,"globalid":"{01566872-A22D-4621-AE42-71BD2C66101F}"}},{"type":"Feature","id":1730,"geometry":{"type":"Point","coordinates":[147.45638080100002,-35.152346430999955]},"properties":{"objectid":1730,"feature_type":"Substation","feature_subtype":"Zone","feature_name":"Forest Hill","feature_description":"A structure in which high voltage electricity supply is converted, controlled or transformed","status":"Operational","voltage_kv":66,"locality":"FOREST HILL","state":"NSW","feature_source":"Esri World Imagery","feature_source_date":null,"attribute_source":"Open Street Map","attribute_source_date":1717718400000,"spatial_confidence":5,"latitude":-35.152346429999994,"longitude":147.4563808,"created_date":1695513600000,"last_edited_on":1763510400000,"globalid":"{88C2F5F6-F2E1-4CB6-BBF4-E407883DD9F5}"}},{"type":"Feature","id":1731,"geometry":{"type":"Point","coordinates":[147.49587790700002,-35.09544067199994]},"properties":{"objectid":1731,"feature_type":"Substation","feature_subtype":"Zone","feature_name":"Oura","feature_description":"A structure in which high voltage electricity supply is converted, controlled or transformed","status":"Operational","voltage_kv":66,"locality":"EUNANOREENYA","state":"NSW","feature_source":"Esri World Imagery","feature_source_date":null,"attribute_source":"Open Street Map","attribute_source_date":1717718400000,"spatial_confidence":5,"latitude":-35.095440669999995,"longitude":147.49587791,"created_date":1695513600000,"last_edited_on":1763510400000,"globalid":"{57C33918-433B-40A3-928A-C13E1BD1531B}"}},{"type":"Feature","id":1732,"geometry":{"type":"Point","coordinates":[147.40732534100005,-35.07427745599995]},"properties":{"objectid":1732,"feature_type":"Substation","feature_subtype":"Zone","feature_name":"Bomen","feature_description":"A structure in which high voltage electricity supply is converted, controlled or transformed","status":"Operational","voltage_kv":66,"locality":"BOMEN","state":"NSW","feature_source":"Esri World Imagery","feature_source_date":null,"attribute_source":"Open Street Map","attribute_source_date":1717718400000,"spatial_confidence":5,"latitude":-35.07427746,"longitude":147.40732534,"created_date":1695600000000,"last_edited_on":1763510400000,"globalid":"{0782487D-20A3-46AC-8808-CA6613CD0B3F}"}},{"type":"Feature","id":1733,"geometry":{"type":"Point","coordinates":[147.3763070430001,-35.06744997199996]},"properties":{"objectid":1733,"feature_type":"Substation","feature_subtype":"Zone","feature_name":"Cartwrights Hill","feature_description":"A structure in which high voltage electricity supply is converted, controlled or transformed","status":"Operational","voltage_kv":66,"locality":"CHARLES STURT UNIVERSITY","state":"NSW","feature_source":"Esri World Imagery","feature_source_date":null,"attribute_source":"Open Street Map","attribute_source_date":1527033600000,"spatial_confidence":5,"latitude":-35.06744997,"longitude":147.37630704,"created_date":1695600000000,"last_edited_on":1763510400000,"globalid":"{588FD47F-0ABD-4B34-9E58-DFE7F7A1E603}"}},{"type":"Feature","id":1734,"geometry":{"type":"Point","coordinates":[147.38604960800012,-35.12075078899994]},"properties":{"objectid":1734,"feature_type":"Substation","feature_subtype":"Zone","feature_name":"Hammond Ave","feature_description":"A structure in which high voltage electricity supply is converted, controlled or transformed","status":"Operational","voltage_kv":66,"locality":"EAST WAGGA WAGGA","state":"NSW","feature_source":"Esri World Imagery","feature_source_date":null,"attribute_source":"Open Street Map","attribute_source_date":1639180800000,"spatial_confidence":5,"latitude":-35.12075079,"longitude":147.38604961,"created_date":1695600000000,"last_edited_on":1763510400000,"globalid":"{407DA349-D214-49C7-9740-469B8B36BDA7}"}},{"type":"Feature","id":1735,"geometry":{"type":"Point","coordinates":[147.3422843740001,-35.15481449799995]},"properties":{"objectid":1735,"feature_type":"Substation","feature_subtype":"Zone","feature_name":"Bourkelands","feature_description":"A structure in which high voltage electricity supply is converted, controlled or transformed","status":"Operational","voltage_kv":66,"locality":"BOURKELANDS","state":"NSW","feature_source":"Esri World Imagery","feature_source_date":null,"attribute_source":"Open Street Map","attribute_source_date":1526947200000,"spatial_confidence":5,"latitude":-35.1548145,"longitude":147.34228437,"created_date":1695600000000,"last_edited_on":1763510400000,"globalid":"{41FB9C10-C5C7-46D5-892B-613318939DA2}"}},{"type":"Feature","id":1736,"geometry":{"type":"Point","coordinates":[147.37299163700004,-35.154089617999944]},"properties":{"objectid":1736,"feature_type":"Substation","feature_subtype":"Zone","feature_name":"Kooringal","feature_description":"A structure in which high voltage electricity supply is converted, controlled or transformed","status":"Operational","voltage_kv":66,"locality":"LAKE ALBERT","state":"NSW","feature_source":"Esri World Imagery","feature_source_date":null,"attribute_source":"Open Street Map","attribute_source_date":1526774400000,"spatial_confidence":5,"latitude":-35.15408962,"longitude":147.37299163999998,"created_date":1695600000000,"last_edited_on":1763510400000,"globalid":"{34A63407-BE52-427C-BBE5-1A5F861B346B}"}},{"type":"Feature","id":1737,"geometry":{"type":"Point","coordinates":[147.24463144900005,-35.202106234999974]},"properties":{"objectid":1737,"feature_type":"Substation","feature_subtype":"Zone","feature_name":"Uranquinty","feature_description":"A structure in which high voltage electricity supply is converted, controlled or transformed","status":"Operational","voltage_kv":66,"locality":"URANQUINTY","state":"NSW","feature_source":"Esri World Imagery","feature_source_date":null,"attribute_source":"Open Street Map","attribute_source_date":1526515200000,"spatial_confidence":5,"latitude":-35.20210624,"longitude":147.24463144999999,"created_date":1695600000000,"last_edited_on":1763510400000,"globalid":"{720C0FF4-DCB3-46BE-BFD3-00DA631B2F57}"}},{"type":"Feature","id":1738,"geometry":{"type":"Point","coordinates":[146.70419236200007,-35.21421252799996]},"properties":{"objectid":1738,"feature_type":"Substation","feature_subtype":"Zone","feature_name":"Lockhart","feature_description":"A structure in which high voltage electricity supply is converted, controlled or transformed","status":"Operational","voltage_kv":66,"locality":"LOCKHART","state":"NSW","feature_source":"Esri World Imagery","feature_source_date":null,"attribute_source":"Open Street Map","attribute_source_date":1635984000000,"spatial_confidence":5,"latitude":-35.21421253,"longitude":146.70419236,"created_date":1696982400000,"last_edited_on":1763510400000,"globalid":"{832D5318-939F-4641-9137-E3F8E116A6DB}"}},{"type":"Feature","id":1739,"geometry":{"type":"Point","coordinates":[145.70875884400004,-35.35780514099997]},"properties":{"objectid":1739,"feature_type":"Substation","feature_subtype":"Zone","feature_name":"Jerilderie","feature_description":"A structure in which high voltage electricity supply is converted, controlled or transformed","status":"Operational","voltage_kv":66,"locality":"JERILDERIE","state":"NSW","feature_source":"Esri World Imagery","feature_source_date":null,"attribute_source":"Open Street Map","attribute_source_date":1523923200000,"spatial_confidence":5,"latitude":-35.357805139999996,"longitude":145.70875884,"created_date":1695340800000,"last_edited_on":1763510400000,"globalid":"{6CDD658B-C833-484F-A24A-821237AF2E49}"}},{"type":"Feature","id":1740,"geometry":{"type":"Point","coordinates":[145.56708101800007,-35.649464283999976]},"properties":{"objectid":1740,"feature_type":"Substation","feature_subtype":"Zone","feature_name":"Finley 66","feature_description":"A structure in which high voltage electricity supply is converted, controlled or transformed","status":"Operational","voltage_kv":66,"locality":"FINLEY","state":"NSW","feature_source":"Esri World Imagery","feature_source_date":null,"attribute_source":"Open Street Map","attribute_source_date":1523664000000,"spatial_confidence":5,"latitude":-35.64946428,"longitude":145.56708102000002,"created_date":1696896000000,"last_edited_on":1763510400000,"globalid":"{4195644D-B1D8-42E5-A49B-9B087F70DF49}"}},{"type":"Feature","id":1741,"geometry":{"type":"Point","coordinates":[147.03336498200008,-35.48426495399997]},"properties":{"objectid":1741,"feature_type":"Substation","feature_subtype":"Zone","feature_name":"Henty","feature_description":"A structure in which high voltage electricity supply is converted, controlled or transformed","status":"Operational","voltage_kv":66,"locality":"HENTY","state":"NSW","feature_source":"Esri World Imagery","feature_source_date":null,"attribute_source":"Open Street Map","attribute_source_date":1526515200000,"spatial_confidence":5,"latitude":-35.484264950000004,"longitude":147.03336498,"created_date":1695859200000,"last_edited_on":1763510400000,"globalid":"{2B0A8228-F80B-47A8-B8E2-AA30EB4412E0}"}},{"type":"Feature","id":1742,"geometry":{"type":"Point","coordinates":[147.041025557,-35.65670626299993]},"properties":{"objectid":1742,"feature_type":"Substation","feature_subtype":"Zone","feature_name":"Culcairn","feature_description":"A structure in which high voltage electricity supply is converted, controlled or transformed","status":"Operational","voltage_kv":66,"locality":"CULCAIRN","state":"NSW","feature_source":"Esri World Imagery","feature_source_date":null,"attribute_source":"Open Street Map","attribute_source_date":1526342400000,"spatial_confidence":5,"latitude":-35.65670626,"longitude":147.04102556,"created_date":1695859200000,"last_edited_on":1763510400000,"globalid":"{B831E569-8145-4FC8-9B08-69B484DD252E}"}},{"type":"Feature","id":1743,"geometry":{"type":"Point","coordinates":[148.14852680400008,-35.52527056799994]},"properties":{"objectid":1743,"feature_type":"Substation","feature_subtype":"Zone","feature_name":"Batlow","feature_description":"A structure in which high voltage electricity supply is converted, controlled or transformed","status":"Operational","voltage_kv":66,"locality":"BATLOW","state":"NSW","feature_source":"Esri World Imagery","feature_source_date":null,"attribute_source":"Open Street Map","attribute_source_date":1529798400000,"spatial_confidence":5,"latitude":-35.525270569999996,"longitude":148.1485268,"created_date":1695513600000,"last_edited_on":1763510400000,"globalid":"{6E3A1E2A-8500-4A0D-871F-A7916E628726}"}},{"type":"Feature","id":1744,"geometry":{"type":"Point","coordinates":[147.98476750200007,-35.761807956999974]},"properties":{"objectid":1744,"feature_type":"Substation","feature_subtype":"Zone","feature_name":"Tumbarumba","feature_description":"A structure in which high voltage electricity supply is converted, controlled or transformed","status":"Operational","voltage_kv":66,"locality":"TUMBARUMBA","state":"NSW","feature_source":"Esri World Imagery","feature_source_date":null,"attribute_source":"Open Street Map","attribute_source_date":1529798400000,"spatial_confidence":5,"latitude":-35.76180796,"longitude":147.9847675,"created_date":1695513600000,"last_edited_on":1763510400000,"globalid":"{09DC8CF3-4074-49D4-88CE-960D1ECF01A6}"}},{"type":"Feature","id":1745,"geometry":{"type":"Point","coordinates":[149.6439339200001,-36.67209327799998]},"properties":{"objectid":1745,"feature_type":"Substation","feature_subtype":"Zone","feature_name":"Quira","feature_description":"A structure in which high voltage electricity supply is converted, controlled or transformed","status":"Operational","voltage_kv":66,"locality":"MORANS CROSSING","state":"NSW","feature_source":"Esri World Imagery","feature_source_date":null,"attribute_source":"Open Street Map","attribute_source_date":1635033600000,"spatial_confidence":5,"latitude":-36.67209328,"longitude":149.64393392,"created_date":1697846400000,"last_edited_on":1763510400000,"globalid":"{47EAD754-ACA7-45EE-B09C-F90069D467FD}"}},{"type":"Feature","id":1746,"geometry":{"type":"Point","coordinates":[148.6378413770001,-36.13504228599993]},"properties":{"objectid":1746,"feature_type":"Substation","feature_subtype":"Zone","feature_name":"Eucumbene","feature_description":"A structure in which high voltage electricity supply is converted, controlled or transformed","status":"Operational","voltage_kv":66,"locality":"BRAEMAR BAY","state":"NSW","feature_source":"Esri World Imagery","feature_source_date":null,"attribute_source":"Open Street Map","attribute_source_date":1532217600000,"spatial_confidence":5,"latitude":-36.13504229,"longitude":148.63784138,"created_date":1700179200000,"last_edited_on":1763510400000,"globalid":"{BB46B207-CBC8-4481-83CC-5D0282633404}"}},{"type":"Feature","id":1747,"geometry":{"type":"Point","coordinates":[149.73105615400004,-34.72383076799997]},"properties":{"objectid":1747,"feature_type":"Substation","feature_subtype":"Zone","feature_name":"Goulburn North","feature_description":"A structure in which high voltage electricity supply is converted, controlled or transformed","status":"Operational","voltage_kv":66,"locality":"GOULBURN","state":"NSW","feature_source":"Esri World Imagery","feature_source_date":null,"attribute_source":"Open Street Map","attribute_source_date":1717718400000,"spatial_confidence":5,"latitude":-34.72383077,"longitude":149.73105615,"created_date":1613779200000,"last_edited_on":1763510400000,"globalid":"{4F032FD4-2BEE-4579-B749-BAFCEB3D4DB2}"}},{"type":"Feature","id":1748,"geometry":{"type":"Point","coordinates":[149.7143938480001,-34.75802235799995]},"properties":{"objectid":1748,"feature_type":"Substation","feature_subtype":"Zone","feature_name":"Goulburn Town","feature_description":"A structure in which high voltage electricity supply is converted, controlled or transformed","status":"Operational","voltage_kv":66,"locality":"GOULBURN","state":"NSW","feature_source":"Esri World Imagery","feature_source_date":null,"attribute_source":"Open Street Map","attribute_source_date":1717286400000,"spatial_confidence":5,"latitude":-34.758022360000005,"longitude":149.71439385000002,"created_date":1613779200000,"last_edited_on":1763510400000,"globalid":"{DCA96F79-CD9F-4E9A-B0DC-3D3CC75ADFC4}"}},{"type":"Feature","id":1749,"geometry":{"type":"Point","coordinates":[149.9569598910001,-34.71558281999995]},"properties":{"objectid":1749,"feature_type":"Substation","feature_subtype":"Zone","feature_name":"Marulan North","feature_description":"A structure in which high voltage electricity supply is converted, controlled or transformed","status":"Operational","voltage_kv":66,"locality":"MARULAN","state":"NSW","feature_source":"Esri World Imagery","feature_source_date":null,"attribute_source":"Open Street Map","attribute_source_date":1560816000000,"spatial_confidence":5,"latitude":-34.71558282,"longitude":149.95695988999998,"created_date":1696204800000,"last_edited_on":1763510400000,"globalid":"{FAC7AB65-3E64-4487-8699-AEF0575F3DFB}"}},{"type":"Feature","id":1750,"geometry":{"type":"Point","coordinates":[150.01223006200007,-34.76777457399993]},"properties":{"objectid":1750,"feature_type":"Substation","feature_subtype":"Zone","feature_name":"Marulan South","feature_description":"A structure in which high voltage electricity supply is converted, controlled or transformed","status":"Operational","voltage_kv":66,"locality":"MARULAN","state":"NSW","feature_source":"Esri World Imagery","feature_source_date":null,"attribute_source":"Open Street Map","attribute_source_date":1560816000000,"spatial_confidence":5,"latitude":-34.76777457,"longitude":150.01223006,"created_date":1698537600000,"last_edited_on":1763510400000,"globalid":"{CF40CAE7-C37D-4CF5-964C-71192ED757DB}"}},{"type":"Feature","id":1751,"geometry":{"type":"Point","coordinates":[149.2579953710001,-35.41537911199998]},"properties":{"objectid":1751,"feature_type":"Substation","feature_subtype":"Zone","feature_name":"Googong Dam","feature_description":"A structure in which high voltage electricity supply is converted, controlled or transformed","status":"Operational","voltage_kv":66,"locality":"GOOGONG","state":"NSW","feature_source":"Esri World Imagery","feature_source_date":null,"attribute_source":"Open Street Map","attribute_source_date":1646006400000,"spatial_confidence":5,"latitude":-35.41537911,"longitude":149.25799537,"created_date":1700179200000,"last_edited_on":1763510400000,"globalid":"{CDD88EDA-17E3-4D8C-90E1-34271E090ABB}"}},{"type":"Feature","id":1752,"geometry":{"type":"Point","coordinates":[149.25792390700008,-35.185868005999964]},"properties":{"objectid":1752,"feature_type":"Substation","feature_subtype":"Zone","feature_name":"Sutton","feature_description":"A structure in which high voltage electricity supply is converted, controlled or transformed","status":"Operational","voltage_kv":66,"locality":"SUTTON","state":"NSW","feature_source":"Esri World Imagery","feature_source_date":null,"attribute_source":"Open Street Map","attribute_source_date":1555372800000,"spatial_confidence":5,"latitude":-35.18586801,"longitude":149.25792391000002,"created_date":1698624000000,"last_edited_on":1763510400000,"globalid":"{E07F76A5-C692-48E0-AF59-61B7BD89BB6C}"}},{"type":"Feature","id":1753,"geometry":{"type":"Point","coordinates":[143.47182896100003,-35.17461689499993]},"properties":{"objectid":1753,"feature_type":"Substation","feature_subtype":"Zone","feature_name":"Koraleigh","feature_description":"A structure in which high voltage electricity supply is converted, controlled or transformed","status":"Operational","voltage_kv":66,"locality":"SPEEWA","state":"NSW","feature_source":"Esri World Imagery","feature_source_date":null,"attribute_source":"Open Street Map","attribute_source_date":1523923200000,"spatial_confidence":5,"latitude":-35.174616889999996,"longitude":143.47182896,"created_date":1681689600000,"last_edited_on":1763510400000,"globalid":"{9AE5330D-7831-4BFF-A6EC-4EE81063140E}"}},{"type":"Feature","id":1754,"geometry":{"type":"Point","coordinates":[142.1915987110001,-34.160504550999974]},"properties":{"objectid":1754,"feature_type":"Substation","feature_subtype":"Zone","feature_name":"Buronga","feature_description":"A structure in which high voltage electricity supply is converted, controlled or transformed","status":"Operational","voltage_kv":66,"locality":"BURONGA","state":"NSW","feature_source":"Esri World Imagery","feature_source_date":null,"attribute_source":"Open Street Map","attribute_source_date":1632182400000,"spatial_confidence":5,"latitude":-34.16050455,"longitude":142.19159871,"created_date":1675728000000,"last_edited_on":1763510400000,"globalid":"{8E27F366-7421-4CD1-A3F8-0AA2A7435F99}"}},{"type":"Feature","id":1755,"geometry":{"type":"Point","coordinates":[142.050765984,-34.10919812499998]},"properties":{"objectid":1755,"feature_type":"Substation","feature_subtype":"Zone","feature_name":"Dareton","feature_description":"A structure in which high voltage electricity supply is converted, controlled or transformed","status":"Operational","voltage_kv":66,"locality":"COOMEALLA","state":"NSW","feature_source":"Esri World Imagery","feature_source_date":null,"attribute_source":"Open Street Map","attribute_source_date":1719100800000,"spatial_confidence":5,"latitude":-34.109198129999996,"longitude":142.05076598,"created_date":1698710400000,"last_edited_on":1763510400000,"globalid":"{6570244A-A5BC-475B-8673-0D9D9E557922}"}},{"type":"Feature","id":1756,"geometry":{"type":"Point","coordinates":[142.02095853800006,-33.86860627599998]},"properties":{"objectid":1756,"feature_type":"Substation","feature_subtype":"Zone","feature_name":"Ellerslie","feature_description":"A structure in which high voltage electricity supply is converted, controlled or transformed","status":"Operational","voltage_kv":66,"locality":"WENTWORTH","state":"NSW","feature_source":"Esri World Imagery","feature_source_date":null,"attribute_source":"Open Street Map","attribute_source_date":1723075200000,"spatial_confidence":5,"latitude":-33.86860628,"longitude":142.02095854,"created_date":1683936000000,"last_edited_on":1763510400000,"globalid":"{453F643F-7ED7-45FE-8561-B387674A105E}"}},{"type":"Feature","id":1757,"geometry":{"type":"Point","coordinates":[149.10963901600007,-33.24811895599993]},"properties":{"objectid":1757,"feature_type":"Substation","feature_subtype":"Zone","feature_name":"Orange Industrial","feature_description":"A structure in which high voltage electricity supply is converted, controlled or transformed","status":"Operational","voltage_kv":66,"locality":"ORANGE","state":"NSW","feature_source":"Esri World Imagery","feature_source_date":null,"attribute_source":"Open Street Map","attribute_source_date":1657756800000,"spatial_confidence":5,"latitude":-33.24811896,"longitude":149.10963902,"created_date":1693699200000,"last_edited_on":1763510400000,"globalid":"{89172BE3-B3AC-478E-887F-30E78225132A}"}},{"type":"Feature","id":1758,"geometry":{"type":"Point","coordinates":[149.0719620310001,-33.26849785999997]},"properties":{"objectid":1758,"feature_type":"Substation","feature_subtype":"Zone","feature_name":"Orange West","feature_description":"A structure in which high voltage electricity supply is converted, controlled or transformed","status":"Operational","voltage_kv":66,"locality":"ORANGE","state":"NSW","feature_source":"Esri World Imagery","feature_source_date":null,"attribute_source":"Open Street Map","attribute_source_date":1718236800000,"spatial_confidence":5,"latitude":-33.26849786,"longitude":149.07196203,"created_date":1699747200000,"last_edited_on":1763510400000,"globalid":"{25FF98DA-7FBB-4643-A407-690A8F877833}"}},{"type":"Feature","id":1759,"geometry":{"type":"Point","coordinates":[149.09861201,-33.29906201399996]},"properties":{"objectid":1759,"feature_type":"Substation","feature_subtype":"Zone","feature_name":"Orange South","feature_description":"A structure in which high voltage electricity supply is converted, controlled or transformed","status":"Operational","voltage_kv":66,"locality":"ORANGE","state":"NSW","feature_source":"Esri World Imagery","feature_source_date":null,"attribute_source":"Open Street Map","attribute_source_date":1718236800000,"spatial_confidence":5,"latitude":-33.29906201,"longitude":149.09861201,"created_date":1693699200000,"last_edited_on":1763510400000,"globalid":"{B74962B2-0477-4BCB-859F-684ABFA1A126}"}},{"type":"Feature","id":1760,"geometry":{"type":"Point","coordinates":[142.43036031400004,-32.387914459999934]},"properties":{"objectid":1760,"feature_type":"Substation","feature_subtype":"Zone","feature_name":"Menindee","feature_description":"A structure in which high voltage electricity supply is converted, controlled or transformed","status":"Operational","voltage_kv":66,"locality":"MENINDEE","state":"NSW","feature_source":"Esri World Imagery","feature_source_date":null,"attribute_source":"Open Street Map","attribute_source_date":1637712000000,"spatial_confidence":5,"latitude":-32.387914460000005,"longitude":142.43036031,"created_date":1703116800000,"last_edited_on":1763510400000,"globalid":"{A690B56D-15CB-4C84-B63B-99CF8C8B4164}"}},{"type":"Feature","id":1761,"geometry":{"type":"Point","coordinates":[147.34487286,-35.12018643299996]},"properties":{"objectid":1761,"feature_type":"Substation","feature_subtype":"Zone","feature_name":"Ashmont","feature_description":"A structure in which high voltage electricity supply is converted, controlled or transformed","status":"Operational","voltage_kv":66,"locality":"WAGGA WAGGA","state":"NSW","feature_source":"Esri World Imagery","feature_source_date":null,"attribute_source":"Open Street Map","attribute_source_date":1526947200000,"spatial_confidence":5,"latitude":-35.120186430000004,"longitude":147.34487285999998,"created_date":1695600000000,"last_edited_on":1763510400000,"globalid":"{7680BF44-D745-41BD-B24D-5F1C879A5CE0}"}},{"type":"Feature","id":1762,"geometry":{"type":"Point","coordinates":[147.2018074120001,-31.563854956999933]},"properties":{"objectid":1762,"feature_type":"Substation","feature_subtype":"Zone","feature_name":"Nyngan 66","feature_description":"A structure in which high voltage electricity supply is converted, controlled or transformed","status":"Operational","voltage_kv":66,"locality":"NYNGAN","state":"NSW","feature_source":"Esri World Imagery","feature_source_date":null,"attribute_source":"Open Street Map","attribute_source_date":1652659200000,"spatial_confidence":5,"latitude":-31.56385496,"longitude":147.20180741,"created_date":1690329600000,"last_edited_on":1763510400000,"globalid":"{FD7124D0-D166-4110-8265-52237744C91C}"}},{"type":"Feature","id":1763,"geometry":{"type":"Point","coordinates":[153.05989784100007,-29.743586042999937]},"properties":{"objectid":1763,"feature_type":"Substation","feature_subtype":"Zone","feature_name":"Grafton East","feature_description":"A structure in which high voltage electricity supply is converted, controlled or transformed","status":"Operational","voltage_kv":132,"locality":"LAVADIA","state":"NSW","feature_source":"Esri World Imagery","feature_source_date":null,"attribute_source":"Open Street Map","attribute_source_date":1650412800000,"spatial_confidence":5,"latitude":-29.74358604,"longitude":153.05989784,"created_date":1697846400000,"last_edited_on":1771459200000,"globalid":"{548CB847-0FA5-4028-A605-D3E26014FFBA}"}},{"type":"Feature","id":1764,"geometry":{"type":"Point","coordinates":[151.54761070000006,-29.828932519999967]},"properties":{"objectid":1764,"feature_type":"Substation","feature_subtype":"Zone","feature_name":"White Rock","feature_description":"A structure in which high voltage electricity supply is converted, controlled or transformed","status":"Operational","voltage_kv":132,"locality":"SPRING MOUNTAIN","state":"NSW","feature_source":"Esri World Imagery","feature_source_date":null,"attribute_source":"Open Street Map","attribute_source_date":1719100800000,"spatial_confidence":5,"latitude":-29.828932520000002,"longitude":151.54761069999998,"created_date":1700179200000,"last_edited_on":1771372800000,"globalid":"{169F6346-9EAA-470C-B871-6EA32706756F}"}},{"type":"Feature","id":1765,"geometry":{"type":"Point","coordinates":[151.84889179800007,-30.51897912399994]},"properties":{"objectid":1765,"feature_type":"Substation","feature_subtype":"Zone","feature_name":"Metz Solar Farm","feature_description":"A structure in which high voltage electricity supply is converted, controlled or transformed","status":"Operational","voltage_kv":132,"locality":"METZ","state":"NSW","feature_source":"Esri World Imagery","feature_source_date":null,"attribute_source":"Open Street Map","attribute_source_date":1650412800000,"spatial_confidence":5,"latitude":-30.518979119999997,"longitude":151.84889180000002,"created_date":1695254400000,"last_edited_on":1773878400000,"globalid":"{D70BC96B-C8C1-4A39-B5BC-39467DB71A4E}"}},{"type":"Feature","id":1766,"geometry":{"type":"Point","coordinates":[151.5024270030001,-31.653093646999935]},"properties":{"objectid":1766,"feature_type":"Substation","feature_subtype":"Zone","feature_name":"Banard River","feature_description":"A structure in which high voltage electricity supply is converted, controlled or transformed","status":"Operational","voltage_kv":132,"locality":"GLENROCK","state":"NSW","feature_source":"Esri World Imagery","feature_source_date":null,"attribute_source":"Open Street Map","attribute_source_date":1649721600000,"spatial_confidence":5,"latitude":-31.65309365,"longitude":151.50242699999998,"created_date":1696896000000,"last_edited_on":1763510400000,"globalid":"{BAA97554-3C6F-4038-BEB0-D9797D344503}"}},{"type":"Feature","id":1767,"geometry":{"type":"Point","coordinates":[151.68502814900012,-32.899160465999955]},"properties":{"objectid":1767,"feature_type":"Substation","feature_subtype":"Zone","feature_name":"Jesmond","feature_description":"A structure in which high voltage electricity supply is converted, controlled or transformed","status":"Operational","voltage_kv":132,"locality":"WALLSEND","state":"NSW","feature_source":"Esri World Imagery","feature_source_date":null,"attribute_source":"Open Street Map","attribute_source_date":1639958400000,"spatial_confidence":5,"latitude":-32.89916047,"longitude":151.68502815,"created_date":1676505600000,"last_edited_on":1763510400000,"globalid":"{ECA98069-E404-44E5-92E2-82B06F0851C0}"}},{"type":"Feature","id":1768,"geometry":{"type":"Point","coordinates":[151.69432505100008,-32.95904129199994]},"properties":{"objectid":1768,"feature_type":"Substation","feature_subtype":"Zone","feature_name":"Charlstown","feature_description":"A structure in which high voltage electricity supply is converted, controlled or transformed","status":"Operational","voltage_kv":132,"locality":"CHARLESTOWN","state":"NSW","feature_source":"Esri World Imagery","feature_source_date":null,"attribute_source":"Open Street Map","attribute_source_date":1641254400000,"spatial_confidence":5,"latitude":-32.95904129,"longitude":151.69432505,"created_date":1676505600000,"last_edited_on":1763510400000,"globalid":"{D1C2944D-D15E-4B26-8D34-807B948A6322}"}},{"type":"Feature","id":1769,"geometry":{"type":"Point","coordinates":[151.76871741800005,-32.879523992999964]},"properties":{"objectid":1769,"feature_type":"Substation","feature_subtype":"Zone","feature_name":"Kooragang","feature_description":"A structure in which high voltage electricity supply is converted, controlled or transformed","status":"Operational","voltage_kv":132,"locality":"KOORAGANG","state":"NSW","feature_source":"Esri World Imagery","feature_source_date":null,"attribute_source":"Open Street Map","attribute_source_date":1642550400000,"spatial_confidence":5,"latitude":-32.87952399,"longitude":151.76871742,"created_date":1676505600000,"last_edited_on":1763510400000,"globalid":"{4233FD88-B4FA-46DD-970E-94247E5BDA64}"}},{"type":"Feature","id":1770,"geometry":{"type":"Point","coordinates":[151.47157263400004,-32.81034754799998]},"properties":{"objectid":1770,"feature_type":"Substation","feature_subtype":"Zone","feature_name":"Kurri Kurri","feature_description":"A structure in which high voltage electricity supply is converted, controlled or transformed","status":"Operational","voltage_kv":132,"locality":"KURRI KURRI","state":"NSW","feature_source":"Esri World Imagery","feature_source_date":null,"attribute_source":"Open Street Map","attribute_source_date":1642550400000,"spatial_confidence":5,"latitude":-32.810347549999996,"longitude":151.47157263,"created_date":1698537600000,"last_edited_on":1763510400000,"globalid":"{F60EBFFC-D68B-4F12-B275-FC6DD80BB2C3}"}},{"type":"Feature","id":1771,"geometry":{"type":"Point","coordinates":[149.0996418640001,-32.41464700399996]},"properties":{"objectid":1771,"feature_type":"Substation","feature_subtype":"Zone","feature_name":"Bodangora Wind Farm","feature_description":"A structure in which high voltage electricity supply is converted, controlled or transformed","status":"Operational","voltage_kv":132,"locality":"BODANGORA","state":"NSW","feature_source":"Esri World Imagery","feature_source_date":null,"attribute_source":"Open Street Map","attribute_source_date":1719100800000,"spatial_confidence":5,"latitude":-32.414647,"longitude":149.09964186000002,"created_date":1641254400000,"last_edited_on":1773705600000,"globalid":"{16C091C4-43C4-40B4-988E-FBCBFE7876FC}"}},{"type":"Feature","id":1772,"geometry":{"type":"Point","coordinates":[152.12639061400012,-32.595139667999945]},"properties":{"objectid":1772,"feature_type":"Substation","feature_subtype":"Zone","feature_name":"Hawkes Nest","feature_description":"A structure in which high voltage electricity supply is converted, controlled or transformed","status":"Operational","voltage_kv":132,"locality":"NERONG","state":"NSW","feature_source":"Esri World Imagery","feature_source_date":null,"attribute_source":"Open Street Map","attribute_source_date":1719705600000,"spatial_confidence":5,"latitude":-32.59513967,"longitude":152.12639061,"created_date":1676851200000,"last_edited_on":1774310400000,"globalid":"{6AE5D110-BE98-48D0-B87B-627568CF0C25}"}},{"type":"Feature","id":1773,"geometry":{"type":"Point","coordinates":[150.82580193400008,-33.69239935799993]},"properties":{"objectid":1773,"feature_type":"Substation","feature_subtype":"Zone","feature_name":"Marsden Park","feature_description":"A structure in which high voltage electricity supply is converted, controlled or transformed","status":"Operational","voltage_kv":132,"locality":"MARSDEN PARK","state":"NSW","feature_source":"Esri World Imagery","feature_source_date":null,"attribute_source":"Open Street Map","attribute_source_date":1618617600000,"spatial_confidence":5,"latitude":-33.69239936,"longitude":150.82580192999998,"created_date":1681516800000,"last_edited_on":1763510400000,"globalid":"{2A08236D-19E4-476B-8489-AD3A52394675}"}},{"type":"Feature","id":1774,"geometry":{"type":"Point","coordinates":[150.8331750860001,-33.72108140699993]},"properties":{"objectid":1774,"feature_type":"Substation","feature_subtype":"Zone","feature_name":"South Marsden Park","feature_description":"A structure in which high voltage electricity supply is converted, controlled or transformed","status":"Operational","voltage_kv":132,"locality":"MARSDEN PARK","state":"NSW","feature_source":"Esri World Imagery","feature_source_date":null,"attribute_source":"Open Street Map","attribute_source_date":1642896000000,"spatial_confidence":5,"latitude":-33.721081410000004,"longitude":150.83317509,"created_date":1681516800000,"last_edited_on":1763510400000,"globalid":"{7CFEF119-A236-4701-97DB-81243F85086F}"}},{"type":"Feature","id":1775,"geometry":{"type":"Point","coordinates":[150.87828757900002,-33.70011670399998]},"properties":{"objectid":1775,"feature_type":"Substation","feature_subtype":"Zone","feature_name":"Schofields","feature_description":"A structure in which high voltage electricity supply is converted, controlled or transformed","status":"Operational","voltage_kv":132,"locality":"SCHOFIELDS","state":"NSW","feature_source":"Esri World Imagery","feature_source_date":null,"attribute_source":"Open Street Map","attribute_source_date":1642896000000,"spatial_confidence":5,"latitude":-33.7001167,"longitude":150.87828758,"created_date":1675555200000,"last_edited_on":1763510400000,"globalid":"{16D70B66-33AE-470A-AAFD-0077FC2A0578}"}},{"type":"Feature","id":1776,"geometry":{"type":"Point","coordinates":[151.10586298700002,-33.697749133999935]},"properties":{"objectid":1776,"feature_type":"Substation","feature_subtype":"Zone","feature_name":"Hornsby","feature_description":"A structure in which high voltage electricity supply is converted, controlled or transformed","status":"Operational","voltage_kv":132,"locality":"HORNSBY","state":"NSW","feature_source":"Esri World Imagery","feature_source_date":null,"attribute_source":"Open Street Map","attribute_source_date":1555459200000,"spatial_confidence":5,"latitude":-33.69774913,"longitude":151.10586299,"created_date":1675555200000,"last_edited_on":1763510400000,"globalid":"{D43BDE66-C3FC-4006-9FDA-3FE320AC0DD8}"}},{"type":"Feature","id":1777,"geometry":{"type":"Point","coordinates":[151.15633910100007,-33.74257738499995]},"properties":{"objectid":1777,"feature_type":"Substation","feature_subtype":"Zone","feature_name":"Kuringai","feature_description":"A structure in which high voltage electricity supply is converted, controlled or transformed","status":"Operational","voltage_kv":132,"locality":"PYMBLE","state":"NSW","feature_source":"Esri World Imagery","feature_source_date":null,"attribute_source":"Open Street Map","attribute_source_date":1642809600000,"spatial_confidence":5,"latitude":-33.74257738,"longitude":151.1563391,"created_date":1675555200000,"last_edited_on":1763510400000,"globalid":"{74FE4A30-A7DE-438C-948E-B86608A6CDE2}"}},{"type":"Feature","id":1778,"geometry":{"type":"Point","coordinates":[151.19414022400008,-33.761875617999976]},"properties":{"objectid":1778,"feature_type":"Substation","feature_subtype":"Zone","feature_name":"Lindfield","feature_description":"A structure in which high voltage electricity supply is converted, controlled or transformed","status":"Operational","voltage_kv":132,"locality":"EAST LINDFIELD","state":"NSW","feature_source":"Esri World Imagery","feature_source_date":null,"attribute_source":"Open Street Map","attribute_source_date":1643587200000,"spatial_confidence":5,"latitude":-33.76187562,"longitude":151.19414021999998,"created_date":1675555200000,"last_edited_on":1763510400000,"globalid":"{D4539ED0-9835-4942-B458-8E9B7A0D8597}"}},{"type":"Feature","id":1779,"geometry":{"type":"Point","coordinates":[151.20406593100006,-33.73876894599994]},"properties":{"objectid":1779,"feature_type":"Substation","feature_subtype":"Zone","feature_name":"Belrose","feature_description":"A structure in which high voltage electricity supply is converted, controlled or transformed","status":"Operational","voltage_kv":132,"locality":"FRENCHS FOREST","state":"NSW","feature_source":"Esri World Imagery","feature_source_date":null,"attribute_source":"Open Street Map","attribute_source_date":1642809600000,"spatial_confidence":5,"latitude":-33.73876895,"longitude":151.20406593,"created_date":1675555200000,"last_edited_on":1763510400000,"globalid":"{862FFD3C-8080-444D-8D2F-00A5F99A28F3}"}},{"type":"Feature","id":1780,"geometry":{"type":"Point","coordinates":[151.19691445400008,-33.74313282299994]},"properties":{"objectid":1780,"feature_type":"Substation","feature_subtype":"Zone","feature_name":"Davisson","feature_description":"A structure in which high voltage electricity supply is converted, controlled or transformed","status":"Operational","voltage_kv":132,"locality":"DAVIDSON","state":"NSW","feature_source":"Esri World Imagery","feature_source_date":null,"attribute_source":"Open Street Map","attribute_source_date":1642809600000,"spatial_confidence":5,"latitude":-33.74313282,"longitude":151.19691445,"created_date":1675555200000,"last_edited_on":1763510400000,"globalid":"{986DD3DC-5C6B-465A-8300-AE1DCC452D40}"}},{"type":"Feature","id":1781,"geometry":{"type":"Point","coordinates":[151.26894219300004,-33.78934405999996]},"properties":{"objectid":1781,"feature_type":"Substation","feature_subtype":"Zone","feature_name":"Balgowlah North","feature_description":"A structure in which high voltage electricity supply is converted, controlled or transformed","status":"Operational","voltage_kv":132,"locality":"BALGOWLAH","state":"NSW","feature_source":"Esri World Imagery","feature_source_date":null,"attribute_source":"Open Street Map","attribute_source_date":1642809600000,"spatial_confidence":5,"latitude":-33.78934406,"longitude":151.26894219,"created_date":1678147200000,"last_edited_on":1763510400000,"globalid":"{0687EE4D-74A7-4467-9D70-0140010236F3}"}},{"type":"Feature","id":1782,"geometry":{"type":"Point","coordinates":[151.23978608000004,-33.82591048099994]},"properties":{"objectid":1782,"feature_type":"Substation","feature_subtype":"Zone","feature_name":"Mosman","feature_description":"A structure in which high voltage electricity supply is converted, controlled or transformed","status":"Operational","voltage_kv":132,"locality":"MOSMAN","state":"NSW","feature_source":"Esri World Imagery","feature_source_date":null,"attribute_source":"Open Street Map","attribute_source_date":1642723200000,"spatial_confidence":5,"latitude":-33.82591048,"longitude":151.23978608,"created_date":1654819200000,"last_edited_on":1763510400000,"globalid":"{0FD82242-D826-4719-A761-0E23798025FD}"}},{"type":"Feature","id":1783,"geometry":{"type":"Point","coordinates":[151.19959123700005,-33.824058013999945]},"properties":{"objectid":1783,"feature_type":"Substation","feature_subtype":"Zone","feature_name":"Crows Nest","feature_description":"A structure in which high voltage electricity supply is converted, controlled or transformed","status":"Operational","voltage_kv":132,"locality":"CROWS NEST","state":"NSW","feature_source":"Esri World Imagery","feature_source_date":null,"attribute_source":"Open Street Map","attribute_source_date":1642723200000,"spatial_confidence":5,"latitude":-33.824058009999995,"longitude":151.19959124,"created_date":1675555200000,"last_edited_on":1763510400000,"globalid":"{4DAF6BF3-9B36-4598-8D72-656951EE2011}"}},{"type":"Feature","id":1784,"geometry":{"type":"Point","coordinates":[151.18849784200006,-33.819765056999984]},"properties":{"objectid":1784,"feature_type":"Substation","feature_subtype":"Zone","feature_name":"Royal North Shore","feature_description":"A structure in which high voltage electricity supply is converted, controlled or transformed","status":"Operational","voltage_kv":132,"locality":"ST LEONARDS","state":"NSW","feature_source":"Esri World Imagery","feature_source_date":null,"attribute_source":"Open Street Map","attribute_source_date":1642723200000,"spatial_confidence":5,"latitude":-33.819765059999995,"longitude":151.18849784,"created_date":1675555200000,"last_edited_on":1763510400000,"globalid":"{937DA191-DC45-4920-8738-410D51F6287B}"}},{"type":"Feature","id":1785,"geometry":{"type":"Point","coordinates":[151.20148918300004,-33.78986476299997]},"properties":{"objectid":1785,"feature_type":"Substation","feature_subtype":"Zone","feature_name":"Castle Cove","feature_description":"A structure in which high voltage electricity supply is converted, controlled or transformed","status":"Operational","voltage_kv":132,"locality":"CHATSWOOD","state":"NSW","feature_source":"Esri World Imagery","feature_source_date":null,"attribute_source":"Open Street Map","attribute_source_date":1642723200000,"spatial_confidence":5,"latitude":-33.78986476,"longitude":151.20148918,"created_date":1675555200000,"last_edited_on":1763510400000,"globalid":"{9A1D7C2B-E064-46DA-BBEA-73C2D6024F1B}"}},{"type":"Feature","id":1786,"geometry":{"type":"Point","coordinates":[151.1594613640001,-33.88139158699994]},"properties":{"objectid":1786,"feature_type":"Substation","feature_subtype":"Zone","feature_name":"Leichhardt","feature_description":"A structure in which high voltage electricity supply is converted, controlled or transformed","status":"Operational","voltage_kv":132,"locality":"LEICHHARDT","state":"NSW","feature_source":"Esri World Imagery","feature_source_date":null,"attribute_source":"Open Street Map","attribute_source_date":1643932800000,"spatial_confidence":5,"latitude":-33.88139159,"longitude":151.15946136,"created_date":1675555200000,"last_edited_on":1763510400000,"globalid":"{29554F9D-8D47-4EA0-ABC8-E67FD2BC3011}"}},{"type":"Feature","id":1787,"geometry":{"type":"Point","coordinates":[151.12245082200002,-33.877619254999956]},"properties":{"objectid":1787,"feature_type":"Substation","feature_subtype":"Zone","feature_name":"Croydon","feature_description":"A structure in which high voltage electricity supply is converted, controlled or transformed","status":"Operational","voltage_kv":132,"locality":"CROYDON","state":"NSW","feature_source":"Esri World Imagery","feature_source_date":null,"attribute_source":"Open Street Map","attribute_source_date":1710633600000,"spatial_confidence":5,"latitude":-33.87761926,"longitude":151.12245082,"created_date":1675555200000,"last_edited_on":1763510400000,"globalid":"{1118A702-DCAE-46F2-A9E4-727470D16D97}"}},{"type":"Feature","id":1788,"geometry":{"type":"Point","coordinates":[151.0982659540001,-33.86716336199993]},"properties":{"objectid":1788,"feature_type":"Substation","feature_subtype":"Zone","feature_name":"Burwood","feature_description":"A structure in which high voltage electricity supply is converted, controlled or transformed","status":"Operational","voltage_kv":132,"locality":"CONCORD","state":"NSW","feature_source":"Esri World Imagery","feature_source_date":null,"attribute_source":"Open Street Map","attribute_source_date":1653609600000,"spatial_confidence":5,"latitude":-33.86716336,"longitude":151.09826594999998,"created_date":1675555200000,"last_edited_on":1763510400000,"globalid":"{E976071C-3877-488E-9EA8-6173486A63E0}"}},{"type":"Feature","id":1789,"geometry":{"type":"Point","coordinates":[151.0748292400001,-33.849781090999954]},"properties":{"objectid":1789,"feature_type":"Substation","feature_subtype":"Zone","feature_name":"Olympic park","feature_description":"A structure in which high voltage electricity supply is converted, controlled or transformed","status":"Operational","voltage_kv":132,"locality":"SYDNEY OLYMPIC PARK","state":"NSW","feature_source":"Esri World Imagery","feature_source_date":null,"attribute_source":"Open Street Map","attribute_source_date":1642982400000,"spatial_confidence":5,"latitude":-33.84978109,"longitude":151.07482924,"created_date":1675555200000,"last_edited_on":1763510400000,"globalid":"{9B4E68CB-42E3-467A-BFB1-FFFAB9506797}"}},{"type":"Feature","id":1790,"geometry":{"type":"Point","coordinates":[151.06182353500003,-33.85342615899998]},"properties":{"objectid":1790,"feature_type":"Substation","feature_subtype":"Zone","feature_name":"Flemington","feature_description":"A structure in which high voltage electricity supply is converted, controlled or transformed","status":"Operational","voltage_kv":null,"locality":"LIDCOMBE","state":"NSW","feature_source":"Esri World Imagery","feature_source_date":null,"attribute_source":"Esri World Imagery","attribute_source_date":1675555200000,"spatial_confidence":5,"latitude":-33.85342616,"longitude":151.06182354,"created_date":1675555200000,"last_edited_on":1763510400000,"globalid":"{BD1538B0-0328-45A2-B913-6011FBC7DC6D}"}},{"type":"Feature","id":1791,"geometry":{"type":"Point","coordinates":[150.66863501600005,-33.791226963999975]},"properties":{"objectid":1791,"feature_type":"Substation","feature_subtype":"Zone","feature_name":"Glenmore Park","feature_description":"A structure in which high voltage electricity supply is converted, controlled or transformed","status":"Operational","voltage_kv":132,"locality":"GLENMORE PARK","state":"NSW","feature_source":"Esri World Imagery","feature_source_date":null,"attribute_source":"Open Street Map","attribute_source_date":1699488000000,"spatial_confidence":5,"latitude":-33.79122696,"longitude":150.66863502,"created_date":1678838400000,"last_edited_on":1763510400000,"globalid":"{8FFF3B2F-A6F9-40BA-99EF-8DF9ED857145}"}},{"type":"Feature","id":1792,"geometry":{"type":"Point","coordinates":[150.61552282200012,-33.87608323899997]},"properties":{"objectid":1792,"feature_type":"Substation","feature_subtype":"Zone","feature_name":"North Warragamba","feature_description":"A structure in which high voltage electricity supply is converted, controlled or transformed","status":"Operational","voltage_kv":132,"locality":"WALLACIA","state":"NSW","feature_source":"Esri World Imagery","feature_source_date":null,"attribute_source":"Open Street Map","attribute_source_date":1699488000000,"spatial_confidence":5,"latitude":-33.87608324,"longitude":150.61552282,"created_date":1678838400000,"last_edited_on":1763510400000,"globalid":"{57AE4739-25FF-4214-8D99-F53C00724D94}"}},{"type":"Feature","id":1793,"geometry":{"type":"Point","coordinates":[150.80220454800008,-33.830389449999984]},"properties":{"objectid":1793,"feature_type":"Substation","feature_subtype":"Zone","feature_name":"Erskine Park","feature_description":"A structure in which high voltage electricity supply is converted, controlled or transformed","status":"Operational","voltage_kv":132,"locality":"KEMPS CREEK","state":"NSW","feature_source":"Esri World Imagery","feature_source_date":null,"attribute_source":"Open Street Map","attribute_source_date":1677196800000,"spatial_confidence":5,"latitude":-33.83038945,"longitude":150.80220455,"created_date":1681516800000,"last_edited_on":1763510400000,"globalid":"{0A48E185-0784-4B56-9BBF-A7AE85D781F5}"}},{"type":"Feature","id":1794,"geometry":{"type":"Point","coordinates":[150.84006302400007,-33.80293192899995]},"properties":{"objectid":1794,"feature_type":"Substation","feature_subtype":"Zone","feature_name":"Eastern Creek North","feature_description":"A structure in which high voltage electricity supply is converted, controlled or transformed","status":"Operational","voltage_kv":132,"locality":"EASTERN CREEK","state":"NSW","feature_source":"Esri World Imagery","feature_source_date":null,"attribute_source":"Open Street Map","attribute_source_date":1630195200000,"spatial_confidence":5,"latitude":-33.80293193,"longitude":150.84006302,"created_date":1675555200000,"last_edited_on":1763510400000,"globalid":"{9E3CA705-9B76-4AEA-A23D-3C125AD3A4FE}"}},{"type":"Feature","id":1795,"geometry":{"type":"Point","coordinates":[150.86814856500007,-33.769303426999954]},"properties":{"objectid":1795,"feature_type":"Substation","feature_subtype":"Zone","feature_name":"Doonside","feature_description":"A structure in which high voltage electricity supply is converted, controlled or transformed","status":"Operational","voltage_kv":132,"locality":"BUNGARRIBEE","state":"NSW","feature_source":"Esri World Imagery","feature_source_date":null,"attribute_source":"Open Street Map","attribute_source_date":1617667200000,"spatial_confidence":5,"latitude":-33.76930343,"longitude":150.86814857,"created_date":1675555200000,"last_edited_on":1763510400000,"globalid":"{3627FCBB-A6E9-4E8A-9430-AFAD0A66EB78}"}},{"type":"Feature","id":1796,"geometry":{"type":"Point","coordinates":[150.92204242900004,-33.93051940999993]},"properties":{"objectid":1796,"feature_type":"Substation","feature_subtype":"Zone","feature_name":"Liverpool","feature_description":"A structure in which high voltage electricity supply is converted, controlled or transformed","status":"Operational","voltage_kv":132,"locality":"LIVERPOOL","state":"NSW","feature_source":"Esri World Imagery","feature_source_date":null,"attribute_source":"Open Street Map","attribute_source_date":1650758400000,"spatial_confidence":5,"latitude":-33.93051941,"longitude":150.92204243,"created_date":1675555200000,"last_edited_on":1763510400000,"globalid":"{FA4D0527-7BC6-4F97-88F9-B361F1E96AC6}"}},{"type":"Feature","id":1797,"geometry":{"type":"Point","coordinates":[150.9988522980001,-33.937985777999984]},"properties":{"objectid":1797,"feature_type":"Substation","feature_subtype":"Zone","feature_name":"Milperra","feature_description":"A structure in which high voltage electricity supply is converted, controlled or transformed","status":"Operational","voltage_kv":132,"locality":"REVESBY","state":"NSW","feature_source":"Esri World Imagery","feature_source_date":null,"attribute_source":"Open Street Map","attribute_source_date":1675209600000,"spatial_confidence":5,"latitude":-33.93798578,"longitude":150.99885229999998,"created_date":1675555200000,"last_edited_on":1763510400000,"globalid":"{5F2D4C1A-870E-4850-9E85-61D257382AB5}"}},{"type":"Feature","id":1798,"geometry":{"type":"Point","coordinates":[151.01260734800007,-33.95299760299997]},"properties":{"objectid":1798,"feature_type":"Substation","feature_subtype":"Zone","feature_name":"Revesby","feature_description":"A structure in which high voltage electricity supply is converted, controlled or transformed","status":"Operational","voltage_kv":132,"locality":"REVESBY","state":"NSW","feature_source":"Esri World Imagery","feature_source_date":null,"attribute_source":"Open Street Map","attribute_source_date":1642118400000,"spatial_confidence":5,"latitude":-33.952997599999996,"longitude":151.01260735,"created_date":1675555200000,"last_edited_on":1763510400000,"globalid":"{730F7038-C5A9-42EF-BEAD-533FD4BBF75A}"}},{"type":"Feature","id":1799,"geometry":{"type":"Point","coordinates":[150.872337871,-33.88722460399998]},"properties":{"objectid":1799,"feature_type":"Substation","feature_subtype":"Zone","feature_name":"Abbotsbury","feature_description":"A structure in which high voltage electricity supply is converted, controlled or transformed","status":"Operational","voltage_kv":132,"locality":"BONNYRIGG HEIGHTS","state":"NSW","feature_source":"Esri World Imagery","feature_source_date":null,"attribute_source":"Open Street Map","attribute_source_date":1667347200000,"spatial_confidence":5,"latitude":-33.8872246,"longitude":150.87233787,"created_date":1675555200000,"last_edited_on":1763510400000,"globalid":"{ACC36DF7-D325-42BD-9AFE-E98129899ACC}"}},{"type":"Feature","id":1800,"geometry":{"type":"Point","coordinates":[150.84047466900006,-33.95547117199993]},"properties":{"objectid":1800,"feature_type":"Substation","feature_subtype":"Zone","feature_name":"Denham Court","feature_description":"A structure in which high voltage electricity supply is converted, controlled or transformed","status":"Operational","voltage_kv":132,"locality":"EDMONDSON PARK","state":"NSW","feature_source":"Esri World Imagery","feature_source_date":null,"attribute_source":"Open Street Map","attribute_source_date":1556582400000,"spatial_confidence":5,"latitude":-33.955471169999996,"longitude":150.84047467,"created_date":1681516800000,"last_edited_on":1763510400000,"globalid":"{CBB0BEC9-6477-49DB-A218-546DF0449101}"}},{"type":"Feature","id":1801,"geometry":{"type":"Point","coordinates":[151.01148455200007,-34.072017039999935]},"properties":{"objectid":1801,"feature_type":"Substation","feature_subtype":"Zone","feature_name":"Engadine","feature_description":"A structure in which high voltage electricity supply is converted, controlled or transformed","status":"Operational","voltage_kv":132,"locality":"ENGADINE","state":"NSW","feature_source":"Esri World Imagery","feature_source_date":null,"attribute_source":"Open Street Map","attribute_source_date":1700006400000,"spatial_confidence":5,"latitude":-34.072017040000006,"longitude":151.01148455,"created_date":1675555200000,"last_edited_on":1763510400000,"globalid":"{05E52545-ABCE-4A18-8ED3-02E040B4736A}"}},{"type":"Feature","id":1802,"geometry":{"type":"Point","coordinates":[150.7284994590001,-33.93988261199996]},"properties":{"objectid":1802,"feature_type":"Substation","feature_subtype":"Zone","feature_name":"Bringelly","feature_description":"A structure in which high voltage electricity supply is converted, controlled or transformed","status":"Operational","voltage_kv":132,"locality":"BRINGELLY","state":"NSW","feature_source":"Esri World Imagery","feature_source_date":null,"attribute_source":"Open Street Map","attribute_source_date":1682899200000,"spatial_confidence":5,"latitude":-33.93988261,"longitude":150.72849946,"created_date":1681516800000,"last_edited_on":1763510400000,"globalid":"{B598A970-B569-4C4C-BE8F-67DDDBA0E73F}"}},{"type":"Feature","id":1803,"geometry":{"type":"Point","coordinates":[150.72569136900006,-33.99678901699997]},"properties":{"objectid":1803,"feature_type":"Substation","feature_subtype":"Zone","feature_name":"Oran Park","feature_description":"A structure in which high voltage electricity supply is converted, controlled or transformed","status":"Operational","voltage_kv":132,"locality":"ORAN PARK","state":"NSW","feature_source":"Esri World Imagery","feature_source_date":null,"attribute_source":"Open Street Map","attribute_source_date":1646697600000,"spatial_confidence":5,"latitude":-33.996789019999994,"longitude":150.72569137,"created_date":1681516800000,"last_edited_on":1763510400000,"globalid":"{E38B2FD8-D8E7-429E-A84F-CFCB2BCD469A}"}},{"type":"Feature","id":1804,"geometry":{"type":"Point","coordinates":[151.43152099600002,-33.42946795499995]},"properties":{"objectid":1804,"feature_type":"Substation","feature_subtype":"Zone","feature_name":"Wamberal","feature_description":"A structure in which high voltage electricity supply is converted, controlled or transformed","status":"Operational","voltage_kv":132,"locality":"TERRIGAL","state":"NSW","feature_source":"Esri World Imagery","feature_source_date":null,"attribute_source":"Open Street Map","attribute_source_date":1643068800000,"spatial_confidence":5,"latitude":-33.429467960000004,"longitude":151.431521,"created_date":1698019200000,"last_edited_on":1763510400000,"globalid":"{330137B1-BCB8-438F-8B22-E9C4FFDBD559}"}},{"type":"Feature","id":1805,"geometry":{"type":"Point","coordinates":[150.8999939240001,-34.472646906999955]},"properties":{"objectid":1805,"feature_type":"Substation","feature_subtype":"Zone","feature_name":"Port Kembla","feature_description":"A structure in which high voltage electricity supply is converted, controlled or transformed","status":"Operational","voltage_kv":132,"locality":"PORT KEMBLA","state":"NSW","feature_source":"Esri World Imagery","feature_source_date":null,"attribute_source":"Open Street Map","attribute_source_date":1453593600000,"spatial_confidence":5,"latitude":-34.47264691,"longitude":150.89999392000001,"created_date":1707696000000,"last_edited_on":1763510400000,"globalid":"{77777AB6-0656-4F74-8642-C2EBC22D47D1}"}},{"type":"Feature","id":1806,"geometry":{"type":"Point","coordinates":[148.5863159800001,-36.33879161799996]},"properties":{"objectid":1806,"feature_type":"Substation","feature_subtype":"Zone","feature_name":"Jindabyne Pumping Station","feature_description":"A structure in which high voltage electricity supply is converted, controlled or transformed","status":"Operational","voltage_kv":132,"locality":"CREEL BAY","state":"NSW","feature_source":"Esri World Imagery","feature_source_date":null,"attribute_source":"Open Street Map","attribute_source_date":1521763200000,"spatial_confidence":5,"latitude":-36.33879162,"longitude":148.58631598,"created_date":1701734400000,"last_edited_on":1763510400000,"globalid":"{18E8E3F9-5A27-4877-A7E1-F97AE557F12C}"}},{"type":"Feature","id":1807,"geometry":{"type":"Point","coordinates":[147.59102253800006,-34.86165580699998]},"properties":{"objectid":1807,"feature_type":"Substation","feature_subtype":"Zone","feature_name":"Junee","feature_description":"A structure in which high voltage electricity supply is converted, controlled or transformed","status":"Operational","voltage_kv":132,"locality":"JUNEE","state":"NSW","feature_source":"Esri World Imagery","feature_source_date":null,"attribute_source":"Open Street Map","attribute_source_date":1717632000000,"spatial_confidence":5,"latitude":-34.86165581,"longitude":147.59102254,"created_date":1695513600000,"last_edited_on":1763510400000,"globalid":"{59CC90D7-E5C5-465E-A1F1-8FED1F0FB3A3}"}},{"type":"Feature","id":1808,"geometry":{"type":"Point","coordinates":[149.05272622300004,-35.01621444199998]},"properties":{"objectid":1808,"feature_type":"Substation","feature_subtype":"Zone","feature_name":"Murrumbateman","feature_description":"A structure in which high voltage electricity supply is converted, controlled or transformed","status":"Operational","voltage_kv":132,"locality":"MURRUMBATEMAN","state":"NSW","feature_source":"Esri World Imagery","feature_source_date":null,"attribute_source":"Open Street Map","attribute_source_date":1560556800000,"spatial_confidence":5,"latitude":-35.01621444,"longitude":149.05272621999998,"created_date":1700179200000,"last_edited_on":1763510400000,"globalid":"{2114ECAA-9B16-44C4-AD46-55DA0389F6B2}"}},{"type":"Feature","id":1810,"geometry":{"type":"Point","coordinates":[151.61639755600004,-30.625189545999945]},"properties":{"objectid":1810,"feature_type":"Substation","feature_subtype":"Zone","feature_name":"Uralla","feature_description":"A structure in which high voltage electricity supply is converted, controlled or transformed","status":"Operational","voltage_kv":330,"locality":"URALLA","state":"NSW","feature_source":"Esri World Imagery","feature_source_date":null,"attribute_source":"Open Street Map","attribute_source_date":1718582400000,"spatial_confidence":5,"latitude":-30.625189549999998,"longitude":151.61639756,"created_date":1685145600000,"last_edited_on":1771459200000,"globalid":"{2CAA672D-8706-4292-AE4E-365C121F1557}"}},{"type":"Feature","id":1811,"geometry":{"type":"Point","coordinates":[149.01177910100012,-34.768294485999945]},"properties":{"objectid":1811,"feature_type":"Substation","feature_subtype":"Zone","feature_name":"Rye Park","feature_description":"A structure in which high voltage electricity supply is converted, controlled or transformed","status":"Operational","voltage_kv":330,"locality":"BANGO","state":"NSW","feature_source":"Esri World Imagery","feature_source_date":null,"attribute_source":"Open Street Map","attribute_source_date":1721174400000,"spatial_confidence":5,"latitude":-34.76829449,"longitude":149.01177909999998,"created_date":1700179200000,"last_edited_on":1772064000000,"globalid":"{5D0C2C31-98E0-4802-AC2F-CB0165D21C37}"}},{"type":"Feature","id":1812,"geometry":{"type":"Point","coordinates":[148.955355176,-34.55091780299995]},"properties":{"objectid":1812,"feature_type":"Substation","feature_subtype":"Zone","feature_name":"Rye Park North","feature_description":"A structure in which high voltage electricity supply is converted, controlled or transformed","status":"Operational","voltage_kv":330,"locality":"RYE PARK","state":"NSW","feature_source":"Esri World Imagery","feature_source_date":null,"attribute_source":"Open Street Map","attribute_source_date":1682985600000,"spatial_confidence":5,"latitude":-34.5509178,"longitude":148.95535518,"created_date":1700179200000,"last_edited_on":1772064000000,"globalid":"{F49FEC1C-C450-44BA-B2E7-DA9C7A466BA2}"}},{"type":"Feature","id":1813,"geometry":{"type":"Point","coordinates":[149.60958596800003,-34.55685824799997]},"properties":{"objectid":1813,"feature_type":"Substation","feature_subtype":"Zone","feature_name":"Crookwell 2","feature_description":"A structure in which high voltage electricity supply is converted, controlled or transformed","status":"Operational","voltage_kv":330,"locality":"WOODHOUSELEE","state":"NSW","feature_source":"Esri World Imagery","feature_source_date":null,"attribute_source":"Open Street Map","attribute_source_date":1721174400000,"spatial_confidence":5,"latitude":-34.556858250000005,"longitude":149.60958596999998,"created_date":1680134400000,"last_edited_on":1772064000000,"globalid":"{0F15E04B-6D11-49D7-9585-5CDF8B193084}"}},{"type":"Feature","id":1842,"geometry":{"type":"Point","coordinates":[148.82914492700002,-34.56524872899996]},"properties":{"objectid":1842,"feature_type":"Substation","feature_subtype":"Zone","feature_name":"Bango Wind Farm","feature_description":"A structure in which high voltage electricity supply is converted, controlled or transformed","status":"Operational","voltage_kv":132,"locality":"KANGIARA","state":"NSW","feature_source":"Esri World Imagery","feature_source_date":null,"attribute_source":"Open Street Map","attribute_source_date":1721433600000,"spatial_confidence":5,"latitude":-34.56524873,"longitude":148.82914493,"created_date":1699747200000,"last_edited_on":1772064000000,"globalid":"{736818B5-5F4C-4DCF-84D6-0737F3A42FFE}"}},{"type":"Feature","id":1845,"geometry":{"type":"Point","coordinates":[150.1160238870001,-32.41432995499997]},"properties":{"objectid":1845,"feature_type":"Substation","feature_subtype":"Zone","feature_name":"Bylong","feature_description":"A structure in which high voltage electricity supply is converted, controlled or transformed","status":"Operational","voltage_kv":66,"locality":"BYLONG","state":"NSW","feature_source":"Esri World Imagery","feature_source_date":null,"attribute_source":"Open Street Map","attribute_source_date":1647561600000,"spatial_confidence":5,"latitude":-32.414329959999996,"longitude":150.11602389,"created_date":1683676800000,"last_edited_on":1763510400000,"globalid":"{4CEA359A-538B-4EE3-8072-590F6814D257}"}},{"type":"Feature","id":1846,"geometry":{"type":"Point","coordinates":[150.2425829560001,-33.46303520399994]},"properties":{"objectid":1846,"feature_type":"Substation","feature_subtype":"Zone","feature_name":"Clarence Mine","feature_description":"A structure in which high voltage electricity supply is converted, controlled or transformed","status":"Operational","voltage_kv":66,"locality":"CLARENCE","state":"NSW","feature_source":"Esri World Imagery","feature_source_date":null,"attribute_source":"Open Street Map","attribute_source_date":1672185600000,"spatial_confidence":5,"latitude":-33.4630352,"longitude":150.24258296,"created_date":1683244800000,"last_edited_on":1763510400000,"globalid":"{5F5FF93E-E14A-4714-A61B-96CFCCB7EA18}"}},{"type":"Feature","id":1847,"geometry":{"type":"Point","coordinates":[150.25216871800012,-33.47849363699993]},"properties":{"objectid":1847,"feature_type":"Substation","feature_subtype":"Zone","feature_name":"Newnes Junction","feature_description":"A structure in which high voltage electricity supply is converted, controlled or transformed","status":"Operational","voltage_kv":66,"locality":"DARGAN","state":"NSW","feature_source":"Esri World Imagery","feature_source_date":null,"attribute_source":"Open Street Map","attribute_source_date":1665792000000,"spatial_confidence":5,"latitude":-33.47849364,"longitude":150.25216872000001,"created_date":1683244800000,"last_edited_on":1763510400000,"globalid":"{E830269E-8BE9-45C2-80F9-CD9A444942D7}"}},{"type":"Feature","id":1848,"geometry":{"type":"Point","coordinates":[150.2571118720001,-33.59043914799997]},"properties":{"objectid":1848,"feature_type":"Substation","feature_subtype":"Zone","feature_name":"Mount Victoria","feature_description":"A structure in which high voltage electricity supply is converted, controlled or transformed","status":"Operational","voltage_kv":66,"locality":"MOUNT VICTORIA","state":"NSW","feature_source":"Esri World Imagery","feature_source_date":null,"attribute_source":"Open Street Map","attribute_source_date":1665792000000,"spatial_confidence":5,"latitude":-33.59043915,"longitude":150.25711187000002,"created_date":1683244800000,"last_edited_on":1763510400000,"globalid":"{0E211518-F277-44EF-A1BD-93226495D9EF}"}},{"type":"Feature","id":1854,"geometry":{"type":"Point","coordinates":[148.6542737750001,-31.70914552499994]},"properties":{"objectid":1854,"feature_type":"Substation","feature_subtype":"Substation","feature_name":"Gilgandra ZS","feature_description":"A structure in which high voltage electricity supply is converted, controlled or transformed","status":"Operational","voltage_kv":66,"locality":"GILGANDRA","state":"NSW","feature_source":"Esri World Imagery","feature_source_date":null,"attribute_source":"Open Street Map","attribute_source_date":1650499200000,"spatial_confidence":5,"latitude":-31.70914552,"longitude":148.65427378,"created_date":1650499200000,"last_edited_on":1763510400000,"globalid":"{1E11E622-7DA1-4F18-884D-9B18BFBC47E0}"}},{"type":"Feature","id":1855,"geometry":{"type":"Point","coordinates":[149.28596206100008,-31.280732283999953]},"properties":{"objectid":1855,"feature_type":"Substation","feature_subtype":"Substation","feature_name":"Coonabarabran ZS","feature_description":"A structure in which high voltage electricity supply is converted, controlled or transformed","status":"Operational","voltage_kv":66,"locality":"COONABARABRAN","state":"NSW","feature_source":"Esri World Imagery","feature_source_date":null,"attribute_source":"Open Street Map","attribute_source_date":1650585600000,"spatial_confidence":5,"latitude":-31.28073228,"longitude":149.28596206,"created_date":1704240000000,"last_edited_on":1763510400000,"globalid":"{F580E97A-132A-40B9-ABA6-95312E662981}"}},{"type":"Feature","id":1856,"geometry":{"type":"Point","coordinates":[149.05294904000004,-33.51771622399997]},"properties":{"objectid":1856,"feature_type":"Substation","feature_subtype":"Sole Use","feature_name":"Errowanbang","feature_description":"A structure in which high voltage electricity supply is converted, controlled or transformed","status":"Operational","voltage_kv":132,"locality":"ERROWANBANG","state":"NSW","feature_source":"Esri World Imagery","feature_source_date":null,"attribute_source":"Open Street Map","attribute_source_date":1721088000000,"spatial_confidence":5,"latitude":-33.51771622,"longitude":149.05294904,"created_date":1700265600000,"last_edited_on":1763510400000,"globalid":"{DFC7D143-01E0-4776-B99C-71FFDFC9D49B}"}},{"type":"Feature","id":1857,"geometry":{"type":"Point","coordinates":[149.400242455,-32.01063073599994]},"properties":{"objectid":1857,"feature_type":"Substation","feature_subtype":"Substation","feature_name":"Dunedoo ZS","feature_description":"A structure in which high voltage electricity supply is converted, controlled or transformed","status":"Operational","voltage_kv":66,"locality":"DUNEDOO","state":"NSW","feature_source":"Esri World Imagery","feature_source_date":null,"attribute_source":"Open Street Map","attribute_source_date":1650585600000,"spatial_confidence":5,"latitude":-32.010630739999996,"longitude":149.40024246000002,"created_date":1682553600000,"last_edited_on":1763510400000,"globalid":"{DE15D8E7-FB1B-4129-A5F5-227D37639F93}"}},{"type":"Feature","id":1865,"geometry":{"type":"Point","coordinates":[145.81109999600005,-35.06178942199995]},"properties":{"objectid":1865,"feature_type":"Substation","feature_subtype":"Substation","feature_name":"Dinawan","feature_description":"A structure in which high voltage electricity supply is converted, controlled or transformed","status":"Under Construction","voltage_kv":500,"locality":"BUNDURE","state":"NSW","feature_source":"Transgrid","feature_source_date":null,"attribute_source":"Transgrid","attribute_source_date":1748736000000,"spatial_confidence":3,"latitude":-35.061789420000004,"longitude":145.8111,"created_date":1748736000000,"last_edited_on":1771372800000,"globalid":"{B48560FD-F9E2-4245-AB45-4FA06BF009BA}"}},{"type":"Feature","id":1866,"geometry":{"type":"Point","coordinates":[151.71285630900002,-32.816907871999945]},"properties":{"objectid":1866,"feature_type":"Substation","feature_subtype":"Bulk Supply Point","feature_name":"Tomago","feature_description":"A structure in which high voltage electricity supply is converted, controlled or transformed","status":"Operational","voltage_kv":132,"locality":"TOMAGO","state":"NSW","feature_source":"Esri World Imagery","feature_source_date":1776038400000,"attribute_source":"Transgrid","attribute_source_date":1754006400000,"spatial_confidence":5,"latitude":-32.816907869999994,"longitude":151.71285630999998,"created_date":1776038400000,"last_edited_on":1776124800000,"globalid":"{C4ECF033-72B9-42EC-8772-732896FA5626}"}}],"name":"Geoscience Australia Substations 2026 \u2014 NSW"}