{"type":"FeatureCollection","features":[{"type":"Feature","id":10,"geometry":{"type":"Polygon","coordinates":[[[151.6769,-30.4877],[151.6786,-30.4856],[151.6707,-30.4846],[151.6703,-30.4867],[151.6584,-30.4851],[151.6566,-30.4897],[151.6537,-30.4908],[151.6516,-30.493],[151.6461,-30.4915],[151.647,-30.4863],[151.6465,-30.4816],[151.6378,-30.4804],[151.6347,-30.4982],[151.6365,-30.5],[151.6356,-30.5047],[151.6376,-30.5055],[151.6341,-30.524],[151.636,-30.5234],[151.6367,-30.5251],[151.6399,-30.5247],[151.6437,-30.5265],[151.6427,-30.5282],[151.6447,-30.5291],[151.6443,-30.5297],[151.6517,-30.5319],[151.6491,-30.5388],[151.6531,-30.5399],[151.6548,-30.5353],[151.6561,-30.5356],[151.657,-30.5333],[151.6647,-30.5355],[151.6641,-30.5289],[151.6662,-30.5295],[151.6669,-30.5276],[151.6713,-30.5289],[151.6697,-30.5332],[151.674,-30.5344],[151.6727,-30.5387],[151.6681,-30.5374],[151.6663,-30.5425],[151.6887,-30.5458],[151.6899,-30.5395],[151.6945,-30.5399],[151.6912,-30.5367],[151.6951,-30.5338],[151.6919,-30.5315],[151.6929,-30.5288],[151.6914,-30.5284],[151.6929,-30.5244],[151.6889,-30.5232],[151.6903,-30.5192],[151.6911,-30.5197],[151.6958,-30.5071],[151.6949,-30.5054],[151.6959,-30.5048],[151.6956,-30.5014],[151.6978,-30.4952],[151.6889,-30.4926],[151.6895,-30.492],[151.6894,-30.4893],[151.6769,-30.4877]]]},"properties":{"objectid":10,"ucl_code_2021":"112001","ucl_name_2021":"Armidale","sosr_code_2021":"112","sosr_name_2021":"20,000 to 49,999","sos_code_2021":"11","sos_name_2021":"Other Urban","state_code_2021":"1","state_name_2021":"New South Wales","aus_code_2021":"AUS","aus_name_2021":"Australia","area_albers_sqkm":30.2163,"asgs_loci_uri_2021":"https://linked.data.gov.au/dataset/asgsed3/UCL/112001","Shape__Length":38129.726718345,"Shape__Area":40844077.41801797}},{"type":"Feature","id":27,"geometry":{"type":"Polygon","coordinates":[[[150.9261,-31.1211],[150.927,-31.1186],[150.9267,-31.1174],[150.9255,-31.1172],[150.9256,-31.1157],[150.9265,-31.1157],[150.9263,-31.1112],[150.9278,-31.1106],[150.9274,-31.1033],[150.9387,-31.1007],[150.9489,-31.106],[150.9501,-31.1075],[150.9514,-31.1075],[150.9548,-31.1105],[150.9536,-31.1128],[150.955,-31.1155],[150.9579,-31.1155],[150.9619,-31.1182],[150.9625,-31.1196],[150.9648,-31.1194],[150.966,-31.1127],[150.9629,-31.1148],[150.9554,-31.1087],[150.9557,-31.1074],[150.9525,-31.1031],[150.9521,-31.0993],[150.9468,-31.0974],[150.9486,-31.0906],[150.9539,-31.0913],[150.9565,-31.0771],[150.9449,-31.0755],[150.9454,-31.0729],[150.9425,-31.0733],[150.9426,-31.0722],[150.9419,-31.0721],[150.9408,-31.075],[150.9368,-31.0742],[150.9366,-31.0728],[150.9354,-31.0744],[150.9269,-31.073],[150.9276,-31.0695],[150.9257,-31.0692],[150.9215,-31.0722],[150.92,-31.072],[150.9204,-31.0689],[150.9188,-31.0678],[150.9192,-31.0689],[150.9137,-31.0681],[150.9076,-31.0627],[150.9071,-31.0607],[150.9052,-31.0591],[150.9044,-31.0571],[150.8957,-31.0539],[150.8932,-31.0557],[150.8925,-31.0551],[150.8902,-31.0559],[150.8899,-31.0571],[150.8947,-31.0667],[150.8977,-31.0675],[150.8964,-31.0688],[150.8967,-31.0704],[150.9021,-31.0722],[150.9039,-31.0752],[150.9081,-31.0766],[150.9105,-31.0784],[150.9133,-31.0787],[150.9141,-31.0802],[150.9137,-31.0834],[150.9124,-31.0837],[150.9107,-31.0828],[150.9076,-31.0836],[150.9001,-31.0829],[150.8985,-31.0913],[150.8953,-31.0908],[150.8935,-31.092],[150.8885,-31.0901],[150.8746,-31.0819],[150.8724,-31.0948],[150.8765,-31.0954],[150.8754,-31.1009],[150.8781,-31.1013],[150.8778,-31.1019],[150.8816,-31.1055],[150.8843,-31.1059],[150.8839,-31.1077],[150.8874,-31.1088],[150.8887,-31.1111],[150.8866,-31.1169],[150.8881,-31.1193],[150.89,-31.1196],[150.8815,-31.1308],[150.9037,-31.1339],[150.9021,-31.1414],[150.9225,-31.1446],[150.9239,-31.1241],[150.9255,-31.1241],[150.9261,-31.1211]]]},"properties":{"objectid":27,"ucl_code_2021":"112018","ucl_name_2021":"Tamworth","sosr_code_2021":"112","sosr_name_2021":"20,000 to 49,999","sos_code_2021":"11","sos_name_2021":"Other Urban","state_code_2021":"1","state_name_2021":"New South Wales","aus_code_2021":"AUS","aus_name_2021":"Australia","area_albers_sqkm":38.2173,"asgs_loci_uri_2021":"https://linked.data.gov.au/dataset/asgsed3/UCL/112018","Shape__Length":56745.50924991435,"Shape__Area":52288979.49696588}},{"type":"Feature","id":57,"geometry":{"type":"Polygon","coordinates":[[[151.7299,-29.7252],[151.7309,-29.7223],[151.7287,-29.722],[151.7284,-29.7234],[151.7262,-29.7231],[151.7259,-29.7247],[151.7236,-29.7243],[151.7174,-29.7194],[151.7173,-29.7219],[151.7126,-29.722],[151.7104,-29.7236],[151.7115,-29.7261],[151.71,-29.7271],[151.7111,-29.7297],[151.7105,-29.7318],[151.7085,-29.7322],[151.7078,-29.7339],[151.7049,-29.7356],[151.7103,-29.7408],[151.7116,-29.7398],[151.7227,-29.7413],[151.7206,-29.747],[151.7228,-29.7473],[151.7218,-29.7493],[151.7234,-29.7496],[151.7249,-29.7493],[151.7249,-29.7486],[151.7261,-29.7488],[151.7275,-29.7479],[151.7273,-29.7468],[151.7279,-29.7465],[151.7308,-29.7526],[151.7425,-29.754],[151.7573,-29.7385],[151.7554,-29.7384],[151.7552,-29.7396],[151.7514,-29.7391],[151.7559,-29.7359],[151.7432,-29.7342],[151.7445,-29.7273],[151.7299,-29.7252]]]},"properties":{"objectid":57,"ucl_code_2021":"114011","ucl_name_2021":"Glen Innes","sosr_code_2021":"114","sosr_name_2021":"5,000 to 9,999","sos_code_2021":"11","sos_name_2021":"Other Urban","state_code_2021":"1","state_name_2021":"New South Wales","aus_code_2021":"AUS","aus_name_2021":"Australia","area_albers_sqkm":10.123,"asgs_loci_uri_2021":"https://linked.data.gov.au/dataset/asgsed3/UCL/114011","Shape__Length":20729.46250484589,"Shape__Area":13472634.87140137}},{"type":"Feature","id":59,"geometry":{"type":"Polygon","coordinates":[[[150.2674,-30.9909],[150.2683,-30.9865],[150.2722,-30.987],[150.2758,-30.9888],[150.2776,-30.9906],[150.2811,-30.9911],[150.2811,-30.988],[150.2825,-30.9845],[150.281,-30.9785],[150.2834,-30.9732],[150.2835,-30.971],[150.2818,-30.9697],[150.281,-30.9714],[150.2789,-30.9707],[150.2771,-30.9717],[150.2752,-30.9715],[150.2751,-30.9685],[150.2738,-30.9679],[150.2716,-30.9681],[150.2722,-30.9712],[150.2697,-30.9725],[150.2673,-30.9723],[150.2661,-30.9695],[150.2644,-30.9684],[150.2619,-30.9692],[150.2613,-30.9713],[150.2564,-30.9718],[150.258,-30.9633],[150.2559,-30.9588],[150.2569,-30.959],[150.2586,-30.9494],[150.2566,-30.9472],[150.2497,-30.9462],[150.2506,-30.9452],[150.2501,-30.9442],[150.2515,-30.9365],[150.2253,-30.9329],[150.2238,-30.9406],[150.2144,-30.9322],[150.2118,-30.9267],[150.2108,-30.9276],[150.205,-30.9268],[150.2043,-30.9273],[150.2025,-30.9314],[150.203,-30.9358],[150.2042,-30.9371],[150.202,-30.9387],[150.2027,-30.9401],[150.1979,-30.9512],[150.2256,-30.9649],[150.2229,-30.9836],[150.2298,-30.9816],[150.2306,-30.9834],[150.2299,-30.9842],[150.2323,-30.9845],[150.2327,-30.9825],[150.2344,-30.9828],[150.2337,-30.9863],[150.2363,-30.9867],[150.2331,-30.9923],[150.2309,-31.0005],[150.2331,-31.0008],[150.2325,-31.0026],[150.2424,-31.0041],[150.2436,-31.0036],[150.244,-31.0018],[150.2475,-31.0023],[150.2477,-30.9989],[150.2492,-30.999],[150.2501,-30.9977],[150.253,-30.998],[150.2523,-31.0016],[150.265,-31.0035],[150.2657,-31.0],[150.2686,-30.9983],[150.2688,-30.9973],[150.2661,-30.9969],[150.2659,-30.9978],[150.2619,-30.9972],[150.2629,-30.9923],[150.267,-30.9929],[150.2674,-30.9909]]]},"properties":{"objectid":59,"ucl_code_2021":"114013","ucl_name_2021":"Gunnedah","sosr_code_2021":"114","sosr_name_2021":"5,000 to 9,999","sos_code_2021":"11","sos_name_2021":"Other Urban","state_code_2021":"1","state_name_2021":"New South Wales","aus_code_2021":"AUS","aus_name_2021":"Australia","area_albers_sqkm":33.352,"asgs_loci_uri_2021":"https://linked.data.gov.au/dataset/asgsed3/UCL/114013","Shape__Length":45618.400283507406,"Shape__Area":45505087.64564951}},{"type":"Feature","id":61,"geometry":{"type":"Polygon","coordinates":[[[151.1395,-29.7791],[151.1396,-29.7782],[151.1331,-29.7777],[151.1336,-29.7751],[151.1314,-29.7748],[151.1324,-29.7695],[151.1311,-29.7693],[151.1322,-29.7635],[151.1375,-29.7642],[151.1387,-29.7574],[151.1428,-29.7579],[151.1436,-29.753],[151.1363,-29.752],[151.1331,-29.7566],[151.1298,-29.7579],[151.1251,-29.7574],[151.1246,-29.7581],[151.1251,-29.7611],[151.1221,-29.7643],[151.1118,-29.7619],[151.1038,-29.7649],[151.0942,-29.7645],[151.0928,-29.7693],[151.0869,-29.7684],[151.086,-29.7738],[151.0883,-29.7741],[151.0883,-29.775],[151.0908,-29.7766],[151.0875,-29.7966],[151.0899,-29.7976],[151.0897,-29.7983],[151.0984,-29.7993],[151.0982,-29.8007],[151.1022,-29.8012],[151.102,-29.8019],[151.1284,-29.8052],[151.1302,-29.8048],[151.1321,-29.802],[151.1289,-29.8006],[151.1304,-29.7974],[151.129,-29.7933],[151.1371,-29.7922],[151.1395,-29.7791]]]},"properties":{"objectid":61,"ucl_code_2021":"114015","ucl_name_2021":"Inverell","sosr_code_2021":"114","sosr_name_2021":"5,000 to 9,999","sos_code_2021":"11","sos_name_2021":"Other Urban","state_code_2021":"1","state_name_2021":"New South Wales","aus_code_2021":"AUS","aus_name_2021":"Australia","area_albers_sqkm":19.9113,"asgs_loci_uri_2021":"https://linked.data.gov.au/dataset/asgsed3/UCL/114015","Shape__Length":27657.668045396615,"Shape__Area":26522498.960986026}},{"type":"Feature","id":94,"geometry":{"type":"Polygon","coordinates":[[[150.6136,-30.3768],[150.6139,-30.3725],[150.6111,-30.3715],[150.6072,-30.3742],[150.6041,-30.3786],[150.5986,-30.38],[150.5965,-30.3907],[150.6164,-30.3934],[150.6171,-30.3897],[150.6142,-30.3884],[150.614,-30.3889],[150.611,-30.3885],[150.6136,-30.3768]]]},"properties":{"objectid":94,"ucl_code_2021":"115010","ucl_name_2021":"Barraba","sosr_code_2021":"115","sosr_name_2021":"4,999 or less","sos_code_2021":"11","sos_name_2021":"Other Urban","state_code_2021":"1","state_name_2021":"New South Wales","aus_code_2021":"AUS","aus_name_2021":"Australia","area_albers_sqkm":2.6989,"asgs_loci_uri_2021":"https://linked.data.gov.au/dataset/asgsed3/UCL/115010","Shape__Length":9494.624764651191,"Shape__Area":3638612.919892055}},{"type":"Feature","id":102,"geometry":{"type":"Polygon","coordinates":[[[150.5753,-29.8645],[150.5747,-29.863],[150.5696,-29.8632],[150.5663,-29.8643],[150.5634,-29.8639],[150.5605,-29.862],[150.56,-29.8603],[150.5553,-29.8598],[150.5536,-29.8701],[150.5517,-29.8698],[150.5506,-29.8752],[150.5706,-29.878],[150.5754,-29.8766],[150.5769,-29.8787],[150.5812,-29.8785],[150.581,-29.8764],[150.578,-29.8754],[150.5768,-29.8732],[150.5744,-29.8722],[150.5739,-29.8701],[150.575,-29.8695],[150.5751,-29.8707],[150.5767,-29.8718],[150.5776,-29.8692],[150.5798,-29.8695],[150.5794,-29.8663],[150.58,-29.8631],[150.5753,-29.8645]]]},"properties":{"objectid":102,"ucl_code_2021":"115018","ucl_name_2021":"Bingara","sosr_code_2021":"115","sosr_name_2021":"4,999 or less","sos_code_2021":"11","sos_name_2021":"Other Urban","state_code_2021":"1","state_name_2021":"New South Wales","aus_code_2021":"AUS","aus_name_2021":"Australia","area_albers_sqkm":3.9256,"asgs_loci_uri_2021":"https://linked.data.gov.au/dataset/asgsed3/UCL/115018","Shape__Length":12789.917297385622,"Shape__Area":5238055.194375895}},{"type":"Feature","id":119,"geometry":{"type":"Polygon","coordinates":[[[150.9402,-31.1243],[150.9366,-31.1228],[150.9356,-31.1246],[150.938,-31.126],[150.9378,-31.1283],[150.9366,-31.1282],[150.9382,-31.1321],[150.9446,-31.133],[150.9442,-31.1352],[150.9454,-31.1346],[150.95,-31.1414],[150.9486,-31.1445],[150.9563,-31.1457],[150.9618,-31.1361],[150.9611,-31.1358],[150.9627,-31.1329],[150.9598,-31.1311],[150.9595,-31.1316],[150.9555,-31.1305],[150.9481,-31.1268],[150.9452,-31.1237],[150.9467,-31.1211],[150.9435,-31.1184],[150.9402,-31.1243]]]},"properties":{"objectid":119,"ucl_code_2021":"115035","ucl_name_2021":"Calala","sosr_code_2021":"115","sosr_name_2021":"4,999 or less","sos_code_2021":"11","sos_name_2021":"Other Urban","state_code_2021":"1","state_name_2021":"New South Wales","aus_code_2021":"AUS","aus_name_2021":"Australia","area_albers_sqkm":3.2268,"asgs_loci_uri_2021":"https://linked.data.gov.au/dataset/asgsed3/UCL/115035","Shape__Length":11747.38499203706,"Shape__Area":4417980.304042815}},{"type":"Feature","id":158,"geometry":{"type":"Polygon","coordinates":[[[151.6785,-30.2119],[151.6742,-30.2105],[151.6752,-30.2054],[151.6643,-30.2039],[151.6623,-30.2153],[151.6564,-30.2146],[151.6556,-30.2198],[151.6544,-30.2196],[151.6537,-30.2231],[151.658,-30.2214],[151.6607,-30.2233],[151.6607,-30.2244],[151.6616,-30.2234],[151.6612,-30.22],[151.6633,-30.2186],[151.6639,-30.2201],[151.6658,-30.2199],[151.6668,-30.221],[151.6678,-30.2264],[151.6686,-30.2269],[151.6684,-30.229],[151.6652,-30.2406],[151.6683,-30.241],[151.667,-30.2466],[151.6683,-30.2473],[151.6702,-30.2472],[151.6754,-30.2518],[151.6769,-30.2515],[151.681,-30.2288],[151.6871,-30.2264],[151.6883,-30.2193],[151.6838,-30.2186],[151.6848,-30.2129],[151.6785,-30.2119]]]},"properties":{"objectid":158,"ucl_code_2021":"115074","ucl_name_2021":"Guyra","sosr_code_2021":"115","sosr_name_2021":"4,999 or less","sos_code_2021":"11","sos_name_2021":"Other Urban","state_code_2021":"1","state_name_2021":"New South Wales","aus_code_2021":"AUS","aus_name_2021":"Australia","area_albers_sqkm":7.7244,"asgs_loci_uri_2021":"https://linked.data.gov.au/dataset/asgsed3/UCL/115074","Shape__Length":20348.979770669328,"Shape__Area":10380775.46458481}},{"type":"Feature","id":176,"geometry":{"type":"Polygon","coordinates":[[[151.0567,-31.0585],[151.062,-31.056],[151.0609,-31.0478],[151.0612,-31.0459],[151.0655,-31.046],[151.0672,-31.0452],[151.0663,-31.0432],[151.0645,-31.0436],[151.063,-31.0423],[151.0619,-31.0438],[151.057,-31.0421],[151.0517,-31.0505],[151.0461,-31.0568],[151.0476,-31.057],[151.0461,-31.0646],[151.0473,-31.0656],[151.0517,-31.061],[151.0531,-31.0622],[151.0529,-31.0638],[151.0535,-31.0636],[151.0573,-31.0604],[151.0567,-31.0585]]]},"properties":{"objectid":176,"ucl_code_2021":"115092","ucl_name_2021":"Kootingal","sosr_code_2021":"115","sosr_name_2021":"4,999 or less","sos_code_2021":"11","sos_name_2021":"Other Urban","state_code_2021":"1","state_name_2021":"New South Wales","aus_code_2021":"AUS","aus_name_2021":"Australia","area_albers_sqkm":2.2163,"asgs_loci_uri_2021":"https://linked.data.gov.au/dataset/asgsed3/UCL/115092","Shape__Length":10105.21322444858,"Shape__Area":3029601.65791185}},{"type":"Feature","id":186,"geometry":{"type":"Polygon","coordinates":[[[150.7306,-30.7574],[150.7345,-30.7582],[150.7319,-30.7559],[150.7307,-30.7557],[150.7336,-30.7445],[150.7352,-30.7445],[150.7339,-30.7416],[150.7246,-30.7438],[150.7181,-30.7429],[150.7172,-30.7388],[150.7203,-30.7379],[150.719,-30.735],[150.7168,-30.7357],[150.7164,-30.7347],[150.7121,-30.736],[150.7157,-30.7442],[150.7149,-30.7465],[150.7167,-30.7556],[150.7198,-30.756],[150.7197,-30.7592],[150.7287,-30.7606],[150.729,-30.7586],[150.7275,-30.7571],[150.7306,-30.7574]]]},"properties":{"objectid":186,"ucl_code_2021":"115102","ucl_name_2021":"Manilla","sosr_code_2021":"115","sosr_name_2021":"4,999 or less","sos_code_2021":"11","sos_name_2021":"Other Urban","state_code_2021":"1","state_name_2021":"New South Wales","aus_code_2021":"AUS","aus_name_2021":"Australia","area_albers_sqkm":3.2074,"asgs_loci_uri_2021":"https://linked.data.gov.au/dataset/asgsed3/UCL/115102","Shape__Length":12535.863096257597,"Shape__Area":4356202.591091065}},{"type":"Feature","id":206,"geometry":{"type":"Polygon","coordinates":[[[150.688,-31.4967],[150.6831,-31.4959],[150.6824,-31.4869],[150.6768,-31.4883],[150.672,-31.482],[150.6712,-31.4827],[150.6706,-31.4902],[150.6718,-31.4905],[150.6709,-31.4935],[150.6717,-31.4936],[150.6711,-31.4974],[150.6635,-31.4963],[150.6635,-31.501],[150.6643,-31.5029],[150.6655,-31.5029],[150.6666,-31.5004],[150.6695,-31.501],[150.6678,-31.5111],[150.6695,-31.5113],[150.6687,-31.5154],[150.667,-31.5151],[150.6661,-31.5169],[150.6667,-31.5194],[150.6687,-31.5201],[150.6682,-31.5221],[150.677,-31.5237],[150.6767,-31.5251],[150.6792,-31.5256],[150.6796,-31.5263],[150.6811,-31.5256],[150.6827,-31.528],[150.6879,-31.5273],[150.6878,-31.5257],[150.6886,-31.5257],[150.6892,-31.5231],[150.6972,-31.5243],[150.6986,-31.5173],[150.6976,-31.5172],[150.6996,-31.5072],[150.6981,-31.5095],[150.6922,-31.5102],[150.6927,-31.5082],[150.6918,-31.508],[150.6924,-31.5055],[150.6934,-31.5041],[150.6946,-31.504],[150.6958,-31.4979],[150.6931,-31.4978],[150.6909,-31.495],[150.688,-31.4967]]]},"properties":{"objectid":206,"ucl_code_2021":"115122","ucl_name_2021":"Quirindi","sosr_code_2021":"115","sosr_name_2021":"4,999 or less","sos_code_2021":"11","sos_name_2021":"Other Urban","state_code_2021":"1","state_name_2021":"New South Wales","aus_code_2021":"AUS","aus_name_2021":"Australia","area_albers_sqkm":9.78,"asgs_loci_uri_2021":"https://linked.data.gov.au/dataset/asgsed3/UCL/115122","Shape__Length":22478.39941766421,"Shape__Area":13496272.122812625}},{"type":"Feature","id":227,"geometry":{"type":"Polygon","coordinates":[[[151.4999,-30.6483],[151.5022,-30.6484],[151.5028,-30.6503],[151.516,-30.6522],[151.5164,-30.6492],[151.5123,-30.647],[151.5134,-30.6376],[151.5171,-30.6344],[151.5099,-30.6333],[151.5092,-30.6317],[151.5078,-30.6344],[151.5008,-30.6334],[151.4996,-30.6341],[151.4993,-30.6316],[151.4968,-30.6325],[151.4983,-30.6342],[151.4976,-30.6347],[151.498,-30.6352],[151.4939,-30.6371],[151.4903,-30.6361],[151.4907,-30.6338],[151.4892,-30.6298],[151.4858,-30.6295],[151.4853,-30.6323],[151.4836,-30.632],[151.4818,-30.6331],[151.4796,-30.6296],[151.4781,-30.6289],[151.4732,-30.6291],[151.4735,-30.6332],[151.4684,-30.6412],[151.4723,-30.6428],[151.4761,-30.6434],[151.4778,-30.6451],[151.4787,-30.6484],[151.4773,-30.6482],[151.477,-30.65],[151.4801,-30.6504],[151.4828,-30.6489],[151.4883,-30.6497],[151.4876,-30.6515],[151.4908,-30.6519],[151.4885,-30.658],[151.4943,-30.659],[151.4948,-30.6552],[151.4977,-30.6556],[151.4978,-30.6525],[151.5004,-30.6529],[151.4999,-30.6483]]]},"properties":{"objectid":227,"ucl_code_2021":"115143","ucl_name_2021":"Uralla","sosr_code_2021":"115","sosr_name_2021":"4,999 or less","sos_code_2021":"11","sos_name_2021":"Other Urban","state_code_2021":"1","state_name_2021":"New South Wales","aus_code_2021":"AUS","aus_name_2021":"Australia","area_albers_sqkm":8.2332,"asgs_loci_uri_2021":"https://linked.data.gov.au/dataset/asgsed3/UCL/115143","Shape__Length":22154.356650519203,"Shape__Area":11158650.80674449}},{"type":"Feature","id":232,"geometry":{"type":"Polygon","coordinates":[[[151.606,-30.9892],[151.6058,-30.9872],[151.6033,-30.9866],[151.6063,-30.9826],[151.6074,-30.9767],[151.603,-30.9759],[151.6047,-30.9741],[151.6006,-30.9735],[151.6002,-30.9756],[151.5929,-30.9746],[151.592,-30.9787],[151.5889,-30.9783],[151.5893,-30.9763],[151.587,-30.976],[151.5868,-30.9771],[151.5805,-30.976],[151.5827,-30.9795],[151.5782,-30.9789],[151.5822,-30.9834],[151.58,-30.9837],[151.5794,-30.987],[151.5915,-30.9887],[151.5907,-30.9927],[151.5948,-30.9933],[151.5947,-30.9914],[151.5954,-30.9901],[151.594,-30.9892],[151.6062,-30.9907],[151.606,-30.9892]]]},"properties":{"objectid":232,"ucl_code_2021":"115148","ucl_name_2021":"Walcha","sosr_code_2021":"115","sosr_name_2021":"4,999 or less","sos_code_2021":"11","sos_name_2021":"Other Urban","state_code_2021":"1","state_name_2021":"New South Wales","aus_code_2021":"AUS","aus_name_2021":"Australia","area_albers_sqkm":3.6711,"asgs_loci_uri_2021":"https://linked.data.gov.au/dataset/asgsed3/UCL/115148","Shape__Length":13825.121892742265,"Shape__Area":5010405.194946775}},{"type":"Feature","id":236,"geometry":{"type":"Polygon","coordinates":[[[150.5753,-29.547],[150.5831,-29.548],[150.5811,-29.5457],[150.5816,-29.5434],[150.5859,-29.5443],[150.5877,-29.542],[150.588,-29.5402],[150.5856,-29.541],[150.5858,-29.5403],[150.5843,-29.5401],[150.5854,-29.534],[150.5819,-29.5334],[150.5822,-29.5316],[150.5746,-29.5305],[150.5751,-29.5274],[150.5701,-29.5267],[150.5692,-29.5356],[150.5622,-29.5346],[150.5615,-29.5385],[150.5635,-29.5405],[150.5627,-29.5427],[150.564,-29.5444],[150.565,-29.5436],[150.5678,-29.5439],[150.5672,-29.5459],[150.5717,-29.5465],[150.5714,-29.5482],[150.575,-29.5487],[150.5753,-29.547]]]},"properties":{"objectid":236,"ucl_code_2021":"115152","ucl_name_2021":"Warialda","sosr_code_2021":"115","sosr_name_2021":"4,999 or less","sos_code_2021":"11","sos_name_2021":"Other Urban","state_code_2021":"1","state_name_2021":"New South Wales","aus_code_2021":"AUS","aus_name_2021":"Australia","area_albers_sqkm":3.5224,"asgs_loci_uri_2021":"https://linked.data.gov.au/dataset/asgsed3/UCL/115152","Shape__Length":11942.794614015165,"Shape__Area":4669291.919588145}},{"type":"Feature","id":241,"geometry":{"type":"Polygon","coordinates":[[[150.6526,-31.3583],[150.6562,-31.358],[150.6536,-31.344],[150.6572,-31.3449],[150.6581,-31.3405],[150.6601,-31.3411],[150.6618,-31.3307],[150.6544,-31.3296],[150.6548,-31.3261],[150.6492,-31.3255],[150.6472,-31.3406],[150.6403,-31.3416],[150.6309,-31.3443],[150.629,-31.3463],[150.6274,-31.346],[150.6278,-31.3474],[150.6428,-31.3461],[150.6392,-31.3649],[150.6437,-31.3654],[150.6443,-31.3661],[150.6451,-31.3623],[150.6518,-31.3631],[150.6526,-31.3583]]]},"properties":{"objectid":241,"ucl_code_2021":"115157","ucl_name_2021":"Werris Creek","sosr_code_2021":"115","sosr_name_2021":"4,999 or less","sos_code_2021":"11","sos_name_2021":"Other Urban","state_code_2021":"1","state_name_2021":"New South Wales","aus_code_2021":"AUS","aus_name_2021":"Australia","area_albers_sqkm":5.4511,"asgs_loci_uri_2021":"https://linked.data.gov.au/dataset/asgsed3/UCL/115157","Shape__Length":18321.147852621758,"Shape__Area":7496708.35642994}},{"type":"Feature","id":258,"geometry":{"type":"Polygon","coordinates":[[[150.0474,-30.7126],[150.0487,-30.7101],[150.0531,-30.7089],[150.0544,-30.7106],[150.0557,-30.7085],[150.0557,-30.7059],[150.0547,-30.7056],[150.0534,-30.7025],[150.0528,-30.6969],[150.0536,-30.6949],[150.0368,-30.6926],[150.0328,-30.7159],[150.038,-30.7139],[150.0372,-30.7179],[150.0404,-30.7177],[150.0445,-30.7141],[150.0439,-30.7182],[150.0422,-30.7185],[150.0457,-30.724],[150.0427,-30.727],[150.0423,-30.7289],[150.0529,-30.7303],[150.056,-30.7235],[150.0555,-30.72],[150.0474,-30.7126]]]},"properties":{"objectid":258,"ucl_code_2021":"121009","ucl_name_2021":"Boggabri (L)","sosr_code_2021":"121","sosr_name_2021":"500 or more","sos_code_2021":"12","sos_name_2021":"Bounded Locality","state_code_2021":"1","state_name_2021":"New South Wales","aus_code_2021":"AUS","aus_name_2021":"Australia","area_albers_sqkm":5.8304,"asgs_loci_uri_2021":"https://linked.data.gov.au/dataset/asgsed3/UCL/121009","Shape__Length":16893.89063274886,"Shape__Area":7912976.273111305}},{"type":"Feature","id":278,"geometry":{"type":"Polygon","coordinates":[[[150.2721,-31.1211],[150.2705,-31.1178],[150.2714,-31.1168],[150.2698,-31.1126],[150.268,-31.1123],[150.2676,-31.1109],[150.2672,-31.1084],[150.2679,-31.1043],[150.253,-31.1022],[150.2488,-31.1244],[150.2543,-31.1254],[150.2544,-31.1261],[150.2759,-31.1295],[150.2721,-31.1211]]]},"properties":{"objectid":278,"ucl_code_2021":"121029","ucl_name_2021":"Curlewis (L)","sosr_code_2021":"121","sosr_name_2021":"500 or more","sos_code_2021":"12","sos_name_2021":"Bounded Locality","state_code_2021":"1","state_name_2021":"New South Wales","aus_code_2021":"AUS","aus_name_2021":"Australia","area_albers_sqkm":4.9294,"asgs_loci_uri_2021":"https://linked.data.gov.au/dataset/asgsed3/UCL/121029","Shape__Length":11528.144154526664,"Shape__Area":6746573.39851726}},{"type":"Feature","id":309,"geometry":{"type":"Polygon","coordinates":[[[150.9011,-31.1456],[150.8987,-31.1573],[150.903,-31.158],[150.899,-31.1783],[150.919,-31.1813],[150.9202,-31.17],[150.9194,-31.1659],[150.9139,-31.165],[150.9135,-31.1626],[150.9126,-31.1628],[150.9128,-31.1618],[150.9107,-31.1597],[150.9119,-31.1568],[150.9103,-31.1511],[150.9121,-31.1499],[150.9129,-31.1474],[150.9011,-31.1456]]]},"properties":{"objectid":309,"ucl_code_2021":"121060","ucl_name_2021":"Kingswood (L)","sosr_code_2021":"121","sosr_name_2021":"500 or more","sos_code_2021":"12","sos_name_2021":"Bounded Locality","state_code_2021":"1","state_name_2021":"New South Wales","aus_code_2021":"AUS","aus_name_2021":"Australia","area_albers_sqkm":5.2199,"asgs_loci_uri_2021":"https://linked.data.gov.au/dataset/asgsed3/UCL/121060","Shape__Length":13766.959787411335,"Shape__Area":7151499.89370101}},{"type":"Feature","id":386,"geometry":{"type":"Polygon","coordinates":[[[150.8479,-30.9308],[150.8446,-30.9265],[150.8382,-30.9257],[150.8378,-30.9278],[150.8364,-30.9277],[150.8343,-30.9271],[150.8347,-30.925],[150.8274,-30.924],[150.8321,-30.9269],[150.8418,-30.9294],[150.8445,-30.9328],[150.8473,-30.9331],[150.8465,-30.9315],[150.8479,-30.9308]]]},"properties":{"objectid":386,"ucl_code_2021":"122009","ucl_name_2021":"Attunga (L)","sosr_code_2021":"122","sosr_name_2021":"499 or less","sos_code_2021":"12","sos_name_2021":"Bounded Locality","state_code_2021":"1","state_name_2021":"New South Wales","aus_code_2021":"AUS","aus_name_2021":"Australia","area_albers_sqkm":0.541,"asgs_loci_uri_2021":"https://linked.data.gov.au/dataset/asgsed3/UCL/122009","Shape__Length":6415.2597230313895,"Shape__Area":737549.406790195}},{"type":"Feature","id":405,"geometry":{"type":"Polygon","coordinates":[[[151.0937,-30.1726],[151.0949,-30.1657],[151.088,-30.1648],[151.0885,-30.1612],[151.0852,-30.1563],[151.0681,-30.154],[151.0665,-30.1629],[151.0573,-30.1636],[151.0584,-30.1685],[151.0607,-30.1716],[151.0581,-30.1836],[151.0798,-30.1868],[151.0805,-30.1828],[151.0887,-30.184],[151.0886,-30.185],[151.0897,-30.1852],[151.0905,-30.1794],[151.0914,-30.1795],[151.0915,-30.1785],[151.093,-30.1787],[151.0937,-30.1726]]]},"properties":{"objectid":405,"ucl_code_2021":"122028","ucl_name_2021":"Bundarra (L)","sosr_code_2021":"122","sosr_name_2021":"499 or less","sos_code_2021":"12","sos_name_2021":"Bounded Locality","state_code_2021":"1","state_name_2021":"New South Wales","aus_code_2021":"AUS","aus_name_2021":"Australia","area_albers_sqkm":9.4067,"asgs_loci_uri_2021":"https://linked.data.gov.au/dataset/asgsed3/UCL/122028","Shape__Length":15831.642166147574,"Shape__Area":12627817.234209316}},{"type":"Feature","id":428,"geometry":{"type":"Polygon","coordinates":[[[150.8324,-29.6515],[150.833,-29.648],[150.8296,-29.6476],[150.829,-29.6496],[150.8242,-29.6487],[150.8241,-29.651],[150.8221,-29.6541],[150.8323,-29.6566],[150.8364,-29.6568],[150.8375,-29.6552],[150.8351,-29.6538],[150.8357,-29.6506],[150.8343,-29.6504],[150.8324,-29.6515]]]},"properties":{"objectid":428,"ucl_code_2021":"122051","ucl_name_2021":"Delungra (L)","sosr_code_2021":"122","sosr_name_2021":"499 or less","sos_code_2021":"12","sos_name_2021":"Bounded Locality","state_code_2021":"1","state_name_2021":"New South Wales","aus_code_2021":"AUS","aus_name_2021":"Australia","area_albers_sqkm":0.8971,"asgs_loci_uri_2021":"https://linked.data.gov.au/dataset/asgsed3/UCL/122051","Shape__Length":5615.688435348056,"Shape__Area":1191786.87760554}},{"type":"Feature","id":437,"geometry":{"type":"Polygon","coordinates":[[[151.1151,-29.8517],[151.1145,-29.8545],[151.1151,-29.8546],[151.1148,-29.8565],[151.1158,-29.8567],[151.1154,-29.8592],[151.116,-29.8593],[151.1152,-29.8672],[151.1204,-29.8681],[151.1198,-29.8713],[151.1276,-29.8725],[151.1284,-29.8636],[151.1296,-29.8636],[151.1314,-29.8545],[151.1329,-29.8552],[151.1337,-29.851],[151.132,-29.8507],[151.1333,-29.8436],[151.1319,-29.845],[151.1303,-29.8453],[151.1302,-29.8429],[151.1295,-29.8429],[151.1298,-29.841],[151.1168,-29.8392],[151.1182,-29.8464],[151.1178,-29.8493],[151.1172,-29.8496],[151.1155,-29.8482],[151.1149,-29.8487],[151.1165,-29.8501],[151.1153,-29.8506],[151.1151,-29.8517]]]},"properties":{"objectid":437,"ucl_code_2021":"122060","ucl_name_2021":"Gilgai (L)","sosr_code_2021":"122","sosr_name_2021":"499 or less","sos_code_2021":"12","sos_name_2021":"Bounded Locality","state_code_2021":"1","state_name_2021":"New South Wales","aus_code_2021":"AUS","aus_name_2021":"Australia","area_albers_sqkm":4.7106,"asgs_loci_uri_2021":"https://linked.data.gov.au/dataset/asgsed3/UCL/122060","Shape__Length":13518.797214424178,"Shape__Area":6283765.99030688}},{"type":"Feature","id":466,"geometry":{"type":"Polygon","coordinates":[[[151.072,-31.0103],[151.0717,-31.012],[151.0669,-31.0114],[151.0649,-31.0216],[151.0603,-31.0209],[151.0588,-31.0287],[151.0666,-31.0289],[151.0685,-31.0258],[151.0787,-31.0273],[151.0769,-31.0232],[151.0791,-31.011],[151.0751,-31.0096],[151.072,-31.0103]]]},"properties":{"objectid":466,"ucl_code_2021":"122089","ucl_name_2021":"Moonbi (L)","sosr_code_2021":"122","sosr_name_2021":"499 or less","sos_code_2021":"12","sos_name_2021":"Bounded Locality","state_code_2021":"1","state_name_2021":"New South Wales","aus_code_2021":"AUS","aus_name_2021":"Australia","area_albers_sqkm":2.5566,"asgs_loci_uri_2021":"https://linked.data.gov.au/dataset/asgsed3/UCL/122089","Shape__Length":9368.669127976756,"Shape__Area":3492366.614161435}},{"type":"Feature","id":474,"geometry":{"type":"Polygon","coordinates":[[[150.9928,-31.1222],[150.9919,-31.122],[150.9921,-31.1201],[150.9904,-31.1199],[150.9832,-31.1214],[150.9823,-31.1264],[150.984,-31.1299],[150.986,-31.1294],[150.9862,-31.1283],[150.9852,-31.1266],[150.99,-31.1256],[150.9928,-31.1222]]]},"properties":{"objectid":474,"ucl_code_2021":"122097","ucl_name_2021":"Nemingha (L)","sosr_code_2021":"122","sosr_name_2021":"499 or less","sos_code_2021":"12","sos_name_2021":"Bounded Locality","state_code_2021":"1","state_name_2021":"New South Wales","aus_code_2021":"AUS","aus_name_2021":"Australia","area_albers_sqkm":0.6187,"asgs_loci_uri_2021":"https://linked.data.gov.au/dataset/asgsed3/UCL/122097","Shape__Length":4373.087021326728,"Shape__Area":846961.994439315}},{"type":"Feature","id":479,"geometry":{"type":"Polygon","coordinates":[[[151.1283,-31.4698],[151.1344,-31.4547],[151.1337,-31.4536],[151.1307,-31.4544],[151.1295,-31.4556],[151.1272,-31.4556],[151.1267,-31.459],[151.1241,-31.4588],[151.1237,-31.4597],[151.1168,-31.4584],[151.1129,-31.4623],[151.1128,-31.4632],[151.1238,-31.4643],[151.1217,-31.4655],[151.1218,-31.4673],[151.1212,-31.4677],[151.1175,-31.4678],[151.1161,-31.4688],[151.1187,-31.4724],[151.1173,-31.474],[151.1183,-31.4748],[151.117,-31.4764],[151.1209,-31.4787],[151.1242,-31.4792],[151.1257,-31.4738],[151.1277,-31.4722],[151.1283,-31.4698]]]},"properties":{"objectid":479,"ucl_code_2021":"122102","ucl_name_2021":"Nundle (L)","sosr_code_2021":"122","sosr_name_2021":"499 or less","sos_code_2021":"12","sos_name_2021":"Bounded Locality","state_code_2021":"1","state_name_2021":"New South Wales","aus_code_2021":"AUS","aus_name_2021":"Australia","area_albers_sqkm":2.5155000000000003,"asgs_loci_uri_2021":"https://linked.data.gov.au/dataset/asgsed3/UCL/122102","Shape__Length":11686.064131687053,"Shape__Area":3468102.662189215}},{"type":"Feature","id":509,"geometry":{"type":"Polygon","coordinates":[[[151.2143,-29.9544],[151.2172,-29.9522],[151.221,-29.9477],[151.2197,-29.9475],[151.2195,-29.9465],[151.2167,-29.9449],[151.2166,-29.9438],[151.2147,-29.944],[151.213,-29.9427],[151.2116,-29.9427],[151.212,-29.9409],[151.2133,-29.941],[151.213,-29.9395],[151.2092,-29.939],[151.2078,-29.9408],[151.2068,-29.9406],[151.2061,-29.9448],[151.2055,-29.9452],[151.2034,-29.9436],[151.2029,-29.9444],[151.204,-29.9458],[151.2062,-29.9463],[151.2075,-29.949],[151.2051,-29.9495],[151.2048,-29.9487],[151.2038,-29.9487],[151.2037,-29.95],[151.2029,-29.9504],[151.2027,-29.9498],[151.2018,-29.9497],[151.2014,-29.9505],[151.1991,-29.9496],[151.1985,-29.951],[151.1998,-29.9525],[151.2021,-29.9514],[151.202,-29.952],[151.204,-29.9521],[151.2039,-29.9541],[151.2067,-29.953],[151.2085,-29.9538],[151.2101,-29.9535],[151.2076,-29.9559],[151.2087,-29.9578],[151.2103,-29.958],[151.2093,-29.9626],[151.2122,-29.9613],[151.2132,-29.963],[151.2156,-29.962],[151.2149,-29.9602],[151.2163,-29.9596],[151.2157,-29.9586],[151.2165,-29.9596],[151.2172,-29.9584],[151.2178,-29.9587],[151.2179,-29.9579],[151.2138,-29.9547],[151.2143,-29.9544]]]},"properties":{"objectid":509,"ucl_code_2021":"122132","ucl_name_2021":"Tingha (L)","sosr_code_2021":"122","sosr_name_2021":"499 or less","sos_code_2021":"12","sos_name_2021":"Bounded Locality","state_code_2021":"1","state_name_2021":"New South Wales","aus_code_2021":"AUS","aus_name_2021":"Australia","area_albers_sqkm":2.404,"asgs_loci_uri_2021":"https://linked.data.gov.au/dataset/asgsed3/UCL/122132","Shape__Length":13982.137700483077,"Shape__Area":3213093.20653936}},{"type":"Feature","id":536,"geometry":{"type":"MultiPolygon","coordinates":[[[[152.8982,-31.4173],[152.8977,-31.4248],[152.8968,-31.4253],[152.8978,-31.4254],[152.8991,-31.427],[152.8983,-31.4281],[152.8995,-31.4275],[152.9012,-31.4293],[152.9043,-31.4301],[152.9056,-31.4312],[152.9059,-31.4286],[152.908,-31.4274],[152.9176,-31.4268],[152.9147,-31.4237],[152.9127,-31.425],[152.9092,-31.4237],[152.9088,-31.4218],[152.9108,-31.4121],[152.9105,-31.4097],[152.9084,-31.406],[152.906,-31.4042],[152.8992,-31.4031],[152.8896,-31.4044],[152.882,-31.4091],[152.8783,-31.4106],[152.8757,-31.4105],[152.8723,-31.4133],[152.8795,-31.4154],[152.8832,-31.414],[152.8848,-31.4113],[152.8866,-31.4124],[152.8865,-31.4141],[152.8884,-31.4116],[152.8907,-31.4129],[152.8872,-31.4163],[152.8812,-31.4185],[152.8762,-31.4192],[152.8728,-31.4184],[152.8703,-31.4164],[152.8596,-31.4026],[152.8583,-31.3993],[152.8559,-31.3974],[152.8572,-31.3955],[152.8614,-31.3926],[152.8639,-31.393],[152.8629,-31.3979],[152.8715,-31.3991],[152.8739,-31.4042],[152.8819,-31.3989],[152.8849,-31.3978],[152.893,-31.3986],[152.8962,-31.4026],[152.8969,-31.3989],[152.9013,-31.3995],[152.9022,-31.3947],[152.9159,-31.3966],[152.9168,-31.3944],[152.9193,-31.3952],[152.9262,-31.3802],[152.9442,-31.3514],[152.9623,-31.3284],[152.9693,-31.3221],[152.9721,-31.3226],[152.9714,-31.3203],[152.973,-31.3182],[152.9739,-31.3149],[152.9758,-31.3151],[152.9749,-31.314],[152.9764,-31.3141],[152.9739,-31.3114],[152.9721,-31.3112],[152.9705,-31.3127],[152.9677,-31.3116],[152.9652,-31.3085],[152.9644,-31.3048],[152.9654,-31.2914],[152.9678,-31.2855],[152.9688,-31.2851],[152.968,-31.2845],[152.9693,-31.2836],[152.9704,-31.2812],[152.9726,-31.2796],[152.9714,-31.2784],[152.9683,-31.2787],[152.9667,-31.2746],[152.9679,-31.2676],[152.9706,-31.2611],[152.9688,-31.2573],[152.9687,-31.2539],[152.9692,-31.2529],[152.9712,-31.2526],[152.9675,-31.2506],[152.9643,-31.2512],[152.9627,-31.2503],[152.9608,-31.2468],[152.9602,-31.2434],[152.9614,-31.2285],[152.9642,-31.2187],[152.9673,-31.211],[152.9749,-31.197],[152.9721,-31.1942],[152.9693,-31.1939],[152.9709,-31.1908],[152.9677,-31.1913],[152.9688,-31.1894],[152.9677,-31.1889],[152.9697,-31.1859],[152.9692,-31.1848],[152.9705,-31.1843],[152.9736,-31.1876],[152.9734,-31.1884],[152.9746,-31.1889],[152.9759,-31.1875],[152.978,-31.1881],[152.9783,-31.187],[152.9755,-31.181],[152.9774,-31.1714],[152.9881,-31.1487],[152.9981,-31.1339],[153.0066,-31.1234],[153.039,-31.0881],[153.0492,-31.0792],[153.0542,-31.0798],[153.0557,-31.0786],[153.0549,-31.0786],[153.0555,-31.0781],[153.0549,-31.0777],[153.0557,-31.0776],[153.0548,-31.0774],[153.0556,-31.0771],[153.0535,-31.0757],[153.0546,-31.0757],[153.0538,-31.0754],[153.055,-31.0747],[153.0542,-31.0741],[153.0548,-31.0729],[153.0534,-31.0712],[153.0535,-31.0701],[153.0566,-31.0685],[153.0565,-31.0646],[153.0579,-31.0632],[153.0599,-31.0631],[153.06,-31.0596],[153.0632,-31.057],[153.0647,-31.0567],[153.0649,-31.0524],[153.0639,-31.0511],[153.0648,-31.0506],[153.0646,-31.049],[153.066,-31.0492],[153.0664,-31.0475],[153.0644,-31.0473],[153.0621,-31.0497],[153.057,-31.0517],[153.0557,-31.053],[153.0562,-31.0534],[153.0557,-31.0542],[153.0587,-31.0598],[153.0527,-31.0633],[153.0504,-31.0635],[153.0492,-31.0629],[153.0503,-31.0574],[153.0478,-31.0564],[153.0436,-31.0531],[153.0411,-31.05],[153.0421,-31.0499],[153.0445,-31.0469],[153.0408,-31.0409],[153.0382,-31.0328],[153.0377,-31.0289],[153.0375,-31.016],[153.0398,-30.9991],[153.0429,-30.9885],[153.0472,-30.978],[153.0573,-30.9584],[153.0634,-30.9503],[153.0695,-30.9443],[153.074,-30.9374],[153.0798,-30.9309],[153.0851,-30.9257],[153.0867,-30.9257],[153.0868,-30.9248],[153.0877,-30.9251],[153.0893,-30.924],[153.0892,-30.9211],[153.0902,-30.9221],[153.0907,-30.9216],[153.0891,-30.9202],[153.0886,-30.9207],[153.0875,-30.9187],[153.0863,-30.9182],[153.0863,-30.9159],[153.0874,-30.9153],[153.0868,-30.9133],[153.0886,-30.9132],[153.0886,-30.9112],[153.0844,-30.9091],[153.085,-30.9068],[153.0834,-30.9071],[153.0817,-30.9061],[153.082,-30.8997],[153.0833,-30.8993],[153.0842,-30.8975],[153.0833,-30.8972],[153.0826,-30.8947],[153.0834,-30.8944],[153.0831,-30.8934],[153.0804,-30.8931],[153.0798,-30.8919],[153.0727,-30.8909],[153.0699,-30.9063],[153.0718,-30.9098],[153.0708,-30.911],[153.0691,-30.9109],[153.0692,-30.9119],[153.0682,-30.912],[153.0689,-30.9141],[153.0547,-30.912],[153.0551,-30.9084],[153.0523,-30.9093],[153.0514,-30.9136],[153.0494,-30.9133],[153.0484,-30.918],[153.0418,-30.9171],[153.0407,-30.9132],[153.0367,-30.9118],[153.0388,-30.9019],[153.0363,-30.9015],[153.0373,-30.8959],[153.0344,-30.8954],[153.0342,-30.8965],[153.0255,-30.8952],[153.0252,-30.8965],[153.0227,-30.8957],[153.0208,-30.8961],[153.0208,-30.897],[153.0196,-30.8974],[153.0174,-30.8955],[153.0212,-30.8944],[153.0226,-30.893],[153.0221,-30.8889],[153.0225,-30.8867],[153.0236,-30.8859],[153.0238,-30.8868],[153.0269,-30.8872],[153.0265,-30.8892],[153.0271,-30.8893],[153.0354,-30.8877],[153.0353,-30.8865],[153.038,-30.8847],[153.038,-30.8836],[153.0333,-30.8789],[153.0288,-30.8724],[153.0233,-30.8733],[153.0219,-30.8721],[153.0153,-30.8634],[153.0097,-30.8521],[153.005,-30.8383],[153.0019,-30.821],[153.0009,-30.8011],[153.0015,-30.7964],[153.0032,-30.7954],[153.0033,-30.794],[153.003,-30.7933],[152.9991,-30.7931],[152.9973,-30.7861],[152.9973,-30.7734],[152.9985,-30.7622],[153.0009,-30.7581],[153.0001,-30.7565],[153.0005,-30.7552],[152.9991,-30.7546],[152.9994,-30.7528],[152.9985,-30.7519],[152.9975,-30.7526],[152.9967,-30.751],[152.9933,-30.7519],[152.9931,-30.749],[152.9924,-30.7487],[152.992,-30.7505],[152.9908,-30.7503],[152.9894,-30.7516],[152.9887,-30.7506],[152.9874,-30.7507],[152.9853,-30.7484],[152.9849,-30.7452],[152.9866,-30.7429],[152.9913,-30.7416],[152.9885,-30.7324],[152.9885,-30.7224],[152.9899,-30.7075],[152.9934,-30.6914],[153.0001,-30.6731],[153.012,-30.6517],[153.011,-30.6511],[153.0094,-30.6537],[152.9951,-30.6593],[152.9897,-30.6657],[152.9886,-30.6714],[152.985,-30.6777],[152.9823,-30.6768],[152.9779,-30.6793],[152.9748,-30.6797],[152.9712,-30.6817],[152.9719,-30.6807],[152.962,-30.6808],[152.9583,-30.6796],[152.9579,-30.6826],[152.9538,-30.6814],[152.9491,-30.6783],[152.9512,-30.6776],[152.9518,-30.6744],[152.9529,-30.673],[152.9528,-30.6706],[152.9772,-30.6741],[152.9781,-30.6729],[152.9788,-30.6695],[152.98,-30.6696],[152.9803,-30.6687],[152.9781,-30.6682],[152.9813,-30.6652],[152.9815,-30.6642],[152.9803,-30.664],[152.9815,-30.6572],[152.9784,-30.6583],[152.9748,-30.6583],[152.9787,-30.6396],[152.9776,-30.6387],[152.9793,-30.6376],[152.9765,-30.6352],[152.9768,-30.6312],[152.978,-30.6311],[152.9835,-30.6367],[152.991,-30.6399],[152.9926,-30.6383],[152.994,-30.6378],[152.9957,-30.6383],[152.9974,-30.6374],[152.9989,-30.6341],[153.0039,-30.6337],[153.0054,-30.6344],[153.0053,-30.6353],[153.0079,-30.6357],[153.0099,-30.6317],[153.0109,-30.6265],[153.0133,-30.6265],[153.0117,-30.6234],[153.0101,-30.6155],[153.0101,-30.6079],[153.0119,-30.6021],[153.0116,-30.6009],[153.0104,-30.5994],[153.0106,-30.6006],[153.0088,-30.6019],[153.0071,-30.6068],[153.0042,-30.6078],[153.0022,-30.6075],[153.0016,-30.6044],[153.0038,-30.6015],[153.002,-30.5994],[153.0013,-30.5967],[153.0021,-30.5959],[153.001,-30.5946],[153.005,-30.5952],[153.0055,-30.5926],[153.0001,-30.5915],[153.0011,-30.5905],[153.0018,-30.5865],[153.003,-30.5847],[153.0124,-30.5861],[153.0126,-30.5799],[153.0171,-30.5641],[153.0226,-30.5535],[153.0266,-30.5489],[153.0296,-30.547],[153.0261,-30.5429],[153.0251,-30.5331],[153.0265,-30.5267],[153.0287,-30.5216],[153.0301,-30.5102],[153.0324,-30.503],[153.0317,-30.499],[153.0334,-30.4926],[153.0369,-30.4836],[153.0422,-30.4732],[153.0384,-30.472],[153.0403,-30.4686],[153.0399,-30.4654],[153.0331,-30.4605],[153.0323,-30.4561],[153.0279,-30.4506],[153.0276,-30.4459],[153.0232,-30.4413],[153.0183,-30.4407],[153.0136,-30.4423],[153.012,-30.4445],[153.0104,-30.4444],[153.0175,-30.4347],[153.02,-30.4298],[153.0217,-30.4243],[153.0236,-30.4225],[153.0395,-30.432],[153.0602,-30.4488],[153.0679,-30.4396],[153.0763,-30.4319],[153.0734,-30.4286],[153.0721,-30.425],[153.0739,-30.4155],[153.0758,-30.4106],[153.0785,-30.4045],[153.0837,-30.396],[153.0903,-30.3872],[153.0993,-30.3777],[153.0969,-30.3768],[153.0949,-30.3787],[153.0931,-30.3791],[153.0911,-30.3756],[153.0899,-30.375],[153.0837,-30.3772],[153.0816,-30.3791],[153.0786,-30.3747],[153.0787,-30.3738],[153.0743,-30.3731],[153.0789,-30.373],[153.0805,-30.3659],[153.0788,-30.3631],[153.0749,-30.3603],[153.0732,-30.369],[153.0652,-30.3677],[153.0668,-30.3606],[153.0616,-30.3599],[153.0603,-30.3584],[153.0606,-30.3572],[153.0642,-30.3546],[153.0665,-30.3473],[153.0701,-30.3437],[153.0683,-30.3434],[153.0684,-30.3425],[153.0639,-30.3418],[153.0646,-30.3383],[153.0627,-30.3378],[153.0636,-30.3348],[153.0597,-30.3344],[153.0576,-30.3326],[153.056,-30.3324],[153.0562,-30.3313],[153.0432,-30.3282],[153.0389,-30.3284],[153.0397,-30.3243],[153.0392,-30.3223],[153.0426,-30.3145],[153.0466,-30.2989],[153.0457,-30.2975],[153.0443,-30.2978],[153.0475,-30.2954],[153.0492,-30.295],[153.0496,-30.2939],[153.0535,-30.2933],[153.0549,-30.2915],[153.0587,-30.2895],[153.0595,-30.2872],[153.0612,-30.2878],[153.0633,-30.2871],[153.0672,-30.2835],[153.0679,-30.2804],[153.069,-30.2791],[153.0749,-30.2761],[153.0818,-30.2743],[153.0854,-30.2725],[153.0878,-30.2728],[153.0913,-30.2751],[153.0947,-30.2748],[153.0986,-30.2757],[153.1065,-30.2743],[153.1158,-30.2789],[153.1227,-30.2784],[153.1251,-30.2699],[153.1271,-30.2701],[153.1281,-30.2659],[153.1303,-30.2654],[153.1283,-30.26],[153.1306,-30.2544],[153.1336,-30.2509],[153.1412,-30.2464],[153.1463,-30.2401],[153.148,-30.2343],[153.1461,-30.2196],[153.1468,-30.2115],[153.1372,-30.2103],[153.1365,-30.2144],[153.1306,-30.2135],[153.1329,-30.2007],[153.1327,-30.1979],[153.1302,-30.1943],[153.1244,-30.1904],[153.1257,-30.1831],[153.1234,-30.1827],[153.118,-30.1795],[153.121,-30.1773],[153.1236,-30.177],[153.1228,-30.1744],[153.137,-30.1749],[153.1471,-30.1764],[153.1483,-30.1706],[153.153,-30.1712],[153.1544,-30.1639],[153.1587,-30.1645],[153.1595,-30.1601],[153.1683,-30.1614],[153.1693,-30.1558],[153.1881,-30.1584],[153.1874,-30.157],[153.1896,-30.157],[153.1859,-30.1516],[153.1867,-30.1425],[153.1896,-30.1296],[153.1876,-30.1293],[153.1871,-30.1317],[153.1843,-30.1313],[153.1845,-30.1302],[153.1832,-30.1303],[153.1839,-30.1264],[153.1818,-30.1261],[153.1831,-30.1202],[153.1828,-30.1153],[153.1813,-30.1155],[153.1805,-30.1164],[153.1776,-30.1158],[153.1783,-30.1124],[153.1775,-30.1116],[153.1783,-30.1107],[153.1765,-30.1115],[153.1741,-30.1114],[153.1767,-30.095],[153.1817,-30.0942],[153.1854,-30.0972],[153.1882,-30.0961],[153.189,-30.0791],[153.1871,-30.0747],[153.1851,-30.0726],[153.1832,-30.0665],[153.1865,-30.0488],[153.189,-30.0433],[153.1914,-30.033],[153.1912,-30.0295],[153.1894,-30.0241],[153.1908,-30.0238],[153.1916,-30.0216],[153.1935,-30.0224],[153.2021,-30.0191],[153.2092,-30.02],[153.2184,-30.0031],[153.227,-29.9909],[153.2172,-29.9853],[153.2191,-29.9805],[153.221,-29.98],[153.2217,-29.9787],[153.2217,-29.9759],[153.2261,-29.9763],[153.2248,-29.9789],[153.2259,-29.9823],[153.2272,-29.9832],[153.2286,-29.9829],[153.23,-29.981],[153.2319,-29.9806],[153.2306,-29.9805],[153.2307,-29.9798],[153.2335,-29.9802],[153.2539,-29.9525],[153.2581,-29.9503],[153.26,-29.9521],[153.2603,-29.9488],[153.2613,-29.9474],[153.2605,-29.9465],[153.2583,-29.9472],[153.2577,-29.9441],[153.2589,-29.9412],[153.2618,-29.9399],[153.2616,-29.9369],[153.263,-29.9348],[153.2611,-29.9306],[153.2647,-29.9253],[153.2718,-29.919],[153.2728,-29.9169],[153.2713,-29.9132],[153.2727,-29.9088],[153.2716,-29.9081],[153.2718,-29.9037],[153.2741,-29.8991],[153.2746,-29.8947],[153.2769,-29.8931],[153.2741,-29.8916],[153.2728,-29.892],[153.2731,-29.8927],[153.2718,-29.8924],[153.2679,-29.8864],[153.2666,-29.8819],[153.2666,-29.8753],[153.2625,-29.8755],[153.2618,-29.8735],[153.2616,-29.8708],[153.2628,-29.8673],[153.2624,-29.8624],[153.2588,-29.8591],[153.2581,-29.8551],[153.2546,-29.8542],[153.2539,-29.8497],[153.2549,-29.8491],[153.2628,-29.8527],[153.265,-29.852],[153.272,-29.8536],[153.2773,-29.8424],[153.2826,-29.8336],[153.2863,-29.8304],[153.2883,-29.8312],[153.2887,-29.8297],[153.2898,-29.8295],[153.2902,-29.8265],[153.2922,-29.8268],[153.2944,-29.8251],[153.293,-29.8228],[153.2927,-29.8202],[153.2932,-29.8196],[153.2918,-29.819],[153.2911,-29.8155],[153.2889,-29.8117],[153.2896,-29.8111],[153.2883,-29.8093],[153.2888,-29.8073],[153.2873,-29.8056],[153.288,-29.7983],[153.2916,-29.7901],[153.295,-29.7851],[153.2967,-29.7832],[153.2981,-29.7829],[153.2993,-29.7806],[153.3009,-29.7801],[153.3016,-29.7808],[153.3014,-29.7797],[153.3029,-29.7792],[153.3039,-29.7745],[153.3011,-29.7744],[153.2965,-29.769],[153.2963,-29.7657],[153.2982,-29.7646],[153.2958,-29.7625],[153.2977,-29.7606],[153.2954,-29.7609],[153.2948,-29.7592],[153.2931,-29.7586],[153.292,-29.7536],[153.2961,-29.7363],[153.3052,-29.7154],[153.3194,-29.6941],[153.3267,-29.6868],[153.3283,-29.6863],[153.3285,-29.687],[153.3299,-29.6862],[153.3305,-29.6849],[153.33,-29.6828],[153.3316,-29.6817],[153.3303,-29.6803],[153.3314,-29.678],[153.3325,-29.6777],[153.3323,-29.6764],[153.3333,-29.6759],[153.3327,-29.6754],[153.3338,-29.6751],[153.3335,-29.6738],[153.331,-29.6731],[153.3315,-29.6712],[153.3307,-29.6706],[153.3281,-29.6732],[153.3261,-29.673],[153.3234,-29.6711],[153.3213,-29.6673],[153.3206,-29.6614],[153.322,-29.6475],[153.3261,-29.6349],[153.331,-29.6241],[153.3375,-29.6148],[153.3351,-29.6114],[153.3359,-29.6083],[153.335,-29.607],[153.3334,-29.6074],[153.3315,-29.6048],[153.3326,-29.6036],[153.3317,-29.6026],[153.3301,-29.6033],[153.3293,-29.6014],[153.3303,-29.6009],[153.3299,-29.6003],[153.3324,-29.5996],[153.3316,-29.5936],[153.332,-29.589],[153.3339,-29.5812],[153.3375,-29.5736],[153.3387,-29.564],[153.3457,-29.5515],[153.3472,-29.5501],[153.3466,-29.55],[153.3464,-29.5485],[153.347,-29.5458],[153.351,-29.5371],[153.3566,-29.5298],[153.3607,-29.5303],[153.3599,-29.528],[153.3626,-29.5254],[153.3587,-29.5241],[153.3576,-29.5202],[153.3584,-29.5167],[153.3607,-29.5148],[153.3599,-29.5101],[153.3632,-29.5044],[153.3619,-29.5005],[153.3587,-29.4961],[153.3632,-29.4866],[153.3406,-29.4832],[153.34,-29.482],[153.3415,-29.478],[153.3466,-29.4776],[153.3493,-29.4729],[153.352,-29.4733],[153.3568,-29.4713],[153.3535,-29.4655],[153.3541,-29.4615],[153.3521,-29.4425],[153.3439,-29.4392],[153.3427,-29.4428],[153.3407,-29.4425],[153.3414,-29.4374],[153.3397,-29.4354],[153.3353,-29.433],[153.327,-29.4309],[153.3268,-29.4316],[153.3255,-29.4318],[153.325,-29.4349],[153.3218,-29.4394],[153.3254,-29.4463],[153.3229,-29.4462],[153.3227,-29.4475],[153.3219,-29.4464],[153.3185,-29.4465],[153.3189,-29.444],[153.3174,-29.44],[153.3179,-29.4353],[153.3137,-29.4307],[153.3123,-29.4306],[153.3116,-29.4262],[153.3217,-29.4152],[153.3329,-29.4146],[153.3319,-29.4193],[153.3365,-29.4203],[153.337,-29.423],[153.3398,-29.4253],[153.3409,-29.4305],[153.3451,-29.4352],[153.3453,-29.4326],[153.3504,-29.4354],[153.356,-29.4357],[153.3607,-29.4332],[153.3631,-29.4288],[153.365,-29.4282],[153.3716,-29.4286],[153.3718,-29.4269],[153.359,-29.4255],[153.3534,-29.4221],[153.3495,-29.4161],[153.3455,-29.413],[153.3454,-29.4087],[153.3413,-29.4012],[153.3437,-29.3974],[153.3453,-29.3925],[153.3447,-29.3866],[153.3607,-29.3884],[153.3575,-29.4013],[153.3558,-29.4032],[153.3566,-29.4054],[153.3545,-29.4073],[153.3579,-29.4102],[153.357,-29.411],[153.364,-29.4174],[153.3648,-29.4123],[153.3676,-29.4035],[153.3699,-29.3993],[153.3724,-29.3991],[153.374,-29.3964],[153.3729,-29.3943],[153.3713,-29.3949],[153.3693,-29.3935],[153.3682,-29.3898],[153.3702,-29.3852],[153.3719,-29.3858],[153.3727,-29.3851],[153.3705,-29.3844],[153.3707,-29.3834],[153.3719,-29.3835],[153.3728,-29.3812],[153.3719,-29.3801],[153.3703,-29.38],[153.3701,-29.3767],[153.3717,-29.372],[153.3726,-29.371],[153.3735,-29.3717],[153.3744,-29.3711],[153.3767,-29.3656],[153.3755,-29.3666],[153.374,-29.3628],[153.3736,-29.3644],[153.3691,-29.3648],[153.3671,-29.3639],[153.3633,-29.3599],[153.3631,-29.3591],[153.3644,-29.3574],[153.363,-29.3566],[153.3629,-29.3554],[153.3619,-29.359],[153.3605,-29.3596],[153.357,-29.3594],[153.3539,-29.3577],[153.3495,-29.3529],[153.3444,-29.3444],[153.341,-29.3326],[153.3403,-29.3204],[153.3417,-29.3082],[153.3443,-29.2966],[153.3508,-29.2802],[153.3581,-29.2676],[153.3589,-29.265],[153.3734,-29.2424],[153.3866,-29.2264],[153.392,-29.2143],[153.4005,-29.2014],[153.4188,-29.1777],[153.431,-29.1657],[153.4465,-29.1526],[153.4525,-29.1429],[153.4543,-29.1409],[153.4566,-29.1402],[153.4562,-29.1398],[153.4572,-29.1383],[153.453,-29.1389],[153.4488,-29.1339],[153.4485,-29.1293],[153.4504,-29.1243],[153.4496,-29.123],[153.4507,-29.1219],[153.4506,-29.1196],[153.4514,-29.1189],[153.4494,-29.1178],[153.4484,-29.1161],[153.446,-29.1164],[153.4451,-29.1158],[153.4438,-29.1164],[153.4414,-29.12],[153.44,-29.1199],[153.4401,-29.1212],[153.4381,-29.1214],[153.4378,-29.1263],[153.4334,-29.124],[153.4301,-29.1257],[153.4286,-29.1209],[153.4274,-29.1215],[153.4242,-29.1212],[153.4187,-29.1247],[153.4143,-29.1259],[153.4097,-29.1254],[153.4061,-29.1212],[153.4031,-29.1217],[153.4026,-29.1177],[153.4033,-29.1164],[153.4009,-29.1146],[153.4004,-29.1132],[153.4026,-29.1119],[153.4026,-29.1089],[153.4069,-29.1095],[153.4087,-29.0996],[153.413,-29.1027],[153.4142,-29.0968],[153.4187,-29.0899],[153.422,-29.0903],[153.4284,-29.0951],[153.4297,-29.0999],[153.4329,-29.0999],[153.4339,-29.0916],[153.4365,-29.0804],[153.4445,-29.058],[153.4519,-29.0413],[153.464,-29.0187],[153.4751,-29.0022],[153.4992,-28.9699],[153.5474,-28.9143],[153.5797,-28.8816],[153.5864,-28.8764],[153.5901,-28.8776],[153.5822,-28.875],[153.5801,-28.8754],[153.5769,-28.8778],[153.5742,-28.8767],[153.5728,-28.877],[153.5719,-28.878],[153.5727,-28.8782],[153.574,-28.8771],[153.5746,-28.8782],[153.5737,-28.8801],[153.573,-28.8802],[153.5731,-28.8817],[153.5714,-28.8851],[153.5673,-28.8845],[153.5606,-28.8811],[153.5598,-28.8814],[153.5551,-28.878],[153.5525,-28.8777],[153.552,-28.8783],[153.547,-28.8767],[153.5414,-28.8783],[153.5361,-28.8766],[153.5302,-28.8779],[153.5263,-28.8733],[153.5217,-28.8763],[153.5212,-28.8719],[153.5196,-28.8704],[153.5235,-28.8678],[153.5231,-28.8646],[153.5263,-28.865],[153.5269,-28.8579],[153.5317,-28.8585],[153.5313,-28.8606],[153.5362,-28.8587],[153.5384,-28.8603],[153.5383,-28.8616],[153.5398,-28.8631],[153.5429,-28.863],[153.5475,-28.8649],[153.5488,-28.8629],[153.5488,-28.86],[153.5511,-28.8562],[153.5531,-28.8553],[153.5517,-28.8539],[153.551,-28.8547],[153.5498,-28.8543],[153.5505,-28.8528],[153.5465,-28.8507],[153.5468,-28.8485],[153.5511,-28.849],[153.5524,-28.8414],[153.5619,-28.8427],[153.5661,-28.8357],[153.5683,-28.836],[153.5688,-28.833],[153.5722,-28.8334],[153.5771,-28.8372],[153.5774,-28.84],[153.5766,-28.8412],[153.5751,-28.8422],[153.5724,-28.8425],[153.5721,-28.8447],[153.5731,-28.8455],[153.5726,-28.846],[153.5749,-28.8454],[153.5815,-28.8472],[153.5867,-28.8444],[153.5954,-28.8456],[153.5985,-28.8443],[153.5993,-28.8453],[153.599,-28.8511],[153.6008,-28.851],[153.6056,-28.844],[153.6072,-28.8427],[153.6077,-28.8435],[153.6089,-28.8432],[153.6084,-28.8419],[153.6072,-28.8426],[153.605,-28.8408],[153.6045,-28.838],[153.6056,-28.8324],[153.5962,-28.8311],[153.5969,-28.8289],[153.5957,-28.8287],[153.596,-28.8268],[153.5989,-28.8272],[153.5996,-28.8235],[153.6069,-28.8244],[153.6064,-28.8235],[153.6073,-28.8222],[153.6082,-28.8222],[153.6049,-28.821],[153.604,-28.8185],[153.6041,-28.8155],[153.6061,-28.8129],[153.6055,-28.8102],[153.6063,-28.8089],[153.6051,-28.807],[153.5965,-28.8014],[153.599,-28.8058],[153.5976,-28.8123],[153.5955,-28.812],[153.5944,-28.818],[153.596,-28.8182],[153.5965,-28.8201],[153.5983,-28.82],[153.5986,-28.822],[153.5967,-28.8231],[153.5897,-28.8221],[153.5841,-28.8222],[153.5835,-28.8201],[153.5818,-28.8199],[153.5832,-28.8171],[153.5799,-28.8146],[153.5807,-28.8131],[153.5812,-28.8084],[153.5791,-28.8081],[153.58,-28.8028],[153.5807,-28.8029],[153.583,-28.8004],[153.5804,-28.8001],[153.581,-28.7969],[153.5881,-28.7977],[153.5858,-28.7953],[153.5853,-28.7913],[153.5883,-28.7917],[153.5874,-28.7857],[153.5887,-28.7812],[153.5894,-28.7813],[153.5902,-28.7781],[153.5931,-28.7742],[153.5916,-28.774],[153.5918,-28.7727],[153.5964,-28.7733],[153.6051,-28.7458],[153.61,-28.7341],[153.6134,-28.7279],[153.6148,-28.7268],[153.6158,-28.727],[153.6153,-28.7249],[153.6164,-28.7231],[153.6172,-28.7225],[153.618,-28.7232],[153.6189,-28.7222],[153.6181,-28.7202],[153.6158,-28.7178],[153.6161,-28.7164],[153.6179,-28.7155],[153.6169,-28.7137],[153.6176,-28.7134],[153.6171,-28.7124],[153.618,-28.7112],[153.617,-28.7105],[153.619,-28.7075],[153.6191,-28.7058],[153.6159,-28.7054],[153.6143,-28.7036],[153.6136,-28.7013],[153.6137,-28.6947],[153.6127,-28.6945],[153.6123,-28.6923],[153.6065,-28.6909],[153.6055,-28.6916],[153.604,-28.6904],[153.5982,-28.6895],[153.5985,-28.6883],[153.5974,-28.6856],[153.5981,-28.684],[153.5972,-28.6834],[153.5983,-28.6829],[153.5985,-28.6811],[153.5993,-28.6807],[153.6007,-28.6771],[153.5999,-28.6745],[153.6005,-28.6731],[153.5978,-28.6754],[153.593,-28.6744],[153.5947,-28.6645],[153.5988,-28.6651],[153.5991,-28.6634],[153.6021,-28.6639],[153.6027,-28.6607],[153.5995,-28.6602],[153.6019,-28.6467],[153.6045,-28.6453],[153.6013,-28.6444],[153.5998,-28.642],[153.5983,-28.6424],[153.5983,-28.644],[153.5972,-28.644],[153.5978,-28.6461],[153.5969,-28.6487],[153.5909,-28.6488],[153.582,-28.6473],[153.5821,-28.6528],[153.5785,-28.6523],[153.5778,-28.6557],[153.5699,-28.6547],[153.5681,-28.6654],[153.5615,-28.6601],[153.561,-28.6589],[153.5616,-28.6565],[153.5601,-28.656],[153.5597,-28.6569],[153.5593,-28.6522],[153.5577,-28.6515],[153.5557,-28.6519],[153.556,-28.6493],[153.5493,-28.6483],[153.5513,-28.6362],[153.5582,-28.637],[153.5642,-28.6356],[153.567,-28.6359],[153.5697,-28.6223],[153.5803,-28.6272],[153.5825,-28.6152],[153.5834,-28.6147],[153.5708,-28.595],[153.5661,-28.5832],[153.56,-28.5608],[153.5573,-28.5424],[153.5524,-28.5419],[153.5504,-28.5429],[153.5475,-28.5466],[153.5471,-28.5488],[153.5478,-28.5495],[153.5505,-28.5497],[153.5514,-28.5515],[153.5535,-28.5524],[153.5521,-28.5556],[153.5546,-28.557],[153.5543,-28.5609],[153.5581,-28.5632],[153.558,-28.5655],[153.5559,-28.5675],[153.5479,-28.5664],[153.5476,-28.5676],[153.5457,-28.5673],[153.5455,-28.5687],[153.541,-28.568],[153.5425,-28.563],[153.5422,-28.5591],[153.5351,-28.5472],[153.544,-28.5484],[153.5453,-28.5422],[153.5445,-28.541],[153.5431,-28.5408],[153.5434,-28.5391],[153.5453,-28.5393],[153.5467,-28.5362],[153.5437,-28.536],[153.5445,-28.5335],[153.5382,-28.5313],[153.5353,-28.5328],[153.5321,-28.5326],[153.5298,-28.5335],[153.5264,-28.5328],[153.5253,-28.5351],[153.5104,-28.5329],[153.512,-28.5314],[153.5158,-28.53],[153.5167,-28.5288],[153.5171,-28.5206],[153.5185,-28.5179],[153.5205,-28.5166],[153.525,-28.5156],[153.5285,-28.512],[153.5309,-28.5123],[153.532,-28.5108],[153.5317,-28.5075],[153.5267,-28.4958],[153.5327,-28.4961],[153.5388,-28.4977],[153.5371,-28.4963],[153.5374,-28.4948],[153.5359,-28.4957],[153.5365,-28.4948],[153.5357,-28.4936],[153.5371,-28.4907],[153.5425,-28.4905],[153.5412,-28.488],[153.5445,-28.49],[153.5476,-28.4893],[153.5488,-28.4901],[153.5508,-28.4892],[153.5507,-28.4861],[153.5525,-28.4861],[153.5532,-28.4717],[153.555,-28.4561],[153.5586,-28.4362],[153.5634,-28.4167],[153.5629,-28.4164],[153.5657,-28.4098],[153.5654,-28.4077],[153.5665,-28.4009],[153.5702,-28.388],[153.5686,-28.3876],[153.5662,-28.3902],[153.5644,-28.3985],[153.5622,-28.4041],[153.5622,-28.4103],[153.5605,-28.4163],[153.5582,-28.416],[153.5574,-28.4148],[153.5575,-28.413],[153.5589,-28.4126],[153.5594,-28.4112],[153.5558,-28.4084],[153.5559,-28.4068],[153.5582,-28.4053],[153.5555,-28.4027],[153.5566,-28.4029],[153.5578,-28.4004],[153.556,-28.3991],[153.5577,-28.3973],[153.5583,-28.3946],[153.5625,-28.3923],[153.5631,-28.3912],[153.5594,-28.3901],[153.5595,-28.3895],[153.5571,-28.3886],[153.5515,-28.3881],[153.5447,-28.3889],[153.5453,-28.3857],[153.5447,-28.3853],[153.5463,-28.3851],[153.5473,-28.3828],[153.5495,-28.3836],[153.5522,-28.3832],[153.5533,-28.3822],[153.5548,-28.3824],[153.5558,-28.3768],[153.5471,-28.3757],[153.5491,-28.3645],[153.5507,-28.3647],[153.5513,-28.3613],[153.5539,-28.3617],[153.5547,-28.3584],[153.5651,-28.3599],[153.5662,-28.3539],[153.5754,-28.3552],[153.5753,-28.344],[153.5645,-28.3425],[153.5644,-28.3378],[153.5658,-28.338],[153.5659,-28.337],[153.5646,-28.3368],[153.5649,-28.3342],[153.5627,-28.3324],[153.5628,-28.3306],[153.564,-28.3304],[153.5639,-28.3291],[153.5576,-28.3281],[153.5611,-28.3273],[153.5686,-28.3284],[153.5681,-28.3223],[153.5692,-28.3109],[153.5691,-28.3017],[153.5656,-28.2974],[153.5666,-28.2973],[153.5674,-28.2986],[153.5686,-28.2981],[153.5682,-28.2962],[153.5673,-28.2964],[153.5675,-28.2946],[153.5688,-28.2954],[153.5708,-28.2875],[153.566,-28.2868],[153.5721,-28.284],[153.5722,-28.2823],[153.572,-28.2817],[153.5716,-28.283],[153.571,-28.2793],[153.5726,-28.2766],[153.5708,-28.2741],[153.5724,-28.2708],[153.5701,-28.2726],[153.5719,-28.2697],[153.5697,-28.2697],[153.5663,-28.2657],[153.5704,-28.2627],[153.57,-28.2588],[153.5689,-28.2587],[153.569,-28.2578],[153.5599,-28.2566],[153.5595,-28.2532],[153.556,-28.2498],[153.5553,-28.2501],[153.556,-28.251],[153.5553,-28.2514],[153.5555,-28.2535],[153.5474,-28.2525],[153.5483,-28.2457],[153.5392,-28.2456],[153.5415,-28.2433],[153.5394,-28.2412],[153.5376,-28.2407],[153.5297,-28.2423],[153.5216,-28.2461],[153.5169,-28.2473],[153.5143,-28.2494],[153.5121,-28.2488],[153.5081,-28.2533],[153.5061,-28.2586],[153.499,-28.2609],[153.5001,-28.2543],[153.498,-28.254],[153.4978,-28.2552],[153.4964,-28.255],[153.4955,-28.2535],[153.4898,-28.2527],[153.4894,-28.2549],[153.4846,-28.2542],[153.4851,-28.2514],[153.4834,-28.2512],[153.486,-28.2371],[153.4853,-28.2359],[153.4834,-28.2352],[153.4891,-28.2333],[153.4915,-28.2313],[153.4953,-28.2303],[153.4968,-28.2286],[153.5012,-28.227],[153.5029,-28.2238],[153.5031,-28.2207],[153.499,-28.219],[153.4978,-28.2204],[153.4946,-28.2201],[153.4932,-28.2161],[153.4995,-28.2155],[153.4944,-28.2142],[153.4892,-28.2145],[153.4867,-28.2159],[153.4891,-28.2178],[153.4887,-28.2196],[153.4871,-28.22],[153.4856,-28.2193],[153.4854,-28.2174],[153.4845,-28.2174],[153.4848,-28.2158],[153.4836,-28.2155],[153.4791,-28.2185],[153.4754,-28.2176],[153.4747,-28.2187],[153.4729,-28.2191],[153.4709,-28.2172],[153.469,-28.2169],[153.4686,-28.2193],[153.4635,-28.2186],[153.465,-28.2131],[153.464,-28.213],[153.4638,-28.2076],[153.4671,-28.208],[153.4677,-28.2068],[153.4701,-28.2069],[153.4747,-28.2051],[153.4751,-28.2028],[153.4771,-28.2031],[153.4788,-28.1938],[153.4871,-28.1948],[153.4869,-28.1957],[153.4902,-28.1961],[153.4907,-28.1932],[153.4927,-28.1935],[153.4934,-28.1893],[153.491,-28.1883],[153.4848,-28.1878],[153.4903,-28.1838],[153.4928,-28.1762],[153.4916,-28.1756],[153.4886,-28.176],[153.4881,-28.1753],[153.4912,-28.1738],[153.4936,-28.1702],[153.4974,-28.1691],[153.4972,-28.1668],[153.5015,-28.1633],[153.4859,-28.157],[153.4826,-28.1583],[153.4769,-28.1569],[153.475,-28.158],[153.4746,-28.1596],[153.4725,-28.1618],[153.4684,-28.1624],[153.4585,-28.175],[153.4591,-28.1782],[153.457,-28.1805],[153.4526,-28.181],[153.4458,-28.1842],[153.4445,-28.184],[153.4358,-28.1872],[153.4243,-28.1978],[153.4178,-28.2006],[153.4182,-28.2025],[153.4149,-28.2074],[153.4121,-28.2091],[153.4057,-28.211],[153.3976,-28.2189],[153.3909,-28.2279],[153.3894,-28.231],[153.3905,-28.2327],[153.3897,-28.2348],[153.3875,-28.2364],[153.3825,-28.2374],[153.3789,-28.2403],[153.3722,-28.2427],[153.3696,-28.2451],[153.3647,-28.2474],[153.3573,-28.2493],[153.354,-28.2484],[153.351,-28.2491],[153.3458,-28.2485],[153.3424,-28.2501],[153.3391,-28.2505],[153.3347,-28.2483],[153.3339,-28.2468],[153.3319,-28.2461],[153.331,-28.2389],[153.3298,-28.2369],[153.3257,-28.2359],[153.324,-28.2362],[153.3219,-28.2378],[153.3168,-28.2385],[153.3146,-28.2372],[153.312,-28.2373],[153.3048,-28.2397],[153.3004,-28.238],[153.2962,-28.2338],[153.2915,-28.2338],[153.2866,-28.2354],[153.2796,-28.2335],[153.2772,-28.2342],[153.2742,-28.238],[153.2691,-28.2386],[153.2653,-28.2413],[153.264,-28.2435],[153.2611,-28.2436],[153.2504,-28.2465],[153.2497,-28.2475],[153.2465,-28.2467],[153.2439,-28.2473],[153.2369,-28.2545],[153.2356,-28.2566],[153.2345,-28.2629],[153.2328,-28.2651],[153.2316,-28.2651],[153.2182,-28.2632],[153.2114,-28.2575],[153.2074,-28.253],[153.2044,-28.2533],[153.2032,-28.2557],[153.1995,-28.2565],[153.1943,-28.2532],[153.1916,-28.2497],[153.1882,-28.2475],[153.1825,-28.2486],[153.1798,-28.2503],[153.1767,-28.2496],[153.1757,-28.2507],[153.1758,-28.2523],[153.1736,-28.2554],[153.1729,-28.2588],[153.1715,-28.2592],[153.1716,-28.2636],[153.1746,-28.2685],[153.1739,-28.2702],[153.1752,-28.2742],[153.1711,-28.2762],[153.1695,-28.2756],[153.1678,-28.2772],[153.1666,-28.277],[153.1612,-28.2794],[153.1623,-28.2825],[153.1665,-28.2851],[153.1651,-28.2877],[153.1654,-28.2889],[153.1692,-28.2931],[153.1677,-28.2955],[153.1644,-28.2979],[153.1608,-28.2961],[153.1593,-28.2967],[153.1551,-28.2961],[153.154,-28.2973],[153.1538,-28.3007],[153.1529,-28.3019],[153.1425,-28.3053],[153.1433,-28.3122],[153.1383,-28.3113],[153.1358,-28.3121],[153.133,-28.3175],[153.125,-28.3178],[153.1241,-28.3202],[153.1248,-28.3239],[153.1302,-28.3303],[153.1292,-28.3311],[153.1268,-28.3362],[153.1252,-28.3367],[153.1253,-28.3393],[153.1239,-28.3395],[153.1205,-28.342],[153.1167,-28.3415],[153.1168,-28.3437],[153.1159,-28.3446],[153.1155,-28.3477],[153.1138,-28.3493],[153.1132,-28.3529],[153.112,-28.3539],[153.1111,-28.3564],[153.1085,-28.3563],[153.1089,-28.3573],[153.1077,-28.3585],[153.1046,-28.3572],[153.1023,-28.3579],[153.0983,-28.357],[153.0892,-28.3533],[153.0863,-28.3546],[153.0793,-28.354],[153.0775,-28.352],[153.0758,-28.3515],[153.0752,-28.3524],[153.0742,-28.3522],[153.0716,-28.3503],[153.0707,-28.3478],[153.0671,-28.3464],[153.0653,-28.3442],[153.0616,-28.3435],[153.0594,-28.3439],[153.0578,-28.3428],[153.0533,-28.3431],[153.0517,-28.3414],[153.0491,-28.342],[153.0476,-28.3403],[153.0449,-28.339],[153.0381,-28.3434],[153.0354,-28.3417],[153.0326,-28.342],[153.0305,-28.3397],[153.0252,-28.3394],[153.0222,-28.338],[153.0101,-28.3413],[153.0079,-28.3408],[153.008,-28.3403],[153.0032,-28.3397],[152.9961,-28.34],[152.9898,-28.3366],[152.9836,-28.3381],[152.9782,-28.3337],[152.9732,-28.3318],[152.9656,-28.3326],[152.9627,-28.3321],[152.959,-28.3335],[152.9542,-28.334],[152.9507,-28.3336],[152.9451,-28.3357],[152.943,-28.3347],[152.9392,-28.3348],[152.9343,-28.3377],[152.9234,-28.3316],[152.9154,-28.3304],[152.9085,-28.3263],[152.8999,-28.3254],[152.894,-28.3196],[152.8934,-28.3179],[152.8909,-28.3173],[152.8891,-28.3154],[152.8873,-28.3155],[152.8849,-28.3138],[152.8827,-28.3133],[152.8804,-28.3098],[152.8781,-28.3117],[152.8755,-28.3124],[152.8658,-28.3136],[152.8596,-28.3115],[152.8577,-28.3114],[152.8547,-28.3128],[152.8518,-28.3112],[152.8494,-28.3112],[152.8474,-28.3155],[152.8444,-28.3179],[152.8437,-28.3196],[152.8402,-28.3216],[152.8388,-28.3221],[152.8355,-28.3214],[152.8336,-28.3199],[152.8314,-28.3197],[152.8286,-28.3229],[152.8283,-28.3247],[152.8258,-28.3275],[152.8245,-28.3274],[152.8237,-28.3289],[152.8246,-28.3322],[152.8231,-28.3355],[152.8186,-28.335],[152.8125,-28.3392],[152.8116,-28.3413],[152.8093,-28.3421],[152.8086,-28.3472],[152.8091,-28.3506],[152.8059,-28.3515],[152.8043,-28.3536],[152.7999,-28.3539],[152.798,-28.3529],[152.7934,-28.354],[152.7917,-28.3521],[152.7879,-28.3512],[152.7867,-28.3492],[152.7817,-28.3467],[152.7774,-28.346],[152.7598,-28.3525],[152.7582,-28.3551],[152.7619,-28.3583],[152.761,-28.3602],[152.757,-28.3636],[152.7509,-28.3639],[152.7465,-28.3607],[152.7403,-28.3592],[152.737,-28.3551],[152.7341,-28.3534],[152.7332,-28.3545],[152.7311,-28.3539],[152.7309,-28.3523],[152.727,-28.3491],[152.7231,-28.3441],[152.7199,-28.3452],[152.7155,-28.3434],[152.7129,-28.3414],[152.7076,-28.3443],[152.7046,-28.341],[152.7041,-28.3384],[152.7013,-28.338],[152.6986,-28.3357],[152.6952,-28.3369],[152.6924,-28.3368],[152.6884,-28.3348],[152.6876,-28.3307],[152.6864,-28.3291],[152.6847,-28.3289],[152.6842,-28.3298],[152.6795,-28.3306],[152.674,-28.3263],[152.6733,-28.3245],[152.6736,-28.318],[152.6718,-28.3153],[152.6682,-28.3138],[152.6675,-28.3117],[152.6644,-28.3112],[152.6637,-28.3103],[152.6591,-28.3099],[152.6573,-28.3112],[152.6528,-28.3113],[152.6519,-28.3124],[152.6485,-28.3134],[152.6468,-28.3121],[152.6443,-28.313],[152.6397,-28.3122],[152.6354,-28.3072],[152.6326,-28.3051],[152.6304,-28.3051],[152.6284,-28.3036],[152.6269,-28.3001],[152.6241,-28.2983],[152.6239,-28.2957],[152.6221,-28.2932],[152.6232,-28.2916],[152.6235,-28.2889],[152.6209,-28.284],[152.6175,-28.2826],[152.6172,-28.277],[152.6157,-28.2746],[152.6161,-28.2718],[152.6142,-28.2695],[152.6125,-28.2709],[152.6107,-28.2744],[152.6033,-28.2792],[152.6033,-28.2802],[152.5996,-28.2837],[152.5998,-28.2855],[152.5984,-28.2872],[152.5973,-28.2913],[152.5992,-28.3002],[152.6018,-28.3073],[152.5991,-28.3096],[152.5968,-28.3136],[152.5976,-28.3145],[152.5965,-28.3181],[152.5939,-28.3191],[152.5927,-28.3218],[152.5906,-28.3233],[152.5892,-28.326],[152.5852,-28.3284],[152.5849,-28.3299],[152.5829,-28.3319],[152.5829,-28.3344],[152.5806,-28.3367],[152.5807,-28.3379],[152.5795,-28.3392],[152.5746,-28.3341],[152.5732,-28.3278],[152.5723,-28.3268],[152.564,-28.3235],[152.5628,-28.3241],[152.5568,-28.324],[152.5562,-28.3252],[152.5547,-28.3255],[152.5539,-28.3244],[152.5549,-28.319],[152.5491,-28.3213],[152.547,-28.3205],[152.544,-28.3189],[152.5432,-28.3159],[152.5389,-28.3113],[152.5335,-28.3107],[152.5317,-28.309],[152.5259,-28.306],[152.5251,-28.3042],[152.5256,-28.3018],[152.5286,-28.2995],[152.5293,-28.2979],[152.5289,-28.2866],[152.5328,-28.2796],[152.5329,-28.2723],[152.5365,-28.2659],[152.5343,-28.2647],[152.534,-28.2627],[152.532,-28.2632],[152.5289,-28.2617],[152.5217,-28.2607],[152.5187,-28.257],[152.5161,-28.2568],[152.5167,-28.2547],[152.5158,-28.2518],[152.5131,-28.2515],[152.5093,-28.2492],[152.5075,-28.249],[152.5059,-28.2504],[152.5033,-28.2506],[152.501,-28.2524],[152.4972,-28.2534],[152.4928,-28.2541],[152.4879,-28.2532],[152.4829,-28.258],[152.4808,-28.2576],[152.4759,-28.2582],[152.473,-28.2569],[152.4635,-28.2592],[152.4613,-28.2609],[152.4608,-28.2637],[152.4597,-28.2648],[152.46,-28.2683],[152.4612,-28.2698],[152.458,-28.2724],[152.4551,-28.2784],[152.4521,-28.2788],[152.4493,-28.2807],[152.449,-28.2822],[152.4455,-28.2854],[152.4432,-28.2889],[152.4425,-28.2919],[152.4442,-28.2972],[152.4429,-28.2984],[152.4405,-28.2976],[152.4376,-28.2994],[152.4357,-28.2995],[152.4309,-28.2974],[152.4278,-28.2973],[152.4254,-28.2996],[152.4215,-28.2993],[152.4167,-28.2968],[152.4152,-28.2981],[152.4148,-28.3001],[152.4132,-28.3016],[152.4139,-28.3071],[152.4132,-28.3087],[152.4107,-28.3104],[152.4106,-28.3204],[152.4154,-28.3256],[152.4173,-28.3299],[152.4176,-28.3316],[152.4164,-28.335],[152.4109,-28.3395],[152.4102,-28.3415],[152.4011,-28.3471],[152.3989,-28.3522],[152.3935,-28.3573],[152.3917,-28.3624],[152.388,-28.366],[152.388,-28.3675],[152.3834,-28.3688],[152.3784,-28.3656],[152.3748,-28.367],[152.3688,-28.3658],[152.3652,-28.3661],[152.3566,-28.3612],[152.3543,-28.3616],[152.349,-28.3651],[152.3419,-28.368],[152.3357,-28.3666],[152.3319,-28.3683],[152.3266,-28.3667],[152.3204,-28.367],[152.3158,-28.3636],[152.3148,-28.3638],[152.3128,-28.3625],[152.3094,-28.3628],[152.3073,-28.369],[152.3041,-28.3723],[152.3024,-28.3727],[152.2918,-28.3813],[152.2905,-28.383],[152.2894,-28.3908],[152.2886,-28.3915],[152.2817,-28.3928],[152.2697,-28.3909],[152.2682,-28.3895],[152.2667,-28.3907],[152.2653,-28.3942],[152.2635,-28.3943],[152.2604,-28.4008],[152.2559,-28.4034],[152.2543,-28.406],[152.2524,-28.4073],[152.2521,-28.4106],[152.249,-28.4115],[152.2437,-28.416],[152.2392,-28.4179],[152.2396,-28.4196],[152.2381,-28.4235],[152.2353,-28.4247],[152.2344,-28.4274],[152.231,-28.4296],[152.2299,-28.4349],[152.2287,-28.437],[152.2257,-28.4372],[152.2221,-28.442],[152.2216,-28.4448],[152.2196,-28.4478],[152.2172,-28.4491],[152.214,-28.446],[152.2105,-28.4462],[152.2073,-28.4452],[152.2073,-28.4437],[152.2047,-28.4381],[152.1951,-28.4361],[152.1902,-28.434],[152.1879,-28.4353],[152.1863,-28.4386],[152.1843,-28.439],[152.1814,-28.4372],[152.1749,-28.435],[152.1684,-28.4346],[152.1647,-28.4326],[152.1601,-28.4333],[152.1587,-28.4344],[152.1564,-28.4346],[152.1545,-28.438],[152.1506,-28.4381],[152.1463,-28.4393],[152.1442,-28.442],[152.142,-28.4424],[152.1354,-28.4522],[152.1309,-28.4539],[152.1279,-28.454],[152.1218,-28.4607],[152.1212,-28.4626],[152.1176,-28.4624],[152.1152,-28.4634],[152.1123,-28.4634],[152.1118,-28.4643],[152.1077,-28.464],[152.1067,-28.4631],[152.1028,-28.4633],[152.1016,-28.4651],[152.0978,-28.4665],[152.0959,-28.4661],[152.0957,-28.4687],[152.0952,-28.4696],[152.0938,-28.4697],[152.091,-28.4684],[152.0877,-28.4697],[152.0838,-28.4687],[152.0798,-28.4706],[152.0756,-28.47],[152.0753,-28.4688],[152.0741,-28.468],[152.0725,-28.4692],[152.0697,-28.4685],[152.0688,-28.4696],[152.0689,-28.4734],[152.0681,-28.4743],[152.0687,-28.4765],[152.0668,-28.4787],[152.0671,-28.4852],[152.0597,-28.4908],[152.0551,-28.4907],[152.0517,-28.4929],[152.0456,-28.4952],[152.0438,-28.4993],[152.0403,-28.5015],[152.0357,-28.5075],[152.0269,-28.5129],[152.0243,-28.5129],[152.0231,-28.5153],[152.0196,-28.5173],[152.019,-28.5181],[152.02,-28.5212],[152.0167,-28.5252],[152.011,-28.5264],[152.0088,-28.5261],[152.0061,-28.5275],[152.0005,-28.5281],[151.9977,-28.5264],[151.9934,-28.5262],[151.9918,-28.5248],[151.9888,-28.5256],[151.9877,-28.5247],[151.987,-28.5208],[151.9845,-28.5169],[151.9842,-28.5142],[151.9856,-28.5099],[151.9846,-28.5075],[151.9834,-28.5069],[151.9826,-28.5033],[151.9778,-28.5031],[151.9774,-28.504],[151.9732,-28.505],[151.972,-28.5063],[151.9725,-28.5076],[151.9686,-28.5097],[151.9641,-28.5145],[151.9612,-28.5159],[151.9582,-28.5159],[151.9554,-28.5192],[151.9563,-28.5256],[151.9573,-28.5257],[151.9582,-28.5271],[151.9564,-28.5282],[151.9541,-28.5342],[151.9532,-28.5399],[151.9546,-28.5426],[151.9563,-28.5429],[151.9564,-28.5461],[151.9551,-28.5474],[151.9541,-28.5505],[151.9545,-28.5535],[151.9583,-28.5571],[151.9581,-28.5601],[151.9568,-28.5633],[151.9573,-28.5647],[151.9594,-28.5667],[151.9636,-28.5676],[151.9668,-28.5726],[151.9761,-28.5735],[151.9764,-28.5749],[151.9777,-28.5752],[151.9793,-28.5774],[151.9823,-28.5784],[151.9859,-28.5821],[151.9856,-28.5833],[151.9875,-28.5867],[151.9883,-28.592],[151.9921,-28.5949],[151.9889,-28.6027],[151.9907,-28.6072],[151.9909,-28.6096],[151.993,-28.6104],[151.994,-28.6119],[151.9937,-28.6145],[151.9901,-28.6207],[151.991,-28.6246],[151.9961,-28.6308],[151.997,-28.6337],[151.9984,-28.6338],[152.0005,-28.6363],[152.0024,-28.6403],[152.0029,-28.6484],[152.002,-28.6506],[152.0044,-28.6522],[152.0059,-28.6517],[152.0061,-28.6537],[152.0087,-28.6576],[152.0089,-28.6592],[152.0116,-28.6618],[152.0105,-28.665],[152.0142,-28.6658],[152.0208,-28.6639],[152.0246,-28.6654],[152.0316,-28.6662],[152.0391,-28.6646],[152.0449,-28.6683],[152.0457,-28.6709],[152.0445,-28.6731],[152.0462,-28.676],[152.0488,-28.6768],[152.0525,-28.6822],[152.0582,-28.6799],[152.0608,-28.6807],[152.062,-28.6794],[152.0633,-28.6794],[152.0664,-28.6812],[152.0681,-28.6851],[152.0669,-28.6859],[152.0647,-28.6907],[152.0656,-28.6917],[152.0661,-28.6976],[152.0688,-28.701],[152.0717,-28.7026],[152.072,-28.7049],[152.0752,-28.7068],[152.076,-28.7083],[152.0713,-28.715],[152.0621,-28.7182],[152.0582,-28.7211],[152.0572,-28.7231],[152.0554,-28.7237],[152.0539,-28.7255],[152.0476,-28.7285],[152.0464,-28.7298],[152.0434,-28.7306],[152.0423,-28.7318],[152.0461,-28.7339],[152.0477,-28.7404],[152.0438,-28.746],[152.0416,-28.7464],[152.0409,-28.7475],[152.0416,-28.7496],[152.0411,-28.7534],[152.0386,-28.7541],[152.0361,-28.7573],[152.0361,-28.7611],[152.0375,-28.7638],[152.0369,-28.7659],[152.0373,-28.7688],[152.0365,-28.7704],[152.0379,-28.7727],[152.0356,-28.7772],[152.0371,-28.7789],[152.0405,-28.7805],[152.0405,-28.7822],[152.0378,-28.787],[152.0321,-28.7909],[152.034,-28.7911],[152.0348,-28.7936],[152.0378,-28.7974],[152.0379,-28.7994],[152.0352,-28.8037],[152.0353,-28.8081],[152.0365,-28.8107],[152.0346,-28.8152],[152.0361,-28.8156],[152.0366,-28.8178],[152.0341,-28.82],[152.0343,-28.824],[152.0334,-28.8281],[152.0287,-28.8299],[152.0278,-28.8317],[152.0229,-28.8309],[152.0209,-28.8352],[152.0211,-28.8366],[152.0169,-28.8379],[152.0181,-28.8454],[152.0149,-28.8502],[152.0154,-28.8517],[152.0176,-28.8515],[152.0231,-28.8547],[152.026,-28.8582],[152.0279,-28.8573],[152.0295,-28.8543],[152.0322,-28.8545],[152.0376,-28.8516],[152.039,-28.8546],[152.0373,-28.8573],[152.0355,-28.8584],[152.0375,-28.8644],[152.0364,-28.8653],[152.0339,-28.8657],[152.0301,-28.8699],[152.031,-28.8708],[152.0314,-28.8739],[152.0282,-28.8766],[152.0264,-28.8832],[152.0249,-28.886],[152.0239,-28.8864],[152.0244,-28.8896],[152.0235,-28.8908],[152.0193,-28.8925],[152.0164,-28.8927],[152.0159,-28.8935],[152.0169,-28.8947],[152.0163,-28.8968],[152.0136,-28.9],[152.0107,-28.9067],[152.0095,-28.9065],[152.0048,-28.9091],[152.0016,-28.9085],[151.9997,-28.9035],[152.0013,-28.8998],[151.998,-28.8954],[151.9963,-28.8948],[151.9948,-28.8987],[151.9807,-28.9092],[151.978,-28.9081],[151.9745,-28.9086],[151.9713,-28.9117],[151.9685,-28.9167],[151.9666,-28.9165],[151.9646,-28.9181],[151.961,-28.9191],[151.9562,-28.9172],[151.9517,-28.9195],[151.9448,-28.9202],[151.9426,-28.9216],[151.9371,-28.9219],[151.9276,-28.9251],[151.9229,-28.9282],[151.9163,-28.9293],[151.9156,-28.9268],[151.9171,-28.9248],[151.9137,-28.9201],[151.9003,-28.9147],[151.8972,-28.9148],[151.8956,-28.9135],[151.8927,-28.9154],[151.8815,-28.9115],[151.8788,-28.9133],[151.8782,-28.9146],[151.8716,-28.9143],[151.8689,-28.9137],[151.8654,-28.9094],[151.8598,-28.9068],[151.8498,-28.9076],[151.8472,-28.9085],[151.8425,-28.912],[151.8413,-28.9115],[151.8398,-28.9129],[151.8382,-28.9164],[151.837,-28.9201],[151.8374,-28.9235],[151.8363,-28.9311],[151.8352,-28.9321],[151.8365,-28.9367],[151.8398,-28.9395],[151.8399,-28.9428],[151.836,-28.9484],[151.8367,-28.9505],[151.8356,-28.9568],[151.8307,-28.9617],[151.8257,-28.964],[151.8238,-28.9623],[151.8179,-28.9618],[151.8133,-28.9598],[151.8117,-28.9557],[151.8151,-28.9538],[151.8146,-28.9506],[151.8103,-28.9498],[151.8107,-28.9489],[151.8088,-28.9458],[151.8069,-28.9453],[151.7934,-28.9495],[151.7928,-28.9509],[151.7893,-28.9534],[151.7863,-28.9529],[151.7828,-28.954],[151.7774,-28.9572],[151.7769,-28.959],[151.7706,-28.9558],[151.7723,-28.9494],[151.7738,-28.9479],[151.7738,-28.9446],[151.7731,-28.9438],[151.7733,-28.9381],[151.7715,-28.9385],[151.7662,-28.9355],[151.7628,-28.9351],[151.7618,-28.9324],[151.7583,-28.93],[151.7598,-28.9262],[151.7574,-28.9259],[151.7555,-28.9244],[151.7548,-28.9222],[151.7508,-28.9226],[151.7424,-28.9185],[151.7444,-28.9177],[151.746,-28.9153],[151.7426,-28.9083],[151.7427,-28.9066],[151.7395,-28.9013],[151.7409,-28.8975],[151.7391,-28.896],[151.7367,-28.8957],[151.7364,-28.8919],[151.7318,-28.8824],[151.7316,-28.8811],[151.7337,-28.8785],[151.733,-28.8763],[151.734,-28.8738],[151.7339,-28.8715],[151.7313,-28.8707],[151.7291,-28.8679],[151.7264,-28.867],[151.7226,-28.8685],[151.7226,-28.8702],[151.721,-28.8709],[151.7194,-28.8733],[151.7172,-28.8737],[151.7165,-28.875],[151.7151,-28.8746],[151.7132,-28.8755],[151.711,-28.8712],[151.7092,-28.8708],[151.7064,-28.8717],[151.7066,-28.8735],[151.7046,-28.8747],[151.7026,-28.8784],[151.7021,-28.8821],[151.6981,-28.8846],[151.6956,-28.8845],[151.6958,-28.8885],[151.6896,-28.8881],[151.6886,-28.887],[151.6864,-28.889],[151.6852,-28.8932],[151.6778,-28.9002],[151.6784,-28.9015],[151.6776,-28.9038],[151.6756,-28.9054],[151.6748,-28.9077],[151.666,-28.9056],[151.664,-28.9065],[151.6546,-28.9149],[151.6525,-28.9155],[151.6515,-28.9173],[151.6501,-28.9177],[151.6465,-28.9165],[151.6442,-28.9174],[151.6371,-28.9224],[151.6368,-28.9271],[151.6355,-28.9281],[151.6352,-28.9296],[151.6333,-28.9303],[151.6309,-28.9269],[151.6275,-28.9256],[151.626,-28.9239],[151.617,-28.9263],[151.6133,-28.9241],[151.6098,-28.9235],[151.6091,-28.9244],[151.6052,-28.9253],[151.6036,-28.9276],[151.5922,-28.9304],[151.5885,-28.9321],[151.585,-28.9362],[151.584,-28.9393],[151.5825,-28.9394],[151.5789,-28.9441],[151.5769,-28.9451],[151.5751,-28.9435],[151.572,-28.9447],[151.5667,-28.9418],[151.5481,-28.9529],[151.5467,-28.9525],[151.5448,-28.9533],[151.5439,-28.9546],[151.5447,-28.9556],[151.5445,-28.959],[151.5428,-28.9629],[151.5418,-28.9687],[151.5411,-28.97],[151.5381,-28.9713],[151.5359,-28.9751],[151.5373,-28.9798],[151.5342,-28.9815],[151.5317,-28.9854],[151.5236,-28.989],[151.5211,-28.9956],[151.5163,-28.9969],[151.5137,-28.9991],[151.5091,-29.0055],[151.5061,-29.0068],[151.5028,-29.0158],[151.5016,-29.0172],[151.5002,-29.0169],[151.4978,-29.0209],[151.498,-29.0256],[151.4951,-29.0303],[151.4949,-29.0329],[151.4973,-29.0422],[151.4954,-29.0447],[151.4935,-29.0509],[151.4905,-29.0545],[151.4901,-29.0566],[151.4971,-29.0629],[151.5024,-29.0655],[151.5035,-29.0674],[151.5028,-29.0699],[151.4999,-29.0727],[151.4967,-29.0704],[151.4934,-29.0718],[151.4944,-29.0746],[151.4915,-29.0779],[151.4872,-29.0876],[151.4853,-29.0893],[151.4767,-29.0913],[151.4731,-29.0938],[151.4629,-29.0983],[151.4616,-29.1005],[151.4578,-29.1171],[151.4527,-29.1263],[151.4475,-29.1309],[151.4324,-29.1401],[151.4286,-29.1471],[151.4236,-29.1493],[151.4198,-29.1487],[151.4165,-29.1492],[151.4154,-29.1509],[151.4099,-29.1539],[151.4055,-29.1629],[151.4025,-29.1659],[151.4021,-29.1713],[151.3941,-29.178],[151.3876,-29.1751],[151.38,-29.177],[151.3769,-29.1768],[151.366,-29.1741],[151.363,-29.1723],[151.3585,-29.1723],[151.3532,-29.1757],[151.3498,-29.1758],[151.3384,-29.1793],[151.3357,-29.1779],[151.3349,-29.1748],[151.3223,-29.1667],[151.3196,-29.1659],[151.3156,-29.1661],[151.3121,-29.1619],[151.3122,-29.1574],[151.3115,-29.1554],[151.3096,-29.1536],[151.3093,-29.1466],[151.3116,-29.143],[151.3179,-29.139],[151.318,-29.1381],[151.3141,-29.132],[151.3111,-29.1297],[151.3043,-29.1211],[151.3035,-29.1167],[151.3011,-29.114],[151.2978,-29.1126],[151.2903,-29.1139],[151.2865,-29.1073],[151.2829,-29.1053],[151.2805,-29.1022],[151.2791,-29.0991],[151.2782,-29.0927],[151.2792,-29.0865],[151.2781,-29.0844],[151.2746,-29.0818],[151.2751,-29.0764],[151.2779,-29.0745],[151.2818,-29.0684],[151.2855,-29.0654],[151.2854,-29.0582],[151.286,-29.0572],[151.2882,-29.057],[151.2901,-29.0537],[151.2905,-29.0511],[151.2858,-29.0474],[151.2854,-29.0395],[151.2865,-29.0367],[151.2837,-29.0354],[151.2764,-29.0357],[151.2717,-29.0304],[151.2717,-29.0287],[151.274,-29.0247],[151.2809,-29.0205],[151.2835,-29.0175],[151.2841,-29.0068],[151.2832,-29.0027],[151.2787,-28.9969],[151.2764,-28.9871],[151.2766,-28.9847],[151.2817,-28.9826],[151.2821,-28.981],[151.2812,-28.9795],[151.276,-28.9754],[151.2727,-28.974],[151.2719,-28.9727],[151.2722,-28.9698],[151.2733,-28.9677],[151.2786,-28.9662],[151.2804,-28.965],[151.2799,-28.9606],[151.2815,-28.9585],[151.2816,-28.949],[151.2759,-28.9427],[151.2742,-28.9379],[151.2662,-28.9354],[151.2652,-28.9327],[151.2643,-28.9321],[151.2578,-28.9321],[151.2501,-28.9262],[151.2423,-28.9234],[151.2405,-28.9198],[151.2404,-28.9163],[151.2386,-28.9093],[151.2373,-28.907],[151.2346,-28.9048],[151.2337,-28.9047],[151.2312,-28.9082],[151.2294,-28.9088],[151.2207,-28.9068],[151.215,-28.9043],[151.207,-28.8983],[151.2068,-28.892],[151.2039,-28.8894],[151.203,-28.8872],[151.1996,-28.8843],[151.1967,-28.8837],[151.184,-28.8782],[151.181,-28.8787],[151.1784,-28.8804],[151.173,-28.8803],[151.1719,-28.8796],[151.1709,-28.8771],[151.163,-28.8703],[151.1628,-28.8671],[151.1611,-28.8654],[151.1516,-28.8654],[151.1436,-28.8601],[151.1398,-28.8631],[151.1319,-28.8601],[151.1278,-28.8552],[151.1278,-28.854],[151.1251,-28.8506],[151.1153,-28.8505],[151.1141,-28.8479],[151.1115,-28.8463],[151.1086,-28.8427],[151.107,-28.8426],[151.1058,-28.8448],[151.1045,-28.8441],[151.1036,-28.8421],[151.1046,-28.8401],[151.1033,-28.8366],[151.0996,-28.8365],[151.0968,-28.8384],[151.0904,-28.8353],[151.0827,-28.8345],[151.0782,-28.838],[151.0722,-28.8407],[151.0715,-28.8413],[151.0715,-28.8449],[151.0588,-28.8463],[151.0566,-28.8485],[151.0537,-28.8498],[151.0516,-28.8487],[151.0535,-28.8465],[151.053,-28.8449],[151.0502,-28.8435],[151.0469,-28.8454],[151.0444,-28.8439],[151.0435,-28.84],[151.0389,-28.8383],[151.0392,-28.8365],[151.0427,-28.8352],[151.043,-28.8331],[151.0372,-28.8279],[151.0366,-28.8257],[151.0376,-28.8184],[151.0423,-28.8158],[151.0409,-28.8101],[151.0415,-28.8041],[151.0427,-28.8016],[151.0411,-28.7976],[151.0377,-28.7976],[151.0333,-28.7939],[151.0241,-28.7935],[151.026,-28.7885],[151.0258,-28.782],[151.0234,-28.7758],[151.0194,-28.7743],[151.0186,-28.7731],[151.0196,-28.7713],[151.0271,-28.7712],[151.0285,-28.7705],[151.0292,-28.7684],[151.0282,-28.762],[151.0266,-28.7561],[151.0246,-28.7531],[151.0171,-28.7473],[151.012,-28.7445],[151.0099,-28.7409],[151.0057,-28.7402],[151.0029,-28.7407],[150.9987,-28.7382],[150.9938,-28.7382],[150.9895,-28.7361],[150.9834,-28.7362],[150.9812,-28.735],[150.9795,-28.7326],[150.9704,-28.7321],[150.9662,-28.7363],[150.9633,-28.7378],[150.9607,-28.7357],[150.9581,-28.7352],[150.9552,-28.7371],[150.9524,-28.7367],[150.9475,-28.7338],[150.9475,-28.7307],[150.9459,-28.7288],[150.943,-28.7286],[150.9384,-28.7312],[150.9378,-28.7306],[150.9382,-28.7257],[150.9324,-28.7223],[150.9324,-28.7157],[150.9306,-28.7051],[150.9248,-28.699],[150.9231,-28.6988],[150.9198,-28.7007],[150.9154,-28.6985],[150.9114,-28.6954],[150.9074,-28.6885],[150.9043,-28.6873],[150.8947,-28.6885],[150.892,-28.6912],[150.8909,-28.695],[150.8859,-28.6958],[150.8844,-28.695],[150.8844,-28.6905],[150.8803,-28.6891],[150.8772,-28.6935],[150.8741,-28.6944],[150.8724,-28.6925],[150.8724,-28.6899],[150.8701,-28.6863],[150.8685,-28.6858],[150.8635,-28.6883],[150.8589,-28.6852],[150.8579,-28.6836],[150.8557,-28.6831],[150.8522,-28.6802],[150.8519,-28.6777],[150.849,-28.6737],[150.8435,-28.6721],[150.8393,-28.6725],[150.8347,-28.6692],[150.8285,-28.6672],[150.8188,-28.6667],[150.8165,-28.6638],[150.8163,-28.6625],[150.819,-28.6598],[150.8193,-28.6583],[150.8186,-28.6576],[150.8148,-28.6577],[150.8045,-28.6537],[150.7992,-28.654],[150.7983,-28.6558],[150.7963,-28.6561],[150.7825,-28.6455],[150.7779,-28.6449],[150.7749,-28.6455],[150.772,-28.6448],[150.77,-28.641],[150.7672,-28.6385],[150.7544,-28.6401],[150.7529,-28.6356],[150.7513,-28.6343],[150.7459,-28.6357],[150.7441,-28.6345],[150.7404,-28.6352],[150.7295,-28.6348],[150.7273,-28.6356],[150.7257,-28.6368],[150.7271,-28.6378],[150.7266,-28.6389],[150.7242,-28.641],[150.7103,-28.6455],[150.7089,-28.6477],[150.7104,-28.6506],[150.7096,-28.6522],[150.7014,-28.6554],[150.692,-28.6539],[150.6879,-28.6582],[150.6841,-28.6593],[150.6814,-28.6617],[150.6789,-28.6602],[150.6761,-28.6557],[150.6762,-28.6521],[150.6734,-28.6505],[150.6702,-28.6538],[150.6674,-28.6545],[150.6648,-28.6565],[150.6415,-28.6654],[150.6389,-28.6677],[150.6322,-28.6771],[150.6269,-28.6729],[150.6268,-28.67],[150.6254,-28.669],[150.6204,-28.6691],[150.618,-28.674],[150.6104,-28.6717],[150.6048,-28.671],[150.6005,-28.6713],[150.5995,-28.67],[150.6009,-28.6677],[150.5999,-28.6651],[150.5964,-28.6639],[150.592,-28.6608],[150.5873,-28.6595],[150.5816,-28.6559],[150.5795,-28.656],[150.5736,-28.6588],[150.5701,-28.6593],[150.5688,-28.6583],[150.5669,-28.6585],[150.566,-28.6597],[150.5632,-28.6605],[150.563,-28.6619],[150.5609,-28.6623],[150.5597,-28.6617],[150.5566,-28.6548],[150.5539,-28.6533],[150.5509,-28.6549],[150.5483,-28.6582],[150.5484,-28.6598],[150.5544,-28.6643],[150.5545,-28.6658],[150.5515,-28.6715],[150.5465,-28.6705],[150.5442,-28.6719],[150.538,-28.6709],[150.535,-28.6724],[150.5275,-28.6693],[150.5256,-28.6673],[150.5256,-28.6656],[150.5298,-28.6641],[150.5324,-28.6618],[150.5369,-28.6625],[150.5393,-28.66],[150.5374,-28.6571],[150.5353,-28.6576],[150.5307,-28.6553],[150.5287,-28.6558],[150.5246,-28.6545],[150.5208,-28.656],[150.5188,-28.6608],[150.5138,-28.6623],[150.504,-28.6612],[150.4994,-28.6594],[150.4922,-28.6592],[150.4863,-28.6574],[150.4838,-28.6623],[150.4861,-28.6634],[150.4858,-28.6654],[150.4816,-28.671],[150.4793,-28.673],[150.4712,-28.674],[150.4619,-28.668],[150.4586,-28.6688],[150.4574,-28.6665],[150.4575,-28.6643],[150.4567,-28.6636],[150.4523,-28.666],[150.4404,-28.6637],[150.4372,-28.6615],[150.4329,-28.6557],[150.4246,-28.6506],[150.4209,-28.6502],[150.4172,-28.6511],[150.416,-28.6523],[150.4144,-28.652],[150.412,-28.6482],[150.4128,-28.6472],[150.4149,-28.647],[150.4158,-28.6454],[150.4153,-28.6396],[150.4159,-28.6355],[150.4129,-28.6335],[150.4088,-28.634],[150.4044,-28.631],[150.4041,-28.6292],[150.4022,-28.6273],[150.3969,-28.629],[150.3917,-28.634],[150.3892,-28.6342],[150.3862,-28.6331],[150.3848,-28.6316],[150.3871,-28.6277],[150.3867,-28.626],[150.3796,-28.6272],[150.3746,-28.6229],[150.3709,-28.6217],[150.3694,-28.6199],[150.3488,-28.6171],[150.3527,-28.5959],[150.3541,-28.5961],[150.3547,-28.593],[150.3627,-28.5945],[150.3636,-28.5913],[150.3632,-28.5893],[150.3617,-28.5888],[150.358,-28.5899],[150.354,-28.5889],[150.3522,-28.5876],[150.3498,-28.5839],[150.3491,-28.5811],[150.3511,-28.5762],[150.3503,-28.5749],[150.3416,-28.575],[150.3279,-28.5711],[150.3231,-28.5666],[150.3214,-28.5618],[150.3212,-28.5588],[150.3202,-28.557],[150.3181,-28.5559],[150.3132,-28.5554],[150.3093,-28.5506],[150.3005,-28.5485],[150.297,-28.5441],[150.2958,-28.5397],[150.2929,-28.5377],[150.2901,-28.5372],[150.2866,-28.5388],[150.2821,-28.5428],[150.2767,-28.5419],[150.2725,-28.5397],[150.2685,-28.5401],[150.2613,-28.5449],[150.2539,-28.5464],[150.2517,-28.5481],[150.2485,-28.5526],[150.244,-28.5548],[150.2423,-28.5524],[150.2395,-28.5542],[150.2356,-28.5539],[150.2354,-28.5557],[150.2393,-28.5577],[150.2394,-28.5591],[150.2386,-28.56],[150.2363,-28.5599],[150.232,-28.5562],[150.2299,-28.5557],[150.2292,-28.5563],[150.2298,-28.5588],[150.2334,-28.5599],[150.2337,-28.5608],[150.2327,-28.5628],[150.2293,-28.5652],[150.2285,-28.5678],[150.2266,-28.5687],[150.2195,-28.5666],[150.2178,-28.5688],[150.2155,-28.5672],[150.2137,-28.5672],[150.2124,-28.5683],[150.2136,-28.5729],[150.2126,-28.5743],[150.2106,-28.5741],[150.2082,-28.5726],[150.2057,-28.5736],[150.2035,-28.5732],[150.2023,-28.5725],[150.202,-28.57],[150.198,-28.5673],[150.1964,-28.5671],[150.1951,-28.568],[150.1918,-28.5667],[150.1892,-28.568],[150.1897,-28.5701],[150.1882,-28.5723],[150.1864,-28.573],[150.1811,-28.5691],[150.1825,-28.5679],[150.1868,-28.5689],[150.1872,-28.5683],[150.1858,-28.5651],[150.1833,-28.5657],[150.1773,-28.5634],[150.1777,-28.5627],[150.1803,-28.5625],[150.1805,-28.5611],[150.1831,-28.5585],[150.1826,-28.5565],[150.1811,-28.5562],[150.1765,-28.5592],[150.174,-28.5579],[150.1718,-28.5598],[150.1721,-28.5629],[150.1705,-28.5635],[150.1692,-28.5566],[150.1671,-28.5554],[150.1699,-28.5542],[150.1687,-28.5506],[150.1663,-28.5512],[150.1655,-28.5539],[150.1637,-28.5547],[150.1633,-28.5558],[150.161,-28.5544],[150.1593,-28.5553],[150.1579,-28.5543],[150.1558,-28.5559],[150.1551,-28.555],[150.1541,-28.5553],[150.1549,-28.5568],[150.1543,-28.5574],[150.1526,-28.5571],[150.1516,-28.5555],[150.1523,-28.5534],[150.1543,-28.5531],[150.1527,-28.5523],[150.1537,-28.5507],[150.1525,-28.5502],[150.1501,-28.5522],[150.1474,-28.5531],[150.1482,-28.5583],[150.1434,-28.5577],[150.143,-28.5588],[150.144,-28.5601],[150.1429,-28.5619],[150.141,-28.5602],[150.1387,-28.5601],[150.1393,-28.5645],[150.1385,-28.5655],[150.1362,-28.5639],[150.1374,-28.5629],[150.1364,-28.56],[150.1329,-28.5615],[150.132,-28.5636],[150.134,-28.5635],[150.1343,-28.5646],[150.1316,-28.5656],[150.1296,-28.5649],[150.1306,-28.5632],[150.1301,-28.5626],[150.1278,-28.5626],[150.1267,-28.5648],[150.126,-28.5649],[150.1241,-28.5613],[150.1216,-28.5596],[150.1207,-28.5627],[150.1187,-28.5618],[150.1162,-28.5618],[150.1158,-28.5622],[150.1171,-28.5634],[150.1159,-28.5641],[150.1141,-28.5626],[150.1132,-28.5628],[150.1132,-28.5639],[150.1144,-28.5642],[150.1158,-28.5666],[150.1149,-28.5685],[150.1115,-28.5681],[150.1118,-28.5699],[150.1111,-28.5703],[150.1086,-28.5687],[150.1052,-28.5677],[150.105,-28.5658],[150.1041,-28.5649],[150.1011,-28.566],[150.0971,-28.5633],[150.0922,-28.5641],[150.0909,-28.5653],[150.0915,-28.5665],[150.091,-28.5687],[150.0919,-28.5717],[150.0938,-28.5737],[150.0928,-28.5784],[150.0911,-28.5793],[150.0898,-28.5787],[150.0906,-28.5758],[150.0901,-28.5754],[150.0853,-28.5756],[150.0851,-28.5766],[150.088,-28.5773],[150.0874,-28.5804],[150.0852,-28.5809],[150.0836,-28.5801],[150.082,-28.5776],[150.0809,-28.5775],[150.0798,-28.5817],[150.0823,-28.5816],[150.0826,-28.5825],[150.08,-28.5843],[150.077,-28.5835],[150.0748,-28.5814],[150.0747,-28.58],[150.0722,-28.5801],[150.0717,-28.5791],[150.073,-28.5773],[150.0726,-28.5766],[150.0697,-28.5782],[150.0703,-28.5802],[150.069,-28.5811],[150.0684,-28.5784],[150.0664,-28.5777],[150.065,-28.5792],[150.0638,-28.5775],[150.0581,-28.579],[150.0572,-28.5799],[150.0574,-28.5838],[150.0554,-28.5845],[150.0565,-28.5865],[150.0546,-28.5855],[150.0512,-28.5853],[150.0488,-28.5894],[150.047,-28.5875],[150.0442,-28.5865],[150.0461,-28.5836],[150.0457,-28.5823],[150.0434,-28.5822],[150.0431,-28.5844],[150.0405,-28.5862],[150.0394,-28.5853],[150.0401,-28.5831],[150.0386,-28.5832],[150.0362,-28.5862],[150.0342,-28.5834],[150.031,-28.5838],[150.0298,-28.5822],[150.0309,-28.5814],[150.0306,-28.5803],[150.0269,-28.579],[150.0254,-28.5796],[150.0242,-28.5819],[150.0219,-28.5827],[150.0181,-28.5802],[150.0154,-28.5805],[150.0172,-28.5834],[150.0146,-28.583],[150.0129,-28.5836],[150.0152,-28.5857],[150.0116,-28.5853],[150.01,-28.5882],[150.0099,-28.5899],[150.0081,-28.5914],[150.0065,-28.5903],[150.0061,-28.5869],[150.0053,-28.5868],[150.0047,-28.5887],[150.0012,-28.5904],[150.0033,-28.5918],[150.0029,-28.5928],[149.9985,-28.5914],[149.9994,-28.5937],[149.9986,-28.5955],[149.9961,-28.5938],[149.995,-28.5939],[149.9944,-28.5947],[149.9948,-28.5962],[149.9937,-28.5971],[149.9943,-28.5989],[149.9934,-28.6003],[149.9851,-28.6026],[149.9849,-28.6033],[149.9874,-28.6043],[149.9874,-28.605],[149.9844,-28.6041],[149.9823,-28.6053],[149.9815,-28.6082],[149.9785,-28.6088],[149.9772,-28.6136],[149.9758,-28.6132],[149.9741,-28.6093],[149.9722,-28.6081],[149.9707,-28.6085],[149.9709,-28.6102],[149.9684,-28.6087],[149.9647,-28.6109],[149.9627,-28.6104],[149.9627,-28.6125],[149.957,-28.6101],[149.9575,-28.6079],[149.9544,-28.6084],[149.9531,-28.6099],[149.9509,-28.6083],[149.9486,-28.6108],[149.9496,-28.613],[149.9467,-28.6128],[149.9455,-28.6145],[149.9433,-28.6139],[149.9432,-28.6177],[149.9421,-28.6184],[149.9371,-28.6155],[149.9361,-28.6104],[149.9342,-28.6106],[149.9334,-28.6128],[149.9305,-28.612],[149.9297,-28.6135],[149.927,-28.6106],[149.9249,-28.6114],[149.925,-28.609],[149.922,-28.6097],[149.9216,-28.6106],[149.9194,-28.6096],[149.9184,-28.6101],[149.9173,-28.6081],[149.9163,-28.6096],[149.9144,-28.6094],[149.9123,-28.6108],[149.9116,-28.61],[149.9086,-28.6105],[149.9095,-28.6123],[149.9081,-28.6144],[149.907,-28.6148],[149.9069,-28.6138],[149.906,-28.6134],[149.9052,-28.6153],[149.9032,-28.6156],[149.9036,-28.6172],[149.9057,-28.6184],[149.9035,-28.6199],[149.9013,-28.6192],[149.8993,-28.6197],[149.9003,-28.6218],[149.8996,-28.6222],[149.8974,-28.6216],[149.8974,-28.6193],[149.8949,-28.6188],[149.895,-28.6172],[149.8938,-28.616],[149.8923,-28.6167],[149.8907,-28.6192],[149.8895,-28.6189],[149.8889,-28.6171],[149.8867,-28.6152],[149.8889,-28.614],[149.8912,-28.6141],[149.8905,-28.6127],[149.8865,-28.6125],[149.8865,-28.6144],[149.8851,-28.6127],[149.8838,-28.6123],[149.8823,-28.6137],[149.8822,-28.6098],[149.8806,-28.6113],[149.8775,-28.612],[149.8769,-28.6113],[149.8775,-28.6088],[149.8749,-28.6074],[149.8748,-28.6041],[149.8741,-28.6035],[149.8724,-28.6045],[149.8721,-28.6074],[149.8713,-28.6073],[149.8709,-28.6055],[149.868,-28.6075],[149.8664,-28.6053],[149.8666,-28.6039],[149.8621,-28.6024],[149.8618,-28.603],[149.8632,-28.605],[149.8605,-28.6048],[149.8606,-28.6072],[149.8587,-28.607],[149.8581,-28.6055],[149.8544,-28.6044],[149.8544,-28.6057],[149.8537,-28.6061],[149.8522,-28.6053],[149.851,-28.6058],[149.85,-28.609],[149.8449,-28.6106],[149.8436,-28.61],[149.8427,-28.607],[149.8407,-28.606],[149.8393,-28.6039],[149.8314,-28.6038],[149.83,-28.6048],[149.8295,-28.6066],[149.8269,-28.6068],[149.8271,-28.609],[149.8222,-28.6091],[149.8222,-28.6112],[149.8201,-28.6124],[149.8196,-28.6141],[149.8204,-28.6163],[149.8194,-28.6168],[149.8182,-28.616],[149.8173,-28.6127],[149.816,-28.6123],[149.8148,-28.6089],[149.8139,-28.6081],[149.8125,-28.6086],[149.8117,-28.6061],[149.8099,-28.6077],[149.8033,-28.6077],[149.8016,-28.6099],[149.8001,-28.6081],[149.7977,-28.6104],[149.7949,-28.6102],[149.7938,-28.6115],[149.7866,-28.6118],[149.7865,-28.614],[149.7838,-28.6144],[149.7834,-28.6123],[149.7809,-28.6125],[149.7798,-28.6102],[149.7777,-28.6112],[149.7772,-28.6132],[149.7757,-28.6133],[149.775,-28.61],[149.7725,-28.6093],[149.7714,-28.6114],[149.7732,-28.6113],[149.7738,-28.6121],[149.7726,-28.6145],[149.7709,-28.6145],[149.7707,-28.6131],[149.7677,-28.6113],[149.7678,-28.6145],[149.7661,-28.6143],[149.765,-28.6131],[149.7642,-28.6147],[149.7619,-28.6139],[149.7599,-28.6155],[149.7592,-28.6135],[149.7555,-28.6117],[149.7563,-28.6099],[149.7547,-28.6099],[149.7537,-28.6106],[149.7543,-28.6129],[149.752,-28.6127],[149.751,-28.6111],[149.7505,-28.6128],[149.7493,-28.6115],[149.7478,-28.6126],[149.7465,-28.612],[149.7441,-28.6155],[149.7464,-28.6165],[149.746,-28.6181],[149.745,-28.6187],[149.7431,-28.6173],[149.7431,-28.6159],[149.7418,-28.6156],[149.7418,-28.6134],[149.7392,-28.6147],[149.7389,-28.6156],[149.7404,-28.6168],[149.7393,-28.6174],[149.7377,-28.6173],[149.7369,-28.6159],[149.7358,-28.6165],[149.7361,-28.6176],[149.7352,-28.6176],[149.7345,-28.6164],[149.7333,-28.6162],[149.7328,-28.6146],[149.7311,-28.6173],[149.7298,-28.6168],[149.7295,-28.6154],[149.7263,-28.6158],[149.7261,-28.6133],[149.7281,-28.613],[149.7268,-28.6118],[149.7292,-28.6117],[149.7295,-28.6109],[149.7263,-28.6104],[149.7247,-28.6094],[149.7229,-28.61],[149.7212,-28.6094],[149.7204,-28.6107],[149.7234,-28.6119],[149.7233,-28.6131],[149.7186,-28.6117],[149.7174,-28.6131],[149.7172,-28.6147],[149.7139,-28.6167],[149.7125,-28.615],[149.7141,-28.6128],[149.713,-28.6124],[149.711,-28.6145],[149.7098,-28.6131],[149.7071,-28.6148],[149.7059,-28.618],[149.704,-28.6167],[149.7035,-28.6195],[149.7059,-28.6219],[149.7074,-28.6201],[149.7098,-28.6198],[149.7102,-28.6204],[149.7072,-28.6228],[149.7056,-28.6227],[149.7066,-28.6249],[149.7062,-28.6258],[149.7033,-28.6254],[149.7042,-28.6276],[149.7055,-28.6277],[149.7066,-28.6266],[149.7072,-28.6275],[149.7051,-28.6296],[149.7066,-28.6296],[149.7068,-28.6303],[149.704,-28.6339],[149.7003,-28.6332],[149.7011,-28.6311],[149.7001,-28.6304],[149.6985,-28.6318],[149.6984,-28.6333],[149.6965,-28.6323],[149.6969,-28.6313],[149.6961,-28.6312],[149.6945,-28.6336],[149.693,-28.6321],[149.6911,-28.6343],[149.69,-28.6317],[149.6904,-28.6309],[149.6888,-28.6304],[149.6905,-28.6292],[149.6895,-28.6284],[149.6878,-28.6294],[149.6885,-28.6319],[149.688,-28.6328],[149.6866,-28.6325],[149.6854,-28.6295],[149.6834,-28.6315],[149.6806,-28.6306],[149.68,-28.6332],[149.6816,-28.6333],[149.6817,-28.6339],[149.6799,-28.6343],[149.6788,-28.6327],[149.6785,-28.635],[149.677,-28.6338],[149.6768,-28.6314],[149.6754,-28.6317],[149.6751,-28.6325],[149.6742,-28.6317],[149.6726,-28.634],[149.6716,-28.6326],[149.6726,-28.6321],[149.6727,-28.6307],[149.6718,-28.6308],[149.6708,-28.6327],[149.6695,-28.6332],[149.6667,-28.6321],[149.6662,-28.6307],[149.6694,-28.6307],[149.6695,-28.6292],[149.6716,-28.6286],[149.6709,-28.6273],[149.6684,-28.6282],[149.6683,-28.6264],[149.6728,-28.6268],[149.6724,-28.6249],[149.6732,-28.6239],[149.6703,-28.6237],[149.6702,-28.6226],[149.6693,-28.6225],[149.671,-28.6211],[149.6696,-28.621],[149.6683,-28.6195],[149.6664,-28.6197],[149.6662,-28.6185],[149.6647,-28.6187],[149.6635,-28.6176],[149.6646,-28.6158],[149.6635,-28.6142],[149.6643,-28.6134],[149.664,-28.6123],[149.6627,-28.6119],[149.6618,-28.6104],[149.6601,-28.6095],[149.6575,-28.6116],[149.659,-28.6131],[149.6579,-28.6146],[149.6566,-28.6143],[149.6563,-28.6159],[149.6537,-28.6134],[149.651,-28.6138],[149.6498,-28.6126],[149.6476,-28.6123],[149.6478,-28.6106],[149.646,-28.6103],[149.6447,-28.6075],[149.6458,-28.6063],[149.6454,-28.6039],[149.642,-28.6003],[149.6421,-28.5992],[149.6411,-28.5992],[149.6406,-28.6006],[149.6405,-28.5987],[149.6396,-28.5982],[149.6387,-28.5982],[149.6377,-28.5997],[149.6359,-28.5995],[149.6362,-28.5983],[149.6347,-28.5976],[149.6349,-28.5955],[149.6334,-28.5967],[149.6324,-28.5962],[149.6319,-28.5978],[149.6309,-28.5982],[149.6302,-28.5965],[149.6307,-28.5952],[149.6296,-28.5949],[149.6272,-28.5963],[149.6254,-28.5936],[149.6242,-28.5944],[149.6243,-28.5952],[149.6227,-28.5948],[149.6216,-28.5959],[149.6197,-28.5962],[149.6201,-28.5978],[149.6186,-28.5989],[149.6158,-28.5987],[149.6135,-28.5999],[149.6125,-28.5997],[149.611,-28.6011],[149.6095,-28.5995],[149.6104,-28.5988],[149.6103,-28.5974],[149.6079,-28.5974],[149.6059,-28.5983],[149.6049,-28.5977],[149.6051,-28.5955],[149.6066,-28.594],[149.6061,-28.5919],[149.6043,-28.5909],[149.6033,-28.589],[149.604,-28.5882],[149.6057,-28.5885],[149.606,-28.5877],[149.6033,-28.5861],[149.6023,-28.5878],[149.6007,-28.5872],[149.5977,-28.5889],[149.5976,-28.5849],[149.5969,-28.5841],[149.5992,-28.5832],[149.5983,-28.5798],[149.5976,-28.5789],[149.596,-28.5794],[149.596,-28.5782],[149.5941,-28.5765],[149.59,-28.5758],[149.5888,-28.574],[149.5872,-28.5734],[149.5844,-28.5746],[149.5798,-28.5726],[149.5776,-28.5739],[149.5763,-28.5725],[149.5756,-28.5737],[149.574,-28.5741],[149.5724,-28.5719],[149.5684,-28.5716],[149.5672,-28.574],[149.5656,-28.5726],[149.5645,-28.5749],[149.5631,-28.5752],[149.5623,-28.5741],[149.5601,-28.5762],[149.5577,-28.5767],[149.5587,-28.5789],[149.5576,-28.5799],[149.554,-28.5775],[149.5529,-28.5776],[149.5537,-28.58],[149.5529,-28.5809],[149.5508,-28.5787],[149.551,-28.5774],[149.5503,-28.5769],[149.5478,-28.5771],[149.5449,-28.5757],[149.5436,-28.577],[149.5424,-28.5753],[149.5393,-28.5749],[149.5379,-28.575],[149.5376,-28.5762],[149.5368,-28.5764],[149.5358,-28.5745],[149.5346,-28.5765],[149.5329,-28.5763],[149.5323,-28.5771],[149.5294,-28.5744],[149.5262,-28.5757],[149.5274,-28.5777],[149.5251,-28.5796],[149.5219,-28.5792],[149.5195,-28.5813],[149.5183,-28.5801],[149.5188,-28.5792],[149.5176,-28.579],[149.517,-28.5802],[149.5155,-28.5795],[149.515,-28.5817],[149.5138,-28.5819],[149.5129,-28.5799],[149.5136,-28.5783],[149.5124,-28.5765],[149.5115,-28.5761],[149.5101,-28.5776],[149.5079,-28.5757],[149.506,-28.5764],[149.5033,-28.5744],[149.5029,-28.5763],[149.5038,-28.5784],[149.5029,-28.5807],[149.4992,-28.5777],[149.4972,-28.5808],[149.4963,-28.5806],[149.497,-28.5783],[149.4932,-28.5802],[149.492,-28.5814],[149.4924,-28.5827],[149.4903,-28.5848],[149.4888,-28.5838],[149.4878,-28.5843],[149.486,-28.5823],[149.4833,-28.5833],[149.4812,-28.5827],[149.4826,-28.5866],[149.4814,-28.5871],[149.4809,-28.5899],[149.4794,-28.5914],[149.4784,-28.5882],[149.4772,-28.5877],[149.477,-28.5916],[149.4755,-28.5925],[149.4754,-28.5938],[149.4732,-28.5939],[149.4715,-28.5924],[149.4709,-28.594],[149.4698,-28.5944],[149.4693,-28.5923],[149.4684,-28.5919],[149.4668,-28.594],[149.4678,-28.5956],[149.4675,-28.5965],[149.4662,-28.5959],[149.4647,-28.5931],[149.4625,-28.5933],[149.4618,-28.5914],[149.4588,-28.5943],[149.4558,-28.5927],[149.4556,-28.596],[149.4525,-28.5949],[149.454,-28.5991],[149.4522,-28.6002],[149.4526,-28.602],[149.4518,-28.6042],[149.4505,-28.6054],[149.4478,-28.6047],[149.4468,-28.6064],[149.444,-28.6063],[149.4434,-28.6074],[149.4446,-28.609],[149.4422,-28.6091],[149.439,-28.6117],[149.4396,-28.614],[149.4387,-28.6155],[149.4413,-28.6162],[149.44,-28.6187],[149.443,-28.6194],[149.4431,-28.6202],[149.4424,-28.621],[149.4401,-28.6215],[149.4396,-28.6227],[149.4381,-28.6227],[149.438,-28.6244],[149.4355,-28.6249],[149.435,-28.6264],[149.4326,-28.6264],[149.4328,-28.6281],[149.4301,-28.6262],[149.4297,-28.6285],[149.4282,-28.6294],[149.4297,-28.6304],[149.4285,-28.6317],[149.4313,-28.633],[149.4314,-28.6344],[149.4331,-28.6349],[149.431,-28.6363],[149.4328,-28.6376],[149.4315,-28.6381],[149.4302,-28.6372],[149.4296,-28.6377],[149.431,-28.6401],[149.4293,-28.6395],[149.4291,-28.6407],[149.4307,-28.6419],[149.4309,-28.6431],[149.4282,-28.6435],[149.4275,-28.6448],[149.4285,-28.6469],[149.4257,-28.647],[149.4263,-28.6495],[149.4253,-28.6506],[149.4228,-28.6496],[149.4212,-28.6504],[149.4191,-28.65],[149.4184,-28.6511],[149.4168,-28.6513],[149.4171,-28.6526],[149.4189,-28.654],[149.423,-28.6536],[149.4233,-28.6551],[149.4211,-28.6562],[149.4171,-28.6547],[149.4171,-28.6569],[149.416,-28.6583],[149.4175,-28.6598],[149.4172,-28.661],[149.416,-28.6618],[149.4161,-28.6629],[149.413,-28.6623],[149.4102,-28.6639],[149.4114,-28.6658],[149.4103,-28.6667],[149.4107,-28.6675],[149.4125,-28.6667],[149.4136,-28.665],[149.4142,-28.6651],[149.4143,-28.6671],[149.4093,-28.6697],[149.4065,-28.673],[149.4043,-28.6734],[149.4057,-28.6744],[149.4054,-28.6754],[149.4019,-28.6762],[149.399,-28.6747],[149.3964,-28.6777],[149.3948,-28.677],[149.3938,-28.6775],[149.3943,-28.6803],[149.3928,-28.6823],[149.3941,-28.6841],[149.394,-28.6866],[149.3916,-28.6914],[149.388,-28.6943],[149.3875,-28.6962],[149.3853,-28.6949],[149.3854,-28.6927],[149.3841,-28.693],[149.3852,-28.6914],[149.3838,-28.6911],[149.3837,-28.6902],[149.3812,-28.6908],[149.3809,-28.6898],[149.3795,-28.6906],[149.3786,-28.6899],[149.3793,-28.689],[149.3787,-28.6885],[149.3771,-28.6901],[149.3784,-28.6915],[149.3759,-28.6928],[149.3733,-28.6891],[149.371,-28.6898],[149.3715,-28.6881],[149.3689,-28.6874],[149.3675,-28.6889],[149.3688,-28.6901],[149.3689,-28.6919],[149.3669,-28.6924],[149.365,-28.6893],[149.3633,-28.6892],[149.3616,-28.6844],[149.3586,-28.6841],[149.3568,-28.6861],[149.355,-28.6867],[149.3548,-28.6879],[149.3521,-28.6885],[149.3519,-28.69],[149.3526,-28.6907],[149.3513,-28.6927],[149.3495,-28.691],[149.3477,-28.6909],[149.3469,-28.6934],[149.3456,-28.6942],[149.3456,-28.6951],[149.3474,-28.6956],[149.3466,-28.6968],[149.3413,-28.6965],[149.3401,-28.695],[149.3354,-28.6984],[149.3306,-28.6973],[149.3289,-28.6992],[149.332,-28.7024],[149.3278,-28.7051],[149.3286,-28.7074],[149.325,-28.7069],[149.3228,-28.7078],[149.3224,-28.7061],[149.32,-28.7059],[149.3193,-28.7078],[149.3198,-28.7089],[149.3225,-28.7092],[149.3185,-28.7111],[149.3184,-28.7139],[149.3161,-28.7131],[149.3174,-28.7118],[149.3155,-28.7111],[149.3155,-28.7102],[149.3139,-28.711],[149.3145,-28.7121],[149.3125,-28.7108],[149.3116,-28.7115],[149.3113,-28.7105],[149.3103,-28.711],[149.3111,-28.7121],[149.3101,-28.7122],[149.3093,-28.7102],[149.3083,-28.7119],[149.3067,-28.7111],[149.3056,-28.7116],[149.305,-28.7102],[149.3037,-28.7102],[149.3021,-28.7086],[149.3009,-28.7086],[149.3014,-28.7097],[149.3008,-28.7101],[149.2987,-28.7098],[149.2981,-28.7103],[149.2979,-28.7092],[149.2967,-28.7097],[149.2953,-28.7115],[149.2937,-28.7113],[149.2925,-28.7155],[149.2906,-28.717],[149.2914,-28.7188],[149.2893,-28.719],[149.2884,-28.7209],[149.2873,-28.7207],[149.2866,-28.7217],[149.2878,-28.7252],[149.2872,-28.7268],[149.2849,-28.7253],[149.2824,-28.7281],[149.2834,-28.7287],[149.2827,-28.7296],[149.2845,-28.7311],[149.2857,-28.7308],[149.2857,-28.7319],[149.2825,-28.7333],[149.2827,-28.7319],[149.2808,-28.7319],[149.2804,-28.7307],[149.2797,-28.7311],[149.2801,-28.7324],[149.2789,-28.7324],[149.279,-28.7337],[149.2778,-28.7333],[149.2773,-28.7316],[149.2756,-28.7334],[149.2719,-28.7332],[149.2707,-28.7345],[149.2714,-28.7352],[149.2712,-28.7365],[149.2722,-28.737],[149.2734,-28.736],[149.2739,-28.7372],[149.2729,-28.7376],[149.273,-28.7399],[149.2709,-28.7408],[149.2693,-28.7433],[149.2682,-28.7437],[149.2678,-28.7427],[149.2663,-28.7433],[149.2653,-28.7401],[149.2629,-28.7402],[149.2631,-28.7389],[149.2646,-28.7389],[149.2631,-28.7366],[149.2638,-28.7356],[149.2619,-28.7354],[149.2631,-28.7346],[149.2621,-28.7341],[149.2611,-28.7347],[149.2614,-28.7357],[149.2599,-28.7355],[149.2567,-28.7375],[149.2573,-28.7395],[149.2546,-28.7384],[149.2534,-28.7408],[149.2536,-28.7422],[149.252,-28.7411],[149.2519,-28.7396],[149.2511,-28.7404],[149.2497,-28.7399],[149.2494,-28.7416],[149.2473,-28.7398],[149.2482,-28.7388],[149.2453,-28.739],[149.2456,-28.7416],[149.2436,-28.7418],[149.2446,-28.7432],[149.2422,-28.7441],[149.2407,-28.7456],[149.2432,-28.7471],[149.242,-28.7474],[149.2406,-28.7463],[149.2394,-28.7488],[149.238,-28.7477],[149.2376,-28.7485],[149.2366,-28.7486],[149.2364,-28.7508],[149.2343,-28.7496],[149.2331,-28.7501],[149.2328,-28.7489],[149.232,-28.7501],[149.2324,-28.7517],[149.2304,-28.7507],[149.2301,-28.7516],[149.2318,-28.7556],[149.2306,-28.7565],[149.2294,-28.755],[149.2286,-28.7551],[149.2281,-28.7562],[149.2287,-28.7576],[149.2303,-28.7583],[149.2277,-28.759],[149.2276,-28.761],[149.2286,-28.7619],[149.2255,-28.761],[149.2255,-28.7631],[149.2238,-28.7624],[149.2246,-28.7647],[149.2223,-28.7643],[149.222,-28.7656],[149.221,-28.7659],[149.2199,-28.7656],[149.2199,-28.7637],[149.219,-28.7628],[149.2162,-28.763],[149.2158,-28.7641],[149.2142,-28.7634],[149.2135,-28.7641],[149.214,-28.7655],[149.2119,-28.765],[149.2121,-28.7664],[149.2102,-28.7684],[149.2082,-28.7659],[149.2073,-28.7657],[149.2065,-28.7667],[149.2075,-28.7694],[149.2049,-28.7686],[149.2023,-28.7706],[149.2,-28.7695],[149.1981,-28.7699],[149.1976,-28.7711],[149.1945,-28.7709],[149.1936,-28.7716],[149.1936,-28.7739],[149.1886,-28.7751],[149.1884,-28.7771],[149.1911,-28.7784],[149.1924,-28.7807],[149.1904,-28.782],[149.1861,-28.782],[149.187,-28.7838],[149.1862,-28.7852],[149.187,-28.7863],[149.184,-28.7905],[149.1869,-28.7923],[149.1868,-28.7941],[149.1831,-28.7946],[149.1836,-28.797],[149.1818,-28.7969],[149.1817,-28.7984],[149.1796,-28.7987],[149.1792,-28.803],[149.1756,-28.8025],[149.1754,-28.8035],[149.1726,-28.8048],[149.1718,-28.8062],[149.17,-28.8065],[149.1694,-28.808],[149.1675,-28.808],[149.1667,-28.8071],[149.1666,-28.8088],[149.1629,-28.8071],[149.1632,-28.8059],[149.1625,-28.8059],[149.1605,-28.8071],[149.1614,-28.8083],[149.16,-28.8109],[149.1587,-28.81],[149.1585,-28.8091],[149.1547,-28.8095],[149.154,-28.8081],[149.1511,-28.8074],[149.1499,-28.8084],[149.1481,-28.8085],[149.1483,-28.8058],[149.1462,-28.8063],[149.147,-28.8085],[149.1456,-28.8095],[149.1445,-28.8078],[149.1427,-28.8082],[149.1446,-28.8068],[149.143,-28.8056],[149.1418,-28.8069],[149.1396,-28.8067],[149.1395,-28.8081],[149.1385,-28.8087],[149.1403,-28.8103],[149.1396,-28.8122],[149.1382,-28.8125],[149.1405,-28.8142],[149.1389,-28.8157],[149.1407,-28.8162],[149.1409,-28.8151],[149.1419,-28.8151],[149.1428,-28.8175],[149.1421,-28.8191],[149.1442,-28.8182],[149.1445,-28.8189],[149.1433,-28.8212],[149.1416,-28.8204],[149.1403,-28.822],[149.1432,-28.8218],[149.1435,-28.8223],[149.1426,-28.8242],[149.1385,-28.8256],[149.1393,-28.8268],[149.1389,-28.828],[149.1373,-28.8287],[149.136,-28.828],[149.1347,-28.8292],[149.1334,-28.8287],[149.133,-28.8297],[149.131,-28.8294],[149.1305,-28.8305],[149.132,-28.8316],[149.1313,-28.8322],[149.1278,-28.8316],[149.1279,-28.8355],[149.1257,-28.8349],[149.1243,-28.833],[149.1223,-28.8343],[149.1219,-28.8334],[149.123,-28.8329],[149.1214,-28.8316],[149.1207,-28.8329],[149.1182,-28.8333],[149.1175,-28.8322],[149.1199,-28.8301],[149.1193,-28.8295],[149.1154,-28.8312],[149.1119,-28.83],[149.1111,-28.8312],[149.1129,-28.8308],[149.1132,-28.832],[149.1119,-28.8343],[149.1111,-28.8344],[149.1107,-28.8332],[149.11,-28.8337],[149.109,-28.8332],[149.1032,-28.8386],[149.1024,-28.8372],[149.1034,-28.8347],[149.1027,-28.8334],[149.101,-28.8324],[149.0992,-28.8342],[149.0981,-28.8321],[149.0968,-28.8316],[149.0961,-28.8322],[149.0963,-28.8343],[149.0934,-28.8336],[149.0902,-28.8372],[149.0869,-28.8384],[149.0861,-28.842],[149.0823,-28.8431],[149.0805,-28.842],[149.0801,-28.8438],[149.0812,-28.847],[149.0791,-28.8517],[149.08,-28.8582],[149.0788,-28.859],[149.0773,-28.8586],[149.0753,-28.8593],[149.0723,-28.8638],[149.0723,-28.8663],[149.0701,-28.8703],[149.0706,-28.8716],[149.0685,-28.8731],[149.0666,-28.8725],[149.0635,-28.8785],[149.0592,-28.8794],[149.055,-28.8844],[149.0549,-28.8864],[149.0568,-28.8871],[149.0591,-28.8858],[149.0611,-28.8878],[149.0634,-28.887],[149.064,-28.8891],[149.0608,-28.8901],[149.0577,-28.8936],[149.0606,-28.8944],[149.0557,-28.9014],[149.0578,-28.904],[149.0569,-28.9057],[149.0587,-28.9078],[149.0584,-28.911],[149.0574,-28.9118],[149.055,-28.9119],[149.0508,-28.9177],[149.0485,-28.9162],[149.0475,-28.9178],[149.0475,-28.9199],[149.045,-28.9206],[149.0475,-28.9221],[149.0473,-28.9245],[149.0466,-28.9255],[149.0426,-28.9269],[149.0433,-28.93],[149.0423,-28.9314],[149.0456,-28.9315],[149.0456,-28.9346],[149.0435,-28.9346],[149.0437,-28.9361],[149.0425,-28.9373],[149.0436,-28.9381],[149.043,-28.9395],[149.0385,-28.9391],[149.0398,-28.9402],[149.0389,-28.9409],[149.0401,-28.9424],[149.0366,-28.9438],[149.0361,-28.9451],[149.0346,-28.9455],[149.0344,-28.9476],[149.0362,-28.9487],[149.0332,-28.9517],[149.0345,-28.9528],[149.0331,-28.954],[149.0319,-28.9566],[149.03,-28.9572],[149.0297,-28.9554],[149.0278,-28.9545],[149.0211,-28.957],[149.0199,-28.9582],[149.0202,-28.9592],[149.0194,-28.9594],[149.0169,-28.9565],[149.0143,-28.9577],[149.0121,-28.9555],[149.0112,-28.9556],[149.008,-28.9577],[149.0088,-28.9585],[149.0118,-28.9583],[149.0108,-28.96],[149.0067,-28.9598],[149.0047,-28.9606],[149.0044,-28.9624],[149.0054,-28.9645],[149.004,-28.9673],[149.0022,-28.9689],[148.9998,-28.9696],[148.9997,-28.9708],[148.9979,-28.972],[148.9986,-28.9727],[148.9979,-28.975],[149.0004,-28.9754],[149.0034,-28.9774],[148.9999,-28.9813],[148.9971,-28.9802],[148.9967,-28.9827],[148.9819,-28.9809],[148.982,-28.9837],[148.9728,-28.9828],[148.9713,-28.9804],[148.9705,-28.9823],[148.9714,-28.9835],[148.9709,-28.9856],[148.9691,-28.9862],[148.966,-28.9859],[148.969,-28.988],[148.9672,-28.9897],[148.9674,-28.9912],[148.9634,-28.9917],[148.9656,-28.9936],[148.9632,-28.9963],[148.9589,-28.9979],[148.9581,-28.9991],[140.9993,-28.9991],[141.003,-34.0225],[141.0075,-34.0241],[141.0108,-34.024],[141.0124,-34.0247],[141.0115,-34.0258],[141.0059,-34.026],[141.0038,-34.0276],[141.0027,-34.0301],[141.0037,-34.0333],[141.0018,-34.0376],[141.0019,-34.0391],[141.0028,-34.0406],[141.0066,-34.0421],[141.0099,-34.0452],[141.017,-34.0473],[141.0183,-34.0494],[141.0184,-34.056],[141.0214,-34.0587],[141.0243,-34.0599],[141.0269,-34.0591],[141.0274,-34.0572],[141.0236,-34.0533],[141.0237,-34.0512],[141.0323,-34.047],[141.0325,-34.0454],[141.031,-34.042],[141.0323,-34.0374],[141.0332,-34.036],[141.0361,-34.036],[141.0414,-34.0395],[141.0436,-34.0432],[141.0435,-34.0449],[141.0401,-34.0493],[141.0394,-34.0514],[141.0408,-34.0591],[141.0425,-34.0611],[141.0456,-34.0619],[141.049,-34.0611],[141.053,-34.0575],[141.0617,-34.055],[141.0656,-34.0501],[141.0685,-34.0595],[141.072,-34.0629],[141.0767,-34.0637],[141.0816,-34.0612],[141.0849,-34.0623],[141.086,-34.065],[141.083,-34.0687],[141.0828,-34.0709],[141.0853,-34.075],[141.0892,-34.0767],[141.0924,-34.0764],[141.0949,-34.0748],[141.0967,-34.0731],[141.0976,-34.07],[141.0956,-34.0607],[141.0922,-34.0582],[141.0873,-34.0572],[141.0876,-34.055],[141.0942,-34.0507],[141.0976,-34.0501],[141.1011,-34.0512],[141.1041,-34.0582],[141.1069,-34.0611],[141.1203,-34.0649],[141.1282,-34.0634],[141.1353,-34.0597],[141.1373,-34.0576],[141.1379,-34.0583],[141.1371,-34.0599],[141.1376,-34.0616],[141.1399,-34.0632],[141.143,-34.0635],[141.1441,-34.0622],[141.1438,-34.0585],[141.145,-34.0564],[141.1531,-34.0545],[141.1534,-34.0552],[141.1515,-34.0576],[141.1511,-34.0597],[141.1535,-34.063],[141.1534,-34.0642],[141.1448,-34.0663],[141.1438,-34.0678],[141.1461,-34.0696],[141.1512,-34.0679],[141.1532,-34.0689],[141.1535,-34.0745],[141.1527,-34.0793],[141.1537,-34.0821],[141.1589,-34.0846],[141.1659,-34.0832],[141.169,-34.0806],[141.1712,-34.0744],[141.1726,-34.0734],[141.1747,-34.0733],[141.1756,-34.0754],[141.1748,-34.0781],[141.1749,-34.0813],[141.1778,-34.0849],[141.1784,-34.0882],[141.1815,-34.091],[141.185,-34.092],[141.1909,-34.0914],[141.1935,-34.0896],[141.1945,-34.0869],[141.1936,-34.0842],[141.1878,-34.0803],[141.1874,-34.0793],[141.1924,-34.0783],[141.1931,-34.0742],[141.198,-34.0732],[141.1998,-34.0721],[141.2019,-34.0655],[141.2059,-34.0617],[141.2084,-34.061],[141.2109,-34.0612],[141.2131,-34.0627],[141.2137,-34.0646],[141.2158,-34.0654],[141.2172,-34.0648],[141.2197,-34.0616],[141.2221,-34.0617],[141.2227,-34.063],[141.2217,-34.0666],[141.2222,-34.0689],[141.2262,-34.073],[141.2285,-34.0737],[141.2318,-34.0732],[141.2362,-34.0707],[141.2373,-34.0685],[141.2369,-34.0663],[141.2375,-34.0639],[141.2395,-34.0616],[141.2418,-34.0613],[141.2443,-34.0638],[141.2447,-34.069],[141.2472,-34.0732],[141.2458,-34.0767],[141.2417,-34.0819],[141.2417,-34.0851],[141.2425,-34.0873],[141.2445,-34.0883],[141.2474,-34.0881],[141.2494,-34.0864],[141.2505,-34.0814],[141.2521,-34.0789],[141.2554,-34.0775],[141.2596,-34.0781],[141.263,-34.0813],[141.2659,-34.0881],[141.2687,-34.0921],[141.2754,-34.0982],[141.2798,-34.0991],[141.2837,-34.1039],[141.2985,-34.107],[141.2991,-34.108],[141.298,-34.1116],[141.3008,-34.1137],[141.3032,-34.1139],[141.3138,-34.1117],[141.3175,-34.1124],[141.3186,-34.1135],[141.3184,-34.1163],[141.3134,-34.1238],[141.3135,-34.1249],[141.3145,-34.1263],[141.3168,-34.1273],[141.3226,-34.1255],[141.3259,-34.1269],[141.3261,-34.1298],[141.3231,-34.1332],[141.3232,-34.1376],[141.3249,-34.1388],[141.3281,-34.1386],[141.3314,-34.136],[141.3309,-34.1357],[141.3313,-34.1332],[141.3329,-34.1307],[141.3414,-34.1281],[141.3464,-34.1243],[141.3476,-34.1216],[141.347,-34.1151],[141.3485,-34.1123],[141.3518,-34.1111],[141.359,-34.1107],[141.3613,-34.1115],[141.3627,-34.1129],[141.3644,-34.1211],[141.3688,-34.1271],[141.3709,-34.1274],[141.3718,-34.1264],[141.3695,-34.1225],[141.3697,-34.1202],[141.3718,-34.1197],[141.3816,-34.1221],[141.3845,-34.125],[141.3859,-34.1297],[141.3855,-34.1319],[141.3865,-34.1337],[141.3881,-34.1347],[141.3924,-34.1343],[141.4034,-34.1272],[141.4059,-34.1269],[141.4082,-34.1279],[141.4098,-34.1296],[141.4103,-34.1322],[141.4077,-34.1367],[141.4061,-34.142],[141.4074,-34.1464],[141.4119,-34.15],[141.4172,-34.1508],[141.421,-34.1498],[141.4302,-34.1456],[141.4339,-34.1459],[141.4347,-34.1478],[141.4321,-34.1545],[141.4328,-34.1599],[141.4354,-34.1624],[141.4406,-34.1646],[141.4445,-34.168],[141.4471,-34.1684],[141.4488,-34.1675],[141.4493,-34.1656],[141.4485,-34.1627],[141.4502,-34.1611],[141.4525,-34.1613],[141.4623,-34.1656],[141.4659,-34.1658],[141.4697,-34.1634],[141.4703,-34.1598],[141.4712,-34.1592],[141.473,-34.1595],[141.4791,-34.1628],[141.4828,-34.1634],[141.4861,-34.1613],[141.4857,-34.1571],[141.4874,-34.1549],[141.4918,-34.1541],[141.4968,-34.1555],[141.5013,-34.16],[141.5047,-34.1692],[141.5108,-34.1777],[141.5132,-34.1791],[141.5175,-34.1796],[141.5187,-34.1809],[141.5186,-34.1825],[141.5173,-34.1839],[141.5107,-34.1858],[141.5067,-34.1906],[141.5077,-34.1942],[141.5146,-34.1982],[141.5186,-34.2032],[141.5172,-34.2068],[141.5124,-34.2084],[141.5085,-34.2084],[141.5061,-34.2105],[141.5061,-34.2138],[141.5101,-34.2165],[141.5137,-34.2161],[141.5196,-34.2133],[141.5311,-34.2124],[141.5339,-34.2107],[141.5361,-34.2077],[141.5364,-34.2049],[141.5308,-34.1956],[141.5313,-34.1931],[141.5335,-34.1914],[141.536,-34.1915],[141.538,-34.1927],[141.5445,-34.2002],[141.5477,-34.2008],[141.5504,-34.2003],[141.5565,-34.1973],[141.5578,-34.1952],[141.5582,-34.1919],[141.5605,-34.1909],[141.5672,-34.1915],[141.5731,-34.196],[141.577,-34.1965],[141.5839,-34.1988],[141.5863,-34.1983],[141.5881,-34.196],[141.5888,-34.1915],[141.5882,-34.1884],[141.5897,-34.1869],[141.5915,-34.1871],[141.5928,-34.1898],[141.5958,-34.1918],[141.6,-34.1923],[141.6033,-34.1912],[141.6059,-34.188],[141.6049,-34.1839],[141.6013,-34.1819],[141.5928,-34.1819],[141.5903,-34.1802],[141.5894,-34.1774],[141.5899,-34.1753],[141.5932,-34.1728],[141.6026,-34.1688],[141.6038,-34.1655],[141.603,-34.1623],[141.5993,-34.1561],[141.5963,-34.1553],[141.5913,-34.1576],[141.5878,-34.1576],[141.5844,-34.1554],[141.5835,-34.1536],[141.5839,-34.152],[141.5858,-34.1507],[141.5873,-34.1508],[141.5953,-34.1548],[141.598,-34.154],[141.6026,-34.1494],[141.6046,-34.1491],[141.6083,-34.1508],[141.6094,-34.1538],[141.6125,-34.1568],[141.6156,-34.1571],[141.6185,-34.1563],[141.621,-34.1543],[141.621,-34.1493],[141.6118,-34.139],[141.6135,-34.1384],[141.6153,-34.1391],[141.6182,-34.1435],[141.6213,-34.1452],[141.6253,-34.1461],[141.628,-34.1454],[141.6304,-34.1434],[141.6321,-34.1401],[141.6301,-34.1297],[141.6305,-34.1258],[141.6327,-34.1215],[141.6351,-34.1204],[141.6419,-34.1197],[141.6547,-34.1167],[141.6641,-34.1108],[141.6745,-34.1025],[141.6774,-34.1012],[141.6886,-34.1023],[141.6947,-34.0985],[141.7049,-34.0957],[141.7083,-34.0964],[141.7106,-34.0986],[141.7114,-34.109],[141.7128,-34.1123],[141.7153,-34.1146],[141.719,-34.1149],[141.7235,-34.1127],[141.7255,-34.1097],[141.7299,-34.1056],[141.7296,-34.1025],[141.7259,-34.0979],[141.7255,-34.094],[141.7273,-34.0915],[141.7315,-34.091],[141.7355,-34.0931],[141.7432,-34.1016],[141.7463,-34.1034],[141.7526,-34.1024],[141.7583,-34.0968],[141.76,-34.0966],[141.7618,-34.0975],[141.7624,-34.0992],[141.7614,-34.1006],[141.754,-34.104],[141.7526,-34.1062],[141.7533,-34.1101],[141.7569,-34.1121],[141.7593,-34.1123],[141.7627,-34.1113],[141.771,-34.1047],[141.7779,-34.1018],[141.7789,-34.1025],[141.7793,-34.1043],[141.7755,-34.1105],[141.7747,-34.1139],[141.7756,-34.116],[141.7769,-34.1169],[141.7804,-34.1166],[141.7841,-34.1123],[141.7864,-34.1117],[141.7907,-34.1152],[141.7933,-34.1159],[141.7978,-34.115],[141.8013,-34.1155],[141.8066,-34.1203],[141.8153,-34.1213],[141.8254,-34.1277],[141.8327,-34.1302],[141.839,-34.1312],[141.8414,-34.1325],[141.8441,-34.1318],[141.8478,-34.1262],[141.8507,-34.1243],[141.8527,-34.1257],[141.8515,-34.1299],[141.8533,-34.1312],[141.8561,-34.1313],[141.8632,-34.1282],[141.8678,-34.1287],[141.8725,-34.1315],[141.8748,-34.1359],[141.8766,-34.1374],[141.8778,-34.1368],[141.8809,-34.1306],[141.8864,-34.1274],[141.8888,-34.1244],[141.8887,-34.1215],[141.8852,-34.1179],[141.8847,-34.115],[141.8941,-34.1139],[141.8996,-34.1114],[141.8999,-34.109],[141.9023,-34.1094],[141.9027,-34.1071],[141.9052,-34.1073],[141.9053,-34.1049],[141.9076,-34.104],[141.9099,-34.0998],[141.9106,-34.0931],[141.9096,-34.0916],[141.9134,-34.0895],[141.9135,-34.0926],[141.9169,-34.0943],[141.9212,-34.0938],[141.9307,-34.0944],[141.9335,-34.0955],[141.9355,-34.0937],[141.9377,-34.0953],[141.9322,-34.1004],[141.9333,-34.1007],[141.9337,-34.1038],[141.9314,-34.1049],[141.9302,-34.1066],[141.9249,-34.108],[141.926,-34.109],[141.924,-34.111],[141.9206,-34.1103],[141.9167,-34.1125],[141.9096,-34.1119],[141.9061,-34.1129],[141.9082,-34.1144],[141.9133,-34.1155],[141.9205,-34.1141],[141.9226,-34.1146],[141.9253,-34.1202],[141.9298,-34.1258],[141.9286,-34.1289],[141.9259,-34.1322],[141.9256,-34.1346],[141.9285,-34.1369],[141.9341,-34.1383],[141.9375,-34.137],[141.9388,-34.135],[141.939,-34.1306],[141.9384,-34.1308],[141.9381,-34.1281],[141.9398,-34.1223],[141.9429,-34.1199],[141.945,-34.1195],[141.9481,-34.1205],[141.954,-34.129],[141.9567,-34.1316],[141.9612,-34.1342],[141.9624,-34.136],[141.9671,-34.137],[141.9704,-34.1361],[141.9717,-34.1353],[141.9723,-34.1331],[141.969,-34.1257],[141.9697,-34.1199],[141.9727,-34.115],[141.9777,-34.1127],[141.9849,-34.1129],[141.9883,-34.1159],[141.9911,-34.1202],[141.993,-34.1213],[141.9962,-34.119],[141.9985,-34.1185],[142.0129,-34.1254],[142.0225,-34.1251],[142.0249,-34.1233],[142.0249,-34.1221],[142.0161,-34.1164],[142.0148,-34.1091],[142.013,-34.1075],[142.0129,-34.1061],[142.0141,-34.1049],[142.0167,-34.1044],[142.0211,-34.1064],[142.0265,-34.0944],[142.0286,-34.0944],[142.029,-34.0931],[142.03,-34.0929],[142.0313,-34.0932],[142.0315,-34.0919],[142.0339,-34.0921],[142.0358,-34.091],[142.0356,-34.0895],[142.0409,-34.0893],[142.0411,-34.0904],[142.043,-34.0901],[142.0433,-34.0909],[142.0481,-34.0939],[142.0478,-34.0955],[142.0459,-34.0966],[142.0478,-34.0986],[142.0441,-34.1001],[142.04,-34.0991],[142.04,-34.098],[142.0385,-34.0979],[142.0374,-34.0998],[142.042,-34.1032],[142.0421,-34.106],[142.0392,-34.1086],[142.035,-34.1106],[142.0326,-34.1131],[142.0289,-34.119],[142.0294,-34.1259],[142.033,-34.1288],[142.037,-34.1298],[142.0406,-34.1291],[142.0493,-34.1256],[142.0626,-34.1259],[142.0731,-34.1298],[142.0756,-34.1314],[142.0777,-34.1356],[142.0772,-34.1387],[142.0739,-34.1423],[142.0689,-34.1433],[142.0666,-34.1447],[142.0653,-34.1473],[142.0653,-34.1506],[142.0676,-34.1536],[142.0746,-34.1552],[142.0775,-34.1573],[142.0807,-34.165],[142.0816,-34.1719],[142.0828,-34.1735],[142.0858,-34.1737],[142.0902,-34.1719],[142.0931,-34.1719],[142.0986,-34.1738],[142.1036,-34.1772],[142.1054,-34.1775],[142.1124,-34.1751],[142.1196,-34.1749],[142.1216,-34.1724],[142.1184,-34.1615],[142.1201,-34.1569],[142.1224,-34.1562],[142.1248,-34.1568],[142.1327,-34.1606],[142.138,-34.1601],[142.1403,-34.1583],[142.1435,-34.1511],[142.1457,-34.1492],[142.1483,-34.1487],[142.1582,-34.1516],[142.164,-34.1516],[142.1666,-34.1531],[142.1663,-34.1564],[142.1614,-34.1638],[142.1593,-34.1715],[142.1615,-34.1724],[142.1652,-34.171],[142.1665,-34.1714],[142.1667,-34.1725],[142.1634,-34.1764],[142.1654,-34.1818],[142.1673,-34.1835],[142.1731,-34.1838],[142.1767,-34.1777],[142.1718,-34.177],[142.172,-34.1743],[142.171,-34.1736],[142.1714,-34.1696],[142.1697,-34.1691],[142.1699,-34.1675],[142.18,-34.1684],[142.1782,-34.1619],[142.179,-34.1588],[142.1824,-34.1596],[142.1816,-34.166],[142.1841,-34.1655],[142.1847,-34.1677],[142.1867,-34.1679],[142.1864,-34.169],[142.194,-34.1697],[142.1935,-34.1742],[142.1985,-34.1749],[142.1991,-34.1702],[142.2039,-34.1707],[142.2033,-34.175],[142.2025,-34.1757],[142.2101,-34.1787],[142.2102,-34.1781],[142.2116,-34.1783],[142.213,-34.1729],[142.2157,-34.1734],[142.2152,-34.1755],[142.2173,-34.1759],[142.2179,-34.173],[142.2222,-34.1733],[142.2218,-34.1754],[142.2297,-34.1764],[142.2286,-34.1785],[142.229,-34.179],[142.2309,-34.1787],[142.2338,-34.1764],[142.2363,-34.1769],[142.2346,-34.1801],[142.2325,-34.18],[142.2313,-34.1818],[142.229,-34.1822],[142.2236,-34.1803],[142.2231,-34.1822],[142.2214,-34.183],[142.2239,-34.1868],[142.2282,-34.1899],[142.2269,-34.195],[142.2281,-34.1983],[142.2295,-34.2081],[142.2318,-34.2089],[142.2337,-34.2084],[142.2348,-34.2048],[142.2365,-34.2038],[142.243,-34.2088],[142.2441,-34.2109],[142.2438,-34.2165],[142.2404,-34.2181],[142.2353,-34.2237],[142.2361,-34.2254],[142.2414,-34.2284],[142.244,-34.2325],[142.245,-34.2379],[142.2436,-34.2458],[142.2415,-34.2481],[142.2374,-34.2484],[142.2348,-34.2494],[142.233,-34.2519],[142.2323,-34.255],[142.2324,-34.2561],[142.234,-34.2571],[142.2385,-34.2571],[142.2419,-34.2581],[142.2462,-34.2613],[142.249,-34.2651],[142.2494,-34.2676],[142.2455,-34.2738],[142.2447,-34.2772],[142.2452,-34.2791],[142.248,-34.2821],[142.2488,-34.285],[142.248,-34.2877],[142.2437,-34.2919],[142.2375,-34.2948],[142.2342,-34.2952],[142.2325,-34.2967],[142.2319,-34.3022],[142.2359,-34.307],[142.2385,-34.3078],[142.2488,-34.3072],[142.2531,-34.3061],[142.2673,-34.2953],[142.2693,-34.2961],[142.2708,-34.3016],[142.2722,-34.3036],[142.2737,-34.304],[142.2775,-34.3032],[142.2829,-34.298],[142.2861,-34.2965],[142.2915,-34.302],[142.2981,-34.3045],[142.2989,-34.3057],[142.2968,-34.3074],[142.2907,-34.306],[142.2883,-34.3064],[142.284,-34.3108],[142.2806,-34.3159],[142.28,-34.3198],[142.2805,-34.322],[142.2839,-34.3266],[142.2885,-34.3265],[142.2924,-34.3238],[142.2944,-34.3235],[142.3017,-34.3291],[142.3163,-34.3301],[142.3181,-34.3316],[142.3193,-34.3349],[142.3216,-34.3369],[142.3309,-34.3394],[142.3472,-34.3372],[142.3521,-34.3331],[142.3574,-34.3315],[142.3619,-34.3281],[142.3677,-34.3269],[142.3692,-34.3272],[142.3706,-34.3295],[142.3732,-34.3315],[142.3796,-34.3309],[142.3857,-34.334],[142.3922,-34.3347],[142.3966,-34.3377],[142.3977,-34.3412],[142.397,-34.3438],[142.3883,-34.3431],[142.3856,-34.3446],[142.3845,-34.3469],[142.3845,-34.3498],[142.3863,-34.3553],[142.3888,-34.3583],[142.3915,-34.3601],[142.3913,-34.3614],[142.3898,-34.3628],[142.3875,-34.3638],[142.3838,-34.3634],[142.3799,-34.3604],[142.3713,-34.3578],[142.3642,-34.361],[142.3635,-34.3622],[142.3641,-34.3641],[142.3662,-34.3651],[142.3748,-34.3624],[142.3764,-34.3628],[142.3783,-34.3648],[142.3772,-34.3673],[142.3693,-34.3694],[142.3681,-34.3707],[142.3703,-34.3746],[142.3698,-34.3799],[142.3707,-34.3833],[142.3737,-34.3864],[142.3739,-34.3882],[142.3724,-34.3883],[142.368,-34.3855],[142.3639,-34.3857],[142.3599,-34.3901],[142.3519,-34.3947],[142.351,-34.3966],[142.3517,-34.3992],[142.3554,-34.3995],[142.3565,-34.4004],[142.3524,-34.4045],[142.3518,-34.4065],[142.3526,-34.4079],[142.354,-34.4089],[142.3596,-34.41],[142.3607,-34.4118],[142.3595,-34.4141],[142.3526,-34.4191],[142.3518,-34.4223],[142.3545,-34.4241],[142.3611,-34.4222],[142.3645,-34.4227],[142.3651,-34.4248],[142.3639,-34.4277],[142.3605,-34.4305],[142.3599,-34.4319],[142.3608,-34.433],[142.3635,-34.4333],[142.3679,-34.4354],[142.367,-34.4365],[142.3627,-34.4381],[142.3608,-34.4405],[142.3607,-34.442],[142.3644,-34.4453],[142.3651,-34.4474],[142.3607,-34.4595],[142.358,-34.4623],[142.3541,-34.4643],[142.3529,-34.4676],[142.3533,-34.4696],[142.3563,-34.4723],[142.3586,-34.472],[142.3644,-34.4693],[142.3723,-34.4717],[142.376,-34.4702],[142.3779,-34.467],[142.3793,-34.4667],[142.3805,-34.4679],[142.3842,-34.4781],[142.383,-34.4793],[142.3782,-34.4765],[142.3747,-34.477],[142.3725,-34.4807],[142.3643,-34.4847],[142.3614,-34.4879],[142.3598,-34.4912],[142.3591,-34.4936],[142.3596,-34.4988],[142.3603,-34.4999],[142.3697,-34.5038],[142.3711,-34.5027],[142.3714,-34.498],[142.3724,-34.4957],[142.3753,-34.4925],[142.3777,-34.4914],[142.3825,-34.491],[142.3911,-34.492],[142.3947,-34.4935],[142.3938,-34.4952],[142.3888,-34.4974],[142.3867,-34.4991],[142.3847,-34.5053],[142.3807,-34.5091],[142.3761,-34.5122],[142.3749,-34.5153],[142.3772,-34.5183],[142.3807,-34.5195],[142.3843,-34.5191],[142.3895,-34.5163],[142.3936,-34.5162],[142.3999,-34.5223],[142.3997,-34.5233],[142.3982,-34.5239],[142.3838,-34.5238],[142.3702,-34.5264],[142.3684,-34.5271],[142.3677,-34.5304],[142.3703,-34.5343],[142.3715,-34.5349],[142.3741,-34.5347],[142.3769,-34.5321],[142.3782,-34.5321],[142.3783,-34.5335],[142.3758,-34.5383],[142.3767,-34.541],[142.3866,-34.5451],[142.3885,-34.5481],[142.3902,-34.5491],[142.3925,-34.5494],[142.3998,-34.547],[142.4015,-34.5456],[142.4033,-34.542],[142.4056,-34.5415],[142.4067,-34.5478],[142.4107,-34.5535],[142.4099,-34.5566],[142.4066,-34.5617],[142.4063,-34.5656],[142.4077,-34.568],[142.4095,-34.5692],[142.412,-34.5692],[142.4185,-34.5669],[142.4215,-34.5652],[142.4237,-34.5627],[142.4261,-34.5623],[142.4283,-34.5643],[142.4293,-34.5666],[142.4286,-34.5726],[142.4302,-34.5748],[142.4347,-34.5761],[142.4449,-34.5755],[142.4496,-34.5829],[142.4516,-34.5843],[142.4564,-34.5841],[142.4584,-34.5828],[142.4587,-34.5815],[142.4577,-34.5788],[142.4541,-34.576],[142.4516,-34.5728],[142.4487,-34.5618],[142.4488,-34.5595],[142.451,-34.558],[142.4548,-34.5576],[142.4597,-34.5602],[142.4649,-34.5617],[142.468,-34.5643],[142.4724,-34.5741],[142.4727,-34.5767],[142.4671,-34.5812],[142.4662,-34.583],[142.4587,-34.5858],[142.4584,-34.5876],[142.46,-34.5894],[142.4674,-34.5894],[142.4696,-34.5904],[142.4713,-34.5927],[142.4692,-34.5967],[142.4692,-34.6015],[142.463,-34.6039],[142.4613,-34.6066],[142.4618,-34.6085],[142.4679,-34.6119],[142.4683,-34.6129],[142.463,-34.6139],[142.4592,-34.6163],[142.4584,-34.6192],[142.463,-34.6232],[142.464,-34.6267],[142.46,-34.6293],[142.4537,-34.6303],[142.4523,-34.6335],[142.4538,-34.6354],[142.4565,-34.6363],[142.4615,-34.6344],[142.4653,-34.6342],[142.4671,-34.6381],[142.4711,-34.6401],[142.4745,-34.6393],[142.4802,-34.6354],[142.4823,-34.6355],[142.4836,-34.6364],[142.4838,-34.6384],[142.4799,-34.6399],[142.4761,-34.6427],[142.4717,-34.6518],[142.4721,-34.6571],[142.4713,-34.6657],[142.473,-34.6702],[142.4756,-34.6726],[142.4803,-34.6736],[142.4888,-34.6733],[142.4931,-34.6722],[142.4961,-34.6693],[142.4957,-34.6673],[142.4944,-34.6667],[142.4876,-34.6669],[142.4864,-34.6655],[142.487,-34.6634],[142.4899,-34.6626],[142.4958,-34.6649],[142.4996,-34.6649],[142.502,-34.6635],[142.5035,-34.6587],[142.5057,-34.6569],[142.5105,-34.6578],[142.5159,-34.6637],[142.5156,-34.665],[142.5138,-34.666],[142.5138,-34.6667],[142.5041,-34.6676],[142.5002,-34.6702],[142.498,-34.6724],[142.4974,-34.6743],[142.4974,-34.6776],[142.4994,-34.6819],[142.5007,-34.6827],[142.5049,-34.6814],[142.5072,-34.6821],[142.5083,-34.6833],[142.5095,-34.6871],[142.513,-34.6906],[142.5137,-34.6922],[142.5133,-34.6939],[142.51,-34.6967],[142.5013,-34.6982],[142.4996,-34.6991],[142.4989,-34.7012],[142.4997,-34.7031],[142.5021,-34.7042],[142.5045,-34.7041],[142.5123,-34.7005],[142.5175,-34.7013],[142.5189,-34.7029],[142.5183,-34.7048],[142.5099,-34.7137],[142.5105,-34.7162],[142.513,-34.7195],[142.513,-34.7231],[142.5092,-34.7274],[142.5013,-34.7335],[142.4996,-34.7391],[142.5013,-34.7407],[142.5117,-34.7411],[142.5127,-34.7431],[142.508,-34.7464],[142.5081,-34.7495],[142.5142,-34.7525],[142.5242,-34.7594],[142.5285,-34.7593],[142.5319,-34.7558],[142.5327,-34.7533],[142.5336,-34.7531],[142.5388,-34.7629],[142.5476,-34.762],[142.5501,-34.7627],[142.5508,-34.7644],[142.5503,-34.7689],[142.5567,-34.7754],[142.5608,-34.7743],[142.5632,-34.7692],[142.5672,-34.7669],[142.5717,-34.7698],[142.5765,-34.7715],[142.5858,-34.7704],[142.5949,-34.7725],[142.6065,-34.7808],[142.6128,-34.7843],[142.6168,-34.7855],[142.6232,-34.7858],[142.6314,-34.7844],[142.6393,-34.7803],[142.6445,-34.7753],[142.6464,-34.7633],[142.6429,-34.7589],[142.6396,-34.7575],[142.6263,-34.7606],[142.6233,-34.7597],[142.6205,-34.7571],[142.6192,-34.7543],[142.6195,-34.7445],[142.6163,-34.7367],[142.6168,-34.731],[142.6183,-34.7288],[142.6209,-34.7276],[142.6235,-34.7275],[142.6321,-34.7338],[142.6373,-34.735],[142.6426,-34.7317],[142.6522,-34.7295],[142.6614,-34.7217],[142.6637,-34.7233],[142.6642,-34.7303],[142.6674,-34.7359],[142.6712,-34.7378],[142.679,-34.7392],[142.6847,-34.7366],[142.6863,-34.7353],[142.6867,-34.7339],[142.6849,-34.7323],[142.6796,-34.731],[142.6766,-34.729],[142.6759,-34.7268],[142.6786,-34.7223],[142.6818,-34.7218],[142.6909,-34.7267],[142.6948,-34.7265],[142.6984,-34.7255],[142.6994,-34.7245],[142.6996,-34.7229],[142.6977,-34.7207],[142.6888,-34.7175],[142.6845,-34.7141],[142.6854,-34.7095],[142.6874,-34.7069],[142.6905,-34.7048],[142.6911,-34.7014],[142.6894,-34.6983],[142.6853,-34.6947],[142.6822,-34.6908],[142.6799,-34.6858],[142.6789,-34.6808],[142.6807,-34.6747],[142.6805,-34.6729],[142.6841,-34.6709],[142.6884,-34.6714],[142.7002,-34.6777],[142.7059,-34.6795],[142.7082,-34.6791],[142.7108,-34.6758],[142.7109,-34.6679],[142.7086,-34.6622],[142.7055,-34.6604],[142.7015,-34.6593],[142.6954,-34.66],[142.6934,-34.6566],[142.6892,-34.6525],[142.6893,-34.6514],[142.6925,-34.6482],[142.6974,-34.641],[142.695,-34.6359],[142.6991,-34.6313],[142.7008,-34.6245],[142.7028,-34.6232],[142.7076,-34.6235],[142.7088,-34.6227],[142.7087,-34.6203],[142.7074,-34.6189],[142.7021,-34.6198],[142.6967,-34.6189],[142.6924,-34.6196],[142.6895,-34.6183],[142.6893,-34.6168],[142.6905,-34.6157],[142.7005,-34.6158],[142.704,-34.6135],[142.7041,-34.6119],[142.7023,-34.6073],[142.6995,-34.6032],[142.7,-34.5994],[142.7017,-34.5977],[142.7043,-34.5976],[142.7133,-34.6005],[142.7148,-34.6004],[142.7178,-34.5988],[142.7198,-34.5939],[142.7236,-34.5923],[142.7251,-34.5927],[142.7307,-34.599],[142.7432,-34.6028],[142.7531,-34.6026],[142.7592,-34.6001],[142.7635,-34.5967],[142.7638,-34.5924],[142.763,-34.5897],[142.7588,-34.5883],[142.7492,-34.589],[142.7462,-34.5871],[142.7454,-34.5839],[142.7337,-34.5825],[142.7343,-34.5783],[142.7318,-34.5781],[142.7324,-34.5739],[142.7418,-34.5747],[142.7421,-34.5728],[142.7451,-34.5729],[142.7455,-34.5711],[142.7503,-34.5718],[142.7499,-34.5745],[142.7477,-34.5754],[142.7485,-34.5765],[142.7502,-34.5763],[142.7572,-34.5795],[142.7606,-34.5797],[142.7693,-34.5782],[142.7823,-34.5798],[142.7841,-34.5784],[142.7836,-34.5761],[142.7719,-34.5718],[142.7702,-34.57],[142.7702,-34.568],[142.7721,-34.5659],[142.7758,-34.5673],[142.7795,-34.567],[142.7815,-34.5651],[142.7829,-34.5614],[142.7875,-34.5591],[142.7888,-34.5569],[142.788,-34.5517],[142.7884,-34.5499],[142.7894,-34.5471],[142.7914,-34.5464],[142.7926,-34.5497],[142.7942,-34.5513],[142.7986,-34.5524],[142.8022,-34.5525],[142.8054,-34.5539],[142.8101,-34.5609],[142.8091,-34.562],[142.8027,-34.5647],[142.7964,-34.5719],[142.7966,-34.574],[142.8001,-34.576],[142.8015,-34.5789],[142.787,-34.5829],[142.786,-34.5837],[142.7857,-34.586],[142.7869,-34.5894],[142.7953,-34.5971],[142.7979,-34.5976],[142.7996,-34.5975],[142.8021,-34.5897],[142.8031,-34.5889],[142.8052,-34.5883],[142.8106,-34.5893],[142.8114,-34.5914],[142.8097,-34.595],[142.8032,-34.6009],[142.8027,-34.605],[142.8033,-34.6071],[142.8074,-34.6095],[142.8183,-34.6124],[142.8202,-34.6099],[142.8184,-34.605],[142.8186,-34.6029],[142.8211,-34.6004],[142.8238,-34.6005],[142.8252,-34.6019],[142.824,-34.6062],[142.8247,-34.6085],[142.8272,-34.6101],[142.8356,-34.6111],[142.8382,-34.613],[142.8397,-34.6172],[142.8395,-34.6237],[142.8407,-34.6258],[142.8451,-34.6265],[142.8466,-34.6247],[142.8476,-34.6201],[142.849,-34.6193],[142.8525,-34.6192],[142.8558,-34.6207],[142.8608,-34.6279],[142.8632,-34.6284],[142.8683,-34.6275],[142.8682,-34.6284],[142.8655,-34.6299],[142.8621,-34.6337],[142.8568,-34.6365],[142.8554,-34.6387],[142.8564,-34.643],[142.8588,-34.645],[142.8605,-34.6442],[142.86,-34.6398],[142.862,-34.6386],[142.8635,-34.6391],[142.8644,-34.644],[142.8697,-34.6475],[142.8719,-34.6503],[142.872,-34.6521],[142.8696,-34.6572],[142.8678,-34.6589],[142.8613,-34.6624],[142.8606,-34.6652],[142.8621,-34.6667],[142.8642,-34.6671],[142.8693,-34.6641],[142.8722,-34.6641],[142.8727,-34.6704],[142.874,-34.6734],[142.8759,-34.6749],[142.8777,-34.6749],[142.8834,-34.6723],[142.8865,-34.6721],[142.8872,-34.6734],[142.8852,-34.6772],[142.8868,-34.6798],[142.889,-34.6802],[142.8939,-34.6788],[142.8939,-34.6768],[142.8908,-34.6739],[142.8914,-34.6718],[142.8964,-34.6733],[142.9002,-34.6715],[142.9004,-34.6703],[142.8994,-34.6688],[142.8943,-34.6674],[142.8933,-34.6657],[142.8952,-34.6639],[142.8992,-34.6636],[142.9004,-34.6627],[142.901,-34.661],[142.9005,-34.6574],[142.9015,-34.655],[142.9102,-34.6511],[142.9183,-34.6506],[142.9238,-34.6479],[142.9249,-34.6483],[142.9247,-34.6496],[142.9212,-34.6545],[142.9223,-34.6565],[142.9244,-34.6569],[142.9306,-34.6551],[142.9326,-34.6555],[142.9339,-34.6594],[142.9352,-34.6608],[142.938,-34.6616],[142.9419,-34.6612],[142.9437,-34.662],[142.9452,-34.6665],[142.9489,-34.6697],[142.9524,-34.6694],[142.9572,-34.6652],[142.9593,-34.665],[142.9577,-34.6696],[142.9581,-34.6711],[142.963,-34.6757],[142.9646,-34.6826],[142.9675,-34.6889],[142.9678,-34.6919],[142.9727,-34.6952],[142.9762,-34.6944],[142.9773,-34.6933],[142.9788,-34.6888],[142.9815,-34.6855],[142.9824,-34.6827],[142.9815,-34.6776],[142.9761,-34.6729],[142.9753,-34.6709],[142.9861,-34.6684],[142.9874,-34.667],[142.9893,-34.6626],[142.9907,-34.6635],[142.9909,-34.6682],[142.9931,-34.6725],[142.9946,-34.6739],[142.9965,-34.674],[142.999,-34.6703],[143.0011,-34.6697],[143.0133,-34.6711],[143.0162,-34.6724],[143.0173,-34.6737],[143.0169,-34.6766],[143.008,-34.686],[143.008,-34.6908],[143.0102,-34.6937],[143.0154,-34.6948],[143.0218,-34.6929],[143.0226,-34.6917],[143.023,-34.685],[143.0242,-34.6829],[143.0268,-34.6818],[143.0325,-34.6829],[143.0329,-34.6837],[143.0298,-34.6874],[143.0294,-34.6919],[143.0347,-34.697],[143.0372,-34.7012],[143.0395,-34.7026],[143.0425,-34.7014],[143.0444,-34.6993],[143.0435,-34.6976],[143.0391,-34.6944],[143.0375,-34.6917],[143.0377,-34.6885],[143.0404,-34.6859],[143.0433,-34.6866],[143.0438,-34.6922],[143.047,-34.6971],[143.0509,-34.6993],[143.0548,-34.6989],[143.0586,-34.6969],[143.0649,-34.6894],[143.0663,-34.6862],[143.067,-34.6795],[143.0708,-34.6784],[143.0716,-34.6795],[143.0718,-34.6894],[143.0762,-34.696],[143.0796,-34.698],[143.09,-34.7013],[143.0928,-34.7013],[143.0943,-34.7006],[143.0971,-34.6963],[143.1039,-34.6941],[143.1063,-34.6924],[143.1083,-34.6896],[143.1108,-34.6812],[143.1123,-34.6809],[143.1211,-34.6875],[143.1195,-34.6876],[143.1155,-34.6858],[143.1114,-34.6872],[143.1099,-34.6889],[143.1105,-34.6891],[143.11,-34.6928],[143.1064,-34.6996],[143.1071,-34.7016],[143.1096,-34.7017],[143.1127,-34.699],[143.1219,-34.6937],[143.1255,-34.6924],[143.1276,-34.6927],[143.1282,-34.6937],[143.1275,-34.6946],[143.1197,-34.697],[143.1183,-34.6983],[143.1172,-34.7004],[143.118,-34.703],[143.1208,-34.7036],[143.1258,-34.7011],[143.1335,-34.7006],[143.1337,-34.706],[143.1349,-34.7078],[143.1381,-34.7102],[143.1474,-34.7148],[143.1487,-34.7139],[143.1475,-34.7108],[143.148,-34.7088],[143.1537,-34.7053],[143.1564,-34.6993],[143.1587,-34.698],[143.1617,-34.6979],[143.164,-34.699],[143.1658,-34.702],[143.166,-34.7071],[143.1637,-34.7153],[143.1639,-34.7167],[143.1654,-34.7181],[143.1711,-34.7203],[143.1732,-34.7197],[143.1756,-34.7132],[143.1797,-34.7097],[143.181,-34.7095],[143.1816,-34.7103],[143.1813,-34.7117],[143.1779,-34.715],[143.1793,-34.7173],[143.1809,-34.7171],[143.1841,-34.7149],[143.1918,-34.7128],[143.1948,-34.7135],[143.2001,-34.7171],[143.1975,-34.7191],[143.1967,-34.7209],[143.1977,-34.7238],[143.1975,-34.7287],[143.2009,-34.7334],[143.2031,-34.7345],[143.2056,-34.7344],[143.2129,-34.7305],[143.2188,-34.7295],[143.2225,-34.7324],[143.2149,-34.7354],[143.2139,-34.7366],[143.2138,-34.7385],[143.2172,-34.7411],[143.2213,-34.7429],[143.2191,-34.7526],[143.22,-34.7552],[143.2244,-34.7587],[143.2268,-34.7588],[143.2289,-34.7578],[143.2274,-34.7507],[143.2288,-34.7478],[143.2317,-34.7468],[143.2379,-34.7473],[143.2407,-34.7455],[143.2424,-34.7462],[143.2434,-34.7479],[143.2433,-34.7515],[143.2442,-34.7549],[143.246,-34.7568],[143.2489,-34.7579],[143.252,-34.7573],[143.2568,-34.7533],[143.2633,-34.7512],[143.2653,-34.7486],[143.274,-34.7527],[143.2739,-34.7534],[143.2686,-34.753],[143.2674,-34.755],[143.2677,-34.756],[143.2714,-34.7583],[143.2716,-34.7595],[143.265,-34.764],[143.2578,-34.7652],[143.2543,-34.7666],[143.2524,-34.7693],[143.2521,-34.7728],[143.2528,-34.7748],[143.256,-34.7779],[143.2577,-34.7785],[143.2595,-34.7785],[143.262,-34.7771],[143.2627,-34.7736],[143.2665,-34.7753],[143.273,-34.7764],[143.2735,-34.7775],[143.2718,-34.7797],[143.2762,-34.7823],[143.2737,-34.7861],[143.2736,-34.7891],[143.2767,-34.7923],[143.2837,-34.7952],[143.2869,-34.795],[143.2872,-34.7932],[143.2843,-34.7852],[143.2875,-34.785],[143.2922,-34.7903],[143.2943,-34.7908],[143.2951,-34.7903],[143.2956,-34.7868],[143.297,-34.7854],[143.3012,-34.7837],[143.3045,-34.7811],[143.3088,-34.7799],[143.3127,-34.7807],[143.3136,-34.7824],[143.313,-34.7858],[143.3134,-34.7875],[143.315,-34.7894],[143.3183,-34.7908],[143.3217,-34.7909],[143.326,-34.7874],[143.3291,-34.7864],[143.3308,-34.7875],[143.3313,-34.7916],[143.333,-34.7932],[143.3365,-34.7934],[143.3451,-34.7907],[143.3479,-34.7916],[143.3512,-34.7941],[143.3517,-34.7955],[143.3474,-34.8039],[143.3476,-34.8073],[143.352,-34.8107],[143.357,-34.8121],[143.3596,-34.8169],[143.3554,-34.8192],[143.3516,-34.8232],[143.3518,-34.8253],[143.3542,-34.8298],[143.3506,-34.8342],[143.3515,-34.8385],[143.3465,-34.8426],[143.3418,-34.8451],[143.3412,-34.8463],[143.3433,-34.8482],[143.3474,-34.8464],[143.355,-34.846],[143.3552,-34.8474],[143.3518,-34.8469],[143.3487,-34.8478],[143.3452,-34.8535],[143.3474,-34.8561],[143.3526,-34.8582],[143.3496,-34.86],[143.3479,-34.8621],[143.3486,-34.8648],[143.3435,-34.8659],[143.3384,-34.8703],[143.3373,-34.8753],[143.3386,-34.876],[143.3406,-34.875],[143.3429,-34.876],[143.3407,-34.8781],[143.3432,-34.8792],[143.3418,-34.8801],[143.3421,-34.8813],[143.3387,-34.8817],[143.3374,-34.8797],[143.3364,-34.8797],[143.3359,-34.8836],[143.3339,-34.8851],[143.3357,-34.8863],[143.3326,-34.8889],[143.3318,-34.889],[143.3318,-34.888],[143.334,-34.8862],[143.3278,-34.8827],[143.3266,-34.8845],[143.3237,-34.8843],[143.3233,-34.8871],[143.3213,-34.8887],[143.3224,-34.8918],[143.3285,-34.8955],[143.3258,-34.8981],[143.3277,-34.8994],[143.3277,-34.9013],[143.3295,-34.9019],[143.3301,-34.9035],[143.3326,-34.9049],[143.3298,-34.9066],[143.332,-34.9078],[143.3332,-34.9111],[143.3362,-34.9138],[143.3385,-34.9128],[143.3402,-34.9138],[143.3422,-34.9192],[143.3412,-34.9209],[143.3418,-34.9223],[143.3397,-34.9233],[143.3401,-34.9247],[143.339,-34.9266],[143.3427,-34.9333],[143.341,-34.9358],[143.3375,-34.9371],[143.3374,-34.9404],[143.3405,-34.9398],[143.3412,-34.9405],[143.3385,-34.9443],[143.3366,-34.9453],[143.3361,-34.9436],[143.3342,-34.9415],[143.3349,-34.9398],[143.3328,-34.9388],[143.3319,-34.9393],[143.3317,-34.9414],[143.329,-34.94],[143.3278,-34.9409],[143.3274,-34.9425],[143.3244,-34.9438],[143.3218,-34.9425],[143.3215,-34.9442],[143.3223,-34.9464],[143.3196,-34.9481],[143.3224,-34.9498],[143.3225,-34.951],[143.3212,-34.9522],[143.3179,-34.952],[143.3172,-34.9534],[143.3195,-34.9557],[143.3188,-34.9604],[143.3196,-34.962],[143.3196,-34.9687],[143.3232,-34.9704],[143.3214,-34.9737],[143.3238,-34.9788],[143.3231,-34.9816],[143.321,-34.9824],[143.3204,-34.9849],[143.3181,-34.9861],[143.3186,-34.993],[143.3232,-34.9941],[143.3266,-34.9929],[143.3297,-34.9956],[143.3305,-34.9979],[143.3331,-35.0009],[143.3356,-35.0027],[143.3356,-35.0052],[143.3372,-35.007],[143.3371,-35.0092],[143.3381,-35.0109],[143.3365,-35.012],[143.3359,-35.0141],[143.3341,-35.0151],[143.3333,-35.0182],[143.335,-35.02],[143.3347,-35.0211],[143.3423,-35.022],[143.3396,-35.0386],[143.3305,-35.0374],[143.3288,-35.0342],[143.3277,-35.0339],[143.3229,-35.0354],[143.3221,-35.0367],[143.3241,-35.038],[143.3278,-35.0379],[143.3277,-35.0392],[143.3253,-35.0401],[143.3244,-35.042],[143.3255,-35.0427],[143.3295,-35.0414],[143.3278,-35.0442],[143.3287,-35.0459],[143.3321,-35.0456],[143.3345,-35.0431],[143.3365,-35.0432],[143.3363,-35.0442],[143.3333,-35.0462],[143.3323,-35.0508],[143.3305,-35.0539],[143.3315,-35.055],[143.3342,-35.0545],[143.335,-35.0533],[143.334,-35.0516],[143.3343,-35.0493],[143.3359,-35.0481],[143.3373,-35.0486],[143.3399,-35.055],[143.3391,-35.0577],[143.3368,-35.0598],[143.3377,-35.0613],[143.3388,-35.0621],[143.3416,-35.0624],[143.3408,-35.0593],[143.342,-35.0586],[143.3446,-35.0616],[143.3479,-35.0625],[143.3487,-35.0637],[143.3508,-35.0647],[143.3508,-35.0684],[143.3497,-35.0699],[143.347,-35.0683],[143.3474,-35.0666],[143.3468,-35.0658],[143.3419,-35.0645],[143.3404,-35.0654],[143.3391,-35.0682],[143.339,-35.0704],[143.3436,-35.0718],[143.3455,-35.0741],[143.3429,-35.0765],[143.343,-35.0791],[143.3374,-35.0804],[143.338,-35.0814],[143.341,-35.0824],[143.3437,-35.0825],[143.3416,-35.0851],[143.345,-35.087],[143.342,-35.0871],[143.3409,-35.0885],[143.346,-35.0931],[143.3459,-35.0938],[143.3411,-35.0946],[143.3409,-35.0957],[143.3446,-35.0964],[143.3443,-35.0992],[143.3458,-35.1014],[143.346,-35.1034],[143.3481,-35.1054],[143.3501,-35.1044],[143.3482,-35.102],[143.3488,-35.1006],[143.351,-35.1026],[143.3526,-35.103],[143.3534,-35.1026],[143.3523,-35.1007],[143.3529,-35.0996],[143.3608,-35.103],[143.361,-35.1038],[143.3582,-35.1039],[143.3577,-35.1049],[143.3585,-35.1074],[143.3597,-35.1084],[143.3589,-35.1111],[143.3621,-35.1144],[143.362,-35.1169],[143.366,-35.1203],[143.3688,-35.1198],[143.3739,-35.1226],[143.3767,-35.129],[143.387,-35.1376],[143.3867,-35.1432],[143.3906,-35.1451],[143.3911,-35.1472],[143.3894,-35.1503],[143.3846,-35.1528],[143.3823,-35.1561],[143.3827,-35.1574],[143.3858,-35.1586],[143.3869,-35.1598],[143.3834,-35.1608],[143.3824,-35.1618],[143.3826,-35.1628],[143.3859,-35.162],[143.3874,-35.1623],[143.3849,-35.1652],[143.3847,-35.1672],[143.3826,-35.1699],[143.3819,-35.1731],[143.3827,-35.1741],[143.3843,-35.1741],[143.3849,-35.1737],[143.3847,-35.1714],[143.3877,-35.1725],[143.3898,-35.1711],[143.3918,-35.1726],[143.3919,-35.1754],[143.3938,-35.1768],[143.3937,-35.1781],[143.3916,-35.1803],[143.3874,-35.1822],[143.387,-35.1835],[143.3888,-35.1863],[143.3911,-35.1848],[143.3931,-35.1855],[143.391,-35.1887],[143.3935,-35.19],[143.3947,-35.1924],[143.3967,-35.1931],[143.399,-35.1903],[143.4005,-35.1899],[143.4042,-35.1937],[143.408,-35.1936],[143.4095,-35.1943],[143.4122,-35.1933],[143.4139,-35.1945],[143.4175,-35.1949],[143.4258,-35.1894],[143.427,-35.1902],[143.4285,-35.1937],[143.4316,-35.195],[143.4339,-35.1935],[143.4338,-35.1907],[143.4365,-35.1907],[143.4392,-35.1894],[143.445,-35.19],[143.4495,-35.1891],[143.4501,-35.1898],[143.4495,-35.1919],[143.4502,-35.1939],[143.4519,-35.1953],[143.456,-35.1964],[143.4582,-35.1988],[143.4592,-35.2034],[143.4607,-35.2037],[143.4636,-35.2022],[143.4647,-35.2026],[143.4649,-35.206],[143.4658,-35.2076],[143.4661,-35.2147],[143.4715,-35.2193],[143.4741,-35.2186],[143.4794,-35.2191],[143.4841,-35.2184],[143.494,-35.22],[143.4975,-35.2183],[143.5014,-35.2179],[143.5049,-35.2139],[143.5072,-35.2141],[143.5123,-35.2125],[143.5157,-35.2129],[143.5183,-35.2116],[143.5198,-35.2127],[143.5228,-35.2183],[143.5249,-35.2198],[143.5292,-35.2199],[143.5307,-35.2187],[143.5358,-35.2171],[143.5432,-35.2165],[143.5483,-35.2138],[143.5497,-35.2117],[143.5465,-35.2076],[143.547,-35.2062],[143.5535,-35.2057],[143.5595,-35.2027],[143.5615,-35.2032],[143.5634,-35.2025],[143.5708,-35.2069],[143.5756,-35.2119],[143.5801,-35.2143],[143.581,-35.22],[143.5781,-35.2226],[143.5759,-35.2264],[143.5762,-35.2303],[143.5781,-35.2319],[143.5753,-35.2325],[143.5741,-35.2347],[143.573,-35.2352],[143.5691,-35.2351],[143.5645,-35.2361],[143.5642,-35.238],[143.5666,-35.2392],[143.5667,-35.2402],[143.5639,-35.2424],[143.5637,-35.2435],[143.5675,-35.2458],[143.5698,-35.2462],[143.5701,-35.2507],[143.5716,-35.252],[143.5721,-35.2548],[143.5741,-35.2565],[143.572,-35.2607],[143.5721,-35.2638],[143.571,-35.2655],[143.5717,-35.268],[143.5738,-35.2692],[143.5752,-35.2685],[143.5744,-35.2664],[143.5751,-35.2654],[143.5784,-35.2674],[143.5835,-35.265],[143.5832,-35.2666],[143.5808,-35.2691],[143.5824,-35.2728],[143.5851,-35.2735],[143.5874,-35.2722],[143.5897,-35.2722],[143.5908,-35.2738],[143.5877,-35.2769],[143.5853,-35.2768],[143.5844,-35.279],[143.5859,-35.28],[143.5876,-35.2796],[143.5903,-35.2804],[143.5909,-35.2817],[143.5867,-35.2846],[143.5867,-35.2865],[143.5842,-35.2863],[143.5822,-35.2877],[143.5811,-35.2902],[143.5817,-35.2922],[143.5797,-35.2956],[143.5824,-35.298],[143.5771,-35.2984],[143.5767,-35.2993],[143.5779,-35.3032],[143.5741,-35.3034],[143.5711,-35.3013],[143.569,-35.3024],[143.5726,-35.3057],[143.5675,-35.3086],[143.5665,-35.3139],[143.5639,-35.3159],[143.5629,-35.318],[143.5638,-35.3222],[143.5614,-35.3246],[143.5641,-35.3274],[143.5635,-35.3304],[143.564,-35.332],[143.562,-35.3358],[143.5621,-35.3372],[143.5651,-35.3422],[143.5668,-35.3436],[143.5704,-35.3427],[143.5706,-35.3406],[143.5727,-35.3374],[143.5737,-35.3373],[143.5734,-35.3394],[143.575,-35.3408],[143.58,-35.3397],[143.582,-35.3411],[143.5845,-35.346],[143.5894,-35.3471],[143.5895,-35.3495],[143.5903,-35.3504],[143.5963,-35.3505],[143.5984,-35.3521],[143.5976,-35.3552],[143.5995,-35.3562],[143.6004,-35.3584],[143.6024,-35.3599],[143.6038,-35.3621],[143.6026,-35.3641],[143.603,-35.3654],[143.6058,-35.3651],[143.6085,-35.3666],[143.6087,-35.369],[143.6098,-35.37],[143.6136,-35.3677],[143.616,-35.3689],[143.6166,-35.3721],[143.6133,-35.377],[143.6163,-35.3804],[143.619,-35.3821],[143.6187,-35.3853],[143.6204,-35.3877],[143.6232,-35.3884],[143.6247,-35.3879],[143.6242,-35.3831],[143.6263,-35.381],[143.6277,-35.3811],[143.6299,-35.3848],[143.633,-35.3835],[143.6346,-35.3866],[143.6309,-35.3893],[143.6294,-35.3924],[143.6307,-35.3933],[143.6312,-35.3955],[143.6342,-35.3967],[143.6376,-35.3961],[143.64,-35.4009],[143.6423,-35.401],[143.6473,-35.3987],[143.649,-35.3954],[143.6539,-35.3949],[143.6524,-35.3914],[143.6556,-35.3909],[143.6571,-35.385],[143.6605,-35.3859],[143.6633,-35.385],[143.6665,-35.3865],[143.6681,-35.3857],[143.6679,-35.3844],[143.6658,-35.3822],[143.6668,-35.3791],[143.6642,-35.3777],[143.6666,-35.3765],[143.6675,-35.3714],[143.6721,-35.371],[143.6744,-35.3717],[143.6764,-35.3707],[143.679,-35.3735],[143.6826,-35.3741],[143.6833,-35.3735],[143.6828,-35.369],[143.6842,-35.3682],[143.6875,-35.3697],[143.6887,-35.3713],[143.6893,-35.3773],[143.6929,-35.3779],[143.6923,-35.3823],[143.6931,-35.3839],[143.697,-35.3838],[143.698,-35.3813],[143.7008,-35.3797],[143.7011,-35.3783],[143.7023,-35.3777],[143.7038,-35.3787],[143.7039,-35.3805],[143.7013,-35.387],[143.7033,-35.3894],[143.7056,-35.389],[143.706,-35.387],[143.7077,-35.3864],[143.7091,-35.3839],[143.7117,-35.3847],[143.7118,-35.3866],[143.7092,-35.3886],[143.7084,-35.3918],[143.7092,-35.3925],[143.7122,-35.392],[143.715,-35.3929],[143.7268,-35.3902],[143.7304,-35.3905],[143.732,-35.3941],[143.735,-35.3929],[143.7396,-35.3936],[143.7413,-35.3918],[143.7442,-35.3906],[143.745,-35.3887],[143.7446,-35.3868],[143.7455,-35.3863],[143.7459,-35.3887],[143.751,-35.3878],[143.7516,-35.3925],[143.7541,-35.3925],[143.7572,-35.3945],[143.7623,-35.392],[143.7635,-35.3921],[143.7647,-35.3934],[143.7629,-35.4006],[143.7687,-35.4016],[143.7687,-35.4026],[143.767,-35.4046],[143.7672,-35.4067],[143.7688,-35.4079],[143.765,-35.41],[143.7633,-35.4097],[143.7615,-35.4103],[143.7589,-35.415],[143.7589,-35.4167],[143.7602,-35.4175],[143.7644,-35.4156],[143.766,-35.4159],[143.7657,-35.4182],[143.7624,-35.4214],[143.7629,-35.4231],[143.7654,-35.4235],[143.7689,-35.4218],[143.772,-35.424],[143.7767,-35.4241],[143.781,-35.4238],[143.7827,-35.4227],[143.7853,-35.4234],[143.7871,-35.4225],[143.7901,-35.4225],[143.7903,-35.4248],[143.7926,-35.426],[143.7937,-35.4294],[143.7969,-35.4297],[143.8002,-35.4334],[143.8038,-35.4345],[143.8059,-35.4333],[143.8086,-35.4333],[143.8113,-35.4348],[143.8136,-35.435],[143.8154,-35.4366],[143.818,-35.4375],[143.8191,-35.4396],[143.813,-35.4434],[143.8124,-35.4451],[143.813,-35.4463],[143.8151,-35.447],[143.8168,-35.4461],[143.8221,-35.4459],[143.8218,-35.4493],[143.827,-35.4551],[143.8339,-35.4563],[143.8371,-35.4578],[143.84,-35.4577],[143.846,-35.4633],[143.8497,-35.4633],[143.8529,-35.4618],[143.8554,-35.4618],[143.8561,-35.4643],[143.8539,-35.4688],[143.8604,-35.4745],[143.8582,-35.4773],[143.8588,-35.48],[143.8611,-35.4801],[143.8627,-35.4776],[143.8639,-35.4772],[143.8672,-35.4809],[143.8697,-35.4817],[143.8703,-35.4812],[143.8697,-35.4787],[143.8714,-35.4778],[143.8724,-35.4802],[143.8751,-35.4823],[143.8757,-35.4854],[143.8766,-35.4862],[143.8806,-35.4873],[143.8838,-35.4857],[143.8875,-35.4853],[143.8947,-35.4924],[143.8994,-35.4953],[143.9014,-35.4952],[143.905,-35.4935],[143.9077,-35.4942],[143.9077,-35.495],[143.905,-35.4945],[143.9039,-35.4953],[143.9049,-35.4989],[143.9062,-35.5],[143.9088,-35.4985],[143.9108,-35.4995],[143.9124,-35.4993],[143.9114,-35.4968],[143.9122,-35.4949],[143.9173,-35.497],[143.9165,-35.4991],[143.9183,-35.5008],[143.922,-35.4996],[143.9241,-35.5016],[143.9299,-35.5016],[143.9332,-35.4994],[143.935,-35.4993],[143.9357,-35.501],[143.9328,-35.5012],[143.9323,-35.5022],[143.9334,-35.5066],[143.9359,-35.5059],[143.9368,-35.5029],[143.9394,-35.5028],[143.9419,-35.5017],[143.9458,-35.5022],[143.9488,-35.5008],[143.9531,-35.5038],[143.959,-35.5045],[143.961,-35.5034],[143.96,-35.5004],[143.961,-35.499],[143.9635,-35.4997],[143.9669,-35.5029],[143.9683,-35.5023],[143.9675,-35.5005],[143.9701,-35.5001],[143.9703,-35.5028],[143.9687,-35.5053],[143.9702,-35.5077],[143.9725,-35.5096],[143.9692,-35.5108],[143.9681,-35.5105],[143.9673,-35.5087],[143.9647,-35.5085],[143.9636,-35.5096],[143.9624,-35.514],[143.9665,-35.5178],[143.9709,-35.52],[143.9693,-35.5231],[143.9715,-35.5247],[143.9747,-35.5326],[143.9769,-35.534],[143.9863,-35.5343],[143.9893,-35.5354],[143.9924,-35.5341],[143.9958,-35.535],[143.9967,-35.5359],[143.9969,-35.5394],[143.9956,-35.5422],[143.9989,-35.5444],[143.9992,-35.5454],[143.9964,-35.5493],[143.9924,-35.5506],[143.9896,-35.553],[143.9899,-35.5547],[143.993,-35.5564],[143.9967,-35.556],[144.0031,-35.5608],[144.0096,-35.5633],[144.0123,-35.5623],[144.0121,-35.5607],[144.0097,-35.5592],[144.0094,-35.5581],[144.0127,-35.5541],[144.0152,-35.5547],[144.0189,-35.5529],[144.0294,-35.5563],[144.0318,-35.5538],[144.0341,-35.556],[144.0366,-35.5536],[144.0376,-35.5499],[144.0392,-35.5493],[144.04,-35.5503],[144.0388,-35.5534],[144.0415,-35.5558],[144.0432,-35.5554],[144.044,-35.5526],[144.0461,-35.5526],[144.0459,-35.5544],[144.0479,-35.5563],[144.0466,-35.5601],[144.0468,-35.5631],[144.0503,-35.5648],[144.0537,-35.5651],[144.064,-35.5705],[144.0642,-35.5712],[144.0622,-35.5735],[144.0623,-35.5768],[144.0661,-35.5777],[144.0685,-35.5802],[144.0696,-35.5803],[144.0706,-35.5784],[144.0718,-35.5783],[144.0726,-35.5806],[144.0759,-35.581],[144.0796,-35.5843],[144.0858,-35.5843],[144.092,-35.5875],[144.0963,-35.5871],[144.0982,-35.5888],[144.1006,-35.5888],[144.102,-35.5916],[144.1052,-35.5909],[144.1062,-35.5954],[144.1038,-35.5967],[144.1033,-35.5981],[144.1098,-35.5984],[144.1111,-35.5989],[144.1089,-35.6002],[144.1097,-35.6021],[144.1135,-35.6021],[144.1134,-35.6047],[144.1142,-35.6053],[144.1114,-35.6064],[144.1111,-35.6078],[144.1145,-35.6104],[144.1159,-35.6129],[144.1159,-35.6146],[144.1136,-35.6167],[144.1148,-35.6197],[144.1162,-35.6204],[144.1182,-35.6198],[144.1198,-35.6209],[144.1182,-35.6233],[144.1231,-35.6239],[144.1239,-35.6187],[144.1261,-35.6189],[144.126,-35.6172],[144.1274,-35.6141],[144.1261,-35.6116],[144.1266,-35.6112],[144.1254,-35.6102],[144.128,-35.6077],[144.1325,-35.6082],[144.1342,-35.6061],[144.1358,-35.6059],[144.1372,-35.6068],[144.1368,-35.6091],[144.143,-35.6098],[144.1432,-35.6112],[144.1424,-35.6128],[144.135,-35.6167],[144.1342,-35.6246],[144.1373,-35.6255],[144.1357,-35.6311],[144.1368,-35.6315],[144.1432,-35.6282],[144.1424,-35.6325],[144.1401,-35.6322],[144.1393,-35.6375],[144.1411,-35.6375],[144.1402,-35.6427],[144.1395,-35.6429],[144.1407,-35.6466],[144.1474,-35.6472],[144.1481,-35.6455],[144.1466,-35.6445],[144.1506,-35.6426],[144.1526,-35.6427],[144.1498,-35.6447],[144.1496,-35.646],[144.1505,-35.6467],[144.1536,-35.6462],[144.157,-35.6511],[144.1565,-35.6518],[144.1555,-35.6501],[144.154,-35.6501],[144.1515,-35.6533],[144.1532,-35.6549],[144.1544,-35.6575],[144.1584,-35.6582],[144.1583,-35.6614],[144.1609,-35.6637],[144.1611,-35.6661],[144.1626,-35.668],[144.1618,-35.6701],[144.1624,-35.6715],[144.1644,-35.6719],[144.1668,-35.6708],[144.1687,-35.6719],[144.1718,-35.6718],[144.173,-35.674],[144.1744,-35.6746],[144.1768,-35.6724],[144.1803,-35.6735],[144.1855,-35.6705],[144.1868,-35.6704],[144.1867,-35.6729],[144.1899,-35.6739],[144.1879,-35.6741],[144.1865,-35.6752],[144.1872,-35.6763],[144.1897,-35.6768],[144.1883,-35.6786],[144.1884,-35.6806],[144.1901,-35.6813],[144.1915,-35.6808],[144.1943,-35.6833],[144.1951,-35.6859],[144.1994,-35.6865],[144.2028,-35.6844],[144.2034,-35.6851],[144.2029,-35.687],[144.2039,-35.6878],[144.2066,-35.6858],[144.209,-35.6875],[144.2132,-35.6865],[144.2151,-35.6921],[144.2194,-35.6924],[144.2213,-35.6932],[144.2214,-35.6944],[144.2174,-35.6952],[144.2162,-35.6964],[144.2167,-35.6978],[144.2189,-35.6979],[144.2197,-35.6989],[144.2157,-35.7012],[144.215,-35.7045],[144.216,-35.7065],[144.2214,-35.7085],[144.2231,-35.7098],[144.2256,-35.7103],[144.2306,-35.7154],[144.2377,-35.7186],[144.2429,-35.7188],[144.2452,-35.7207],[144.2481,-35.721],[144.2471,-35.7235],[144.248,-35.7263],[144.2475,-35.7292],[144.2494,-35.7306],[144.2524,-35.7296],[144.2533,-35.73],[144.2516,-35.7326],[144.2547,-35.7353],[144.2539,-35.7383],[144.2589,-35.7418],[144.2619,-35.7458],[144.2613,-35.7491],[144.2679,-35.7538],[144.2703,-35.7541],[144.2713,-35.7532],[144.2714,-35.7507],[144.2744,-35.7464],[144.2784,-35.7442],[144.2778,-35.7408],[144.2823,-35.7399],[144.2855,-35.737],[144.2894,-35.7386],[144.2964,-35.7372],[144.2974,-35.7396],[144.3009,-35.7411],[144.3013,-35.743],[144.3001,-35.7456],[144.2945,-35.7507],[144.2949,-35.7541],[144.297,-35.7545],[144.298,-35.7521],[144.3,-35.7518],[144.3034,-35.7562],[144.3049,-35.7572],[144.3068,-35.7572],[144.308,-35.7564],[144.3099,-35.7503],[144.3117,-35.7494],[144.3139,-35.7503],[144.3128,-35.7545],[144.3147,-35.757],[144.3165,-35.7565],[144.3165,-35.7534],[144.3178,-35.7521],[144.3231,-35.7533],[144.3284,-35.7528],[144.3291,-35.754],[144.328,-35.7557],[144.3234,-35.7567],[144.3216,-35.7579],[144.3226,-35.7634],[144.3221,-35.7643],[144.3188,-35.7648],[144.3187,-35.7666],[144.3226,-35.7686],[144.3245,-35.7686],[144.3276,-35.7655],[144.331,-35.765],[144.3325,-35.766],[144.334,-35.7694],[144.3364,-35.7704],[144.3384,-35.7684],[144.3393,-35.765],[144.3415,-35.7639],[144.3423,-35.7646],[144.3406,-35.7699],[144.3416,-35.7712],[144.3429,-35.7715],[144.3448,-35.7707],[144.347,-35.7674],[144.3489,-35.767],[144.3495,-35.7715],[144.3468,-35.7746],[144.348,-35.776],[144.3522,-35.7752],[144.3533,-35.7757],[144.3531,-35.7782],[144.3514,-35.7826],[144.3515,-35.7851],[144.3524,-35.7864],[144.3545,-35.7872],[144.3589,-35.7848],[144.3603,-35.7848],[144.3594,-35.786],[144.3562,-35.7869],[144.3553,-35.7885],[144.3618,-35.7921],[144.3623,-35.7958],[144.3652,-35.7958],[144.3677,-35.7917],[144.3702,-35.7904],[144.373,-35.7903],[144.3761,-35.7919],[144.3771,-35.7938],[144.3769,-35.7956],[144.3738,-35.7969],[144.373,-35.7984],[144.3758,-35.802],[144.3724,-35.8055],[144.3722,-35.8083],[144.3673,-35.8099],[144.3667,-35.8115],[144.3684,-35.8124],[144.3772,-35.811],[144.378,-35.8119],[144.3775,-35.8143],[144.3767,-35.8147],[144.3731,-35.8127],[144.3683,-35.8136],[144.3654,-35.8177],[144.365,-35.8219],[144.3675,-35.8247],[144.3711,-35.8242],[144.3721,-35.8226],[144.371,-35.8182],[144.3728,-35.8166],[144.3737,-35.817],[144.3738,-35.8191],[144.3752,-35.8206],[144.3811,-35.8187],[144.3838,-35.8192],[144.3844,-35.8201],[144.3836,-35.8217],[144.3786,-35.8218],[144.3745,-35.8261],[144.375,-35.8281],[144.3789,-35.8286],[144.3794,-35.8294],[144.374,-35.8297],[144.3722,-35.832],[144.3727,-35.8336],[144.3751,-35.8346],[144.3784,-35.8326],[144.3814,-35.8327],[144.3858,-35.8348],[144.3866,-35.8361],[144.3859,-35.8377],[144.3849,-35.8377],[144.3837,-35.8343],[144.3817,-35.8338],[144.3815,-35.8371],[144.3762,-35.8353],[144.3742,-35.8358],[144.3731,-35.8373],[144.3731,-35.8388],[144.3751,-35.8407],[144.3843,-35.8419],[144.3842,-35.8425],[144.3813,-35.8425],[144.3806,-35.8435],[144.384,-35.8454],[144.3845,-35.8466],[144.3817,-35.8502],[144.3814,-35.8524],[144.387,-35.8551],[144.3883,-35.8543],[144.3886,-35.8509],[144.3903,-35.8506],[144.3908,-35.8534],[144.3889,-35.8585],[144.3944,-35.8607],[144.3972,-35.8594],[144.3986,-35.8627],[144.3999,-35.8624],[144.4008,-35.8604],[144.4043,-35.8599],[144.4077,-35.8583],[144.4113,-35.8588],[144.4107,-35.8605],[144.407,-35.8596],[144.4052,-35.8603],[144.4081,-35.8657],[144.4033,-35.867],[144.4019,-35.868],[144.4037,-35.8709],[144.4062,-35.8713],[144.409,-35.8699],[144.4109,-35.8712],[144.4098,-35.8726],[144.4041,-35.8742],[144.4037,-35.8756],[144.4042,-35.8762],[144.4076,-35.8748],[144.4086,-35.8752],[144.4043,-35.8787],[144.4036,-35.8807],[144.405,-35.8822],[144.4103,-35.8807],[144.4115,-35.8811],[144.4114,-35.8819],[144.4077,-35.8826],[144.4069,-35.8838],[144.4122,-35.8866],[144.4135,-35.8924],[144.4182,-35.8932],[144.4153,-35.894],[144.4146,-35.895],[144.4172,-35.8967],[144.4166,-35.898],[144.4122,-35.8967],[144.4086,-35.8988],[144.4073,-35.9016],[144.4079,-35.9039],[144.4097,-35.9048],[144.4146,-35.9049],[144.4158,-35.9045],[144.4171,-35.9018],[144.4189,-35.9002],[144.4244,-35.9002],[144.4252,-35.9011],[144.425,-35.9024],[144.421,-35.9027],[144.4169,-35.9057],[144.4157,-35.9087],[144.417,-35.9105],[144.4184,-35.9112],[144.4208,-35.9108],[144.4204,-35.9063],[144.4213,-35.9056],[144.4234,-35.906],[144.4229,-35.9116],[144.4238,-35.9129],[144.4268,-35.9135],[144.4259,-35.9166],[144.4265,-35.9187],[144.4329,-35.9201],[144.434,-35.9236],[144.4357,-35.9249],[144.4393,-35.9247],[144.4401,-35.9259],[144.4387,-35.9292],[144.4391,-35.9312],[144.4424,-35.9329],[144.4445,-35.9324],[144.4456,-35.9311],[144.4455,-35.9334],[144.447,-35.9355],[144.4495,-35.9354],[144.4533,-35.9372],[144.4576,-35.9357],[144.4585,-35.9365],[144.4586,-35.9388],[144.4606,-35.9396],[144.4618,-35.9384],[144.4618,-35.9344],[144.4639,-35.9334],[144.4666,-35.9336],[144.4675,-35.9355],[144.4639,-35.938],[144.4632,-35.9392],[144.4638,-35.9406],[144.4659,-35.941],[144.4702,-35.9395],[144.4722,-35.9407],[144.4718,-35.9418],[144.4675,-35.9433],[144.4666,-35.9444],[144.4667,-35.9459],[144.4685,-35.9469],[144.4718,-35.9458],[144.4731,-35.9473],[144.475,-35.9479],[144.4764,-35.9457],[144.4794,-35.9453],[144.4809,-35.9474],[144.4777,-35.9514],[144.4798,-35.9533],[144.4814,-35.9528],[144.483,-35.9495],[144.4846,-35.9489],[144.4876,-35.9495],[144.4879,-35.9512],[144.4824,-35.9518],[144.4818,-35.9536],[144.4831,-35.9539],[144.4836,-35.9549],[144.4813,-35.957],[144.4812,-35.9586],[144.4834,-35.96],[144.4872,-35.9572],[144.4886,-35.9571],[144.4874,-35.964],[144.4895,-35.9657],[144.4907,-35.9658],[144.4905,-35.9649],[144.4916,-35.9652],[144.494,-35.9686],[144.4961,-35.9691],[144.4973,-35.9685],[144.5002,-35.9642],[144.5002,-35.9596],[144.501,-35.9582],[144.5023,-35.9581],[144.5034,-35.959],[144.503,-35.9626],[144.4993,-35.9676],[144.5002,-35.9701],[144.5032,-35.9712],[144.5073,-35.9709],[144.5093,-35.9697],[144.5121,-35.9654],[144.5147,-35.9652],[144.5154,-35.9668],[144.5117,-35.9686],[144.5098,-35.9721],[144.5108,-35.9739],[144.5135,-35.9746],[144.5174,-35.9694],[144.5202,-35.9697],[144.5217,-35.9726],[144.5168,-35.9787],[144.5161,-35.9825],[144.517,-35.9858],[144.5124,-35.9887],[144.5126,-35.9897],[144.5153,-35.9918],[144.5158,-35.9944],[144.5179,-35.9959],[144.5197,-35.996],[144.5269,-35.9939],[144.5298,-35.9944],[144.5357,-35.9995],[144.5397,-36.0013],[144.5422,-36.0018],[144.5475,-36.0006],[144.5466,-36.0041],[144.5477,-36.0051],[144.5492,-36.0052],[144.5537,-36.003],[144.5564,-36.0129],[144.5577,-36.0141],[144.561,-36.0131],[144.5617,-36.0112],[144.5612,-36.008],[144.5623,-36.0074],[144.5634,-36.0078],[144.5652,-36.0108],[144.5651,-36.0132],[144.5641,-36.0141],[144.5642,-36.017],[144.5664,-36.0183],[144.5705,-36.0171],[144.5711,-36.0241],[144.5731,-36.0246],[144.5771,-36.0215],[144.5793,-36.021],[144.5821,-36.0225],[144.5844,-36.0258],[144.5864,-36.0272],[144.5858,-36.029],[144.5833,-36.0288],[144.5813,-36.0298],[144.5834,-36.033],[144.5825,-36.0381],[144.5847,-36.0393],[144.5888,-36.0384],[144.5908,-36.0432],[144.5935,-36.0425],[144.5989,-36.0374],[144.6039,-36.0425],[144.6057,-36.0428],[144.6088,-36.0418],[144.6101,-36.0393],[144.6064,-36.038],[144.606,-36.0365],[144.6108,-36.033],[144.6155,-36.0316],[144.6154,-36.0357],[144.6184,-36.0379],[144.6189,-36.0391],[144.6172,-36.0404],[144.6136,-36.0413],[144.613,-36.0428],[144.617,-36.0448],[144.6176,-36.0469],[144.6169,-36.0484],[144.6137,-36.0511],[144.6134,-36.0533],[144.611,-36.0564],[144.6108,-36.0598],[144.6084,-36.0636],[144.6089,-36.0649],[144.6115,-36.0664],[144.6158,-36.0666],[144.6109,-36.0702],[144.6104,-36.0715],[144.6148,-36.0743],[144.6177,-36.0772],[144.6198,-36.0775],[144.6222,-36.0762],[144.621,-36.071],[144.6246,-36.0679],[144.6276,-36.0666],[144.6282,-36.0653],[144.6279,-36.0643],[144.6251,-36.0633],[144.6197,-36.0632],[144.6183,-36.0597],[144.6211,-36.0597],[144.6246,-36.0619],[144.6261,-36.0619],[144.6273,-36.0607],[144.6275,-36.0588],[144.6257,-36.0555],[144.6251,-36.0519],[144.6294,-36.051],[144.6327,-36.0481],[144.6375,-36.0474],[144.6413,-36.0554],[144.643,-36.0563],[144.6463,-36.0563],[144.6462,-36.0518],[144.6469,-36.051],[144.6497,-36.0511],[144.6532,-36.0532],[144.6535,-36.0594],[144.6522,-36.0631],[144.6541,-36.067],[144.6528,-36.0736],[144.6552,-36.0754],[144.6564,-36.0746],[144.6567,-36.072],[144.658,-36.0704],[144.66,-36.0725],[144.6609,-36.0758],[144.6625,-36.0767],[144.6647,-36.0765],[144.6664,-36.0751],[144.6657,-36.0716],[144.6679,-36.0686],[144.6688,-36.0711],[144.6699,-36.0716],[144.6716,-36.071],[144.6741,-36.068],[144.6785,-36.0693],[144.6795,-36.0658],[144.6786,-36.0625],[144.6854,-36.0622],[144.6881,-36.0612],[144.6897,-36.0626],[144.688,-36.0652],[144.6881,-36.0666],[144.6891,-36.068],[144.6922,-36.0691],[144.6919,-36.0726],[144.6934,-36.073],[144.694,-36.0706],[144.692,-36.0616],[144.7115,-36.0647],[144.751,-36.0694],[144.7484,-36.0858],[144.7534,-36.0951],[144.7662,-36.0966],[144.7656,-36.0999],[144.771,-36.1005],[144.7705,-36.1035],[144.7731,-36.1056],[144.7663,-36.1099],[144.7668,-36.1106],[144.7821,-36.1121],[144.7812,-36.1168],[144.7762,-36.1155],[144.7752,-36.1226],[144.7734,-36.1221],[144.7735,-36.1254],[144.7771,-36.1298],[144.7808,-36.1283],[144.7869,-36.1277],[144.7882,-36.1264],[144.7881,-36.125],[144.7853,-36.1223],[144.788,-36.1213],[144.7903,-36.123],[144.7919,-36.1227],[144.793,-36.1194],[144.7966,-36.1141],[144.7986,-36.1132],[144.8004,-36.1137],[144.8005,-36.1151],[144.7995,-36.1161],[144.7962,-36.1167],[144.7955,-36.1178],[144.7966,-36.1199],[144.802,-36.1202],[144.8033,-36.1224],[144.8054,-36.1238],[144.8085,-36.1233],[144.8098,-36.1182],[144.813,-36.1154],[144.8134,-36.1139],[144.8121,-36.1127],[144.8071,-36.1134],[144.8079,-36.1101],[144.8064,-36.1075],[144.8075,-36.1072],[144.8135,-36.1106],[144.8151,-36.1107],[144.8164,-36.1097],[144.8104,-36.1038],[144.8102,-36.1023],[144.8172,-36.105],[144.8185,-36.1074],[144.8199,-36.1079],[144.8209,-36.1074],[144.8236,-36.1027],[144.8302,-36.1028],[144.8341,-36.1005],[144.8353,-36.0985],[144.8387,-36.1003],[144.8419,-36.1006],[144.8431,-36.0985],[144.8431,-36.0958],[144.8398,-36.0944],[144.8439,-36.0923],[144.8416,-36.087],[144.8425,-36.0851],[144.842,-36.083],[144.8449,-36.0831],[144.8465,-36.081],[144.8492,-36.082],[144.8506,-36.0813],[144.8498,-36.0767],[144.8475,-36.0745],[144.8472,-36.0729],[144.8496,-36.0712],[144.8514,-36.0718],[144.8526,-36.074],[144.8565,-36.0736],[144.8567,-36.0725],[144.8546,-36.071],[144.8539,-36.0695],[144.8547,-36.0673],[144.8563,-36.0656],[144.858,-36.0652],[144.8605,-36.0665],[144.858,-36.0677],[144.8576,-36.069],[144.8597,-36.0718],[144.8615,-36.0717],[144.8606,-36.0692],[144.8635,-36.0686],[144.8643,-36.0655],[144.8637,-36.0611],[144.8627,-36.0598],[144.8633,-36.0592],[144.8666,-36.0596],[144.875,-36.0576],[144.8814,-36.0602],[144.8836,-36.0618],[144.8867,-36.0617],[144.8891,-36.0636],[144.8917,-36.0631],[144.8955,-36.0636],[144.898,-36.0624],[144.9016,-36.0636],[144.9027,-36.063],[144.9028,-36.0614],[144.9039,-36.0609],[144.9085,-36.064],[144.9135,-36.063],[144.923,-36.0658],[144.9326,-36.067],[144.934,-36.0691],[144.9366,-36.0691],[144.9377,-36.07],[144.9382,-36.0729],[144.9368,-36.0741],[144.9365,-36.0758],[144.9401,-36.0783],[144.9436,-36.0792],[144.9466,-36.0825],[144.9483,-36.0829],[144.9518,-36.0825],[144.9542,-36.0792],[144.9579,-36.08],[144.9617,-36.0787],[144.9657,-36.0791],[144.9705,-36.0766],[144.9743,-36.0759],[144.9761,-36.0737],[144.9803,-36.0733],[144.9822,-36.072],[144.9833,-36.0682],[144.987,-36.0639],[144.9859,-36.0565],[144.984,-36.0548],[144.9833,-36.0501],[144.9821,-36.0483],[144.9718,-36.045],[144.9678,-36.0421],[144.9672,-36.0396],[144.9655,-36.0375],[144.9666,-36.0334],[144.9666,-36.0299],[144.9657,-36.0286],[144.9623,-36.0269],[144.9618,-36.0182],[144.9603,-36.0177],[144.9577,-36.0198],[144.9546,-36.0188],[144.9542,-36.0163],[144.9509,-36.0153],[144.9455,-36.0122],[144.9452,-36.011],[144.9472,-36.008],[144.9458,-36.0043],[144.9425,-36.0019],[144.9362,-35.9995],[144.9321,-35.9952],[144.9314,-35.9922],[144.9297,-35.9906],[144.9271,-35.9895],[144.9245,-35.9899],[144.9236,-35.9889],[144.924,-35.9814],[144.9255,-35.9782],[144.9259,-35.9747],[144.9266,-35.9733],[144.9293,-35.9721],[144.931,-35.9685],[144.9367,-35.9662],[144.9415,-35.9668],[144.9449,-35.9633],[144.9498,-35.9634],[144.955,-35.9625],[144.9574,-35.9609],[144.9575,-35.9578],[144.954,-35.9525],[144.9553,-35.9465],[144.9526,-35.9449],[144.952,-35.9432],[144.9505,-35.942],[144.9504,-35.9376],[144.9515,-35.9352],[144.9489,-35.9316],[144.95,-35.9264],[144.9519,-35.9246],[144.9518,-35.9225],[144.9529,-35.9212],[144.9522,-35.919],[144.9528,-35.9166],[144.9553,-35.9153],[144.9587,-35.9115],[144.9619,-35.9115],[144.9649,-35.9056],[144.967,-35.9052],[144.9673,-35.9011],[144.9651,-35.8977],[144.9647,-35.8959],[144.9684,-35.8914],[144.9727,-35.8883],[144.975,-35.8838],[144.9727,-35.8806],[144.9697,-35.8785],[144.971,-35.8772],[144.9708,-35.876],[144.9725,-35.8745],[144.9721,-35.8729],[144.969,-35.8711],[144.9697,-35.8679],[144.9682,-35.8658],[144.9709,-35.8634],[144.9709,-35.861],[144.9751,-35.8609],[144.9793,-35.8584],[144.982,-35.8599],[144.9835,-35.858],[144.985,-35.8575],[144.9878,-35.8576],[144.9913,-35.859],[144.9917,-35.8583],[144.9897,-35.8547],[144.9913,-35.8564],[144.9932,-35.856],[144.9939,-35.8542],[144.992,-35.8526],[144.9933,-35.8522],[144.9956,-35.8528],[144.9986,-35.855],[144.9999,-35.8548],[145.0006,-35.8493],[145.0037,-35.8514],[145.0048,-35.8547],[145.007,-35.8562],[145.0101,-35.8563],[145.0132,-35.8577],[145.0192,-35.8566],[145.0228,-35.8535],[145.0246,-35.8471],[145.0299,-35.8496],[145.0362,-35.847],[145.0378,-35.8452],[145.037,-35.8422],[145.0388,-35.8384],[145.0395,-35.8385],[145.0393,-35.8411],[145.041,-35.8417],[145.0462,-35.838],[145.0496,-35.8337],[145.0516,-35.8341],[145.0494,-35.837],[145.0509,-35.8387],[145.0529,-35.8387],[145.0544,-35.8377],[145.0544,-35.8359],[145.0533,-35.836],[145.0538,-35.8352],[145.0577,-35.8356],[145.0593,-35.8371],[145.0611,-35.8373],[145.0687,-35.8352],[145.0718,-35.8332],[145.0732,-35.8309],[145.0729,-35.8276],[145.0741,-35.8267],[145.0755,-35.8273],[145.0752,-35.8308],[145.0765,-35.8318],[145.078,-35.8306],[145.0774,-35.8274],[145.0845,-35.828],[145.0873,-35.8259],[145.09,-35.8255],[145.0924,-35.8263],[145.0934,-35.8279],[145.0931,-35.8288],[145.0892,-35.8312],[145.0908,-35.8355],[145.0919,-35.836],[145.0934,-35.8348],[145.0948,-35.8313],[145.0983,-35.8289],[145.0996,-35.8257],[145.102,-35.8285],[145.104,-35.8286],[145.1142,-35.8205],[145.1155,-35.8214],[145.1139,-35.8247],[145.1155,-35.826],[145.1177,-35.825],[145.1215,-35.8206],[145.1226,-35.8212],[145.122,-35.8245],[145.1235,-35.8289],[145.1259,-35.8298],[145.1274,-35.8286],[145.1259,-35.8248],[145.1262,-35.8217],[145.1278,-35.8207],[145.1286,-35.8269],[145.1306,-35.8282],[145.134,-35.8274],[145.1343,-35.832],[145.1366,-35.8343],[145.1387,-35.8331],[145.1389,-35.8293],[145.1396,-35.8285],[145.1408,-35.8288],[145.1439,-35.8322],[145.1478,-35.8335],[145.1499,-35.8332],[145.1549,-35.8302],[145.1588,-35.8308],[145.1594,-35.8317],[145.1583,-35.8337],[145.1575,-35.8381],[145.1558,-35.84],[145.153,-35.8411],[145.1527,-35.8417],[145.1535,-35.843],[145.1573,-35.842],[145.1636,-35.8429],[145.1681,-35.8425],[145.1718,-35.8387],[145.181,-35.842],[145.1823,-35.8408],[145.1817,-35.8381],[145.1826,-35.8353],[145.1862,-35.8353],[145.1898,-35.8343],[145.1934,-35.8376],[145.1948,-35.8374],[145.1965,-35.8352],[145.1978,-35.8348],[145.2074,-35.838],[145.2123,-35.8359],[145.2152,-35.8362],[145.2171,-35.8376],[145.2155,-35.8404],[145.2159,-35.8414],[145.2186,-35.8424],[145.2228,-35.8425],[145.2241,-35.8415],[145.2244,-35.8396],[145.2201,-35.8367],[145.2231,-35.8358],[145.225,-35.8322],[145.2291,-35.8333],[145.2353,-35.8297],[145.2369,-35.8324],[145.2405,-35.8337],[145.2462,-35.8303],[145.253,-35.835],[145.2556,-35.8358],[145.2607,-35.8354],[145.2597,-35.8373],[145.2596,-35.8394],[145.2642,-35.8422],[145.258,-35.848],[145.2584,-35.8506],[145.262,-35.8499],[145.2633,-35.8515],[145.2671,-35.8524],[145.2706,-35.8459],[145.2727,-35.8452],[145.2772,-35.8492],[145.2777,-35.8522],[145.2787,-35.8534],[145.2805,-35.8534],[145.2825,-35.8513],[145.285,-35.8507],[145.283,-35.8548],[145.284,-35.8565],[145.2852,-35.8567],[145.2887,-35.8548],[145.2927,-35.8538],[145.2927,-35.858],[145.2943,-35.8598],[145.2965,-35.8606],[145.3017,-35.8585],[145.309,-35.8605],[145.3122,-35.8557],[145.3182,-35.855],[145.3223,-35.8516],[145.3245,-35.8507],[145.3275,-35.8536],[145.3332,-35.8549],[145.3359,-35.8586],[145.3415,-35.8624],[145.344,-35.8627],[145.3479,-35.8603],[145.3501,-35.8605],[145.3525,-35.8659],[145.3558,-35.867],[145.3588,-35.8654],[145.3607,-35.8612],[145.3661,-35.8602],[145.3694,-35.8583],[145.3742,-35.8595],[145.3774,-35.8588],[145.38,-35.855],[145.3872,-35.8501],[145.392,-35.8507],[145.399,-35.8496],[145.4048,-35.8509],[145.4106,-35.8486],[145.4119,-35.8464],[145.4099,-35.8434],[145.4111,-35.84],[145.4097,-35.8366],[145.4112,-35.8355],[145.4155,-35.8377],[145.4186,-35.838],[145.4205,-35.8373],[145.4207,-35.8355],[145.4164,-35.8342],[145.4136,-35.8313],[145.4138,-35.8306],[145.4158,-35.8314],[145.4177,-35.8311],[145.4188,-35.8287],[145.4199,-35.8282],[145.4255,-35.8289],[145.4269,-35.8329],[145.4292,-35.8344],[145.4316,-35.8338],[145.4344,-35.8299],[145.4364,-35.8297],[145.439,-35.8347],[145.4418,-35.8357],[145.4435,-35.8349],[145.445,-35.832],[145.4471,-35.8316],[145.4481,-35.8304],[145.448,-35.8267],[145.4507,-35.8214],[145.4534,-35.8214],[145.4549,-35.8246],[145.4568,-35.826],[145.4604,-35.8272],[145.4625,-35.8269],[145.4644,-35.8251],[145.464,-35.8219],[145.4691,-35.8182],[145.4678,-35.8136],[145.4715,-35.8113],[145.4721,-35.8092],[145.4745,-35.8124],[145.4764,-35.8123],[145.4779,-35.8108],[145.4822,-35.8135],[145.4838,-35.8138],[145.486,-35.8125],[145.4877,-35.8125],[145.4891,-35.8142],[145.492,-35.8151],[145.4943,-35.814],[145.4945,-35.8103],[145.4955,-35.809],[145.5003,-35.8103],[145.5026,-35.8094],[145.5068,-35.8121],[145.5116,-35.8119],[145.5132,-35.8158],[145.5217,-35.8187],[145.5253,-35.817],[145.5249,-35.8158],[145.5241,-35.8158],[145.5244,-35.8168],[145.5235,-35.8158],[145.5237,-35.8138],[145.5281,-35.8115],[145.5283,-35.8099],[145.5266,-35.8084],[145.5268,-35.8071],[145.5318,-35.8052],[145.5357,-35.802],[145.5339,-35.8058],[145.5352,-35.8082],[145.5397,-35.8079],[145.5419,-35.8089],[145.5369,-35.8161],[145.5367,-35.8199],[145.5388,-35.8218],[145.5416,-35.8222],[145.5428,-35.821],[145.5448,-35.8151],[145.5467,-35.8129],[145.5539,-35.8146],[145.5587,-35.8138],[145.5589,-35.8127],[145.5548,-35.8138],[145.5501,-35.8123],[145.5562,-35.7817],[145.5587,-35.7813],[145.5623,-35.7907],[145.6131,-35.7963],[145.6114,-35.8059],[145.6131,-35.809],[145.6135,-35.8134],[145.6099,-35.8141],[145.6078,-35.8243],[145.6123,-35.8312],[145.612,-35.8329],[145.6066,-35.8301],[145.5853,-35.8274],[145.5827,-35.8258],[145.5789,-35.8209],[145.5772,-35.8199],[145.5749,-35.8195],[145.5742,-35.8233],[145.5723,-35.8237],[145.5722,-35.8226],[145.5702,-35.8235],[145.5673,-35.8214],[145.5679,-35.8197],[145.5659,-35.8199],[145.5658,-35.8188],[145.5623,-35.8183],[145.5623,-35.8164],[145.558,-35.8174],[145.557,-35.819],[145.5572,-35.8202],[145.5599,-35.8227],[145.5572,-35.826],[145.5581,-35.8283],[145.5611,-35.8283],[145.5631,-35.8264],[145.5651,-35.8257],[145.5673,-35.827],[145.5668,-35.8291],[145.5637,-35.8316],[145.564,-35.8342],[145.5685,-35.8339],[145.571,-35.8371],[145.5747,-35.8378],[145.5764,-35.8398],[145.5771,-35.8428],[145.5794,-35.8446],[145.5816,-35.8483],[145.5934,-35.8493],[145.5937,-35.8511],[145.5925,-35.8555],[145.5881,-35.8577],[145.5868,-35.8612],[145.5887,-35.8626],[145.5941,-35.8609],[145.598,-35.8615],[145.598,-35.863],[145.5952,-35.8675],[145.5956,-35.87],[145.597,-35.8716],[145.6011,-35.875],[145.6049,-35.8752],[145.6054,-35.8743],[145.6014,-35.8698],[145.6017,-35.8679],[145.6031,-35.8678],[145.6071,-35.8701],[145.6096,-35.8703],[145.6111,-35.8699],[145.6134,-35.8664],[145.6151,-35.8653],[145.625,-35.8622],[145.626,-35.8625],[145.6286,-35.8657],[145.6283,-35.8678],[145.6191,-35.8691],[145.6165,-35.8706],[145.6149,-35.8726],[145.6157,-35.8748],[145.6171,-35.8755],[145.6198,-35.8753],[145.623,-35.8731],[145.626,-35.8735],[145.6281,-35.8754],[145.6279,-35.8766],[145.6255,-35.8773],[145.6209,-35.8804],[145.62,-35.8823],[145.6204,-35.884],[145.6234,-35.8845],[145.6253,-35.8831],[145.6273,-35.8799],[145.6296,-35.8801],[145.6315,-35.8843],[145.6317,-35.8881],[145.6333,-35.8891],[145.6368,-35.8893],[145.6397,-35.8942],[145.6431,-35.8947],[145.6455,-35.8932],[145.6473,-35.8931],[145.6512,-35.8997],[145.6574,-35.9007],[145.6589,-35.9028],[145.6615,-35.9124],[145.6635,-35.9134],[145.6672,-35.9123],[145.6686,-35.9129],[145.6683,-35.9183],[145.6691,-35.9196],[145.6712,-35.9198],[145.6747,-35.9185],[145.6767,-35.9167],[145.6791,-35.9168],[145.6795,-35.9178],[145.6788,-35.9194],[145.6735,-35.9232],[145.6739,-35.9259],[145.6783,-35.9262],[145.681,-35.9292],[145.6854,-35.9307],[145.6877,-35.9291],[145.6863,-35.9258],[145.6869,-35.9243],[145.6887,-35.923],[145.6958,-35.9205],[145.6962,-35.9153],[145.6938,-35.913],[145.6908,-35.9132],[145.6883,-35.9148],[145.6874,-35.9122],[145.6792,-35.9091],[145.6755,-35.9097],[145.6733,-35.9071],[145.6705,-35.9055],[145.6722,-35.9041],[145.6766,-35.9047],[145.6795,-35.9034],[145.6788,-35.9015],[145.6728,-35.8975],[145.6751,-35.8952],[145.6797,-35.8969],[145.6804,-35.8936],[145.6818,-35.8942],[145.6818,-35.8967],[145.6842,-35.8968],[145.6859,-35.8888],[145.6868,-35.8892],[145.7013,-35.8988],[145.699,-35.9118],[145.6999,-35.9123],[145.6997,-35.9133],[145.709,-35.9144],[145.7068,-35.9265],[145.7032,-35.9261],[145.7018,-35.9268],[145.6977,-35.9247],[145.6958,-35.9258],[145.6957,-35.9274],[145.6976,-35.9299],[145.6962,-35.9341],[145.6973,-35.9365],[145.7003,-35.937],[145.7067,-35.9321],[145.7093,-35.933],[145.7108,-35.9357],[145.7144,-35.9374],[145.7179,-35.9368],[145.7205,-35.9345],[145.7227,-35.9386],[145.7263,-35.9423],[145.7272,-35.9455],[145.7255,-35.9464],[145.7215,-35.9442],[145.7184,-35.9443],[145.7157,-35.9476],[145.7161,-35.9502],[145.7215,-35.9515],[145.7243,-35.9541],[145.7262,-35.9538],[145.73,-35.9511],[145.7342,-35.9513],[145.7368,-35.9549],[145.7319,-35.956],[145.7307,-35.9585],[145.7338,-35.9603],[145.739,-35.9591],[145.7443,-35.9591],[145.7448,-35.9597],[145.7435,-35.9623],[145.7459,-35.9642],[145.7542,-35.9614],[145.7579,-35.9581],[145.763,-35.9614],[145.7642,-35.9659],[145.7661,-35.9667],[145.7673,-35.966],[145.7683,-35.9631],[145.7733,-35.9627],[145.7782,-35.9602],[145.7808,-35.9622],[145.7814,-35.9638],[145.7787,-35.967],[145.7784,-35.9694],[145.7769,-35.971],[145.777,-35.9726],[145.7788,-35.973],[145.7846,-35.972],[145.788,-35.9753],[145.7897,-35.9748],[145.7918,-35.9727],[145.7927,-35.9728],[145.7928,-35.9812],[145.7934,-35.9828],[145.7953,-35.9836],[145.7987,-35.983],[145.8028,-35.9837],[145.8058,-35.9828],[145.808,-35.9838],[145.8084,-35.9844],[145.8068,-35.9889],[145.8083,-35.9905],[145.8114,-35.9917],[145.815,-35.991],[145.8167,-35.9882],[145.8155,-35.9866],[145.8115,-35.9855],[145.8114,-35.9841],[145.8182,-35.9823],[145.8246,-35.9847],[145.8283,-35.983],[145.829,-35.9821],[145.8287,-35.9802],[145.8244,-35.9793],[145.8275,-35.9754],[145.8312,-35.977],[145.8358,-35.9769],[145.8364,-35.9776],[145.8361,-35.9821],[145.837,-35.9831],[145.84,-35.9832],[145.8446,-35.9829],[145.8486,-35.9809],[145.8486,-35.9786],[145.8444,-35.975],[145.8455,-35.9735],[145.8483,-35.973],[145.8512,-35.9755],[145.8538,-35.9766],[145.858,-35.9753],[145.8597,-35.9734],[145.8593,-35.9716],[145.8479,-35.9684],[145.8537,-35.9659],[145.854,-35.9646],[145.8526,-35.9615],[145.854,-35.9599],[145.8606,-35.9605],[145.8633,-35.9587],[145.8679,-35.9575],[145.8706,-35.9555],[145.8764,-35.9553],[145.8805,-35.9578],[145.8833,-35.9572],[145.8853,-35.9554],[145.89,-35.9573],[145.8914,-35.9565],[145.8923,-35.9543],[145.8944,-35.9532],[145.9032,-35.9526],[145.9084,-35.9537],[145.9103,-35.956],[145.9088,-35.9584],[145.9037,-35.9597],[145.9008,-35.9615],[145.9001,-35.9645],[145.9029,-35.9689],[145.905,-35.969],[145.9048,-35.9645],[145.9061,-35.9633],[145.9086,-35.9661],[145.9107,-35.9668],[145.9124,-35.9691],[145.9138,-35.9696],[145.9151,-35.9688],[145.9142,-35.9655],[145.9149,-35.9645],[145.9258,-35.9646],[145.9278,-35.9659],[145.9283,-35.9673],[145.9253,-35.97],[145.925,-35.9716],[145.926,-35.9731],[145.928,-35.9739],[145.9305,-35.9728],[145.9346,-35.9727],[145.9357,-35.9696],[145.9391,-35.9683],[145.9436,-35.9628],[145.9461,-35.9613],[145.9524,-35.961],[145.9537,-35.9616],[145.955,-35.9629],[145.9542,-35.9648],[145.9473,-35.9649],[145.9442,-35.9669],[145.9447,-35.9695],[145.9486,-35.9722],[145.9511,-35.9766],[145.9501,-35.9789],[145.946,-35.9791],[145.9449,-35.9811],[145.9457,-35.9838],[145.9479,-35.9851],[145.9501,-35.9833],[145.9517,-35.9835],[145.9524,-35.9845],[145.9525,-35.9925],[145.9558,-35.9927],[145.9593,-35.9957],[145.9637,-35.996],[145.9648,-35.9968],[145.9584,-36.0042],[145.9583,-36.007],[145.96,-36.0088],[145.9622,-36.0094],[145.9678,-36.0058],[145.9713,-36.0057],[145.9735,-36.0084],[145.9708,-36.0103],[145.9693,-36.0132],[145.971,-36.0152],[145.9732,-36.0159],[145.9747,-36.0146],[145.9753,-36.011],[145.9775,-36.0093],[145.9794,-35.9981],[145.9749,-35.9959],[145.973,-35.9963],[145.9719,-35.9952],[145.974,-35.9939],[145.9689,-35.989],[145.9716,-35.9884],[145.9957,-35.9915],[145.9989,-35.988],[145.9955,-35.9858],[146.0019,-35.9795],[146.0045,-35.981],[146.0073,-35.9778],[146.0034,-35.976],[146.0041,-35.9719],[146.0089,-35.9725],[146.011,-35.9616],[146.029,-35.9639],[146.0276,-35.9731],[146.017,-35.9836],[146.0113,-35.9851],[146.0086,-35.9877],[146.0076,-35.9901],[146.0039,-35.9919],[146.0027,-35.9985],[146.0029,-35.9996],[146.0045,-35.9999],[146.0035,-36.0034],[146.0043,-36.0044],[146.0076,-36.0034],[146.0131,-36.007],[146.0161,-36.007],[146.0177,-36.0059],[146.0204,-36.0006],[146.0237,-35.9982],[146.0279,-35.9971],[146.0298,-35.9953],[146.0316,-35.9947],[146.0336,-35.9952],[146.0391,-36.0018],[146.0435,-35.9997],[146.0467,-36.0029],[146.0492,-36.0032],[146.0514,-36.0018],[146.0514,-35.9958],[146.0523,-35.9955],[146.0564,-35.9992],[146.0573,-36.0117],[146.0593,-36.0145],[146.0617,-36.0156],[146.0656,-36.0148],[146.0714,-36.0157],[146.0734,-36.0126],[146.0715,-36.0098],[146.0735,-36.0096],[146.0744,-36.0167],[146.0756,-36.0182],[146.0805,-36.0175],[146.0846,-36.0194],[146.0888,-36.0189],[146.0922,-36.0213],[146.0955,-36.0203],[146.0966,-36.0173],[146.0955,-36.0156],[146.0896,-36.0132],[146.0895,-36.0107],[146.0915,-36.0095],[146.0935,-36.0095],[146.096,-36.0122],[146.1008,-36.0131],[146.1029,-36.0118],[146.1055,-36.0079],[146.1124,-36.0068],[146.1129,-36.0076],[146.1123,-36.009],[146.1096,-36.01],[146.1076,-36.012],[146.1077,-36.0144],[146.1087,-36.0152],[146.1132,-36.0155],[146.1187,-36.018],[146.1199,-36.0174],[146.1193,-36.0141],[146.1221,-36.0151],[146.1245,-36.0143],[146.1252,-36.0101],[146.1283,-36.0095],[146.1299,-36.0082],[146.1313,-36.0036],[146.1351,-36.0026],[146.1377,-36.0043],[146.1406,-36.009],[146.1399,-36.01],[146.1358,-36.0093],[146.132,-36.0102],[146.1317,-36.0113],[146.1331,-36.0148],[146.1312,-36.0173],[146.1312,-36.0193],[146.1341,-36.0198],[146.137,-36.0178],[146.141,-36.017],[146.1437,-36.0144],[146.1459,-36.0138],[146.1465,-36.0142],[146.1456,-36.0176],[146.1464,-36.0204],[146.152,-36.0243],[146.1547,-36.0252],[146.1558,-36.0247],[146.1555,-36.023],[146.1568,-36.0213],[146.1602,-36.0241],[146.1631,-36.0242],[146.1694,-36.0218],[146.1731,-36.0193],[146.1744,-36.0205],[146.1751,-36.0246],[146.1782,-36.0283],[146.1765,-36.0336],[146.1777,-36.034],[146.1804,-36.0332],[146.1821,-36.0344],[146.1815,-36.0357],[146.1781,-36.0368],[146.1783,-36.0376],[146.1822,-36.0393],[146.1841,-36.0413],[146.186,-36.0421],[146.1898,-36.0403],[146.1905,-36.0393],[146.1894,-36.0394],[146.1917,-36.0363],[146.1937,-36.0354],[146.1951,-36.0322],[146.1966,-36.0314],[146.1992,-36.0275],[146.2041,-36.0285],[146.1998,-36.0283],[146.1981,-36.0299],[146.1989,-36.0329],[146.1995,-36.0322],[146.2001,-36.0333],[146.1988,-36.0351],[146.1987,-36.037],[146.2047,-36.0392],[146.2054,-36.0388],[146.2053,-36.035],[146.2077,-36.0335],[146.2116,-36.0286],[146.2134,-36.0292],[146.216,-36.0332],[146.2123,-36.0341],[146.2106,-36.0354],[146.2099,-36.0379],[146.2112,-36.0389],[146.2146,-36.0359],[146.2188,-36.0369],[146.2205,-36.0365],[146.2212,-36.0357],[146.2205,-36.0318],[146.2209,-36.0305],[146.2222,-36.0299],[146.228,-36.0289],[146.2286,-36.0299],[146.2281,-36.0326],[146.2299,-36.034],[146.2317,-36.0329],[146.2324,-36.0296],[146.2343,-36.0282],[146.238,-36.0279],[146.243,-36.0288],[146.244,-36.0273],[146.2414,-36.0244],[146.2414,-36.0235],[146.2489,-36.0245],[146.2509,-36.0231],[146.2499,-36.0216],[146.2455,-36.021],[146.2447,-36.0201],[146.2446,-36.0183],[146.2478,-36.0172],[146.2491,-36.0191],[146.2513,-36.0196],[146.2523,-36.0185],[146.2531,-36.0153],[146.2572,-36.0121],[146.2583,-36.0149],[146.2617,-36.0165],[146.2606,-36.0201],[146.261,-36.0215],[146.2671,-36.021],[146.268,-36.0222],[146.2677,-36.0251],[146.2729,-36.0266],[146.2771,-36.024],[146.2781,-36.0225],[146.2743,-36.0199],[146.2762,-36.0186],[146.2767,-36.0171],[146.275,-36.0124],[146.2771,-36.0115],[146.2829,-36.011],[146.2832,-36.0119],[146.2786,-36.0135],[146.2788,-36.0159],[146.2811,-36.0165],[146.284,-36.0143],[146.2862,-36.0142],[146.2881,-36.0151],[146.2883,-36.0176],[146.2911,-36.0202],[146.2825,-36.023],[146.2818,-36.0241],[146.2822,-36.0262],[146.2832,-36.0272],[146.2855,-36.0277],[146.2917,-36.0246],[146.2931,-36.0295],[146.2922,-36.0302],[146.2876,-36.0298],[146.2861,-36.0304],[146.2864,-36.0335],[146.2913,-36.0359],[146.2858,-36.0366],[146.283,-36.0389],[146.2827,-36.0412],[146.2849,-36.042],[146.288,-36.0393],[146.2914,-36.039],[146.291,-36.0426],[146.2919,-36.045],[146.2992,-36.0479],[146.301,-36.0469],[146.3021,-36.0448],[146.3004,-36.0437],[146.2969,-36.0446],[146.2979,-36.0427],[146.2971,-36.0397],[146.301,-36.0366],[146.3008,-36.0404],[146.3017,-36.0422],[146.3049,-36.0433],[146.3063,-36.0422],[146.3062,-36.0402],[146.3088,-36.0393],[146.3114,-36.0442],[146.313,-36.0456],[146.3151,-36.0447],[146.315,-36.0395],[146.3159,-36.0385],[146.3174,-36.0388],[146.3191,-36.042],[146.3203,-36.0426],[146.3236,-36.0414],[146.3272,-36.0431],[146.3294,-36.043],[146.33,-36.0419],[146.3294,-36.0401],[146.3313,-36.0381],[146.3313,-36.036],[146.327,-36.0354],[146.3249,-36.0339],[146.3272,-36.0322],[146.3282,-36.0296],[146.3315,-36.0264],[146.3341,-36.0277],[146.3389,-36.0264],[146.3457,-36.0291],[146.3469,-36.0376],[146.3487,-36.0399],[146.3543,-36.014],[146.369,-36.0113],[146.3691,-36.009],[146.3625,-36.0081],[146.3626,-36.004],[146.3621,-36.0039],[146.3648,-35.9896],[146.3574,-35.9943],[146.358,-35.995],[146.3566,-35.9958],[146.356,-35.9951],[146.3447,-36.0018],[146.3397,-36.006],[146.3407,-36.0009],[146.3398,-35.9993],[146.3434,-35.9801],[146.3548,-35.9827],[146.3603,-35.9888],[146.3611,-35.9844],[146.3702,-35.9853],[146.3722,-35.9753],[146.39,-35.9776],[146.3995,-35.9836],[146.4057,-35.9683],[146.4076,-35.9686],[146.406,-35.9782],[146.4107,-35.982],[146.4068,-35.982],[146.4113,-35.9859],[146.416,-35.9837],[146.4152,-35.9823],[146.4124,-35.9816],[146.4153,-35.9792],[146.4142,-35.9758],[146.4154,-35.9754],[146.417,-35.9782],[146.4198,-35.9785],[146.4208,-35.9769],[146.419,-35.9753],[146.4193,-35.9735],[146.4206,-35.9731],[146.423,-35.9743],[146.4252,-35.973],[146.4248,-35.9716],[146.4219,-35.9682],[146.4217,-35.9658],[146.4261,-35.9639],[146.4291,-35.9655],[146.4372,-35.967],[146.4392,-35.9695],[146.4394,-35.9743],[146.4433,-35.9762],[146.446,-35.9731],[146.4477,-35.965],[146.451,-35.9643],[146.4542,-35.9622],[146.4563,-35.9666],[146.4578,-35.9667],[146.4604,-35.9649],[146.4624,-35.9653],[146.4634,-35.9669],[146.4622,-35.969],[146.4622,-35.9706],[146.47,-35.9762],[146.4694,-35.978],[146.4659,-35.9801],[146.4663,-35.9831],[146.4674,-35.9842],[146.4694,-35.984],[146.4693,-35.9817],[146.47,-35.9809],[146.4717,-35.9832],[146.4732,-35.9838],[146.4744,-35.9838],[146.4771,-35.9823],[146.4778,-35.9841],[146.4794,-35.9851],[146.4872,-35.9853],[146.488,-35.9891],[146.4893,-35.9906],[146.4927,-35.9913],[146.5001,-35.9908],[146.5021,-35.9903],[146.5041,-35.9883],[146.5038,-35.9854],[146.5021,-35.9832],[146.498,-35.9861],[146.4935,-35.9862],[146.4925,-35.985],[146.4968,-35.9817],[146.4994,-35.9808],[146.5007,-35.9792],[146.4963,-35.9733],[146.4978,-35.9702],[146.4976,-35.9675],[146.5006,-35.9653],[146.5014,-35.9639],[146.501,-35.9586],[146.5026,-35.9582],[146.5067,-35.96],[146.512,-35.9642],[146.5159,-35.9634],[146.5178,-35.9607],[146.5197,-35.9606],[146.5219,-35.9641],[146.5198,-35.9664],[146.5196,-35.9696],[146.5226,-35.9706],[146.5261,-35.9701],[146.5292,-35.9738],[146.5324,-35.9758],[146.5316,-35.9822],[146.5323,-35.9843],[146.5345,-35.9844],[146.5378,-35.9822],[146.5382,-35.9846],[146.5419,-35.9864],[146.5483,-35.9921],[146.5496,-35.9925],[146.556,-35.9892],[146.5552,-35.9874],[146.5506,-35.9876],[146.5503,-35.9855],[146.5538,-35.9854],[146.555,-35.984],[146.5549,-35.9828],[146.5519,-35.9798],[146.5545,-35.9785],[146.559,-35.979],[146.5606,-35.9756],[146.559,-35.9731],[146.559,-35.9712],[146.5623,-35.9691],[146.5629,-35.9677],[146.5659,-35.9707],[146.5626,-35.9727],[146.5619,-35.9748],[146.5624,-35.9769],[146.5671,-35.9751],[146.5682,-35.9757],[146.568,-35.9776],[146.5693,-35.9792],[146.5765,-35.9786],[146.5801,-35.9827],[146.584,-35.9839],[146.5864,-35.9833],[146.587,-35.9815],[146.5838,-35.9775],[146.5841,-35.975],[146.587,-35.9751],[146.5893,-35.9741],[146.5951,-35.9743],[146.5994,-35.9708],[146.6002,-35.9751],[146.6012,-35.9759],[146.6027,-35.9753],[146.6036,-35.9732],[146.6074,-35.9749],[146.6102,-35.9728],[146.6125,-35.9729],[146.6187,-35.9759],[146.6175,-35.977],[146.6123,-35.9784],[146.6108,-35.9801],[146.612,-35.9812],[146.6162,-35.9813],[146.6161,-35.9824],[146.6078,-35.9864],[146.6083,-35.9887],[146.6131,-35.9911],[146.613,-35.9952],[146.6146,-35.9967],[146.6157,-35.9967],[146.6178,-35.9939],[146.6199,-35.9938],[146.6223,-35.9955],[146.6205,-35.9983],[146.6216,-35.9995],[146.6233,-35.9993],[146.6249,-35.9967],[146.626,-35.9964],[146.6282,-35.9999],[146.6337,-35.9998],[146.6339,-36.0005],[146.6306,-36.0027],[146.6311,-36.0035],[146.6365,-36.0055],[146.6404,-36.0095],[146.6426,-36.0087],[146.6413,-36.0055],[146.6421,-36.0041],[146.6432,-36.0044],[146.6447,-36.0075],[146.6509,-36.0077],[146.6493,-36.011],[146.6502,-36.0138],[146.6527,-36.0149],[146.6576,-36.0139],[146.6586,-36.0145],[146.6588,-36.0165],[146.6579,-36.0176],[146.6529,-36.0171],[146.6503,-36.0184],[146.6508,-36.0206],[146.653,-36.0217],[146.6566,-36.0211],[146.6581,-36.0216],[146.6579,-36.0228],[146.6552,-36.0246],[146.656,-36.0263],[146.6618,-36.026],[146.6646,-36.0291],[146.6702,-36.0279],[146.6668,-36.0241],[146.6656,-36.021],[146.6659,-36.019],[146.6683,-36.0178],[146.6693,-36.0183],[146.6687,-36.0202],[146.669,-36.0229],[146.6714,-36.0259],[146.6725,-36.026],[146.6743,-36.022],[146.6796,-36.0221],[146.6819,-36.0238],[146.6822,-36.0256],[146.6763,-36.0271],[146.6754,-36.0286],[146.6759,-36.0295],[146.678,-36.0301],[146.6825,-36.0294],[146.6829,-36.0304],[146.68,-36.033],[146.68,-36.0344],[146.6823,-36.0387],[146.6875,-36.0411],[146.6896,-36.0406],[146.6902,-36.0383],[146.6927,-36.037],[146.695,-36.0343],[146.694,-36.0327],[146.691,-36.0328],[146.6896,-36.0321],[146.689,-36.0312],[146.6896,-36.0304],[146.6926,-36.0314],[146.6965,-36.0312],[146.6985,-36.0335],[146.7026,-36.0337],[146.7071,-36.0361],[146.71,-36.0341],[146.7096,-36.0329],[146.7082,-36.0323],[146.7082,-36.03],[146.7089,-36.0294],[146.7125,-36.0292],[146.7163,-36.0265],[146.7197,-36.0286],[146.7225,-36.0286],[146.7272,-36.0268],[146.7303,-36.0241],[146.7318,-36.0238],[146.7328,-36.0266],[146.7292,-36.0277],[146.7284,-36.0296],[146.7299,-36.0312],[146.7324,-36.031],[146.7329,-36.0345],[146.7351,-36.0367],[146.7313,-36.0392],[146.7308,-36.0452],[146.7332,-36.0459],[146.7352,-36.0481],[146.737,-36.0477],[146.7398,-36.0451],[146.7446,-36.0478],[146.7473,-36.0459],[146.7493,-36.0423],[146.7513,-36.0414],[146.7529,-36.0421],[146.7531,-36.0434],[146.7514,-36.0455],[146.7506,-36.0506],[146.7487,-36.0511],[146.7478,-36.0532],[146.747,-36.0585],[146.748,-36.0603],[146.7504,-36.0614],[146.7537,-36.0607],[146.7559,-36.0584],[146.753,-36.0566],[146.7528,-36.0555],[146.7575,-36.0568],[146.7584,-36.0551],[146.7558,-36.0529],[146.7561,-36.0522],[146.7571,-36.0517],[146.7596,-36.0526],[146.7623,-36.0517],[146.7631,-36.0529],[146.76,-36.0559],[146.7596,-36.0572],[146.7628,-36.0595],[146.7647,-36.0597],[146.7655,-36.0584],[146.7653,-36.0567],[146.7672,-36.0557],[146.7683,-36.059],[146.7713,-36.058],[146.7757,-36.0593],[146.7777,-36.0607],[146.7805,-36.0645],[146.782,-36.0646],[146.7835,-36.0632],[146.7811,-36.0614],[146.7813,-36.0604],[146.7842,-36.0593],[146.7878,-36.0593],[146.7889,-36.0606],[146.7866,-36.0633],[146.787,-36.0644],[146.7886,-36.0648],[146.7896,-36.0638],[146.7917,-36.0636],[146.7944,-36.0651],[146.7962,-36.0651],[146.7986,-36.064],[146.7986,-36.0625],[146.7934,-36.0612],[146.7946,-36.0585],[146.7966,-36.0572],[146.799,-36.0584],[146.8008,-36.0584],[146.8029,-36.0553],[146.8039,-36.0552],[146.804,-36.058],[146.8062,-36.0608],[146.8147,-36.0641],[146.8131,-36.0658],[146.8132,-36.0679],[146.8174,-36.0673],[146.8184,-36.0678],[146.8182,-36.0692],[146.8147,-36.0704],[146.8148,-36.0728],[146.8163,-36.0744],[146.818,-36.0742],[146.8229,-36.0698],[146.8253,-36.0704],[146.8258,-36.0725],[146.8236,-36.075],[146.8242,-36.0761],[146.8271,-36.0766],[146.8275,-36.0775],[146.8244,-36.0814],[146.8219,-36.0828],[146.8212,-36.0846],[146.8216,-36.0869],[146.8255,-36.0888],[146.8298,-36.0861],[146.833,-36.0865],[146.8341,-36.086],[146.8367,-36.0821],[146.8411,-36.0844],[146.8443,-36.0845],[146.8467,-36.0865],[146.849,-36.0865],[146.8515,-36.0839],[146.8544,-36.085],[146.8572,-36.0849],[146.86,-36.0835],[146.8612,-36.0816],[146.86,-36.0793],[146.8569,-36.078],[146.857,-36.0765],[146.8587,-36.0744],[146.8612,-36.0738],[146.8601,-36.0767],[146.8607,-36.0777],[146.8629,-36.0783],[146.8646,-36.0782],[146.866,-36.0772],[146.8641,-36.0742],[146.8648,-36.0729],[146.878,-36.0743],[146.8779,-36.0722],[146.8804,-36.0713],[146.8815,-36.0663],[146.8831,-36.0665],[146.8856,-36.0646],[146.8872,-36.0645],[146.8867,-36.0655],[146.8875,-36.0671],[146.8989,-36.0684],[146.8974,-36.0726],[146.8976,-36.0741],[146.9019,-36.0732],[146.9037,-36.0635],[146.9051,-36.0637],[146.9054,-36.0623],[146.9065,-36.0621],[146.9071,-36.0589],[146.9086,-36.0584],[146.9084,-36.0571],[146.9112,-36.055],[146.908,-36.0546],[146.9116,-36.0518],[146.91,-36.0511],[146.9043,-36.0509],[146.9035,-36.0516],[146.9009,-36.0506],[146.9004,-36.0463],[146.8994,-36.0458],[146.8999,-36.0416],[146.8982,-36.0414],[146.8985,-36.0397],[146.9006,-36.0397],[146.9035,-36.0244],[146.9046,-36.0245],[146.906,-36.0182],[146.9057,-36.0142],[146.8998,-36.0099],[146.8975,-36.0073],[146.8964,-36.0023],[146.9,-36.0072],[146.9141,-36.0066],[146.9154,-36.0081],[146.915,-36.011],[146.9201,-36.015],[146.9238,-36.0158],[146.9285,-36.0192],[146.9344,-36.0199],[146.9355,-36.0213],[146.9397,-36.0218],[146.9365,-36.0194],[146.9401,-36.0146],[146.9781,-36.0194],[146.9775,-36.0226],[146.9923,-36.0245],[146.9934,-36.0184],[146.9947,-36.0178],[147.0011,-36.0203],[147.0022,-36.0147],[147.01,-36.0158],[147.0138,-36.0174],[147.016,-36.0161],[147.017,-36.0178],[147.0156,-36.0192],[147.0192,-36.0196],[147.0149,-36.0412],[147.0186,-36.0417],[147.0179,-36.0454],[147.0206,-36.0457],[147.0174,-36.062],[147.0146,-36.0617],[147.0139,-36.0653],[147.0104,-36.0656],[147.0103,-36.0667],[147.0082,-36.0688],[146.9965,-36.0655],[146.989,-36.0648],[146.9844,-36.0666],[146.9746,-36.0678],[146.9669,-36.0717],[146.9583,-36.0721],[146.9506,-36.075],[146.9483,-36.0852],[146.9459,-36.0848],[146.9451,-36.0881],[146.9441,-36.0888],[146.9444,-36.0903],[146.9412,-36.0899],[146.9404,-36.0886],[146.9403,-36.0874],[146.9411,-36.0871],[146.9407,-36.0861],[146.9388,-36.0855],[146.9381,-36.0877],[146.9326,-36.0906],[146.9314,-36.093],[146.9315,-36.0951],[146.9214,-36.094],[146.9189,-36.096],[146.9089,-36.1],[146.9096,-36.1027],[146.9123,-36.1045],[146.9122,-36.106],[146.9055,-36.1071],[146.906,-36.1096],[146.9078,-36.1113],[146.9135,-36.1128],[146.9154,-36.1124],[146.9181,-36.1079],[146.9227,-36.1088],[146.925,-36.1074],[146.9245,-36.1033],[146.9221,-36.1021],[146.9215,-36.1009],[146.9246,-36.0978],[146.9276,-36.0973],[146.9299,-36.0992],[146.9275,-36.1025],[146.9282,-36.1059],[146.9328,-36.1091],[146.934,-36.1115],[146.9391,-36.1131],[146.9437,-36.116],[146.9457,-36.1155],[146.9469,-36.1139],[146.9499,-36.1128],[146.9525,-36.1108],[146.9521,-36.1082],[146.9493,-36.1068],[146.9485,-36.103],[146.9491,-36.1012],[146.952,-36.0998],[146.9503,-36.0944],[146.9508,-36.0935],[146.9522,-36.0925],[146.9563,-36.0929],[146.9587,-36.0919],[146.9583,-36.0907],[146.956,-36.0901],[146.955,-36.0888],[146.9591,-36.0845],[146.9589,-36.0828],[146.956,-36.0792],[146.9568,-36.0781],[146.9596,-36.0796],[146.9611,-36.0821],[146.9627,-36.0822],[146.9643,-36.0805],[146.9666,-36.0837],[146.9726,-36.0821],[146.9754,-36.085],[146.9765,-36.0852],[146.9773,-36.0908],[146.9784,-36.0927],[146.9813,-36.0949],[146.9842,-36.0939],[146.987,-36.0892],[146.9904,-36.0861],[146.9932,-36.0859],[146.9993,-36.0873],[147.0036,-36.0839],[147.0074,-36.0837],[147.0083,-36.0855],[147.0061,-36.088],[147.0064,-36.0891],[147.0084,-36.0896],[147.0118,-36.0879],[147.0163,-36.0898],[147.0163,-36.0909],[147.0131,-36.0949],[147.0131,-36.0969],[147.0152,-36.0999],[147.0132,-36.1032],[147.0135,-36.1047],[147.0153,-36.1063],[147.0174,-36.1059],[147.0182,-36.1042],[147.0178,-36.1014],[147.0191,-36.0991],[147.0228,-36.0999],[147.0263,-36.1054],[147.0318,-36.1105],[147.0325,-36.1143],[147.0341,-36.1152],[147.0421,-36.1096],[147.0428,-36.1076],[147.0416,-36.1054],[147.0423,-36.1043],[147.0489,-36.1038],[147.0507,-36.108],[147.053,-36.1079],[147.0557,-36.1003],[147.0501,-36.0982],[147.0518,-36.0953],[147.0524,-36.0903],[147.0593,-36.0895],[147.0596,-36.0883],[147.0578,-36.0855],[147.063,-36.0825],[147.063,-36.0803],[147.0605,-36.0771],[147.0595,-36.074],[147.0618,-36.0662],[147.0639,-36.0656],[147.0649,-36.0688],[147.0668,-36.0686],[147.0676,-36.0672],[147.0666,-36.0634],[147.0688,-36.0604],[147.0716,-36.0635],[147.0745,-36.0641],[147.0759,-36.0609],[147.0786,-36.0595],[147.0793,-36.0566],[147.0854,-36.0559],[147.0842,-36.055],[147.0809,-36.055],[147.0805,-36.0538],[147.0851,-36.0525],[147.0882,-36.0532],[147.0904,-36.0492],[147.0916,-36.0495],[147.093,-36.0529],[147.0954,-36.0527],[147.0956,-36.0498],[147.0918,-36.0468],[147.0916,-36.0439],[147.0937,-36.0437],[147.0944,-36.047],[147.097,-36.0468],[147.0992,-36.0426],[147.0988,-36.0415],[147.0966,-36.0405],[147.0964,-36.0386],[147.0998,-36.0389],[147.1002,-36.0359],[147.1033,-36.0342],[147.1037,-36.0329],[147.0981,-36.0314],[147.0928,-36.0288],[147.0921,-36.0277],[147.0936,-36.0263],[147.097,-36.0284],[147.0991,-36.0262],[147.0993,-36.0242],[147.0966,-36.0219],[147.0983,-36.019],[147.0973,-36.0168],[147.0977,-36.0158],[147.1,-36.0157],[147.101,-36.02],[147.1043,-36.0191],[147.1064,-36.0165],[147.1063,-36.0132],[147.1055,-36.0118],[147.0986,-36.0124],[147.0981,-36.0102],[147.1052,-36.0107],[147.1074,-36.0126],[147.1092,-36.0125],[147.1106,-36.0096],[147.1097,-36.0086],[147.1064,-36.0079],[147.1068,-36.0048],[147.1126,-36.0082],[147.1163,-36.0076],[147.1167,-36.0066],[147.1156,-36.0037],[147.1119,-36.0009],[147.1167,-35.9985],[147.1191,-36.0004],[147.1208,-36.0003],[147.1219,-35.9986],[147.1221,-35.9957],[147.1234,-35.9945],[147.125,-35.9947],[147.1249,-35.9956],[147.1231,-35.9973],[147.1256,-36.0001],[147.1229,-36.0037],[147.1272,-36.0055],[147.1251,-36.0084],[147.1284,-36.0117],[147.1274,-36.0133],[147.1283,-36.0153],[147.1274,-36.018],[147.1308,-36.02],[147.1313,-36.0244],[147.137,-36.0285],[147.1414,-36.0287],[147.1447,-36.0313],[147.1447,-36.0326],[147.1428,-36.0358],[147.1444,-36.0378],[147.1467,-36.0369],[147.1493,-36.032],[147.1553,-36.036],[147.1591,-36.0336],[147.1612,-36.0312],[147.1645,-36.0308],[147.1668,-36.0315],[147.1689,-36.0332],[147.1808,-36.0374],[147.1845,-36.0385],[147.1877,-36.0383],[147.187,-36.0411],[147.1876,-36.0423],[147.1933,-36.0449],[147.1955,-36.0439],[147.2035,-36.0495],[147.2063,-36.0501],[147.2149,-36.0467],[147.2209,-36.0486],[147.2248,-36.0485],[147.232,-36.0424],[147.2389,-36.0433],[147.2424,-36.0385],[147.2518,-36.0416],[147.2636,-36.0393],[147.2668,-36.0394],[147.28,-36.0433],[147.2827,-36.0401],[147.2852,-36.0394],[147.2874,-36.0435],[147.2907,-36.0428],[147.2965,-36.0447],[147.2977,-36.0467],[147.3,-36.045],[147.3015,-36.0477],[147.3048,-36.0474],[147.3049,-36.0483],[147.3024,-36.049],[147.3023,-36.05],[147.3035,-36.052],[147.3068,-36.0539],[147.3067,-36.0572],[147.3106,-36.061],[147.313,-36.0612],[147.3155,-36.0588],[147.3144,-36.0563],[147.3111,-36.0545],[147.313,-36.0528],[147.3181,-36.0549],[147.3179,-36.0601],[147.3188,-36.061],[147.3199,-36.061],[147.3217,-36.0582],[147.3244,-36.0574],[147.3294,-36.0542],[147.3323,-36.047],[147.3414,-36.0438],[147.3438,-36.0422],[147.3471,-36.0368],[147.3528,-36.0317],[147.3518,-36.0287],[147.3489,-36.0274],[147.3462,-36.0245],[147.3457,-36.0188],[147.3489,-36.0129],[147.3521,-36.0108],[147.3553,-36.0098],[147.3555,-36.0043],[147.3532,-36.0008],[147.3576,-35.9942],[147.3582,-35.9913],[147.3619,-35.9883],[147.3664,-35.9865],[147.3671,-35.9852],[147.3709,-35.9824],[147.3749,-35.9823],[147.3747,-35.9807],[147.3739,-35.9812],[147.3743,-35.9797],[147.372,-35.9807],[147.3759,-35.9784],[147.3765,-35.9767],[147.3739,-35.9779],[147.3837,-35.9724],[147.3912,-35.9739],[147.3923,-35.9735],[147.3926,-35.9729],[147.3915,-35.9719],[147.3927,-35.9719],[147.3923,-35.9704],[147.3931,-35.9702],[147.3889,-35.9663],[147.3882,-35.9635],[147.393,-35.9623],[147.3942,-35.9605],[147.3927,-35.959],[147.3882,-35.9599],[147.3871,-35.959],[147.3889,-35.9567],[147.3915,-35.9563],[147.3926,-35.955],[147.3924,-35.9531],[147.3905,-35.9511],[147.3903,-35.9493],[147.3915,-35.9491],[147.3918,-35.9476],[147.3937,-35.9491],[147.3954,-35.9491],[147.3967,-35.9473],[147.4046,-35.9435],[147.4068,-35.9451],[147.4071,-35.9471],[147.4084,-35.9482],[147.4118,-35.9482],[147.4152,-35.947],[147.4178,-35.9487],[147.422,-35.9488],[147.431,-35.953],[147.4352,-35.953],[147.4397,-35.956],[147.4431,-35.9556],[147.445,-35.9586],[147.4507,-35.9608],[147.4537,-35.9602],[147.4562,-35.9578],[147.4544,-35.9516],[147.4579,-35.9491],[147.4591,-35.9469],[147.4641,-35.9441],[147.4712,-35.9433],[147.4777,-35.9442],[147.4763,-35.9434],[147.4788,-35.9427],[147.4798,-35.9455],[147.4813,-35.947],[147.4816,-35.9492],[147.484,-35.9484],[147.4885,-35.9487],[147.4916,-35.9439],[147.4941,-35.9435],[147.4986,-35.9466],[147.5009,-35.9505],[147.5052,-35.9526],[147.5073,-35.9553],[147.5074,-35.958],[147.5118,-35.9623],[147.5162,-35.9588],[147.5227,-35.961],[147.5255,-35.9632],[147.5257,-35.965],[147.5211,-35.9676],[147.5197,-35.971],[147.5152,-35.976],[147.5158,-35.9772],[147.5202,-35.9798],[147.5198,-35.9832],[147.5211,-35.9864],[147.5222,-35.9871],[147.5259,-35.9862],[147.5284,-35.987],[147.5306,-35.9896],[147.5376,-35.994],[147.542,-35.9962],[147.5458,-35.997],[147.5487,-36.0032],[147.5519,-36.0041],[147.5565,-36.0025],[147.566,-35.9949],[147.5685,-35.9918],[147.5796,-35.9885],[147.5837,-35.9859],[147.584,-35.9846],[147.5829,-35.9799],[147.5814,-35.978],[147.5688,-35.9779],[147.5654,-35.9786],[147.5622,-35.9741],[147.5589,-35.9725],[147.554,-35.9758],[147.5477,-35.9786],[147.5476,-35.9746],[147.5512,-35.9722],[147.5518,-35.971],[147.5485,-35.9688],[147.5491,-35.9645],[147.5537,-35.9672],[147.5606,-35.9688],[147.5614,-35.9688],[147.5656,-35.9649],[147.5674,-35.9648],[147.5668,-35.9663],[147.5639,-35.9682],[147.5642,-35.9694],[147.5664,-35.9699],[147.5703,-35.969],[147.5729,-35.9693],[147.5736,-35.9702],[147.5726,-35.9726],[147.5749,-35.9752],[147.5787,-35.9742],[147.5795,-35.9723],[147.5787,-35.9699],[147.5809,-35.968],[147.5823,-35.9678],[147.5878,-35.9697],[147.5942,-35.9698],[147.5977,-35.9725],[147.5968,-35.9765],[147.6014,-35.9791],[147.6147,-35.9718],[147.6205,-35.9676],[147.6236,-35.967],[147.6259,-35.9651],[147.6312,-35.9644],[147.6335,-35.9628],[147.6378,-35.9621],[147.6395,-35.9599],[147.6394,-35.958],[147.6419,-35.9534],[147.6424,-35.9497],[147.6468,-35.946],[147.6544,-35.9441],[147.6609,-35.9432],[147.6646,-35.9437],[147.6723,-35.9425],[147.6748,-35.9446],[147.68,-35.9444],[147.6868,-35.9386],[147.6935,-35.9364],[147.704,-35.93],[147.7084,-35.9285],[147.7113,-35.93],[147.7141,-35.9353],[147.7178,-35.9386],[147.718,-35.9398],[147.7169,-35.9429],[147.7187,-35.9455],[147.7215,-35.9469],[147.7286,-35.9475],[147.7413,-35.9565],[147.7495,-35.9575],[147.7569,-35.9548],[147.7597,-35.9556],[147.7634,-35.9588],[147.7733,-35.9589],[147.7734,-35.9601],[147.768,-35.9612],[147.7667,-35.9626],[147.7668,-35.9642],[147.7684,-35.9654],[147.773,-35.9649],[147.7768,-35.9686],[147.779,-35.968],[147.7803,-35.9659],[147.784,-35.9658],[147.7882,-35.9672],[147.7913,-35.9663],[147.7932,-35.9645],[147.7964,-35.9638],[147.8021,-35.9652],[147.8062,-35.9651],[147.8112,-35.9673],[147.8135,-35.9716],[147.8158,-35.9718],[147.8159,-35.9728],[147.8132,-35.976],[147.8141,-35.9778],[147.8175,-35.9797],[147.8208,-35.9795],[147.8216,-35.9787],[147.8252,-35.9804],[147.8262,-35.9801],[147.8257,-35.9796],[147.8263,-35.9793],[147.8321,-35.9801],[147.8338,-35.9793],[147.8405,-35.9843],[147.8411,-35.984],[147.8413,-35.9801],[147.842,-35.9802],[147.8436,-35.9828],[147.8461,-35.9816],[147.8509,-35.9816],[147.852,-35.9825],[147.8514,-35.9832],[147.8475,-35.9841],[147.8491,-35.986],[147.8485,-35.9884],[147.8496,-35.9897],[147.8571,-35.9889],[147.8588,-35.9873],[147.8602,-35.9872],[147.8614,-35.9882],[147.8609,-35.9915],[147.862,-35.9923],[147.8638,-35.9921],[147.8645,-35.9915],[147.8636,-35.9914],[147.8642,-35.9904],[147.8664,-35.9897],[147.8681,-35.9904],[147.8683,-35.9923],[147.8701,-35.9936],[147.8731,-35.991],[147.8795,-35.9956],[147.8821,-35.9966],[147.8814,-35.9994],[147.8829,-36.0018],[147.8862,-36.0008],[147.8847,-35.999],[147.8851,-35.9983],[147.8887,-35.9977],[147.8936,-35.9983],[147.8975,-35.9999],[147.8989,-35.9984],[147.8992,-35.9955],[147.898,-35.9944],[147.8958,-35.994],[147.8957,-35.993],[147.9018,-35.9925],[147.9064,-35.9959],[147.9123,-35.9952],[147.914,-35.998],[147.9091,-36.0003],[147.9085,-36.0015],[147.9115,-36.0029],[147.9141,-36.0016],[147.9151,-36.0038],[147.9165,-36.0048],[147.914,-36.0091],[147.9171,-36.0112],[147.915,-36.0135],[147.9128,-36.0181],[147.9161,-36.0193],[147.9162,-36.02],[147.9133,-36.02],[147.9105,-36.0213],[147.9108,-36.0222],[147.9151,-36.0231],[147.9142,-36.0245],[147.9117,-36.0254],[147.9115,-36.0266],[147.9153,-36.0284],[147.9178,-36.0276],[147.9241,-36.0291],[147.9271,-36.031],[147.9289,-36.034],[147.9316,-36.0353],[147.931,-36.0364],[147.9277,-36.0352],[147.9238,-36.0357],[147.9236,-36.0366],[147.9246,-36.0375],[147.9281,-36.0378],[147.9246,-36.0392],[147.9235,-36.0406],[147.924,-36.0425],[147.9303,-36.0442],[147.9343,-36.0476],[147.9376,-36.0461],[147.9371,-36.0436],[147.9377,-36.0424],[147.9407,-36.0438],[147.9432,-36.0439],[147.9442,-36.0463],[147.9457,-36.0466],[147.9468,-36.0458],[147.9493,-36.0461],[147.9499,-36.0436],[147.953,-36.044],[147.9551,-36.0419],[147.959,-36.041],[147.9599,-36.0423],[147.9567,-36.0428],[147.9564,-36.044],[147.9591,-36.044],[147.9607,-36.0458],[147.965,-36.0469],[147.9667,-36.0459],[147.9661,-36.0434],[147.9712,-36.0431],[147.9743,-36.0385],[147.9731,-36.0408],[147.9744,-36.0428],[147.9732,-36.0463],[147.975,-36.047],[147.9794,-36.0464],[147.9804,-36.0414],[147.9818,-36.0403],[147.9824,-36.0413],[147.981,-36.0428],[147.9817,-36.0447],[147.9832,-36.0444],[147.9842,-36.0429],[147.9881,-36.0434],[147.9873,-36.0443],[147.9846,-36.0436],[147.984,-36.0448],[147.9847,-36.0461],[147.9871,-36.0464],[147.9857,-36.0495],[147.9865,-36.0517],[147.9886,-36.0522],[147.9881,-36.0494],[147.9892,-36.0492],[147.9899,-36.0514],[147.9913,-36.0526],[147.9924,-36.0519],[147.9915,-36.0496],[147.9921,-36.0487],[147.9958,-36.0482],[147.9979,-36.0458],[147.9997,-36.0462],[147.9974,-36.048],[147.9967,-36.0507],[147.9978,-36.053],[147.9971,-36.0564],[147.9992,-36.0585],[147.9965,-36.0599],[147.9974,-36.0614],[147.9962,-36.0628],[147.996,-36.0615],[147.9947,-36.0611],[147.9944,-36.0628],[147.9913,-36.0641],[147.9924,-36.065],[147.9946,-36.0642],[147.9945,-36.0656],[147.9906,-36.0664],[147.9895,-36.0685],[147.9895,-36.0704],[147.992,-36.07],[147.9903,-36.0728],[147.9923,-36.0746],[147.9913,-36.0756],[147.9886,-36.0755],[147.9887,-36.0785],[147.9871,-36.0796],[147.9824,-36.0779],[147.9815,-36.0801],[147.9824,-36.0821],[147.983,-36.0818],[147.9842,-36.0831],[147.9833,-36.0849],[147.9802,-36.0865],[147.9808,-36.0885],[147.9821,-36.0884],[147.985,-36.0909],[147.9891,-36.0901],[147.9869,-36.0915],[147.9867,-36.0926],[147.9874,-36.0931],[147.9908,-36.0933],[147.9929,-36.0923],[147.9938,-36.0927],[147.9939,-36.0934],[147.9914,-36.0946],[147.9911,-36.0956],[147.9928,-36.0973],[147.9937,-36.0964],[147.9934,-36.0949],[147.9955,-36.0957],[147.996,-36.0977],[147.9942,-36.099],[147.994,-36.1004],[147.9962,-36.1002],[147.9977,-36.0985],[147.9992,-36.0987],[147.9969,-36.1005],[147.9958,-36.1026],[147.9977,-36.1047],[147.9941,-36.105],[147.994,-36.1062],[147.9959,-36.1072],[147.9957,-36.1088],[147.9925,-36.1095],[147.9911,-36.1113],[147.9929,-36.1115],[147.9948,-36.1105],[147.9957,-36.1107],[147.9963,-36.1126],[147.9933,-36.112],[147.9923,-36.1149],[147.9938,-36.116],[147.998,-36.115],[147.9982,-36.1159],[147.9968,-36.1167],[147.9931,-36.1166],[147.9931,-36.1173],[147.9954,-36.1187],[147.9914,-36.1202],[147.9907,-36.1213],[147.9918,-36.1228],[147.995,-36.123],[147.9975,-36.1248],[148.0003,-36.124],[148.0008,-36.1252],[147.9994,-36.1284],[148.0032,-36.1314],[148.0032,-36.1333],[148.002,-36.1354],[148.0042,-36.1399],[148.0053,-36.1406],[148.009,-36.1404],[148.0091,-36.139],[148.0082,-36.1378],[148.01,-36.1359],[148.0108,-36.1369],[148.0106,-36.1393],[148.014,-36.1374],[148.016,-36.1391],[148.0185,-36.1392],[148.0188,-36.1406],[148.0203,-36.1416],[148.0221,-36.1416],[148.0233,-36.1399],[148.0258,-36.1399],[148.0282,-36.1411],[148.0278,-36.1432],[148.0289,-36.1442],[148.0303,-36.144],[148.0315,-36.1426],[148.0308,-36.1415],[148.0283,-36.1409],[148.0288,-36.1401],[148.0315,-36.1412],[148.0329,-36.1429],[148.0346,-36.1412],[148.0377,-36.1408],[148.0374,-36.1427],[148.035,-36.1444],[148.0356,-36.1466],[148.034,-36.1487],[148.0358,-36.1504],[148.0352,-36.1525],[148.0342,-36.1525],[148.0328,-36.1501],[148.0315,-36.1495],[148.0309,-36.1501],[148.0314,-36.1518],[148.029,-36.1534],[148.029,-36.1554],[148.0256,-36.1546],[148.0246,-36.153],[148.0229,-36.1535],[148.0244,-36.1564],[148.0247,-36.1591],[148.0271,-36.1617],[148.0311,-36.1613],[148.0342,-36.1621],[148.0348,-36.163],[148.0337,-36.1648],[148.0304,-36.1649],[148.0291,-36.1687],[148.0252,-36.1684],[148.0237,-36.1708],[148.0264,-36.1735],[148.0262,-36.1759],[148.0249,-36.1756],[148.0234,-36.1739],[148.0218,-36.1765],[148.0231,-36.1796],[148.022,-36.1814],[148.0244,-36.1828],[148.0242,-36.1847],[148.0256,-36.1856],[148.0244,-36.1879],[148.0252,-36.1885],[148.0267,-36.1871],[148.0275,-36.1883],[148.0292,-36.188],[148.03,-36.1887],[148.0299,-36.1908],[148.0322,-36.1919],[148.0322,-36.1934],[148.035,-36.1927],[148.0366,-36.1947],[148.035,-36.1958],[148.0363,-36.1978],[148.039,-36.1978],[148.0383,-36.2021],[148.0397,-36.2035],[148.0406,-36.207],[148.0399,-36.2086],[148.037,-36.2094],[148.0388,-36.2131],[148.0362,-36.215],[148.0373,-36.2172],[148.0333,-36.2159],[148.033,-36.2179],[148.0316,-36.2189],[148.0301,-36.2227],[148.0289,-36.2229],[148.0275,-36.2217],[148.0261,-36.223],[148.0268,-36.2259],[148.029,-36.2266],[148.0299,-36.2284],[148.0316,-36.229],[148.032,-36.2328],[148.0344,-36.2332],[148.0349,-36.2341],[148.034,-36.2377],[148.0353,-36.2407],[148.0331,-36.241],[148.0295,-36.2434],[148.0289,-36.2446],[148.03,-36.2456],[148.0288,-36.247],[148.0308,-36.2494],[148.0328,-36.2494],[148.0344,-36.2507],[148.0361,-36.2531],[148.0344,-36.2555],[148.0363,-36.2564],[148.0387,-36.2592],[148.0388,-36.2621],[148.0363,-36.2631],[148.036,-36.2646],[148.0328,-36.2659],[148.034,-36.2666],[148.033,-36.2691],[148.0352,-36.2727],[148.0329,-36.2753],[148.035,-36.2789],[148.0377,-36.2804],[148.0351,-36.2806],[148.0338,-36.2822],[148.0359,-36.2848],[148.0401,-36.2842],[148.0385,-36.2866],[148.0398,-36.2879],[148.0383,-36.2896],[148.04,-36.2915],[148.04,-36.2927],[148.039,-36.2929],[148.0359,-36.2916],[148.0352,-36.2923],[148.0394,-36.2989],[148.0405,-36.2994],[148.0424,-36.2985],[148.0439,-36.2995],[148.0423,-36.2994],[148.0412,-36.3005],[148.0425,-36.3044],[148.0407,-36.3061],[148.0381,-36.3052],[148.035,-36.3106],[148.0385,-36.3146],[148.0433,-36.3133],[148.0465,-36.3152],[148.0475,-36.3171],[148.0471,-36.3185],[148.0503,-36.319],[148.0549,-36.3167],[148.0581,-36.3185],[148.0589,-36.32],[148.058,-36.3224],[148.0532,-36.3232],[148.0512,-36.3246],[148.0515,-36.3288],[148.0549,-36.3323],[148.0556,-36.3344],[148.0526,-36.3363],[148.0524,-36.3384],[148.0541,-36.34],[148.0538,-36.3413],[148.0507,-36.3421],[148.0491,-36.3455],[148.0478,-36.3463],[148.0482,-36.3491],[148.0466,-36.3498],[148.0453,-36.3517],[148.0479,-36.353],[148.049,-36.3556],[148.0447,-36.3538],[148.0421,-36.3572],[148.0423,-36.3604],[148.0378,-36.3662],[148.0383,-36.3677],[148.0422,-36.3673],[148.0447,-36.3657],[148.046,-36.367],[148.0433,-36.3677],[148.043,-36.3694],[148.0403,-36.3717],[148.0437,-36.3748],[148.0382,-36.3785],[148.045,-36.3811],[148.0454,-36.3824],[148.0383,-36.3877],[148.0376,-36.3902],[148.0386,-36.3912],[148.0426,-36.3921],[148.0464,-36.3906],[148.047,-36.3962],[148.0497,-36.3989],[148.0538,-36.3989],[148.0582,-36.4008],[148.0584,-36.4031],[148.0575,-36.4051],[148.0585,-36.4067],[148.0546,-36.4087],[148.0599,-36.4155],[148.0674,-36.4169],[148.0699,-36.4167],[148.0718,-36.418],[148.0763,-36.418],[148.0803,-36.4221],[148.0791,-36.4241],[148.0794,-36.4252],[148.0815,-36.4264],[148.083,-36.4308],[148.0868,-36.432],[148.0878,-36.435],[148.0883,-36.4376],[148.0868,-36.4386],[148.0864,-36.44],[148.0877,-36.4421],[148.0867,-36.445],[148.0879,-36.4482],[148.0876,-36.4519],[148.0995,-36.4556],[148.1017,-36.4571],[148.1063,-36.4563],[148.1113,-36.4572],[148.1155,-36.4591],[148.1179,-36.4611],[148.1214,-36.4613],[148.1223,-36.4626],[148.1236,-36.4628],[148.1237,-36.4642],[148.1247,-36.4647],[148.1224,-36.471],[148.124,-36.4727],[148.1234,-36.4748],[148.1251,-36.4773],[148.1249,-36.4792],[148.1237,-36.4806],[148.1191,-36.4819],[148.1261,-36.4843],[148.1262,-36.4857],[148.1237,-36.4895],[148.12,-36.4913],[148.1195,-36.4935],[148.1176,-36.4955],[148.1249,-36.4987],[148.126,-36.4995],[148.1259,-36.5014],[148.1284,-36.5026],[148.1282,-36.5085],[148.13,-36.5132],[148.1322,-36.5168],[148.1398,-36.5254],[148.1365,-36.5307],[148.1369,-36.5328],[148.135,-36.5343],[148.1337,-36.5343],[148.1333,-36.5366],[148.134,-36.5391],[148.1287,-36.5416],[148.1293,-36.5459],[148.1262,-36.5481],[148.1243,-36.5506],[148.131,-36.5589],[148.1317,-36.5618],[148.1334,-36.563],[148.1328,-36.5654],[148.1334,-36.5669],[148.1357,-36.5674],[148.1375,-36.5656],[148.1415,-36.5653],[148.147,-36.5633],[148.1493,-36.5616],[148.1491,-36.5589],[148.1505,-36.5583],[148.1519,-36.5611],[148.1588,-36.5656],[148.1566,-36.5716],[148.1626,-36.5728],[148.1625,-36.5749],[148.1602,-36.5791],[148.1607,-36.5798],[148.1651,-36.5782],[148.166,-36.5767],[148.1654,-36.5754],[148.1659,-36.5744],[148.1694,-36.5737],[148.1703,-36.5743],[148.1713,-36.5781],[148.1732,-36.5784],[148.1761,-36.5775],[148.1792,-36.58],[148.1818,-36.5788],[148.1858,-36.5785],[148.1901,-36.5766],[148.1912,-36.5779],[148.1896,-36.581],[148.1903,-36.5849],[148.1948,-36.5861],[148.197,-36.5856],[148.2018,-36.5881],[148.2035,-36.5864],[148.206,-36.5869],[148.2051,-36.5884],[148.2036,-36.5888],[148.2048,-36.5926],[148.2068,-36.5938],[148.2093,-36.5927],[148.2106,-36.593],[148.2116,-36.5937],[148.2114,-36.5953],[148.2176,-36.5982],[148.2165,-36.5996],[148.2127,-36.6008],[148.2131,-36.6019],[148.2156,-36.6034],[148.2159,-36.6045],[148.2114,-36.6064],[148.2098,-36.6104],[148.2081,-36.611],[148.2083,-36.6086],[148.2069,-36.6083],[148.2036,-36.61],[148.2028,-36.6119],[148.2043,-36.6127],[148.2101,-36.6127],[148.2142,-36.6105],[148.2135,-36.615],[148.2164,-36.6166],[148.2142,-36.62],[148.2158,-36.6202],[148.2186,-36.6186],[148.2195,-36.6196],[148.2197,-36.6235],[148.2207,-36.6258],[148.2185,-36.6281],[148.2165,-36.6285],[148.2151,-36.6345],[148.2129,-36.6326],[148.2119,-36.633],[148.2134,-36.6373],[148.2155,-36.6382],[148.2162,-36.6395],[148.2122,-36.6398],[148.2116,-36.6432],[148.2097,-36.645],[148.2097,-36.6469],[148.2116,-36.6479],[148.2112,-36.6505],[148.2084,-36.6511],[148.2065,-36.6537],[148.2031,-36.6537],[148.2039,-36.6565],[148.2008,-36.6585],[148.2004,-36.6596],[148.2035,-36.6623],[148.1976,-36.6648],[148.1962,-36.6678],[148.1972,-36.6695],[148.1993,-36.6704],[148.1993,-36.6722],[148.1985,-36.673],[148.1957,-36.6728],[148.1902,-36.675],[148.1893,-36.6762],[148.1895,-36.679],[148.1854,-36.6831],[148.184,-36.6832],[148.185,-36.6854],[148.1876,-36.6861],[148.1857,-36.688],[148.1891,-36.6881],[148.1855,-36.6906],[148.1849,-36.6924],[148.183,-36.6929],[148.1826,-36.6919],[148.182,-36.6921],[148.1809,-36.6972],[148.1731,-36.7026],[148.1718,-36.7103],[148.1702,-36.7128],[148.1681,-36.7141],[148.1657,-36.7113],[148.1626,-36.7115],[148.1619,-36.7121],[148.1618,-36.7155],[148.1585,-36.717],[148.1546,-36.7202],[148.1491,-36.7197],[148.1484,-36.722],[148.1448,-36.7244],[148.1435,-36.7261],[148.1433,-36.7281],[148.1406,-36.7298],[148.1391,-36.7322],[148.1361,-36.7328],[148.1343,-36.7318],[148.1307,-36.7347],[148.1309,-36.7356],[148.1367,-36.7384],[148.1348,-36.7435],[148.1319,-36.7449],[148.1332,-36.747],[148.1327,-36.7508],[148.1315,-36.7514],[148.1299,-36.7503],[148.1286,-36.7504],[148.1277,-36.7511],[148.1289,-36.7519],[148.1285,-36.7527],[148.126,-36.7533],[148.1257,-36.7542],[148.123,-36.7547],[148.1205,-36.7563],[148.1194,-36.7586],[148.1202,-36.7594],[148.1261,-36.7594],[148.1221,-36.7622],[148.1216,-36.7647],[148.1196,-36.7656],[148.1161,-36.7657],[148.1129,-36.7681],[148.1111,-36.7714],[148.1108,-36.774],[148.1085,-36.7754],[148.1089,-36.7768],[148.1047,-36.7805],[148.1055,-36.7848],[148.1037,-36.788],[148.1016,-36.7889],[148.0986,-36.7868],[148.098,-36.7872],[148.1002,-36.7916],[148.1016,-36.79],[148.1038,-36.7912],[148.1047,-36.7898],[148.1064,-36.7938],[148.1076,-36.7943],[148.1088,-36.797],[148.1105,-36.7983],[148.108,-36.7988],[148.1089,-36.8009],[148.1129,-36.8002],[148.1143,-36.8028],[148.1156,-36.8022],[148.1177,-36.8036],[148.118,-36.8049],[148.1202,-36.8061],[148.1207,-36.8049],[148.122,-36.8043],[148.1211,-36.8037],[148.1226,-36.8021],[148.1225,-36.8011],[148.1263,-36.8014],[148.1268,-36.7965],[148.1297,-36.7957],[148.1318,-36.7967],[148.1351,-36.7971],[148.1357,-36.7965],[148.134,-36.7951],[148.1365,-36.7958],[148.1368,-36.7945],[148.1376,-36.7952],[148.141,-36.7947],[148.1419,-36.7953],[148.1434,-36.795],[148.1441,-36.7958],[148.1464,-36.7954],[148.149,-36.7942],[148.1487,-36.792],[148.1499,-36.7917],[148.1517,-36.7931],[148.1526,-36.7915],[148.1567,-36.79],[148.1577,-36.7902],[148.157,-36.7915],[148.1585,-36.7932],[148.1605,-36.793],[148.1614,-36.7922],[148.1638,-36.7924],[148.1631,-36.794],[148.1639,-36.7948],[148.1682,-36.7925],[148.1761,-36.7967],[148.1796,-36.7963],[148.1825,-36.8049],[148.1867,-36.8041],[148.1897,-36.8016],[148.1917,-36.7984],[148.1949,-36.7963],[148.4249,-36.8901],[148.7984,-37.0409],[149.1345,-37.1752],[149.5921,-37.3557],[149.9768,-37.5051],[149.9782,-37.5021],[149.9763,-37.5011],[149.974,-37.4983],[149.9749,-37.4947],[149.9765,-37.4947],[149.9773,-37.4933],[149.9744,-37.4884],[149.9758,-37.4877],[149.9746,-37.4857],[149.9755,-37.4843],[149.9738,-37.4826],[149.9754,-37.4817],[149.9753,-37.4783],[149.9759,-37.4783],[149.9768,-37.474],[149.9763,-37.4713],[149.9729,-37.4688],[149.9725,-37.4652],[149.9738,-37.4594],[149.9761,-37.4586],[149.977,-37.4569],[149.9767,-37.4554],[149.9748,-37.4546],[149.9756,-37.4544],[149.9745,-37.4528],[149.9752,-37.4521],[149.9746,-37.4515],[149.975,-37.4507],[149.9742,-37.4504],[149.975,-37.4495],[149.9736,-37.4478],[149.9754,-37.4454],[149.9744,-37.4445],[149.9731,-37.4447],[149.9721,-37.4432],[149.9738,-37.4413],[149.972,-37.4407],[149.9696,-37.4419],[149.967,-37.4399],[149.9661,-37.4381],[149.9675,-37.4366],[149.9671,-37.4355],[149.9624,-37.433],[149.9639,-37.433],[149.9632,-37.4322],[149.9637,-37.4309],[149.9609,-37.4285],[149.9614,-37.4266],[149.9585,-37.4258],[149.9582,-37.4245],[149.9566,-37.4235],[149.956,-37.4202],[149.9568,-37.4188],[149.9565,-37.4161],[149.9557,-37.4155],[149.9561,-37.4147],[149.9546,-37.4137],[149.9552,-37.4119],[149.9539,-37.4096],[149.9539,-37.4067],[149.9556,-37.4046],[149.9545,-37.4026],[149.9557,-37.4015],[149.9552,-37.3983],[149.9543,-37.3971],[149.9549,-37.3965],[149.9537,-37.3946],[149.9544,-37.3917],[149.9539,-37.39],[149.9551,-37.3894],[149.9552,-37.3876],[149.954,-37.3867],[149.9549,-37.3858],[149.9535,-37.3834],[149.9532,-37.3806],[149.9512,-37.3775],[149.9518,-37.3763],[149.9498,-37.3747],[149.9512,-37.3661],[149.9571,-37.3512],[149.9633,-37.3405],[149.9653,-37.3381],[149.9667,-37.338],[149.969,-37.3362],[149.9698,-37.3344],[149.9686,-37.3313],[149.9692,-37.3296],[149.9722,-37.3285],[149.9714,-37.3267],[149.972,-37.3257],[149.9708,-37.3241],[149.9712,-37.3231],[149.9701,-37.3214],[149.9703,-37.3205],[149.9681,-37.3177],[149.9675,-37.3161],[149.9683,-37.3154],[149.9668,-37.3128],[149.9689,-37.3129],[149.9693,-37.3122],[149.9683,-37.3108],[149.9697,-37.3097],[149.9675,-37.3091],[149.9635,-37.3042],[149.9614,-37.3031],[149.9607,-37.3012],[149.9576,-37.2987],[149.9555,-37.2982],[149.9526,-37.2958],[149.952,-37.2966],[149.9508,-37.2956],[149.9502,-37.2945],[149.9519,-37.2918],[149.9512,-37.2887],[149.9429,-37.2825],[149.944,-37.2777],[149.9453,-37.2744],[149.9524,-37.2636],[149.9628,-37.2536],[149.9655,-37.2518],[149.9666,-37.2521],[149.967,-37.2507],[149.966,-37.2498],[149.9774,-37.2431],[149.9869,-37.2399],[149.9909,-37.2403],[149.9935,-37.2451],[149.9985,-37.2458],[149.9996,-37.2473],[150.0015,-37.247],[150.0026,-37.2486],[150.0031,-37.2473],[150.005,-37.2477],[150.0056,-37.2492],[150.0072,-37.25],[150.008,-37.2494],[150.0101,-37.2499],[150.0102,-37.2525],[150.0131,-37.2555],[150.0143,-37.2545],[150.0161,-37.2545],[150.0185,-37.2558],[150.0207,-37.2557],[150.0209,-37.2564],[150.0249,-37.2575],[150.0253,-37.2584],[150.0262,-37.2576],[150.027,-37.2591],[150.0293,-37.2587],[150.0304,-37.256],[150.0321,-37.2573],[150.0331,-37.2569],[150.0339,-37.2576],[150.035,-37.2569],[150.0385,-37.2586],[150.0387,-37.2579],[150.0402,-37.2592],[150.0411,-37.2582],[150.0448,-37.2589],[150.0449,-37.2599],[150.0464,-37.2603],[150.0487,-37.2631],[150.0513,-37.263],[150.0519,-37.2623],[150.0506,-37.2614],[150.0504,-37.2594],[150.0494,-37.2597],[150.0494,-37.2582],[150.0479,-37.2561],[150.0468,-37.2555],[150.0467,-37.2541],[150.0448,-37.2536],[150.0444,-37.2519],[150.0427,-37.252],[150.0417,-37.2491],[150.041,-37.2489],[150.0417,-37.248],[150.0376,-37.246],[150.0365,-37.243],[150.0356,-37.2438],[150.036,-37.2415],[150.0352,-37.2412],[150.0358,-37.2401],[150.0351,-37.2391],[150.0309,-37.2379],[150.0326,-37.2349],[150.031,-37.2339],[150.0307,-37.2306],[150.0296,-37.2304],[150.0308,-37.2282],[150.0294,-37.2268],[150.0295,-37.2257],[150.0282,-37.2249],[150.0278,-37.2225],[150.0255,-37.2201],[150.0213,-37.2189],[150.0193,-37.215],[150.0153,-37.216],[150.0126,-37.213],[150.0124,-37.2117],[150.0109,-37.2118],[150.0131,-37.2113],[150.0132,-37.2124],[150.0152,-37.2143],[150.0177,-37.2139],[150.0191,-37.2123],[150.023,-37.2133],[150.0235,-37.212],[150.0215,-37.2087],[150.0226,-37.2068],[150.0204,-37.2052],[150.0215,-37.2042],[150.0209,-37.2025],[150.0197,-37.2026],[150.0194,-37.2014],[150.0156,-37.2011],[150.0158,-37.1991],[150.0171,-37.199],[150.0196,-37.1971],[150.0177,-37.1909],[150.0191,-37.1912],[150.0201,-37.1903],[150.0209,-37.1854],[150.0196,-37.1839],[150.0165,-37.1828],[150.0156,-37.1812],[150.0148,-37.1821],[150.0139,-37.1809],[150.012,-37.1805],[150.0121,-37.1784],[150.0127,-37.178],[150.0121,-37.1773],[150.0129,-37.1765],[150.0118,-37.1765],[150.0107,-37.1741],[150.0098,-37.1738],[150.0101,-37.1715],[150.0093,-37.172],[150.0092,-37.1709],[150.005,-37.1706],[150.003,-37.1685],[150.0034,-37.1662],[150.0027,-37.1639],[150.0049,-37.1635],[150.0055,-37.1614],[150.0079,-37.162],[150.009,-37.1614],[150.0088,-37.162],[150.0096,-37.1613],[150.0071,-37.1565],[150.0071,-37.1534],[150.0059,-37.151],[150.0075,-37.1505],[150.0072,-37.1489],[150.0063,-37.1468],[150.0046,-37.1464],[150.0049,-37.1413],[150.003,-37.142],[149.9991,-37.1415],[149.9967,-37.1393],[149.9934,-37.1387],[149.9937,-37.1379],[149.993,-37.1376],[149.9941,-37.1372],[149.9933,-37.1366],[149.9928,-37.1375],[149.9923,-37.1363],[149.9924,-37.1392],[149.9914,-37.1397],[149.9899,-37.139],[149.9882,-37.1414],[149.9876,-37.1411],[149.9873,-37.1386],[149.9859,-37.1386],[149.9838,-37.1368],[149.9803,-37.1301],[149.9769,-37.131],[149.9763,-37.1274],[149.9751,-37.1267],[149.9708,-37.1276],[149.969,-37.1257],[149.9689,-37.1245],[149.9709,-37.1226],[149.9709,-37.1204],[149.9721,-37.1186],[149.9713,-37.1178],[149.9693,-37.1165],[149.9692,-37.1175],[149.9679,-37.1171],[149.9669,-37.1182],[149.9658,-37.1156],[149.9647,-37.116],[149.9644,-37.1153],[149.9635,-37.1168],[149.9619,-37.1171],[149.9618,-37.1147],[149.9612,-37.1141],[149.9599,-37.1148],[149.9588,-37.1114],[149.9542,-37.1084],[149.9523,-37.1087],[149.9526,-37.1061],[149.9541,-37.1045],[149.9532,-37.1033],[149.9539,-37.103],[149.9538,-37.1009],[149.9487,-37.1044],[149.946,-37.1035],[149.9432,-37.1054],[149.9412,-37.1038],[149.9401,-37.101],[149.9388,-37.101],[149.9383,-37.0986],[149.9335,-37.0998],[149.9326,-37.0992],[149.9304,-37.1011],[149.9298,-37.1006],[149.9282,-37.1018],[149.9262,-37.1007],[149.9267,-37.0999],[149.9253,-37.1014],[149.9261,-37.1008],[149.9281,-37.1019],[149.9282,-37.1037],[149.9298,-37.105],[149.9291,-37.1062],[149.93,-37.1071],[149.9293,-37.1084],[149.9304,-37.1092],[149.9297,-37.1101],[149.9273,-37.1114],[149.9244,-37.1118],[149.9227,-37.111],[149.9228,-37.11],[149.9219,-37.1107],[149.9195,-37.11],[149.9178,-37.1104],[149.9165,-37.1095],[149.9154,-37.1104],[149.9147,-37.1095],[149.913,-37.1102],[149.9134,-37.1117],[149.9127,-37.112],[149.9062,-37.1095],[149.9005,-37.1058],[149.8959,-37.1011],[149.8935,-37.0971],[149.886,-37.1038],[149.8793,-37.1017],[149.8743,-37.0967],[149.8723,-37.0917],[149.8737,-37.0905],[149.874,-37.0882],[149.8729,-37.0869],[149.8727,-37.0826],[149.8764,-37.0809],[149.8768,-37.0789],[149.8787,-37.0768],[149.8842,-37.0765],[149.8845,-37.0784],[149.8837,-37.0786],[149.8852,-37.0784],[149.8851,-37.0774],[149.8865,-37.0764],[149.8883,-37.0766],[149.8887,-37.0775],[149.8905,-37.0774],[149.8899,-37.076],[149.8914,-37.0722],[149.8884,-37.0697],[149.8881,-37.0668],[149.8899,-37.0641],[149.8935,-37.0638],[149.8953,-37.0617],[149.8976,-37.0608],[149.8978,-37.06],[149.895,-37.0596],[149.895,-37.0577],[149.8986,-37.0554],[149.8995,-37.052],[149.8951,-37.0513],[149.8953,-37.0505],[149.8931,-37.0502],[149.8933,-37.0493],[149.8864,-37.0484],[149.8876,-37.0425],[149.8939,-37.0433],[149.8907,-37.0381],[149.8928,-37.0378],[149.8953,-37.0385],[149.8963,-37.0376],[149.9018,-37.0373],[149.9025,-37.0385],[149.905,-37.0373],[149.9213,-37.0395],[149.9206,-37.0415],[149.9262,-37.0423],[149.9255,-37.0469],[149.9333,-37.0506],[149.9352,-37.0497],[149.9357,-37.0503],[149.936,-37.0497],[149.9373,-37.0501],[149.9381,-37.0521],[149.942,-37.0542],[149.9425,-37.056],[149.9427,-37.0555],[149.9431,-37.0563],[149.9441,-37.0557],[149.9446,-37.049],[149.9438,-37.0489],[149.9431,-37.0463],[149.9408,-37.0437],[149.9433,-37.0432],[149.9445,-37.0419],[149.9437,-37.0408],[149.9401,-37.0399],[149.9394,-37.0389],[149.9405,-37.0363],[149.9401,-37.0349],[149.9417,-37.0336],[149.9399,-37.0313],[149.9413,-37.03],[149.9401,-37.0288],[149.9407,-37.0267],[149.9431,-37.0256],[149.9439,-37.0242],[149.9432,-37.0236],[149.9444,-37.0214],[149.9432,-37.0187],[149.9459,-37.0184],[149.9472,-37.019],[149.9478,-37.0179],[149.9466,-37.0165],[149.9454,-37.0172],[149.9441,-37.0165],[149.9428,-37.0173],[149.94,-37.0167],[149.9376,-37.0131],[149.9388,-37.0117],[149.9396,-37.012],[149.938,-37.0102],[149.9378,-37.0089],[149.9345,-37.0102],[149.9308,-37.0078],[149.9275,-37.0008],[149.9267,-36.9917],[149.9268,-36.9874],[149.9278,-36.9863],[149.9271,-36.985],[149.9279,-36.9772],[149.9293,-36.9741],[149.931,-36.9651],[149.9335,-36.9593],[149.9391,-36.9509],[149.9459,-36.9493],[149.9453,-36.9487],[149.9424,-36.9494],[149.9397,-36.948],[149.9382,-36.9484],[149.9361,-36.9468],[149.933,-36.9466],[149.931,-36.9445],[149.9313,-36.9438],[149.9288,-36.9419],[149.9265,-36.9431],[149.9235,-36.9433],[149.9229,-36.9469],[149.9184,-36.9479],[149.9124,-36.9437],[149.9123,-36.942],[149.9108,-36.9419],[149.9114,-36.9453],[149.9143,-36.9476],[149.9105,-36.948],[149.9065,-36.9456],[149.9021,-36.9444],[149.9019,-36.9429],[149.9003,-36.9427],[149.9008,-36.9403],[149.9002,-36.9397],[149.8978,-36.9392],[149.8972,-36.9406],[149.893,-36.9398],[149.8944,-36.9363],[149.8901,-36.9351],[149.8894,-36.9393],[149.8833,-36.9388],[149.8838,-36.9357],[149.8655,-36.9331],[149.8662,-36.9302],[149.8569,-36.9297],[149.8586,-36.9213],[149.8731,-36.9233],[149.8741,-36.9218],[149.8719,-36.9191],[149.8716,-36.9155],[149.8748,-36.909],[149.8761,-36.9099],[149.8774,-36.9125],[149.8885,-36.9141],[149.8897,-36.9108],[149.893,-36.9068],[149.8907,-36.9056],[149.8866,-36.907],[149.8807,-36.9057],[149.8814,-36.9039],[149.8781,-36.9019],[149.8794,-36.8982],[149.8767,-36.8943],[149.877,-36.8897],[149.8801,-36.8872],[149.8836,-36.8877],[149.8852,-36.8812],[149.8921,-36.8821],[149.8938,-36.8783],[149.905,-36.8801],[149.9045,-36.8771],[149.9087,-36.8777],[149.9099,-36.8724],[149.9127,-36.8729],[149.9143,-36.8656],[149.9078,-36.8646],[149.9127,-36.8618],[149.9208,-36.8529],[149.9246,-36.8456],[149.9238,-36.8427],[149.9246,-36.8421],[149.9342,-36.8434],[149.9344,-36.8352],[149.9371,-36.826],[149.9394,-36.8226],[149.9408,-36.8222],[149.9415,-36.8231],[149.943,-36.8222],[149.9399,-36.8216],[149.9387,-36.8197],[149.9391,-36.8164],[149.9421,-36.808],[149.9483,-36.7983],[149.9554,-36.7909],[149.9592,-36.7897],[149.96,-36.7901],[149.9596,-36.7913],[149.9622,-36.7916],[149.9635,-36.7896],[149.9625,-36.7876],[149.9672,-36.7874],[149.967,-36.7859],[149.968,-36.7857],[149.9688,-36.7842],[149.968,-36.784],[149.9697,-36.7832],[149.9693,-36.7821],[149.9705,-36.7824],[149.9711,-36.7815],[149.9693,-36.7791],[149.9704,-36.7796],[149.9705,-36.7788],[149.9708,-36.7794],[149.9706,-36.7784],[149.9711,-36.7791],[149.9715,-36.7787],[149.9713,-36.7795],[149.9732,-36.7765],[149.9708,-36.7751],[149.9741,-36.7749],[149.9742,-36.7731],[149.9727,-36.7725],[149.9749,-36.7723],[149.9764,-36.7689],[149.9772,-36.7696],[149.9779,-36.7666],[149.9773,-36.7659],[149.9785,-36.7655],[149.9774,-36.7647],[149.9786,-36.7652],[149.9792,-36.7646],[149.979,-36.7624],[149.9799,-36.7619],[149.9807,-36.7595],[149.9802,-36.7581],[149.9806,-36.7585],[149.9807,-36.7575],[149.982,-36.7574],[149.9817,-36.7554],[149.9832,-36.7549],[149.9828,-36.754],[149.9838,-36.754],[149.9826,-36.7526],[149.981,-36.7522],[149.9832,-36.75],[149.9808,-36.7483],[149.9818,-36.7476],[149.9839,-36.7481],[149.9845,-36.7476],[149.984,-36.7469],[149.9855,-36.7467],[149.9818,-36.7455],[149.9823,-36.7451],[149.9814,-36.7445],[149.9851,-36.7436],[149.9842,-36.7415],[149.9828,-36.7417],[149.9835,-36.7409],[149.9822,-36.7399],[149.9844,-36.7403],[149.9844,-36.7396],[149.9828,-36.739],[149.9832,-36.7375],[149.9677,-36.7351],[149.9692,-36.7343],[149.9717,-36.7345],[149.9731,-36.7332],[149.9744,-36.73],[149.975,-36.7275],[149.9715,-36.7232],[149.9591,-36.7209],[149.9581,-36.7252],[149.9568,-36.725],[149.9539,-36.7371],[149.9579,-36.7382],[149.9557,-36.7483],[149.9513,-36.7476],[149.9508,-36.75],[149.9464,-36.7493],[149.9477,-36.7466],[149.9352,-36.7448],[149.9357,-36.7426],[149.9336,-36.7423],[149.9302,-36.7479],[149.9269,-36.7474],[149.9283,-36.7416],[149.9256,-36.7412],[149.9264,-36.7375],[149.9242,-36.7372],[149.925,-36.7335],[149.9269,-36.7338],[149.9272,-36.7325],[149.928,-36.7329],[149.9289,-36.729],[149.9373,-36.7295],[149.9368,-36.7318],[149.9384,-36.732],[149.9387,-36.7283],[149.9397,-36.728],[149.9401,-36.7262],[149.939,-36.7241],[149.9407,-36.7217],[149.9431,-36.7217],[149.9443,-36.7233],[149.947,-36.7233],[149.9501,-36.7209],[149.9466,-36.7202],[149.9466,-36.7186],[149.95,-36.717],[149.957,-36.7171],[149.9604,-36.7157],[149.9614,-36.7135],[149.9608,-36.711],[149.9526,-36.71],[149.9503,-36.7085],[149.95,-36.7064],[149.9516,-36.7047],[149.9649,-36.7007],[149.9756,-36.7014],[149.9795,-36.6997],[149.9837,-36.701],[149.985,-36.6996],[149.9862,-36.7],[149.9871,-36.6993],[149.9879,-36.6999],[149.9887,-36.6976],[149.9904,-36.6979],[149.9917,-36.6966],[149.9897,-36.6954],[149.9902,-36.694],[149.9922,-36.694],[149.9929,-36.6948],[149.9933,-36.6932],[149.9944,-36.6929],[149.9944,-36.6936],[149.9955,-36.6924],[149.9958,-36.693],[149.9971,-36.6922],[149.996,-36.6907],[149.9934,-36.691],[149.9925,-36.6878],[149.9936,-36.6857],[149.9993,-36.6856],[149.9989,-36.6818],[149.9975,-36.6816],[149.9975,-36.6809],[149.9967,-36.6816],[149.9957,-36.681],[149.9946,-36.6784],[149.9955,-36.674],[149.9976,-36.6702],[149.9992,-36.6693],[149.9999,-36.665],[150.0118,-36.6463],[150.0156,-36.6443],[150.0158,-36.6421],[150.0147,-36.6409],[150.0156,-36.6406],[150.015,-36.6399],[150.0167,-36.6359],[150.0221,-36.626],[150.0243,-36.6246],[150.0249,-36.6227],[150.0272,-36.6217],[150.0276,-36.6193],[150.0294,-36.619],[150.0295,-36.6158],[150.0314,-36.6149],[150.03,-36.6139],[150.0314,-36.6106],[150.0335,-36.6077],[150.0349,-36.6074],[150.0352,-36.6057],[150.0373,-36.6057],[150.0368,-36.6033],[150.0398,-36.6031],[150.038,-36.6016],[150.0391,-36.5993],[150.041,-36.5985],[150.0405,-36.597],[150.0424,-36.5967],[150.0416,-36.5959],[150.0418,-36.5948],[150.0452,-36.5928],[150.0435,-36.591],[150.0441,-36.589],[150.0468,-36.5861],[150.0498,-36.5858],[150.0495,-36.5849],[150.051,-36.5845],[150.0515,-36.5833],[150.0527,-36.5832],[150.0539,-36.5849],[150.0552,-36.5851],[150.0556,-36.5844],[150.0543,-36.5842],[150.0535,-36.5824],[150.0568,-36.5829],[150.0555,-36.5818],[150.0566,-36.5816],[150.056,-36.5809],[150.058,-36.5793],[150.0566,-36.5779],[150.0575,-36.5773],[150.0565,-36.5756],[150.0553,-36.5754],[150.0558,-36.5707],[150.0574,-36.5701],[150.0578,-36.5669],[150.0604,-36.5625],[150.0605,-36.5605],[150.0627,-36.5559],[150.0683,-36.5542],[150.0685,-36.5524],[150.0662,-36.5498],[150.0659,-36.5476],[150.0633,-36.5464],[150.0634,-36.5453],[150.0626,-36.5446],[150.0573,-36.5439],[150.0555,-36.5402],[150.0553,-36.5346],[150.0563,-36.5292],[150.0576,-36.5264],[150.0605,-36.5254],[150.0597,-36.5228],[150.0606,-36.5201],[150.0594,-36.518],[150.0608,-36.5163],[150.0597,-36.5146],[150.0603,-36.5134],[150.0595,-36.513],[150.06,-36.5119],[150.059,-36.51],[150.0612,-36.5092],[150.0615,-36.5084],[150.0609,-36.5082],[150.0622,-36.5066],[150.0607,-36.5057],[150.0612,-36.5036],[150.0594,-36.5033],[150.058,-36.5015],[150.0591,-36.5002],[150.0586,-36.499],[150.0598,-36.4988],[150.0607,-36.4971],[150.0564,-36.4971],[150.055,-36.4953],[150.0548,-36.4882],[150.057,-36.4873],[150.0558,-36.4855],[150.0568,-36.4806],[150.062,-36.4699],[150.0683,-36.4621],[150.0694,-36.4622],[150.0698,-36.4607],[150.0728,-36.4602],[150.074,-36.457],[150.0727,-36.456],[150.0728,-36.4549],[150.0706,-36.4548],[150.0686,-36.4589],[150.0662,-36.4585],[150.0668,-36.4566],[150.0655,-36.4563],[150.066,-36.4554],[150.0652,-36.4553],[150.0651,-36.4541],[150.0662,-36.4506],[150.0618,-36.45],[150.0623,-36.447],[150.0562,-36.4462],[150.0575,-36.4406],[150.0542,-36.4401],[150.0551,-36.4393],[150.0451,-36.4383],[150.0456,-36.4348],[150.0429,-36.4344],[150.0439,-36.4294],[150.0455,-36.429],[150.0474,-36.4298],[150.0462,-36.4276],[150.0502,-36.4283],[150.0547,-36.4231],[150.0534,-36.4226],[150.0516,-36.4241],[150.0492,-36.424],[150.0464,-36.4215],[150.0443,-36.421],[150.0431,-36.4182],[150.0448,-36.4173],[150.0473,-36.418],[150.0505,-36.4175],[150.0517,-36.4193],[150.0549,-36.4182],[150.0559,-36.4137],[150.0611,-36.4146],[150.0614,-36.4133],[150.0635,-36.4121],[150.0629,-36.4095],[150.0653,-36.4069],[150.0677,-36.3966],[150.0578,-36.3954],[150.0585,-36.3944],[150.0571,-36.3943],[150.0557,-36.3895],[150.0574,-36.3888],[150.055,-36.3862],[150.0551,-36.3848],[150.0507,-36.382],[150.0578,-36.3819],[150.0619,-36.3837],[150.0635,-36.3856],[150.065,-36.3856],[150.066,-36.3841],[150.0651,-36.3824],[150.0687,-36.3805],[150.065,-36.3795],[150.0631,-36.3802],[150.0619,-36.3774],[150.0682,-36.3748],[150.0686,-36.373],[150.0658,-36.3699],[150.0667,-36.3695],[150.0698,-36.3704],[150.0686,-36.3664],[150.0694,-36.3637],[150.0737,-36.3599],[150.0763,-36.3589],[150.0756,-36.3554],[150.0726,-36.3529],[150.0768,-36.354],[150.0773,-36.3569],[150.0784,-36.3584],[150.0769,-36.3594],[150.0794,-36.3601],[150.0833,-36.3637],[150.0898,-36.354],[150.1016,-36.3405],[150.1114,-36.331],[150.1136,-36.3309],[150.1137,-36.3298],[150.1169,-36.3291],[150.1156,-36.3283],[150.1159,-36.3276],[150.1216,-36.3219],[150.1245,-36.3204],[150.1257,-36.3204],[150.1262,-36.3212],[150.1274,-36.3205],[150.1274,-36.3186],[150.1293,-36.3169],[150.1312,-36.3165],[150.1316,-36.3142],[150.1335,-36.314],[150.1337,-36.312],[150.1353,-36.3114],[150.1346,-36.3104],[150.1355,-36.3098],[150.1349,-36.3085],[150.1362,-36.3075],[150.1364,-36.3059],[150.1379,-36.3044],[150.1397,-36.3049],[150.1392,-36.3037],[150.1368,-36.3042],[150.1363,-36.3032],[150.1342,-36.3025],[150.1338,-36.3012],[150.1348,-36.2998],[150.1341,-36.2988],[150.1354,-36.2987],[150.1329,-36.2961],[150.1335,-36.2954],[150.133,-36.2947],[150.1316,-36.294],[150.1336,-36.2922],[150.1308,-36.289],[150.1336,-36.2828],[150.1354,-36.2811],[150.1388,-36.2753],[150.1458,-36.2679],[150.1477,-36.2677],[150.1477,-36.2667],[150.1486,-36.267],[150.1478,-36.2661],[150.1487,-36.2661],[150.1478,-36.2629],[150.1448,-36.26],[150.1448,-36.2583],[150.1463,-36.2577],[150.1447,-36.256],[150.1461,-36.2541],[150.1454,-36.2534],[150.1458,-36.2521],[150.1444,-36.252],[150.1435,-36.2496],[150.1451,-36.2403],[150.1468,-36.2376],[150.1475,-36.238],[150.1464,-36.2369],[150.147,-36.2362],[150.1457,-36.235],[150.1459,-36.2334],[150.1439,-36.2325],[150.1436,-36.2303],[150.1408,-36.23],[150.1393,-36.2288],[150.138,-36.2289],[150.1363,-36.2311],[150.1339,-36.232],[150.1268,-36.2314],[150.1253,-36.2307],[150.1246,-36.2292],[150.1238,-36.2312],[150.1211,-36.2317],[150.122,-36.2309],[150.1188,-36.2281],[150.12,-36.2282],[150.12,-36.227],[150.1223,-36.2264],[150.1211,-36.2233],[150.1237,-36.2232],[150.1244,-36.222],[150.1214,-36.2195],[150.1221,-36.21],[150.1254,-36.2138],[150.1306,-36.2149],[150.1327,-36.2162],[150.1344,-36.2144],[150.1336,-36.2108],[150.1349,-36.2098],[150.1346,-36.2093],[150.1314,-36.2098],[150.1317,-36.2113],[150.1331,-36.2121],[150.133,-36.2143],[150.1329,-36.2125],[150.1311,-36.2129],[150.13,-36.2093],[150.127,-36.2087],[150.1238,-36.2061],[150.1248,-36.2079],[150.124,-36.2086],[150.1204,-36.2085],[150.1191,-36.2092],[150.115,-36.2082],[150.1142,-36.2099],[150.1164,-36.2109],[150.1151,-36.2121],[150.1136,-36.2119],[150.1117,-36.2097],[150.112,-36.2083],[150.1128,-36.2084],[150.1134,-36.2052],[150.1163,-36.2056],[150.1166,-36.2041],[150.1136,-36.2029],[150.1134,-36.202],[150.1117,-36.2018],[150.1147,-36.1927],[150.1175,-36.1921],[150.1173,-36.1902],[150.1193,-36.1905],[150.1215,-36.1794],[150.1182,-36.1797],[150.1154,-36.1789],[150.1153,-36.1769],[150.1125,-36.1751],[150.1084,-36.1695],[150.0902,-36.1674],[150.0915,-36.1594],[150.0927,-36.1582],[150.0965,-36.1568],[150.098,-36.1576],[150.0999,-36.1547],[150.1015,-36.1569],[150.1004,-36.1565],[150.0994,-36.1573],[150.1048,-36.161],[150.1094,-36.1622],[150.1137,-36.1613],[150.1116,-36.1637],[150.1151,-36.1662],[150.1163,-36.1635],[150.119,-36.1625],[150.1194,-36.1615],[150.1232,-36.1613],[150.1237,-36.1625],[150.1255,-36.1635],[150.1267,-36.1622],[150.125,-36.1583],[150.1244,-36.1474],[150.1244,-36.1398],[150.1261,-36.1291],[150.131,-36.1133],[150.135,-36.1056],[150.1383,-36.1035],[150.1365,-36.1013],[150.1375,-36.0971],[150.1409,-36.0957],[150.1415,-36.0944],[150.1389,-36.0926],[150.1363,-36.0934],[150.134,-36.0902],[150.1339,-36.0876],[150.136,-36.0866],[150.1337,-36.0847],[150.1355,-36.0834],[150.1326,-36.0824],[150.1327,-36.079],[150.1351,-36.0691],[150.1345,-36.066],[150.1306,-36.0669],[150.1278,-36.0653],[150.1259,-36.0658],[150.1256,-36.0648],[150.123,-36.0645],[150.1246,-36.0616],[150.1262,-36.0611],[150.1274,-36.0573],[150.1293,-36.0571],[150.13,-36.056],[150.1284,-36.055],[150.1283,-36.0539],[150.1252,-36.0526],[150.1257,-36.0541],[150.127,-36.0546],[150.1258,-36.0564],[150.1261,-36.0577],[150.1243,-36.0525],[150.1228,-36.0509],[150.1208,-36.0505],[150.1219,-36.0491],[150.1178,-36.048],[150.1153,-36.046],[150.1172,-36.046],[150.119,-36.047],[150.1196,-36.0451],[150.118,-36.0422],[150.1161,-36.0419],[150.1202,-36.0408],[150.1213,-36.0386],[150.1211,-36.042],[150.1264,-36.0403],[150.1274,-36.0415],[150.1268,-36.0433],[150.1281,-36.0447],[150.1346,-36.0465],[150.1365,-36.0481],[150.1383,-36.0481],[150.1399,-36.0491],[150.1397,-36.0502],[150.1413,-36.0509],[150.1442,-36.0395],[150.1524,-36.0236],[150.1557,-36.0189],[150.1569,-36.0185],[150.1571,-36.0171],[150.1594,-36.0158],[150.1603,-36.0138],[150.1646,-36.013],[150.1643,-36.0121],[150.1618,-36.0128],[150.159,-36.012],[150.1574,-36.008],[150.1575,-36.0044],[150.1594,-36.0029],[150.1585,-36.0006],[150.1591,-35.9991],[150.1599,-35.999],[150.1598,-35.9969],[150.1643,-35.9936],[150.1635,-35.9935],[150.1634,-35.9926],[150.1605,-35.9935],[150.1602,-35.9918],[150.1557,-35.9929],[150.1541,-35.9919],[150.1527,-35.9887],[150.1535,-35.9849],[150.1519,-35.9832],[150.1511,-35.9789],[150.1514,-35.9759],[150.1525,-35.9751],[150.1518,-35.9727],[150.1529,-35.9718],[150.1527,-35.9702],[150.1539,-35.9689],[150.1539,-35.9653],[150.1604,-35.9538],[150.1568,-35.9531],[150.155,-35.9503],[150.1528,-35.9503],[150.1525,-35.9483],[150.1505,-35.9482],[150.1484,-35.9498],[150.1452,-35.9493],[150.1461,-35.9477],[150.1453,-35.9472],[150.143,-35.9478],[150.1406,-35.9459],[150.1385,-35.9455],[150.1393,-35.9442],[150.1388,-35.9435],[150.1357,-35.9436],[150.1357,-35.9421],[150.1366,-35.9417],[150.1358,-35.9408],[150.1299,-35.9416],[150.1282,-35.9427],[150.1256,-35.9426],[150.1247,-35.9436],[150.1191,-35.9434],[150.1247,-35.921],[150.1129,-35.9191],[150.1164,-35.9175],[150.1188,-35.9079],[150.1218,-35.9093],[150.12,-35.9094],[150.1209,-35.9106],[150.1233,-35.9093],[150.1254,-35.9103],[150.1269,-35.9101],[150.1323,-35.9114],[150.1339,-35.9131],[150.1387,-35.915],[150.1411,-35.9151],[150.1423,-35.9142],[150.1524,-35.9162],[150.1541,-35.9143],[150.1542,-35.912],[150.1521,-35.9098],[150.1484,-35.9107],[150.1495,-35.9097],[150.1472,-35.9087],[150.1489,-35.9077],[150.1497,-35.9092],[150.1514,-35.9095],[150.1516,-35.9086],[150.1493,-35.9077],[150.1519,-35.9065],[150.1517,-35.9051],[150.1565,-35.905],[150.1509,-35.9049],[150.1497,-35.8993],[150.1502,-35.8911],[150.1526,-35.8842],[150.1579,-35.8743],[150.1655,-35.8656],[150.1726,-35.8603],[150.1704,-35.8573],[150.1712,-35.8567],[150.1597,-35.8553],[150.1605,-35.8548],[150.162,-35.8453],[150.165,-35.8457],[150.1647,-35.8471],[150.1664,-35.8472],[150.1695,-35.8382],[150.1718,-35.8339],[150.1678,-35.8344],[150.1705,-35.8215],[150.1777,-35.8225],[150.1783,-35.8213],[150.1777,-35.8203],[150.1788,-35.819],[150.1752,-35.8155],[150.1756,-35.8137],[150.1741,-35.813],[150.1752,-35.8083],[150.1787,-35.808],[150.1786,-35.8089],[150.1822,-35.8094],[150.1814,-35.8129],[150.1785,-35.8124],[150.1819,-35.8164],[150.1855,-35.8189],[150.1859,-35.8163],[150.192,-35.8171],[150.1926,-35.8142],[150.1987,-35.8151],[150.2039,-35.8039],[150.2085,-35.8041],[150.2085,-35.8054],[150.213,-35.8082],[150.2134,-35.8094],[150.2154,-35.8086],[150.2281,-35.8109],[150.2284,-35.8104],[150.2274,-35.8098],[150.225,-35.8095],[150.2242,-35.8087],[150.2287,-35.8066],[150.2266,-35.8051],[150.2269,-35.8037],[150.2295,-35.8037],[150.2293,-35.8028],[150.227,-35.8017],[150.2265,-35.7999],[150.2243,-35.7997],[150.2239,-35.8012],[150.2221,-35.8001],[150.2215,-35.7975],[150.2172,-35.7955],[150.2148,-35.7961],[150.2171,-35.788],[150.2161,-35.7878],[150.2166,-35.786],[150.2187,-35.7825],[150.2195,-35.7821],[150.2208,-35.783],[150.223,-35.7719],[150.2207,-35.7703],[150.2226,-35.7685],[150.2216,-35.7676],[150.2208,-35.7637],[150.2219,-35.7631],[150.221,-35.7623],[150.2192,-35.7634],[150.2158,-35.7614],[150.2162,-35.7624],[150.2149,-35.7661],[150.2119,-35.7655],[150.2107,-35.764],[150.2075,-35.7645],[150.2036,-35.763],[150.2023,-35.7642],[150.1967,-35.7664],[150.1966,-35.7676],[150.1942,-35.7675],[150.1951,-35.7629],[150.1943,-35.762],[150.1909,-35.7616],[150.192,-35.7566],[150.1945,-35.7569],[150.1954,-35.7529],[150.1934,-35.7527],[150.1947,-35.7462],[150.1781,-35.7444],[150.1784,-35.7427],[150.1804,-35.7415],[150.1809,-35.7388],[150.1771,-35.7369],[150.1785,-35.7356],[150.1781,-35.7333],[150.1791,-35.7308],[150.1758,-35.7304],[150.177,-35.7247],[150.1652,-35.723],[150.166,-35.7192],[150.1697,-35.7196],[150.1711,-35.718],[150.1704,-35.7172],[150.1708,-35.7165],[150.1753,-35.7155],[150.1738,-35.7131],[150.1739,-35.7103],[150.1713,-35.7086],[150.1722,-35.7071],[150.1754,-35.706],[150.1759,-35.7041],[150.1743,-35.7021],[150.176,-35.7019],[150.1773,-35.7031],[150.1799,-35.7019],[150.1798,-35.7],[150.1769,-35.6961],[150.1798,-35.6941],[150.1787,-35.6926],[150.1791,-35.6879],[150.1784,-35.6878],[150.1763,-35.6923],[150.1752,-35.6898],[150.1737,-35.689],[150.1771,-35.6735],[150.2093,-35.6781],[150.214,-35.6752],[150.2214,-35.668],[150.2269,-35.6688],[150.2255,-35.6758],[150.219,-35.675],[150.2181,-35.6793],[150.2481,-35.6837],[150.2436,-35.7041],[150.2463,-35.7045],[150.2441,-35.7053],[150.2428,-35.7077],[150.2471,-35.705],[150.2521,-35.7065],[150.2509,-35.7119],[150.2513,-35.7147],[150.2506,-35.7152],[150.2516,-35.7167],[150.2506,-35.7186],[150.251,-35.7194],[150.2516,-35.7187],[150.2524,-35.7193],[150.2534,-35.7189],[150.2547,-35.7159],[150.2581,-35.7164],[150.2578,-35.7188],[150.2612,-35.7171],[150.2626,-35.7181],[150.2615,-35.7189],[150.2621,-35.7211],[150.2635,-35.7223],[150.264,-35.725],[150.2655,-35.7265],[150.2665,-35.7258],[150.265,-35.7243],[150.2654,-35.7227],[150.2668,-35.7221],[150.2675,-35.7205],[150.2702,-35.7192],[150.2732,-35.7193],[150.2743,-35.7216],[150.2767,-35.7235],[150.2771,-35.7213],[150.2782,-35.7203],[150.2777,-35.7177],[150.2788,-35.7176],[150.279,-35.7168],[150.277,-35.7154],[150.2768,-35.7112],[150.2785,-35.7105],[150.2799,-35.7112],[150.2819,-35.7098],[150.282,-35.7074],[150.2804,-35.7067],[150.2811,-35.7058],[150.2803,-35.7045],[150.2809,-35.7033],[150.2823,-35.7025],[150.2858,-35.7029],[150.2862,-35.702],[150.2855,-35.7009],[150.2865,-35.7008],[150.2879,-35.6974],[150.2877,-35.6985],[150.2892,-35.6978],[150.2902,-35.6963],[150.2903,-35.6943],[150.2912,-35.6937],[150.2931,-35.6932],[150.2974,-35.6961],[150.2984,-35.6944],[150.2971,-35.6929],[150.2979,-35.6911],[150.297,-35.6884],[150.2984,-35.6883],[150.297,-35.6861],[150.2991,-35.6837],[150.3006,-35.6832],[150.3028,-35.6848],[150.3038,-35.6844],[150.305,-35.686],[150.3065,-35.6861],[150.3048,-35.6852],[150.3021,-35.6809],[150.2997,-35.6788],[150.3009,-35.6782],[150.3051,-35.6799],[150.3047,-35.6772],[150.3014,-35.6751],[150.3014,-35.6742],[150.3029,-35.6722],[150.3071,-35.6731],[150.3044,-35.6706],[150.3076,-35.6688],[150.3057,-35.6667],[150.3036,-35.6675],[150.3033,-35.6688],[150.3015,-35.6697],[150.2992,-35.6681],[150.2988,-35.6686],[150.2901,-35.6671],[150.2886,-35.6731],[150.2831,-35.6722],[150.2853,-35.6637],[150.2833,-35.6633],[150.281,-35.6616],[150.2792,-35.6572],[150.2759,-35.6576],[150.276,-35.6554],[150.277,-35.6552],[150.2771,-35.6534],[150.2781,-35.6524],[150.2781,-35.6504],[150.279,-35.6497],[150.2803,-35.6503],[150.2826,-35.6475],[150.2781,-35.6443],[150.2832,-35.6391],[150.2846,-35.6388],[150.2865,-35.641],[150.2898,-35.642],[150.2917,-35.6455],[150.2946,-35.6454],[150.3024,-35.6402],[150.304,-35.64],[150.3042,-35.6386],[150.3038,-35.6396],[150.3024,-35.6397],[150.3019,-35.6391],[150.3024,-35.6384],[150.308,-35.6386],[150.3129,-35.6358],[150.3174,-35.6349],[150.3201,-35.6357],[150.3202,-35.6384],[150.3219,-35.6399],[150.3238,-35.6394],[150.3253,-35.6372],[150.3261,-35.6372],[150.3264,-35.6348],[150.3299,-35.6296],[150.3275,-35.6292],[150.328,-35.6263],[150.3246,-35.6276],[150.3231,-35.6262],[150.3228,-35.6243],[150.324,-35.6226],[150.324,-35.6199],[150.3254,-35.6179],[150.3246,-35.6164],[150.3228,-35.6165],[150.3234,-35.6153],[150.3226,-35.6135],[150.3239,-35.6124],[150.3258,-35.6123],[150.3277,-35.6095],[150.3304,-35.6081],[150.3341,-35.6111],[150.3361,-35.6092],[150.3346,-35.6068],[150.3341,-35.6036],[150.3383,-35.6054],[150.34,-35.6035],[150.3456,-35.6043],[150.3418,-35.6012],[150.343,-35.5996],[150.34,-35.5973],[150.3427,-35.5975],[150.3433,-35.5951],[150.3465,-35.5937],[150.3466,-35.5916],[150.3483,-35.5907],[150.3469,-35.5897],[150.3464,-35.5879],[150.3492,-35.5883],[150.3526,-35.5858],[150.3529,-35.583],[150.3543,-35.5823],[150.3574,-35.578],[150.3623,-35.5761],[150.3625,-35.5737],[150.3644,-35.5723],[150.3648,-35.5707],[150.3664,-35.5702],[150.3683,-35.5717],[150.372,-35.5705],[150.3769,-35.5717],[150.3765,-35.5702],[150.3789,-35.5689],[150.3786,-35.5677],[150.3757,-35.5667],[150.3754,-35.5652],[150.3742,-35.5651],[150.3751,-35.5671],[150.3744,-35.5679],[150.3722,-35.5665],[150.371,-35.567],[150.3705,-35.5646],[150.3671,-35.5641],[150.3682,-35.5591],[150.3707,-35.5594],[150.3715,-35.5574],[150.375,-35.5553],[150.3718,-35.554],[150.3725,-35.5502],[150.3796,-35.5511],[150.3805,-35.552],[150.3827,-35.5523],[150.3849,-35.5464],[150.3863,-35.5462],[150.3858,-35.5453],[150.3876,-35.5431],[150.3925,-35.5445],[150.3931,-35.5434],[150.3905,-35.5419],[150.3905,-35.5403],[150.3916,-35.5374],[150.3946,-35.5342],[150.3974,-35.5326],[150.3999,-35.5334],[150.401,-35.532],[150.4027,-35.5317],[150.4039,-35.5321],[150.4034,-35.5345],[150.4063,-35.5339],[150.405,-35.5317],[150.4074,-35.5305],[150.4077,-35.5296],[150.4064,-35.5287],[150.4061,-35.5266],[150.4043,-35.5259],[150.4013,-35.5208],[150.3933,-35.5197],[150.3929,-35.5272],[150.389,-35.5259],[150.3892,-35.5248],[150.3839,-35.524],[150.3849,-35.5188],[150.3906,-35.5193],[150.39,-35.5167],[150.388,-35.516],[150.3869,-35.5087],[150.3911,-35.5091],[150.3906,-35.5073],[150.3882,-35.5079],[150.3889,-35.5074],[150.3876,-35.505],[150.3894,-35.5029],[150.3922,-35.5037],[150.3929,-35.5028],[150.3927,-35.5012],[150.3912,-35.5001],[150.3909,-35.4961],[150.3929,-35.4936],[150.3957,-35.4929],[150.3908,-35.4918],[150.3895,-35.4889],[150.3913,-35.4829],[150.3944,-35.4816],[150.3957,-35.48],[150.3947,-35.4782],[150.3947,-35.4758],[150.3909,-35.474],[150.3911,-35.469],[150.3942,-35.4625],[150.3969,-35.4618],[150.3957,-35.4604],[150.3967,-35.4589],[150.3986,-35.4586],[150.3998,-35.4567],[150.4008,-35.4564],[150.4023,-35.4566],[150.4031,-35.4584],[150.4038,-35.458],[150.4032,-35.4559],[150.4016,-35.456],[150.4006,-35.4544],[150.4009,-35.4528],[150.4034,-35.4491],[150.3968,-35.4461],[150.3979,-35.4458],[150.3908,-35.4448],[150.4005,-35.4364],[150.3929,-35.4354],[150.3941,-35.4293],[150.4133,-35.4324],[150.4231,-35.421],[150.4377,-35.4098],[150.4242,-35.4077],[150.4319,-35.3939],[150.4346,-35.3917],[150.4333,-35.3915],[150.4336,-35.3906],[150.4373,-35.3878],[150.439,-35.3885],[150.4403,-35.3877],[150.4403,-35.3854],[150.4374,-35.3836],[150.4361,-35.3802],[150.434,-35.3784],[150.4355,-35.3775],[150.4366,-35.378],[150.4394,-35.3774],[150.4395,-35.3766],[150.4343,-35.3707],[150.4323,-35.3703],[150.4337,-35.3671],[150.4366,-35.3692],[150.4396,-35.3669],[150.4432,-35.3668],[150.4434,-35.3659],[150.4411,-35.3646],[150.442,-35.3625],[150.441,-35.3611],[150.4418,-35.3595],[150.4492,-35.3605],[150.4489,-35.362],[150.4505,-35.3621],[150.4501,-35.3661],[150.452,-35.3717],[150.4528,-35.3794],[150.4567,-35.38],[150.4594,-35.3751],[150.4611,-35.376],[150.4621,-35.3746],[150.46,-35.3743],[150.4604,-35.3726],[150.4587,-35.3724],[150.4605,-35.3721],[150.4607,-35.3712],[150.4588,-35.3695],[150.46,-35.3677],[150.4614,-35.3679],[150.4616,-35.3641],[150.4641,-35.3635],[150.4646,-35.3592],[150.4608,-35.3587],[150.461,-35.3573],[150.4581,-35.3564],[150.4584,-35.3549],[150.4559,-35.3521],[150.4567,-35.3515],[150.4571,-35.3494],[150.4547,-35.3491],[150.455,-35.3475],[150.456,-35.3475],[150.4544,-35.3413],[150.4561,-35.3348],[150.4556,-35.3342],[150.4568,-35.3331],[150.4576,-35.3271],[150.4565,-35.3262],[150.4568,-35.3246],[150.4531,-35.3239],[150.4558,-35.3108],[150.4573,-35.3109],[150.4581,-35.3085],[150.4556,-35.3082],[150.4576,-35.3035],[150.4594,-35.3024],[150.4599,-35.3032],[150.4617,-35.3035],[150.4645,-35.3019],[150.4686,-35.3014],[150.474,-35.303],[150.4736,-35.3022],[150.4752,-35.2971],[150.478,-35.2918],[150.4801,-35.2907],[150.4797,-35.2898],[150.4841,-35.2852],[150.4975,-35.2746],[150.5054,-35.2703],[150.5077,-35.2682],[150.5091,-35.2694],[150.5086,-35.2673],[150.5053,-35.2649],[150.5002,-35.2655],[150.4948,-35.2635],[150.4947,-35.2618],[150.4962,-35.2611],[150.4976,-35.2577],[150.4995,-35.2558],[150.5054,-35.2568],[150.5061,-35.2538],[150.5268,-35.2559],[150.5307,-35.2527],[150.5357,-35.2499],[150.5389,-35.2497],[150.5392,-35.2513],[150.5419,-35.2495],[150.5439,-35.2497],[150.5452,-35.2484],[150.5447,-35.2475],[150.5419,-35.2465],[150.542,-35.243],[150.5392,-35.2436],[150.5381,-35.245],[150.5359,-35.2443],[150.5351,-35.245],[150.533,-35.2438],[150.5311,-35.2412],[150.5307,-35.2378],[150.5316,-35.2358],[150.5302,-35.2351],[150.5319,-35.2339],[150.5307,-35.2317],[150.5356,-35.2251],[150.5355,-35.2234],[150.5406,-35.22],[150.5409,-35.2189],[150.5393,-35.2184],[150.5395,-35.2166],[150.5462,-35.2113],[150.5485,-35.2108],[150.547,-35.2096],[150.5472,-35.2072],[150.5462,-35.2056],[150.5434,-35.2052],[150.5409,-35.2062],[150.5417,-35.2016],[150.5553,-35.2035],[150.5569,-35.2018],[150.5558,-35.2016],[150.5561,-35.1998],[150.5543,-35.2001],[150.5532,-35.1982],[150.554,-35.1975],[150.5528,-35.1974],[150.5533,-35.1951],[150.5516,-35.195],[150.5517,-35.1942],[150.5557,-35.1948],[150.5586,-35.1934],[150.5616,-35.1942],[150.5673,-35.191],[150.5697,-35.187],[150.5694,-35.1834],[150.5705,-35.182],[150.5704,-35.18],[150.5714,-35.1782],[150.5706,-35.1771],[150.5674,-35.1754],[150.5671,-35.1735],[150.5659,-35.1726],[150.5675,-35.1638],[150.5713,-35.1647],[150.5718,-35.1614],[150.5785,-35.1624],[150.5792,-35.1588],[150.587,-35.1586],[150.5939,-35.1569],[150.5946,-35.1546],[150.593,-35.1524],[150.5893,-35.1526],[150.5888,-35.1517],[150.5867,-35.1514],[150.5876,-35.1498],[150.5875,-35.1474],[150.5883,-35.1464],[150.5875,-35.1452],[150.5897,-35.1439],[150.5943,-35.1438],[150.5971,-35.1457],[150.5996,-35.1463],[150.604,-35.1458],[150.6079,-35.1436],[150.6134,-35.1474],[150.6142,-35.147],[150.6145,-35.145],[150.6154,-35.1448],[150.6158,-35.1452],[150.6147,-35.1454],[150.6143,-35.1476],[150.615,-35.1484],[150.6215,-35.1475],[150.6276,-35.15],[150.6332,-35.1491],[150.6382,-35.1459],[150.6423,-35.1419],[150.6437,-35.1392],[150.6473,-35.137],[150.6481,-35.135],[150.6511,-35.1318],[150.6572,-35.1295],[150.6584,-35.127],[150.6602,-35.1258],[150.6619,-35.1191],[150.6582,-35.1115],[150.6577,-35.1052],[150.6497,-35.1027],[150.6496,-35.0991],[150.6509,-35.0957],[150.6519,-35.0956],[150.6515,-35.0961],[150.6528,-35.0965],[150.6533,-35.0978],[150.6605,-35.0988],[150.6598,-35.1018],[150.6617,-35.102],[150.6614,-35.1045],[150.6634,-35.1067],[150.6646,-35.1069],[150.6641,-35.108],[150.6653,-35.1102],[150.6649,-35.1112],[150.6657,-35.1119],[150.6645,-35.1126],[150.6642,-35.114],[150.6658,-35.1142],[150.6644,-35.1182],[150.702,-35.123],[150.6997,-35.1215],[150.6978,-35.1185],[150.695,-35.1111],[150.6938,-35.1048],[150.6941,-35.101],[150.6934,-35.1004],[150.6942,-35.0992],[150.6933,-35.0967],[150.6935,-35.093],[150.6944,-35.0922],[150.6939,-35.09],[150.6926,-35.0887],[150.6933,-35.0867],[150.687,-35.0858],[150.6855,-35.0844],[150.6855,-35.0834],[150.6867,-35.0828],[150.6857,-35.0819],[150.6826,-35.083],[150.6824,-35.0811],[150.6803,-35.0808],[150.6796,-35.0799],[150.679,-35.0788],[150.6795,-35.0778],[150.6785,-35.0768],[150.6766,-35.0767],[150.6754,-35.0749],[150.6733,-35.0746],[150.6737,-35.0737],[150.6724,-35.0721],[150.6706,-35.0729],[150.6707,-35.0739],[150.6694,-35.0746],[150.6683,-35.0727],[150.6712,-35.071],[150.6702,-35.0698],[150.6675,-35.0692],[150.668,-35.0673],[150.6705,-35.0676],[150.6714,-35.0635],[150.6701,-35.0633],[150.6716,-35.0552],[150.6741,-35.0516],[150.6715,-35.0512],[150.6719,-35.0496],[150.673,-35.0497],[150.6733,-35.0487],[150.6694,-35.0466],[150.6678,-35.0419],[150.668,-35.0406],[150.6643,-35.0388],[150.6644,-35.038],[150.6657,-35.0344],[150.6652,-35.0337],[150.6724,-35.0323],[150.6735,-35.0286],[150.6681,-35.0239],[150.6659,-35.0265],[150.6627,-35.025],[150.6614,-35.0259],[150.6601,-35.0257],[150.6597,-35.0275],[150.6551,-35.0269],[150.6548,-35.0285],[150.6319,-35.0254],[150.6343,-35.0126],[150.6351,-35.0126],[150.6363,-35.0085],[150.6373,-35.0077],[150.6368,-35.0073],[150.6403,-35.0071],[150.6416,-35.0061],[150.6431,-35.0074],[150.6455,-35.0049],[150.6472,-35.006],[150.651,-35.0049],[150.6573,-35.0071],[150.6574,-35.0082],[150.6553,-35.0093],[150.6557,-35.0096],[150.6592,-35.0087],[150.6627,-35.0089],[150.6665,-35.0058],[150.6682,-35.0056],[150.6701,-35.007],[150.6689,-35.0096],[150.6713,-35.0127],[150.672,-35.0163],[150.6729,-35.0166],[150.6725,-35.0194],[150.6772,-35.0201],[150.6757,-35.022],[150.6831,-35.0164],[150.6851,-35.0157],[150.6856,-35.013],[150.7001,-35.0059],[150.6929,-35.0047],[150.6926,-35.0064],[150.687,-35.0057],[150.6879,-35.0013],[150.6989,-35.0029],[150.6987,-35.0038],[150.7014,-35.0048],[150.7088,-35.0021],[150.7085,-35.0032],[150.7123,-35.0048],[150.716,-35.0053],[150.7166,-35.0034],[150.7194,-35.0038],[150.7199,-35.0019],[150.7148,-35.0011],[150.7157,-34.9972],[150.71,-34.9964],[150.7111,-34.9904],[150.7144,-34.9909],[150.7182,-34.9899],[150.7238,-34.991],[150.7271,-34.9908],[150.7265,-34.994],[150.7281,-34.9945],[150.7282,-34.9956],[150.7393,-34.9922],[150.7492,-34.9923],[150.751,-34.9908],[150.7603,-34.9922],[150.7676,-34.9962],[150.7739,-35.0017],[150.7742,-35.0029],[150.7717,-35.005],[150.7763,-35.0019],[150.7783,-35.0024],[150.7774,-35.0088],[150.7762,-35.0114],[150.7705,-35.0138],[150.7686,-35.0137],[150.7673,-35.0152],[150.7682,-35.0158],[150.7708,-35.0219],[150.7738,-35.0226],[150.7751,-35.0236],[150.7753,-35.0267],[150.778,-35.027],[150.7833,-35.0293],[150.7855,-35.0315],[150.7871,-35.0358],[150.7868,-35.0396],[150.7828,-35.045],[150.782,-35.0447],[150.7792,-35.0538],[150.7776,-35.055],[150.7765,-35.0551],[150.7757,-35.0541],[150.7756,-35.0563],[150.7769,-35.057],[150.7757,-35.0576],[150.7735,-35.0653],[150.7735,-35.0793],[150.7763,-35.0783],[150.7772,-35.0788],[150.7762,-35.083],[150.7797,-35.0779],[150.7816,-35.0773],[150.7812,-35.0729],[150.7863,-35.0725],[150.7885,-35.0746],[150.7881,-35.0763],[150.7888,-35.0774],[150.7908,-35.0765],[150.7925,-35.0774],[150.7936,-35.0766],[150.7936,-35.0778],[150.7923,-35.079],[150.7931,-35.0797],[150.7934,-35.0787],[150.7941,-35.0807],[150.7953,-35.0816],[150.7989,-35.0803],[150.7991,-35.0829],[150.7999,-35.0827],[150.8003,-35.0838],[150.8001,-35.0864],[150.799,-35.0882],[150.7995,-35.0906],[150.8024,-35.0938],[150.804,-35.0946],[150.8058,-35.0944],[150.8086,-35.0921],[150.8106,-35.089],[150.81,-35.0881],[150.8116,-35.0886],[150.815,-35.0858],[150.8154,-35.0846],[150.8179,-35.085],[150.8197,-35.0834],[150.8196,-35.082],[150.8208,-35.0817],[150.824,-35.0785],[150.8256,-35.0759],[150.8283,-35.0747],[150.8285,-35.0762],[150.8301,-35.0754],[150.8305,-35.0764],[150.8338,-35.0744],[150.8324,-35.073],[150.8339,-35.0721],[150.8349,-35.069],[150.8362,-35.068],[150.8366,-35.0649],[150.8378,-35.0656],[150.8389,-35.064],[150.838,-35.0616],[150.8392,-35.0623],[150.8402,-35.0612],[150.8411,-35.0587],[150.8404,-35.0583],[150.8412,-35.0578],[150.841,-35.0536],[150.8418,-35.0535],[150.843,-35.0506],[150.8403,-35.0488],[150.8391,-35.0507],[150.8367,-35.0495],[150.8346,-35.0432],[150.8334,-35.0437],[150.8329,-35.0416],[150.8316,-35.0412],[150.8353,-35.0396],[150.836,-35.0338],[150.8353,-35.0321],[150.8361,-35.0326],[150.8384,-35.0299],[150.8396,-35.0237],[150.8408,-35.0237],[150.8432,-35.0216],[150.8428,-35.0206],[150.8435,-35.0205],[150.845,-35.017],[150.848,-35.0148],[150.8496,-35.0148],[150.8497,-35.0129],[150.8465,-35.0118],[150.8466,-35.0101],[150.8455,-35.0095],[150.8466,-35.0093],[150.8466,-35.0084],[150.843,-35.0044],[150.8422,-35.0046],[150.8417,-35.0067],[150.8409,-35.0068],[150.837,-35.0058],[150.8363,-35.005],[150.8367,-35.004],[150.8352,-35.0031],[150.8306,-35.0052],[150.8304,-35.0034],[150.8294,-35.0029],[150.8294,-35.005],[150.827,-35.0087],[150.8275,-35.0115],[150.8269,-35.0117],[150.8306,-35.0147],[150.8292,-35.0189],[150.8276,-35.0187],[150.827,-35.0196],[150.8244,-35.0186],[150.8145,-35.0184],[150.8113,-35.0175],[150.8115,-35.0128],[150.8061,-35.0101],[150.7967,-35.0023],[150.7921,-34.9952],[150.7847,-34.9866],[150.7813,-34.979],[150.7789,-34.9691],[150.7791,-34.9671],[150.7807,-34.9658],[150.7811,-34.9644],[150.7785,-34.9632],[150.7766,-34.9563],[150.7763,-34.9478],[150.7782,-34.9392],[150.7716,-34.9407],[150.7666,-34.9366],[150.7598,-34.935],[150.7572,-34.9333],[150.7572,-34.9341],[150.7523,-34.9344],[150.7523,-34.9315],[150.7559,-34.9313],[150.7542,-34.928],[150.7597,-34.9275],[150.7607,-34.9285],[150.7621,-34.9263],[150.7623,-34.9252],[150.7588,-34.9232],[150.7594,-34.9172],[150.7569,-34.9145],[150.7552,-34.914],[150.7532,-34.9147],[150.7532,-34.916],[150.7501,-34.9178],[150.7464,-34.9168],[150.7393,-34.9174],[150.7391,-34.9192],[150.7378,-34.9202],[150.7264,-34.9215],[150.723,-34.908],[150.7198,-34.9085],[150.7216,-34.9026],[150.7245,-34.9034],[150.7307,-34.9012],[150.7345,-34.9015],[150.7406,-34.9066],[150.7605,-34.9038],[150.7631,-34.9028],[150.7656,-34.9],[150.7666,-34.8977],[150.76,-34.9004],[150.7558,-34.8968],[150.7509,-34.8894],[150.749,-34.8822],[150.7484,-34.8725],[150.7496,-34.8606],[150.7453,-34.8609],[150.7413,-34.86],[150.7319,-34.8633],[150.7298,-34.8599],[150.7317,-34.8599],[150.7342,-34.8582],[150.7269,-34.8533],[150.7271,-34.8527],[150.7301,-34.8472],[150.7329,-34.8477],[150.7344,-34.8441],[150.7376,-34.8402],[150.7381,-34.8377],[150.7398,-34.8369],[150.7401,-34.8383],[150.7533,-34.8401],[150.755,-34.8338],[150.7598,-34.8223],[150.7677,-34.8089],[150.7766,-34.7972],[150.7875,-34.7863],[150.7974,-34.7789],[150.8075,-34.7741],[150.8071,-34.7728],[150.8003,-34.774],[150.8044,-34.7723],[150.8075,-34.7723],[150.8086,-34.77],[150.8044,-34.7698],[150.8048,-34.7679],[150.8094,-34.7692],[150.8133,-34.7682],[150.8168,-34.7651],[150.8147,-34.767],[150.8159,-34.7672],[150.8156,-34.7684],[150.8194,-34.771],[150.8213,-34.7737],[150.8233,-34.7735],[150.823,-34.773],[150.8277,-34.7703],[150.8285,-34.7691],[150.8282,-34.7663],[150.827,-34.764],[150.8279,-34.7617],[150.8303,-34.7594],[150.8318,-34.7591],[150.8341,-34.7549],[150.8369,-34.7548],[150.8328,-34.7523],[150.8322,-34.7511],[150.8357,-34.749],[150.836,-34.7449],[150.834,-34.7444],[150.8332,-34.7494],[150.8303,-34.7497],[150.83,-34.7512],[150.8289,-34.7511],[150.8292,-34.75],[150.8266,-34.7501],[150.826,-34.7545],[150.8234,-34.7562],[150.8224,-34.7557],[150.8212,-34.7534],[150.8217,-34.7501],[150.8171,-34.7495],[150.8175,-34.746],[150.8164,-34.7458],[150.8189,-34.7432],[150.8256,-34.7331],[150.8277,-34.7344],[150.8273,-34.7367],[150.8302,-34.7377],[150.8339,-34.7285],[150.8385,-34.7276],[150.8396,-34.7297],[150.8422,-34.7289],[150.8453,-34.7266],[150.8462,-34.7233],[150.8481,-34.7207],[150.8464,-34.7167],[150.8504,-34.7151],[150.8515,-34.7138],[150.8498,-34.7084],[150.8526,-34.7066],[150.85,-34.7036],[150.8513,-34.7023],[150.856,-34.7005],[150.8522,-34.6979],[150.8499,-34.6984],[150.8497,-34.6968],[150.8432,-34.6963],[150.8442,-34.6927],[150.8444,-34.6819],[150.8433,-34.6759],[150.8412,-34.6784],[150.8385,-34.6781],[150.8381,-34.679],[150.8367,-34.6794],[150.8365,-34.6785],[150.8365,-34.6779],[150.8379,-34.6781],[150.8377,-34.6768],[150.8391,-34.6738],[150.838,-34.673],[150.8403,-34.6625],[150.8385,-34.6628],[150.8363,-34.6654],[150.8343,-34.6649],[150.8341,-34.6668],[150.8323,-34.6671],[150.8323,-34.6629],[150.8329,-34.6629],[150.8314,-34.661],[150.8311,-34.6594],[150.8321,-34.6592],[150.831,-34.659],[150.8307,-34.6577],[150.8317,-34.6561],[150.8327,-34.6561],[150.8309,-34.6542],[150.8305,-34.6509],[150.8336,-34.6501],[150.8337,-34.6492],[150.8345,-34.6496],[150.8379,-34.6475],[150.836,-34.646],[150.8373,-34.6453],[150.8358,-34.6434],[150.8375,-34.6422],[150.839,-34.6448],[150.841,-34.6437],[150.8426,-34.6443],[150.8424,-34.6454],[150.8432,-34.6454],[150.8444,-34.6442],[150.843,-34.6425],[150.8435,-34.64],[150.8467,-34.6403],[150.8495,-34.6388],[150.8498,-34.6356],[150.8489,-34.6341],[150.85,-34.6283],[150.8489,-34.6256],[150.8466,-34.6234],[150.8463,-34.6206],[150.8475,-34.6185],[150.8496,-34.6178],[150.8489,-34.6162],[150.8492,-34.6146],[150.8478,-34.6141],[150.8426,-34.6149],[150.8397,-34.612],[150.8378,-34.6116],[150.8453,-34.589],[150.8452,-34.5866],[150.8442,-34.5849],[150.8373,-34.5811],[150.8317,-34.5766],[150.8221,-34.5729],[150.822,-34.5736],[150.8196,-34.5746],[150.7974,-34.5784],[150.7921,-34.5694],[150.7848,-34.5699],[150.784,-34.5704],[150.7843,-34.5747],[150.7852,-34.5766],[150.7846,-34.5775],[150.7865,-34.5787],[150.7858,-34.5791],[150.7866,-34.5799],[150.7858,-34.5805],[150.7901,-34.5843],[150.7897,-34.5847],[150.7905,-34.5867],[150.7942,-34.5929],[150.7919,-34.5938],[150.792,-34.5946],[150.7971,-34.5954],[150.796,-34.6008],[150.7908,-34.6],[150.7902,-34.6023],[150.7766,-34.6001],[150.7743,-34.6006],[150.7653,-34.5848],[150.7619,-34.5871],[150.7615,-34.5861],[150.7579,-34.5842],[150.7574,-34.5845],[150.758,-34.5853],[150.7552,-34.5863],[150.7528,-34.581],[150.7519,-34.5818],[150.7511,-34.5814],[150.7496,-34.5742],[150.7481,-34.575],[150.7468,-34.5731],[150.7445,-34.5732],[150.7423,-34.5719],[150.7436,-34.5708],[150.7433,-34.57],[150.7398,-34.5682],[150.7441,-34.5653],[150.7459,-34.5628],[150.7456,-34.5615],[150.7438,-34.5618],[150.7438,-34.5596],[150.7456,-34.5586],[150.7512,-34.5595],[150.7512,-34.5568],[150.7534,-34.5571],[150.7543,-34.5555],[150.7579,-34.5562],[150.7564,-34.5579],[150.7614,-34.5593],[150.7583,-34.566],[150.7597,-34.5672],[150.7637,-34.5681],[150.7693,-34.5675],[150.7719,-34.5664],[150.7729,-34.5651],[150.7757,-34.5646],[150.7751,-34.5621],[150.7719,-34.561],[150.7737,-34.5602],[150.7735,-34.5578],[150.7765,-34.5565],[150.7764,-34.5554],[150.7778,-34.5536],[150.7774,-34.5514],[150.7729,-34.5519],[150.7713,-34.5512],[150.7705,-34.5498],[150.7709,-34.5477],[150.7688,-34.5476],[150.7681,-34.5468],[150.7675,-34.5415],[150.7689,-34.5391],[150.7692,-34.5364],[150.7721,-34.5333],[150.7718,-34.5326],[150.7741,-34.5308],[150.7769,-34.53],[150.7796,-34.5244],[150.7818,-34.523],[150.7877,-34.525],[150.7881,-34.5233],[150.7842,-34.5191],[150.7836,-34.5169],[150.7799,-34.5167],[150.7756,-34.5153],[150.7754,-34.5105],[150.7743,-34.5087],[150.7776,-34.5068],[150.7785,-34.5076],[150.7798,-34.5058],[150.7824,-34.505],[150.7828,-34.5037],[150.7834,-34.5045],[150.7849,-34.5042],[150.7865,-34.5016],[150.7846,-34.5006],[150.7849,-34.4991],[150.7836,-34.4993],[150.7824,-34.4981],[150.7884,-34.4972],[150.789,-34.4965],[150.7878,-34.4953],[150.7791,-34.4944],[150.7785,-34.4967],[150.7669,-34.4952],[150.7669,-34.492],[150.7634,-34.4936],[150.7624,-34.5003],[150.756,-34.4995],[150.7567,-34.4954],[150.7511,-34.4965],[150.7497,-34.4934],[150.7545,-34.4931],[150.7572,-34.4942],[150.7582,-34.493],[150.7597,-34.4935],[150.7646,-34.4862],[150.7642,-34.4842],[150.7674,-34.4837],[150.7676,-34.4844],[150.7677,-34.4835],[150.7654,-34.4794],[150.7608,-34.4822],[150.7583,-34.4822],[150.7592,-34.4776],[150.7549,-34.4767],[150.7557,-34.4729],[150.7573,-34.4726],[150.7578,-34.4713],[150.7626,-34.472],[150.7616,-34.4702],[150.7569,-34.4681],[150.7521,-34.4639],[150.7474,-34.4617],[150.7479,-34.4586],[150.7453,-34.4564],[150.7442,-34.4529],[150.7448,-34.4515],[150.7439,-34.45],[150.7442,-34.4465],[150.7489,-34.4432],[150.7533,-34.4436],[150.756,-34.4416],[150.7643,-34.447],[150.7743,-34.4448],[150.7832,-34.4446],[150.7847,-34.4397],[150.7883,-34.4391],[150.7907,-34.4363],[150.7914,-34.4384],[150.7905,-34.4391],[150.7914,-34.4396],[150.787,-34.4421],[150.7867,-34.445],[150.7874,-34.447],[150.7905,-34.443],[150.7917,-34.4427],[150.7951,-34.4452],[150.8021,-34.4465],[150.8018,-34.4475],[150.8133,-34.4494],[150.8158,-34.4385],[150.8023,-34.4363],[150.7999,-34.4374],[150.8,-34.4383],[150.7961,-34.4378],[150.7967,-34.4353],[150.8039,-34.4309],[150.8052,-34.4311],[150.8127,-34.4244],[150.8189,-34.4254],[150.8183,-34.4276],[150.8193,-34.4282],[150.8255,-34.4282],[150.8319,-34.4339],[150.8371,-34.436],[150.8373,-34.4372],[150.8387,-34.4362],[150.8392,-34.4352],[150.8369,-34.4333],[150.8388,-34.432],[150.8401,-34.4334],[150.8415,-34.4324],[150.8382,-34.4306],[150.8429,-34.4284],[150.8407,-34.4228],[150.8442,-34.4211],[150.8456,-34.4193],[150.8422,-34.4143],[150.8364,-34.417],[150.8365,-34.412],[150.8465,-34.4133],[150.847,-34.4109],[150.8497,-34.4113],[150.85,-34.4138],[150.856,-34.4146],[150.8566,-34.4118],[150.8541,-34.4117],[150.8532,-34.4096],[150.8503,-34.4096],[150.8492,-34.4081],[150.8507,-34.4073],[150.8531,-34.4084],[150.8576,-34.407],[150.8584,-34.4071],[150.858,-34.4104],[150.8594,-34.4112],[150.8592,-34.4121],[150.8602,-34.4123],[150.86,-34.413],[150.8614,-34.4132],[150.8605,-34.4113],[150.862,-34.4115],[150.8628,-34.4098],[150.8649,-34.4099],[150.8665,-34.4023],[150.8687,-34.4026],[150.869,-34.4007],[150.8682,-34.3992],[150.8652,-34.3983],[150.8646,-34.3992],[150.8623,-34.3989],[150.8625,-34.3979],[150.8603,-34.3976],[150.8601,-34.3954],[150.8582,-34.395],[150.8589,-34.3921],[150.8579,-34.3875],[150.8596,-34.3811],[150.8616,-34.3778],[150.8815,-34.3801],[150.8815,-34.3782],[150.8846,-34.3778],[150.8837,-34.3767],[150.8841,-34.3758],[150.8863,-34.3771],[150.8866,-34.3752],[150.8837,-34.3751],[150.8833,-34.3745],[150.8842,-34.3731],[150.8868,-34.3745],[150.8886,-34.3669],[150.8874,-34.3661],[150.8876,-34.3652],[150.8886,-34.3653],[150.8889,-34.3631],[150.8958,-34.3636],[150.8959,-34.3627],[150.899,-34.3629],[150.8994,-34.3607],[150.8975,-34.3593],[150.8816,-34.3568],[150.8803,-34.3518],[150.8805,-34.3502],[150.8817,-34.3518],[150.8822,-34.3483],[150.885,-34.3466],[150.886,-34.3476],[150.8856,-34.3496],[150.8875,-34.3519],[150.891,-34.3513],[150.8941,-34.352],[150.8942,-34.3507],[150.8971,-34.3497],[150.8963,-34.3495],[150.8962,-34.3481],[150.8951,-34.3467],[150.8932,-34.3457],[150.8973,-34.3451],[150.8982,-34.3441],[150.8936,-34.3435],[150.8946,-34.3384],[150.8974,-34.337],[150.8963,-34.3368],[150.8966,-34.3348],[150.8968,-34.3343],[150.8987,-34.3346],[150.8995,-34.3301],[150.9103,-34.331],[150.9099,-34.3301],[150.9107,-34.3274],[150.9066,-34.3263],[150.9037,-34.3268],[150.9037,-34.3257],[150.8975,-34.3248],[150.8981,-34.3216],[150.9016,-34.3147],[150.9025,-34.3135],[150.9045,-34.3138],[150.9074,-34.3122],[150.9083,-34.3081],[150.9132,-34.3088],[150.9187,-34.3055],[150.9208,-34.306],[150.9268,-34.3025],[150.9273,-34.3014],[150.9302,-34.3005],[150.9305,-34.299],[150.9347,-34.2961],[150.936,-34.2926],[150.9299,-34.2924],[150.931,-34.2893],[150.9324,-34.289],[150.9368,-34.2816],[150.9424,-34.2769],[150.9434,-34.2734],[150.949,-34.268],[150.957,-34.2651],[150.9579,-34.2645],[150.9584,-34.2621],[150.9618,-34.2613],[150.9644,-34.2513],[150.9634,-34.2484],[150.9617,-34.2491],[150.9615,-34.2454],[150.9642,-34.2449],[150.9688,-34.2415],[150.9768,-34.2399],[150.9812,-34.2364],[150.9852,-34.2366],[150.9854,-34.2343],[150.9822,-34.2317],[150.982,-34.23],[150.9781,-34.2286],[150.9806,-34.2273],[150.9819,-34.2237],[150.9929,-34.2221],[150.9945,-34.224],[150.9964,-34.2245],[150.9964,-34.227],[150.9988,-34.2273],[150.9984,-34.2265],[151.0003,-34.2263],[151.0044,-34.221],[151.0063,-34.2202],[151.0085,-34.2205],[151.0108,-34.2189],[151.0129,-34.2131],[151.019,-34.2076],[151.0213,-34.2041],[151.0258,-34.2028],[151.0331,-34.1961],[151.0386,-34.1949],[151.0393,-34.1921],[151.0418,-34.1912],[151.0424,-34.1889],[151.0453,-34.1862],[151.0471,-34.1866],[151.0529,-34.1846],[151.0548,-34.1852],[151.0536,-34.1835],[151.0542,-34.1805],[151.0557,-34.1804],[151.0575,-34.1783],[151.0608,-34.1789],[151.0615,-34.1776],[151.0632,-34.1768],[151.0631,-34.1744],[151.0698,-34.1698],[151.0725,-34.1684],[151.0746,-34.1693],[151.0764,-34.168],[151.0811,-34.1668],[151.0957,-34.1581],[151.0984,-34.1537],[151.1023,-34.1537],[151.105,-34.1514],[151.1059,-34.1517],[151.1078,-34.1495],[151.1114,-34.148],[151.1127,-34.1463],[151.1101,-34.1455],[151.1131,-34.1443],[151.1163,-34.1445],[151.118,-34.1431],[151.118,-34.1414],[151.1199,-34.1412],[151.1221,-34.1396],[151.1184,-34.1383],[151.1187,-34.137],[151.1209,-34.1375],[151.1234,-34.1366],[151.1279,-34.1379],[151.1292,-34.1307],[151.1301,-34.1295],[151.1317,-34.1291],[151.1323,-34.1273],[151.1346,-34.1263],[151.1357,-34.1233],[151.1374,-34.1233],[151.137,-34.1217],[151.1357,-34.1216],[151.1358,-34.1203],[151.138,-34.1196],[151.1412,-34.1163],[151.1438,-34.1171],[151.1518,-34.1151],[151.1513,-34.1125],[151.1518,-34.1097],[151.1529,-34.1096],[151.1533,-34.1081],[151.1566,-34.1056],[151.1566,-34.1041],[151.1584,-34.1027],[151.1599,-34.0995],[151.1615,-34.0993],[151.1635,-34.098],[151.1634,-34.0966],[151.1657,-34.0959],[151.1652,-34.0956],[151.1657,-34.094],[151.1705,-34.0891],[151.1709,-34.0869],[151.1718,-34.0865],[151.1711,-34.0843],[151.1718,-34.0822],[151.1703,-34.0797],[151.1705,-34.078],[151.1692,-34.0769],[151.1686,-34.0748],[151.1652,-34.0779],[151.166,-34.0797],[151.1647,-34.0812],[151.1617,-34.0815],[151.1571,-34.0801],[151.1593,-34.0812],[151.1568,-34.0931],[151.1529,-34.0926],[151.1536,-34.0893],[151.1504,-34.0888],[151.1493,-34.0869],[151.1479,-34.0884],[151.1484,-34.0862],[151.1473,-34.086],[151.147,-34.0875],[151.1457,-34.0873],[151.1461,-34.0859],[151.1406,-34.0849],[151.1408,-34.0837],[151.1436,-34.0837],[151.142,-34.0808],[151.1397,-34.0825],[151.1363,-34.0812],[151.1332,-34.0735],[151.1328,-34.0751],[151.1338,-34.0772],[151.1339,-34.0808],[151.1325,-34.083],[151.134,-34.0833],[151.1352,-34.0823],[151.1341,-34.0833],[151.1321,-34.0831],[151.131,-34.0844],[151.1295,-34.0871],[151.1297,-34.0896],[151.1257,-34.0901],[151.1242,-34.0922],[151.1216,-34.0925],[151.1244,-34.0918],[151.1239,-34.0899],[151.1246,-34.0888],[151.1283,-34.0871],[151.1312,-34.0833],[151.1328,-34.0824],[151.1333,-34.0808],[151.1276,-34.08],[151.1267,-34.0844],[151.1236,-34.0839],[151.125,-34.0792],[151.1245,-34.0759],[151.1216,-34.0766],[151.1208,-34.0786],[151.1177,-34.0766],[151.1167,-34.0778],[151.1171,-34.0786],[151.1155,-34.0794],[151.1151,-34.0784],[151.1144,-34.0796],[151.1118,-34.0778],[151.1102,-34.0783],[151.1089,-34.082],[151.1075,-34.0831],[151.1054,-34.0833],[151.1053,-34.0823],[151.1021,-34.0838],[151.1001,-34.0839],[151.1004,-34.0861],[151.0992,-34.0896],[151.0975,-34.0875],[151.0942,-34.0872],[151.0926,-34.0883],[151.0898,-34.0868],[151.0868,-34.0896],[151.086,-34.0884],[151.0835,-34.0877],[151.0786,-34.0893],[151.0834,-34.0873],[151.087,-34.0883],[151.0893,-34.0861],[151.0925,-34.0869],[151.0939,-34.0858],[151.0982,-34.0859],[151.0976,-34.0838],[151.0981,-34.0826],[151.1014,-34.0818],[151.1023,-34.0807],[151.1056,-34.0794],[151.1047,-34.0774],[151.1033,-34.077],[151.1039,-34.0758],[151.1034,-34.0749],[151.1062,-34.0718],[151.1032,-34.0691],[151.1011,-34.0694],[151.1024,-34.0666],[151.102,-34.0654],[151.0981,-34.0651],[151.1004,-34.0633],[151.099,-34.0628],[151.0958,-34.058],[151.0938,-34.0602],[151.0933,-34.0632],[151.0903,-34.0646],[151.0915,-34.0671],[151.0884,-34.0696],[151.088,-34.0679],[151.0845,-34.0674],[151.0816,-34.0646],[151.078,-34.0633],[151.0688,-34.0642],[151.0659,-34.0653],[151.063,-34.0646],[151.0595,-34.068],[151.0618,-34.0707],[151.0575,-34.0736],[151.0568,-34.073],[151.0608,-34.0706],[151.0589,-34.0683],[151.0613,-34.0642],[151.0662,-34.0643],[151.0723,-34.0627],[151.0729,-34.0594],[151.0714,-34.0592],[151.0717,-34.0579],[151.0733,-34.0581],[151.0746,-34.0503],[151.0761,-34.05],[151.0715,-34.0468],[151.0716,-34.0456],[151.0698,-34.0456],[151.0672,-34.043],[151.0653,-34.0423],[151.0655,-34.0412],[151.0594,-34.0403],[151.0526,-34.0454],[151.0508,-34.05],[151.0486,-34.0523],[151.021,-34.0633],[151.0159,-34.0666],[151.0123,-34.0721],[151.0116,-34.079],[151.021,-34.0804],[151.0191,-34.0862],[151.0155,-34.089],[151.0083,-34.0879],[150.997,-34.0987],[150.9952,-34.0973],[150.997,-34.0955],[150.9966,-34.0948],[150.9974,-34.0927],[150.9995,-34.0926],[151.0029,-34.0888],[151.0034,-34.0856],[150.9994,-34.0861],[151.0004,-34.0809],[151.0018,-34.0811],[151.0032,-34.0794],[151.0033,-34.0813],[151.0076,-34.0834],[151.0058,-34.0811],[151.0043,-34.0806],[151.0045,-34.0792],[151.0059,-34.0794],[151.006,-34.0772],[151.0027,-34.0772],[151.003,-34.0765],[151.002,-34.0764],[151.002,-34.0751],[151.0039,-34.0752],[151.0044,-34.0739],[151.0039,-34.073],[150.9987,-34.0718],[150.9979,-34.0679],[150.9984,-34.0668],[150.9999,-34.0667],[151.0004,-34.0651],[150.999,-34.0645],[150.9951,-34.0584],[150.9937,-34.0579],[150.9876,-34.0583],[150.9827,-34.0552],[150.9732,-34.0539],[150.9722,-34.0524],[150.9694,-34.0533],[150.9625,-34.0482],[150.9595,-34.0424],[150.9608,-34.0358],[150.9635,-34.03],[150.9687,-34.026],[150.9517,-34.0235],[150.9481,-34.0411],[150.9079,-34.0353],[150.9066,-34.0335],[150.8998,-34.0358],[150.8953,-34.0353],[150.892,-34.0329],[150.8867,-34.0321],[150.8865,-34.0249],[150.8855,-34.0249],[150.8843,-34.0224],[150.8832,-34.0217],[150.8815,-34.023],[150.878,-34.0202],[150.8763,-34.0218],[150.8746,-34.0215],[150.8726,-34.02],[150.8733,-34.0193],[150.8706,-34.0172],[150.8672,-34.0161],[150.862,-34.0289],[150.8557,-34.0341],[150.8518,-34.0428],[150.8532,-34.0429],[150.855,-34.0413],[150.8576,-34.0415],[150.8556,-34.0456],[150.8573,-34.0461],[150.853,-34.0495],[150.8512,-34.049],[150.8502,-34.05],[150.8487,-34.0496],[150.8476,-34.0521],[150.8495,-34.0521],[150.8461,-34.0597],[150.8476,-34.0599],[150.8498,-34.062],[150.8493,-34.066],[150.8509,-34.0702],[150.8497,-34.0765],[150.8457,-34.0759],[150.8447,-34.0806],[150.8413,-34.0805],[150.8348,-34.0862],[150.8332,-34.0852],[150.8343,-34.0867],[150.8266,-34.093],[150.8254,-34.0929],[150.8259,-34.0936],[150.8243,-34.0953],[150.8231,-34.0951],[150.8229,-34.0962],[150.8208,-34.0979],[150.8224,-34.0981],[150.8217,-34.1018],[150.8244,-34.1022],[150.8234,-34.1071],[150.8152,-34.1059],[150.8133,-34.1044],[150.8129,-34.1023],[150.8143,-34.1024],[150.8147,-34.1036],[150.8171,-34.1021],[150.8137,-34.0997],[150.8138,-34.0985],[150.8127,-34.099],[150.8067,-34.0958],[150.8063,-34.0977],[150.8088,-34.0985],[150.8096,-34.1009],[150.8091,-34.1028],[150.8103,-34.1043],[150.8076,-34.1047],[150.8076,-34.1057],[150.8046,-34.1085],[150.8054,-34.109],[150.8051,-34.1114],[150.8038,-34.1119],[150.8022,-34.1112],[150.8018,-34.1118],[150.8047,-34.1126],[150.8054,-34.1136],[150.7997,-34.1183],[150.793,-34.115],[150.7903,-34.1114],[150.7871,-34.111],[150.7863,-34.1148],[150.7829,-34.1144],[150.7811,-34.1151],[150.7804,-34.1121],[150.7809,-34.1091],[150.7861,-34.1095],[150.7861,-34.1061],[150.7824,-34.1038],[150.78,-34.1011],[150.774,-34.0875],[150.7744,-34.085],[150.7782,-34.0821],[150.7774,-34.0814],[150.762,-34.0846],[150.7557,-34.0815],[150.7544,-34.0794],[150.7421,-34.0807],[150.7403,-34.0781],[150.7368,-34.077],[150.7303,-34.0771],[150.727,-34.0785],[150.7202,-34.0777],[150.7154,-34.0788],[150.7066,-34.0776],[150.7085,-34.0795],[150.711,-34.0803],[150.7115,-34.0819],[150.7134,-34.0819],[150.7149,-34.0829],[150.7158,-34.0849],[150.7148,-34.0897],[150.7109,-34.093],[150.7052,-34.0929],[150.7043,-34.1014],[150.6954,-34.1004],[150.6946,-34.0951],[150.6951,-34.0907],[150.6741,-34.0876],[150.6732,-34.0893],[150.6606,-34.087],[150.6499,-34.0827],[150.6489,-34.082],[150.6538,-34.0716],[150.6564,-34.0717],[150.6597,-34.0705],[150.662,-34.0671],[150.6568,-34.0649],[150.6571,-34.0613],[150.6589,-34.0582],[150.6581,-34.0578],[150.658,-34.0559],[150.6598,-34.0551],[150.6605,-34.0536],[150.6605,-34.0514],[150.6621,-34.049],[150.6611,-34.0483],[150.6624,-34.0477],[150.6637,-34.0455],[150.6638,-34.0429],[150.6652,-34.0425],[150.6652,-34.041],[150.6663,-34.0404],[150.6656,-34.0391],[150.6665,-34.0384],[150.6661,-34.0376],[150.6688,-34.036],[150.6685,-34.0338],[150.6692,-34.0338],[150.6701,-34.0322],[150.6694,-34.0316],[150.671,-34.03],[150.6708,-34.0295],[150.6721,-34.0292],[150.6705,-34.0264],[150.6672,-34.028],[150.6611,-34.0273],[150.6575,-34.0231],[150.6668,-34.0194],[150.6696,-34.0198],[150.6693,-34.0185],[150.6709,-34.0189],[150.6723,-34.0186],[150.6722,-34.0178],[150.6744,-34.0178],[150.6767,-34.0134],[150.6776,-34.0135],[150.6782,-34.0112],[150.6846,-34.0119],[150.6837,-34.0147],[150.6897,-34.0145],[150.6925,-34.0152],[150.6929,-34.0139],[150.6929,-34.0151],[150.6954,-34.015],[150.6951,-34.016],[150.7062,-34.0154],[150.7078,-34.011],[150.7026,-34.007],[150.7052,-34.0041],[150.7096,-34.0074],[150.7182,-34.0037],[150.7188,-34.0019],[150.7182,-33.9989],[150.7196,-33.9948],[150.7242,-33.9917],[150.7284,-33.9934],[150.7333,-33.9877],[150.7335,-33.9828],[150.7355,-33.9794],[150.7356,-33.975],[150.7372,-33.9722],[150.7388,-33.9615],[150.7547,-33.9635],[150.7558,-33.9681],[150.7539,-33.9689],[150.7535,-33.9706],[150.7542,-33.9706],[150.7555,-33.9727],[150.7549,-33.9731],[150.7557,-33.9735],[150.7548,-33.9744],[150.7552,-33.9775],[150.7543,-33.9788],[150.7546,-33.9804],[150.7561,-33.9821],[150.7552,-33.985],[150.7567,-33.9869],[150.7555,-33.9878],[150.7567,-33.9901],[150.7556,-33.9919],[150.7569,-33.9934],[150.7561,-33.9941],[150.7562,-33.996],[150.7548,-33.9977],[150.7559,-33.9997],[150.755,-34.0003],[150.7668,-34.0132],[150.785,-33.9967],[150.7889,-33.9915],[150.7991,-33.9822],[150.8095,-33.9759],[150.7997,-33.9691],[150.8061,-33.9628],[150.8101,-33.9657],[150.8137,-33.9613],[150.816,-33.9563],[150.8217,-33.9566],[150.8226,-33.952],[150.7891,-33.948],[150.7898,-33.9462],[150.7885,-33.9434],[150.7882,-33.9381],[150.7866,-33.9358],[150.7872,-33.9304],[150.7882,-33.93],[150.7898,-33.927],[150.7926,-33.9273],[150.7963,-33.9096],[150.7957,-33.9094],[150.7963,-33.9061],[150.8071,-33.9075],[150.8076,-33.9046],[150.8127,-33.9031],[150.8184,-33.9003],[150.8247,-33.9098],[150.8358,-33.9114],[150.8361,-33.9098],[150.8395,-33.9089],[150.8403,-33.9077],[150.8422,-33.9077],[150.8424,-33.909],[150.8432,-33.9091],[150.8442,-33.9071],[150.8467,-33.9061],[150.8444,-33.9019],[150.8371,-33.8965],[150.8405,-33.8965],[150.843,-33.894],[150.841,-33.8932],[150.8441,-33.8913],[150.8417,-33.8899],[150.8419,-33.8884],[150.8397,-33.8874],[150.8406,-33.885],[150.8425,-33.8855],[150.8425,-33.8838],[150.8468,-33.8858],[150.846,-33.8834],[150.8452,-33.8835],[150.8438,-33.882],[150.8445,-33.8806],[150.8438,-33.8788],[150.8445,-33.8779],[150.8424,-33.8762],[150.8446,-33.8747],[150.8475,-33.8624],[150.8292,-33.8599],[150.8301,-33.8589],[150.8285,-33.857],[150.82,-33.8535],[150.8151,-33.8794],[150.8082,-33.8806],[150.8024,-33.8757],[150.7954,-33.8669],[150.7886,-33.8534],[150.7815,-33.845],[150.7809,-33.8309],[150.7762,-33.8222],[150.7757,-33.8127],[150.7683,-33.8012],[150.771,-33.7841],[150.7478,-33.7828],[150.7157,-33.7859],[150.7039,-33.7854],[150.6995,-33.7919],[150.6948,-33.8091],[150.688,-33.8086],[150.6887,-33.8096],[150.6881,-33.8111],[150.6867,-33.8116],[150.6825,-33.8103],[150.6804,-33.807],[150.672,-33.8081],[150.672,-33.8064],[150.67,-33.803],[150.6718,-33.8022],[150.6786,-33.8032],[150.6796,-33.7973],[150.6684,-33.7957],[150.6678,-33.7981],[150.6662,-33.7966],[150.6647,-33.7965],[150.6647,-33.7945],[150.6635,-33.7937],[150.6651,-33.7923],[150.6596,-33.7916],[150.6597,-33.7908],[150.6576,-33.7901],[150.6572,-33.7873],[150.6596,-33.7854],[150.6603,-33.7834],[150.6613,-33.7831],[150.6599,-33.7814],[150.6608,-33.7802],[150.661,-33.7757],[150.6581,-33.7753],[150.659,-33.7748],[150.6557,-33.7728],[150.655,-33.7688],[150.6533,-33.7678],[150.6412,-33.78],[150.6388,-33.7789],[150.6356,-33.7795],[150.6329,-33.7789],[150.6282,-33.7826],[150.6269,-33.7824],[150.6249,-33.7802],[150.6261,-33.7794],[150.6221,-33.7766],[150.62,-33.7784],[150.6205,-33.774],[150.6178,-33.7736],[150.6175,-33.7749],[150.6146,-33.7756],[150.6115,-33.775],[150.6093,-33.7757],[150.6087,-33.7721],[150.6065,-33.7713],[150.6072,-33.7678],[150.6161,-33.769],[150.6163,-33.768],[150.6116,-33.7655],[150.6086,-33.7619],[150.6082,-33.7595],[150.607,-33.758],[150.6012,-33.7569],[150.6022,-33.7519],[150.5922,-33.7505],[150.5971,-33.7252],[150.5951,-33.7249],[150.5946,-33.7276],[150.589,-33.7268],[150.5898,-33.723],[150.5852,-33.7224],[150.5843,-33.7269],[150.576,-33.7258],[150.5754,-33.7288],[150.5708,-33.7281],[150.5729,-33.7177],[150.5702,-33.7173],[150.5689,-33.7243],[150.5643,-33.7237],[150.5654,-33.7177],[150.5641,-33.7175],[150.5638,-33.7194],[150.5623,-33.7192],[150.5616,-33.7227],[150.557,-33.7221],[150.5555,-33.7182],[150.554,-33.7179],[150.5522,-33.7159],[150.5508,-33.7157],[150.5517,-33.7112],[150.5427,-33.7077],[150.5426,-33.7085],[150.5399,-33.7081],[150.539,-33.7129],[150.5412,-33.7131],[150.5407,-33.716],[150.5217,-33.7144],[150.5209,-33.7124],[150.523,-33.7107],[150.5249,-33.7077],[150.523,-33.7074],[150.5248,-33.7064],[150.5228,-33.7045],[150.5238,-33.6993],[150.5286,-33.7],[150.5296,-33.6973],[150.5303,-33.6935],[150.5261,-33.693],[150.5278,-33.6845],[150.533,-33.6852],[150.5349,-33.6761],[150.5417,-33.6771],[150.5425,-33.6732],[150.5477,-33.6739],[150.5484,-33.672],[150.5467,-33.6702],[150.5469,-33.6693],[150.5504,-33.6687],[150.5501,-33.6669],[150.5543,-33.6675],[150.5538,-33.6703],[150.5566,-33.6707],[150.5558,-33.6749],[150.5525,-33.6745],[150.5522,-33.6762],[150.5604,-33.6776],[150.561,-33.6714],[150.5623,-33.6716],[150.5635,-33.6667],[150.5656,-33.667],[150.566,-33.6651],[150.5689,-33.6655],[150.5693,-33.6632],[150.5682,-33.6631],[150.5686,-33.6613],[150.5714,-33.6617],[150.5721,-33.6582],[150.5714,-33.656],[150.5755,-33.6566],[150.5759,-33.6548],[150.5772,-33.6543],[150.5824,-33.6551],[150.5819,-33.6577],[150.585,-33.6582],[150.5842,-33.6624],[150.5868,-33.6627],[150.5889,-33.6603],[150.5886,-33.659],[150.5894,-33.6578],[150.5883,-33.6554],[150.6052,-33.6578],[150.6068,-33.6594],[150.6061,-33.6627],[150.6111,-33.6634],[150.6109,-33.6645],[150.6154,-33.6651],[150.616,-33.6621],[150.6241,-33.6631],[150.6243,-33.6619],[150.6328,-33.6631],[150.6337,-33.6587],[150.6576,-33.6617],[150.6568,-33.6656],[150.6558,-33.6655],[150.6534,-33.6772],[150.654,-33.6773],[150.6533,-33.681],[150.6543,-33.6812],[150.6536,-33.6848],[150.659,-33.6855],[150.6579,-33.677],[150.6593,-33.6725],[150.6684,-33.6736],[150.6686,-33.6723],[150.6761,-33.6733],[150.6732,-33.6871],[150.677,-33.6876],[150.6795,-33.692],[150.6827,-33.6924],[150.6827,-33.6909],[150.6843,-33.6909],[150.6909,-33.6963],[150.6899,-33.6969],[150.6902,-33.6978],[150.6944,-33.7015],[150.6935,-33.7062],[150.6964,-33.7066],[150.6968,-33.7044],[150.7015,-33.6988],[150.7059,-33.6986],[150.7093,-33.6992],[150.7083,-33.7038],[150.7237,-33.7057],[150.7223,-33.7093],[150.7223,-33.712],[150.7231,-33.7136],[150.7253,-33.7153],[150.7264,-33.7152],[150.7265,-33.7143],[150.7311,-33.7149],[150.7314,-33.7131],[150.7486,-33.7154],[150.7485,-33.716],[150.7375,-33.7157],[150.7315,-33.7163],[150.7283,-33.7151],[150.7285,-33.716],[150.7341,-33.7196],[150.7329,-33.7226],[150.7354,-33.7228],[150.7367,-33.7216],[150.7379,-33.7216],[150.7379,-33.7224],[150.7356,-33.7234],[150.7358,-33.7241],[150.7397,-33.7242],[150.7418,-33.7271],[150.7389,-33.7295],[150.7344,-33.7316],[150.7284,-33.7307],[150.7277,-33.7292],[150.7246,-33.7299],[150.7242,-33.7314],[150.7211,-33.7299],[150.7216,-33.7287],[150.7229,-33.7287],[150.7204,-33.7275],[150.7182,-33.7325],[150.7255,-33.7335],[150.7247,-33.7371],[150.7393,-33.7395],[150.7398,-33.7376],[150.7484,-33.7326],[150.7485,-33.729],[150.7528,-33.7244],[150.7551,-33.7244],[150.7576,-33.7256],[150.7577,-33.7354],[150.7507,-33.74],[150.751,-33.7408],[150.7522,-33.7409],[150.7527,-33.7397],[150.7548,-33.7391],[150.7564,-33.741],[150.7592,-33.7415],[150.761,-33.7386],[150.7604,-33.7367],[150.7618,-33.7352],[150.7673,-33.7357],[150.769,-33.7331],[150.7758,-33.7368],[150.7753,-33.7375],[150.7777,-33.7378],[150.7788,-33.74],[150.7796,-33.7335],[150.7768,-33.7328],[150.7765,-33.7344],[150.7754,-33.7343],[150.7758,-33.7321],[150.7769,-33.7323],[150.7772,-33.7298],[150.7751,-33.7295],[150.7754,-33.7278],[150.777,-33.728],[150.7772,-33.727],[150.7797,-33.7273],[150.7799,-33.7261],[150.7774,-33.7257],[150.7779,-33.7241],[150.7801,-33.7249],[150.7802,-33.7241],[150.7836,-33.7221],[150.7837,-33.7212],[150.7821,-33.7197],[150.8135,-33.7239],[150.8167,-33.7072],[150.785,-33.7028],[150.7867,-33.6926],[150.7862,-33.6911],[150.7912,-33.6888],[150.7915,-33.6879],[150.7904,-33.6867],[150.7955,-33.6846],[150.7968,-33.6792],[150.7992,-33.6757],[150.8013,-33.6742],[150.8017,-33.6752],[150.8032,-33.6755],[150.8044,-33.6744],[150.8075,-33.6781],[150.8102,-33.6785],[150.8124,-33.6776],[150.7958,-33.6588],[150.7866,-33.6646],[150.7804,-33.6539],[150.7794,-33.6548],[150.7767,-33.6501],[150.7697,-33.6569],[150.7644,-33.6595],[150.758,-33.6655],[150.7333,-33.6621],[150.7335,-33.6569],[150.7222,-33.6553],[150.725,-33.6408],[150.7363,-33.6424],[150.736,-33.6436],[150.7461,-33.6449],[150.7454,-33.6463],[150.7698,-33.649],[150.7824,-33.6379],[150.7399,-33.6238],[150.742,-33.6121],[150.7429,-33.6109],[150.7339,-33.602],[150.7278,-33.6032],[150.7248,-33.6046],[150.7327,-33.5986],[150.7332,-33.5991],[150.7355,-33.5983],[150.7369,-33.5996],[150.7386,-33.599],[150.7397,-33.6003],[150.7395,-33.5981],[150.7428,-33.5971],[150.7397,-33.5935],[150.7435,-33.5916],[150.7448,-33.5891],[150.7487,-33.5901],[150.748,-33.5925],[150.7507,-33.5938],[150.752,-33.5954],[150.7525,-33.5957],[150.7533,-33.5945],[150.7566,-33.5954],[150.7562,-33.597],[150.7569,-33.5973],[150.7636,-33.5968],[150.7643,-33.5925],[150.7667,-33.5929],[150.7663,-33.595],[150.769,-33.5947],[150.7703,-33.5962],[150.7792,-33.5965],[150.7802,-33.5956],[150.7804,-33.5936],[150.782,-33.5935],[150.7813,-33.5919],[150.7842,-33.591],[150.7844,-33.5928],[150.7883,-33.5957],[150.7895,-33.5982],[150.7989,-33.6071],[150.7994,-33.6086],[150.803,-33.6092],[150.8024,-33.608],[150.8033,-33.6074],[150.8012,-33.6058],[150.8012,-33.6046],[150.8045,-33.6022],[150.8046,-33.6053],[150.8074,-33.6049],[150.8086,-33.6056],[150.8087,-33.6069],[150.8094,-33.6063],[150.8104,-33.6072],[150.8116,-33.6046],[150.8132,-33.6063],[150.8142,-33.604],[150.8185,-33.6045],[150.833,-33.5982],[150.8346,-33.6007],[150.8369,-33.5985],[150.8412,-33.6024],[150.8438,-33.6009],[150.8446,-33.6029],[150.8463,-33.6034],[150.8487,-33.6059],[150.8479,-33.6062],[150.858,-33.6144],[150.8499,-33.6138],[150.8513,-33.6151],[150.8477,-33.6163],[150.8487,-33.6175],[150.8463,-33.6193],[150.8485,-33.6215],[150.8469,-33.6226],[150.8469,-33.6235],[150.8479,-33.6238],[150.8483,-33.6255],[150.8507,-33.6276],[150.8529,-33.6287],[150.8531,-33.63],[150.8585,-33.6324],[150.8576,-33.6357],[150.8596,-33.6356],[150.8617,-33.6367],[150.8626,-33.636],[150.8647,-33.637],[150.8641,-33.6379],[150.8647,-33.6404],[150.8688,-33.64],[150.8704,-33.6406],[150.8691,-33.6427],[150.8729,-33.642],[150.8735,-33.6429],[150.8721,-33.6448],[150.873,-33.6454],[150.8743,-33.6434],[150.8748,-33.6437],[150.8739,-33.646],[150.8767,-33.6482],[150.876,-33.6493],[150.878,-33.6508],[150.9044,-33.6118],[150.915,-33.6168],[150.9177,-33.6173],[150.9232,-33.6198],[150.9201,-33.6244],[150.9242,-33.6264],[150.9088,-33.6456],[150.909,-33.6507],[150.9133,-33.6561],[150.9141,-33.6607],[150.9157,-33.6612],[150.9201,-33.6606],[150.9229,-33.6571],[150.9236,-33.6588],[150.927,-33.6563],[150.9272,-33.655],[150.9298,-33.6561],[150.9287,-33.657],[150.9302,-33.6582],[150.9301,-33.6601],[150.9334,-33.6597],[150.9369,-33.6612],[150.938,-33.6642],[150.9399,-33.666],[150.9427,-33.6674],[150.9468,-33.6682],[150.9472,-33.6712],[150.9491,-33.6739],[150.9517,-33.6741],[150.9531,-33.6757],[150.9562,-33.6761],[150.9573,-33.6777],[150.959,-33.6775],[150.9607,-33.6797],[150.9621,-33.6798],[150.9623,-33.6825],[150.9677,-33.6879],[150.9674,-33.691],[150.9687,-33.6904],[150.9718,-33.692],[150.9753,-33.6909],[150.9819,-33.6919],[150.9822,-33.6905],[150.9869,-33.691],[150.9867,-33.692],[150.9896,-33.6924],[150.9888,-33.6916],[150.9903,-33.6888],[150.9945,-33.6887],[150.9952,-33.6852],[151.0001,-33.6863],[151.0012,-33.6844],[151.0052,-33.6852],[151.0053,-33.6846],[151.0076,-33.6849],[151.0078,-33.6841],[151.0096,-33.6843],[151.0091,-33.6866],[151.0165,-33.6899],[151.0178,-33.689],[151.029,-33.695],[151.0286,-33.696],[151.0302,-33.696],[151.0324,-33.6923],[151.0276,-33.6873],[151.0284,-33.6819],[151.028,-33.6783],[151.0309,-33.68],[151.0304,-33.6809],[151.0369,-33.6846],[151.0409,-33.6879],[151.0424,-33.6881],[151.0444,-33.6907],[151.0447,-33.6925],[151.0446,-33.6937],[151.0397,-33.6943],[151.0413,-33.6953],[151.0406,-33.6971],[151.037,-33.6972],[151.0338,-33.6955],[151.0326,-33.697],[151.0339,-33.6978],[151.0313,-33.7002],[151.0337,-33.7015],[151.0328,-33.7026],[151.0314,-33.7019],[151.029,-33.7049],[151.0306,-33.7057],[151.0333,-33.7094],[151.0283,-33.7092],[151.0278,-33.7081],[151.0247,-33.7102],[151.0251,-33.7111],[151.0282,-33.7108],[151.0288,-33.7122],[151.0306,-33.7122],[151.0312,-33.7113],[151.0349,-33.7119],[151.0362,-33.7103],[151.0389,-33.7114],[151.0425,-33.707],[151.0452,-33.7086],[151.0481,-33.7063],[151.0548,-33.7067],[151.055,-33.7056],[151.0576,-33.7053],[151.0593,-33.7038],[151.0668,-33.7042],[151.0682,-33.7022],[151.0699,-33.7027],[151.0723,-33.701],[151.0717,-33.6994],[151.0742,-33.6992],[151.0758,-33.6978],[151.0778,-33.6978],[151.0775,-33.696],[151.0811,-33.6938],[151.082,-33.6939],[151.0809,-33.696],[151.0813,-33.6994],[151.0807,-33.6999],[151.0834,-33.7002],[151.0832,-33.7013],[151.0858,-33.7006],[151.097,-33.7021],[151.0969,-33.7006],[151.096,-33.7005],[151.0966,-33.6991],[151.0955,-33.699],[151.0962,-33.696],[151.0888,-33.6949],[151.0884,-33.6969],[151.085,-33.6964],[151.0861,-33.6909],[151.0929,-33.6915],[151.0918,-33.691],[151.0924,-33.6904],[151.0913,-33.6902],[151.0924,-33.6847],[151.0913,-33.685],[151.0911,-33.6842],[151.0886,-33.684],[151.0883,-33.6833],[151.0908,-33.6818],[151.0953,-33.683],[151.0954,-33.6808],[151.0979,-33.6793],[151.0963,-33.6783],[151.0973,-33.6772],[151.096,-33.6755],[151.0964,-33.674],[151.0939,-33.6737],[151.093,-33.6757],[151.0896,-33.6754],[151.0898,-33.6737],[151.0929,-33.6733],[151.0933,-33.6712],[151.0948,-33.6701],[151.0945,-33.6696],[151.092,-33.6706],[151.0894,-33.6686],[151.0907,-33.6667],[151.0901,-33.6647],[151.0913,-33.6649],[151.0918,-33.6606],[151.0926,-33.6607],[151.0928,-33.6596],[151.0995,-33.6573],[151.0991,-33.6536],[151.1005,-33.6544],[151.1007,-33.6564],[151.1039,-33.6559],[151.1048,-33.6549],[151.1035,-33.6531],[151.1035,-33.6518],[151.1019,-33.6516],[151.1055,-33.6438],[151.109,-33.6448],[151.1086,-33.6415],[151.1093,-33.6409],[151.1113,-33.6414],[151.1104,-33.6431],[151.1116,-33.6452],[151.11,-33.6457],[151.1086,-33.6472],[151.1089,-33.6504],[151.1111,-33.6509],[151.1162,-33.645],[151.1176,-33.6453],[151.1203,-33.6429],[151.1204,-33.6411],[151.1192,-33.6399],[151.1177,-33.6358],[151.1186,-33.6323],[151.1203,-33.6307],[151.1194,-33.628],[151.12,-33.6271],[151.1191,-33.6261],[151.1241,-33.6209],[151.1241,-33.6184],[151.1274,-33.6195],[151.1297,-33.6218],[151.1302,-33.6255],[151.1314,-33.6271],[151.1311,-33.6296],[151.1323,-33.6321],[151.1349,-33.6334],[151.1371,-33.6333],[151.1363,-33.6367],[151.1374,-33.6407],[151.1382,-33.64],[151.1384,-33.6381],[151.1411,-33.6362],[151.1401,-33.6346],[151.1414,-33.6337],[151.1412,-33.6329],[151.1424,-33.6328],[151.1429,-33.6306],[151.1413,-33.6302],[151.1359,-33.6312],[151.135,-33.6293],[151.1353,-33.6277],[151.1366,-33.6272],[151.1386,-33.6285],[151.1422,-33.6279],[151.1426,-33.6287],[151.1436,-33.6274],[151.1406,-33.6249],[151.1398,-33.6233],[151.1466,-33.6232],[151.1461,-33.6214],[151.1468,-33.6204],[151.145,-33.6191],[151.1421,-33.6193],[151.1406,-33.6176],[151.1381,-33.6183],[151.1365,-33.6175],[151.132,-33.6191],[151.1293,-33.6174],[151.1303,-33.616],[151.1321,-33.6164],[151.1333,-33.6156],[151.1332,-33.6149],[151.1321,-33.6147],[151.1324,-33.6133],[151.1306,-33.6132],[151.1293,-33.6122],[151.1294,-33.6112],[151.1335,-33.6119],[151.1354,-33.6113],[151.1345,-33.6102],[151.135,-33.6078],[151.1318,-33.6077],[151.13,-33.6059],[151.1328,-33.6063],[151.134,-33.6053],[151.1327,-33.6014],[151.131,-33.6003],[151.1313,-33.5997],[151.1345,-33.6006],[151.1368,-33.5994],[151.1374,-33.6002],[151.134,-33.602],[151.1348,-33.6048],[151.137,-33.604],[151.1397,-33.6047],[151.1411,-33.6028],[151.1463,-33.6051],[151.148,-33.604],[151.1496,-33.6049],[151.1471,-33.6062],[151.1456,-33.6061],[151.1449,-33.6081],[151.143,-33.6086],[151.1449,-33.6091],[151.146,-33.6086],[151.1477,-33.6096],[151.148,-33.61],[151.1465,-33.611],[151.1466,-33.6133],[151.1482,-33.6133],[151.149,-33.6117],[151.1514,-33.6119],[151.1518,-33.6132],[151.1534,-33.6115],[151.1545,-33.6117],[151.156,-33.615],[151.1589,-33.6158],[151.158,-33.6163],[151.1578,-33.617],[151.1585,-33.6171],[151.1578,-33.6182],[151.1587,-33.6184],[151.1574,-33.6203],[151.1491,-33.6266],[151.1487,-33.6324],[151.1432,-33.6411],[151.1379,-33.6432],[151.1366,-33.6445],[151.1374,-33.6486],[151.1366,-33.6515],[151.1417,-33.6521],[151.1401,-33.6588],[151.1359,-33.6582],[151.1353,-33.6616],[151.133,-33.6612],[151.1326,-33.6635],[151.1276,-33.6628],[151.1265,-33.6615],[151.1208,-33.6672],[151.1178,-33.681],[151.1203,-33.6813],[151.1212,-33.6943],[151.1247,-33.6948],[151.1252,-33.6959],[151.1266,-33.6961],[151.1258,-33.699],[151.1265,-33.6992],[151.1271,-33.7015],[151.1286,-33.7017],[151.1258,-33.7037],[151.1254,-33.706],[151.1263,-33.7061],[151.1281,-33.704],[151.1327,-33.7047],[151.133,-33.703],[151.1341,-33.7033],[151.135,-33.7061],[151.1357,-33.7042],[151.1388,-33.7052],[151.1398,-33.7047],[151.14,-33.706],[151.1392,-33.707],[151.1384,-33.7068],[151.1388,-33.7072],[151.1441,-33.7087],[151.1424,-33.7059],[151.1422,-33.7012],[151.1405,-33.6978],[151.1408,-33.6971],[151.145,-33.6976],[151.1468,-33.6884],[151.1556,-33.6896],[151.1537,-33.6988],[151.1729,-33.7016],[151.1739,-33.6998],[151.1763,-33.6979],[151.1884,-33.6985],[151.1914,-33.7027],[151.1903,-33.709],[151.1945,-33.7099],[151.2022,-33.7078],[151.2063,-33.7038],[151.2101,-33.702],[151.2067,-33.6987],[151.2069,-33.698],[151.2096,-33.698],[151.2102,-33.696],[151.2121,-33.6968],[151.2136,-33.6927],[151.2168,-33.6892],[151.2154,-33.6878],[151.2095,-33.6886],[151.2072,-33.6877],[151.205,-33.6879],[151.2044,-33.6872],[151.2056,-33.6858],[151.206,-33.683],[151.2052,-33.6823],[151.2031,-33.6823],[151.1997,-33.6849],[151.196,-33.6849],[151.1931,-33.6859],[151.1927,-33.6833],[151.1941,-33.6794],[151.1936,-33.6785],[151.1905,-33.6826],[151.189,-33.682],[151.1876,-33.6846],[151.1798,-33.6836],[151.1772,-33.6848],[151.1744,-33.6873],[151.1741,-33.686],[151.1761,-33.6832],[151.1756,-33.6813],[151.1737,-33.6813],[151.1736,-33.6803],[151.1759,-33.6803],[151.1769,-33.6792],[151.1764,-33.6771],[151.1737,-33.6756],[151.1735,-33.6729],[151.1788,-33.6731],[151.1801,-33.6714],[151.1767,-33.671],[151.1916,-33.6626],[151.1933,-33.6646],[151.1975,-33.6621],[151.2007,-33.6658],[151.1995,-33.6668],[151.2019,-33.6697],[151.2045,-33.6703],[151.2044,-33.6727],[151.2128,-33.6744],[151.2129,-33.6771],[151.2156,-33.6782],[151.216,-33.6766],[151.2233,-33.6774],[151.2268,-33.676],[151.2283,-33.6773],[151.23,-33.6776],[151.2327,-33.676],[151.2328,-33.6725],[151.2386,-33.6732],[151.2345,-33.6814],[151.2349,-33.6827],[151.233,-33.6844],[151.2381,-33.6877],[151.2387,-33.6878],[151.2401,-33.6849],[151.2443,-33.6832],[151.2445,-33.6823],[151.2477,-33.6819],[151.2528,-33.6725],[151.2547,-33.6641],[151.2581,-33.6613],[151.2625,-33.6601],[151.2646,-33.6582],[151.2698,-33.6562],[151.2698,-33.6557],[151.2737,-33.6555],[151.2746,-33.6512],[151.2733,-33.6491],[151.2755,-33.6464],[151.2746,-33.6451],[151.2811,-33.6419],[151.2779,-33.6395],[151.2783,-33.639],[151.2769,-33.639],[151.2768,-33.6381],[151.2819,-33.6381],[151.2825,-33.6363],[151.2781,-33.6371],[151.277,-33.6358],[151.2741,-33.6349],[151.2747,-33.634],[151.2732,-33.6326],[151.2704,-33.6315],[151.2784,-33.6334],[151.2794,-33.6327],[151.2814,-33.6329],[151.2821,-33.6317],[151.2841,-33.6317],[151.2837,-33.6294],[151.287,-33.6304],[151.2905,-33.6285],[151.2882,-33.628],[151.2832,-33.624],[151.2829,-33.6219],[151.2873,-33.6228],[151.2905,-33.6197],[151.2918,-33.6218],[151.2945,-33.6229],[151.2987,-33.6209],[151.3011,-33.6216],[151.3028,-33.6207],[151.3019,-33.6176],[151.3003,-33.6152],[151.3006,-33.6142],[151.3033,-33.6121],[151.3017,-33.6102],[151.3043,-33.6065],[151.3044,-33.6032],[151.3027,-33.6025],[151.3003,-33.6029],[151.2955,-33.6059],[151.2934,-33.6062],[151.2925,-33.6053],[151.2992,-33.5971],[151.2997,-33.5973],[151.3002,-33.595],[151.3031,-33.5947],[151.3009,-33.5908],[151.3022,-33.5877],[151.3045,-33.5879],[151.3068,-33.5868],[151.307,-33.5845],[151.3096,-33.5835],[151.3091,-33.5815],[151.3109,-33.5797],[151.309,-33.5763],[151.308,-33.5755],[151.3059,-33.576],[151.3023,-33.5735],[151.2981,-33.5724],[151.2962,-33.5731],[151.2923,-33.5719],[151.2894,-33.5736],[151.2878,-33.573],[151.2864,-33.5733],[151.2848,-33.5722],[151.2829,-33.5738],[151.2829,-33.5778],[151.2812,-33.58],[151.2765,-33.5829],[151.274,-33.5822],[151.2723,-33.583],[151.273,-33.589],[151.2686,-33.5861],[151.2608,-33.59],[151.2502,-33.5879],[151.249,-33.5901],[151.2505,-33.5935],[151.2587,-33.5933],[151.2587,-33.5953],[151.2626,-33.5977],[151.2609,-33.5995],[151.2598,-33.5982],[151.2563,-33.5968],[151.2519,-33.5981],[151.2525,-33.6013],[151.2561,-33.6041],[151.2567,-33.6054],[151.2543,-33.6037],[151.2484,-33.6022],[151.2467,-33.6025],[151.2461,-33.5995],[151.2465,-33.5966],[151.2435,-33.5944],[151.2427,-33.5949],[151.2434,-33.5978],[151.2424,-33.5998],[151.2412,-33.6004],[151.2391,-33.5997],[151.2368,-33.6026],[151.234,-33.602],[151.2316,-33.6036],[151.2303,-33.6019],[151.2284,-33.6014],[151.2286,-33.5994],[151.2272,-33.5986],[151.2246,-33.6002],[151.2232,-33.6038],[151.2218,-33.6011],[151.2198,-33.5994],[151.2183,-33.6007],[151.2184,-33.6018],[151.2225,-33.6073],[151.225,-33.6066],[151.226,-33.6075],[151.2264,-33.6085],[151.2237,-33.6088],[151.2249,-33.6144],[151.2289,-33.6182],[151.2236,-33.617],[151.2224,-33.6145],[151.2226,-33.6125],[151.2207,-33.6098],[151.2185,-33.6091],[151.2166,-33.6106],[151.2156,-33.6128],[151.2135,-33.6125],[151.2074,-33.6155],[151.2045,-33.6157],[151.2032,-33.6175],[151.2006,-33.6184],[151.2001,-33.6205],[151.1984,-33.6199],[151.1961,-33.6222],[151.1912,-33.6224],[151.1879,-33.6216],[151.1855,-33.6224],[151.1824,-33.626],[151.1822,-33.6281],[151.1799,-33.6259],[151.1758,-33.6272],[151.1746,-33.6262],[151.1733,-33.6263],[151.1734,-33.632],[151.1704,-33.6336],[151.1692,-33.637],[151.1696,-33.6381],[151.1717,-33.639],[151.1722,-33.6403],[151.1709,-33.6394],[151.1688,-33.6394],[151.1668,-33.6378],[151.1651,-33.6391],[151.1656,-33.6417],[151.1646,-33.6436],[151.1657,-33.6459],[151.1648,-33.6483],[151.1667,-33.651],[151.1632,-33.6494],[151.1608,-33.6507],[151.1613,-33.6541],[151.1639,-33.6559],[151.164,-33.6582],[151.1597,-33.6605],[151.1617,-33.6575],[151.1598,-33.6556],[151.1587,-33.6523],[151.1559,-33.6524],[151.1553,-33.6518],[151.1494,-33.6555],[151.1531,-33.6525],[151.1586,-33.6505],[151.163,-33.6465],[151.1624,-33.6455],[151.1592,-33.6453],[151.1618,-33.6443],[151.1623,-33.642],[151.1585,-33.6411],[151.1616,-33.6401],[151.1638,-33.6368],[151.1623,-33.6359],[151.1665,-33.6346],[151.1677,-33.6318],[151.17,-33.6304],[151.1704,-33.6291],[151.1699,-33.6276],[151.1655,-33.6275],[151.1639,-33.6259],[151.1666,-33.6266],[151.1698,-33.6254],[151.1712,-33.6238],[151.1753,-33.6229],[151.1756,-33.6202],[151.1769,-33.6204],[151.1768,-33.6212],[151.178,-33.6221],[151.1804,-33.6224],[151.1824,-33.6202],[151.1872,-33.6179],[151.1943,-33.6187],[151.1954,-33.6169],[151.1987,-33.6149],[151.1949,-33.6122],[151.2014,-33.6123],[151.2034,-33.6116],[151.2035,-33.6104],[151.2056,-33.6091],[151.2084,-33.6105],[151.2105,-33.6085],[151.2131,-33.6079],[151.2136,-33.6063],[151.2128,-33.6054],[151.2131,-33.6017],[151.2079,-33.5997],[151.2112,-33.5995],[151.2138,-33.5967],[151.2107,-33.5959],[151.2091,-33.594],[151.2068,-33.5939],[151.205,-33.5928],[151.2037,-33.5932],[151.2014,-33.5963],[151.2021,-33.5923],[151.199,-33.5927],[151.1954,-33.5909],[151.193,-33.5922],[151.1891,-33.5928],[151.1863,-33.5921],[151.1885,-33.5926],[151.1918,-33.5917],[151.1929,-33.5905],[151.1923,-33.5891],[151.1995,-33.5905],[151.2018,-33.5899],[151.2089,-33.591],[151.2113,-33.59],[151.2134,-33.5925],[151.2158,-33.5926],[151.2195,-33.5943],[151.2206,-33.594],[151.2195,-33.5925],[151.2202,-33.5916],[151.2234,-33.5924],[151.2245,-33.5938],[151.2253,-33.5933],[151.2252,-33.5918],[151.2279,-33.5932],[151.2328,-33.594],[151.2335,-33.5935],[151.2333,-33.5901],[151.2354,-33.5897],[151.2372,-33.5876],[151.2375,-33.5859],[151.2421,-33.5848],[151.2425,-33.5837],[151.244,-33.5828],[151.2432,-33.5812],[151.2451,-33.5794],[151.247,-33.5792],[151.2469,-33.5783],[151.2441,-33.5764],[151.243,-33.5733],[151.2409,-33.5733],[151.2403,-33.5726],[151.2403,-33.5704],[151.242,-33.5699],[151.2345,-33.5656],[151.231,-33.5614],[151.2298,-33.5624],[151.229,-33.5652],[151.2256,-33.5674],[151.2265,-33.5706],[151.2247,-33.5708],[151.2235,-33.5722],[151.2241,-33.575],[151.2219,-33.5759],[151.2211,-33.5735],[151.2153,-33.5717],[151.2129,-33.5727],[151.2141,-33.5692],[151.2115,-33.5681],[151.2112,-33.5672],[151.2139,-33.5666],[151.2201,-33.5703],[151.2218,-33.5698],[151.2221,-33.5687],[151.221,-33.5665],[151.2187,-33.5649],[151.2196,-33.5633],[151.2237,-33.562],[151.2241,-33.5601],[151.2256,-33.559],[151.2255,-33.5577],[151.2231,-33.5557],[151.2279,-33.5548],[151.2289,-33.5528],[151.2209,-33.5517],[151.2211,-33.5504],[151.2166,-33.5497],[151.2167,-33.5487],[151.2087,-33.5507],[151.2053,-33.5501],[151.2022,-33.5519],[151.1978,-33.5525],[151.1949,-33.552],[151.1975,-33.5495],[151.1969,-33.5476],[151.1989,-33.5413],[151.1934,-33.5401],[151.1882,-33.5365],[151.1861,-33.5368],[151.1866,-33.5347],[151.1851,-33.5293],[151.1801,-33.5264],[151.18,-33.5257],[151.1812,-33.5254],[151.1775,-33.5181],[151.177,-33.5147],[151.1756,-33.514],[151.1746,-33.515],[151.1725,-33.5242],[151.1698,-33.5267],[151.1642,-33.5291],[151.1637,-33.5323],[151.1654,-33.5355],[151.1701,-33.5386],[151.1685,-33.5391],[151.1675,-33.5379],[151.1605,-33.5342],[151.1584,-33.5346],[151.1549,-33.5337],[151.1502,-33.5354],[151.1489,-33.5368],[151.1486,-33.5398],[151.1517,-33.5405],[151.1549,-33.5429],[151.1551,-33.5462],[151.1585,-33.5491],[151.1627,-33.5501],[151.1653,-33.5517],[151.1671,-33.5563],[151.1696,-33.5585],[151.1666,-33.557],[151.1639,-33.5533],[151.1618,-33.5518],[151.158,-33.5525],[151.1534,-33.5498],[151.1518,-33.5514],[151.1511,-33.5532],[151.1521,-33.554],[151.1515,-33.5557],[151.1521,-33.5577],[151.1543,-33.5598],[151.1598,-33.5621],[151.1576,-33.5642],[151.1551,-33.5648],[151.1592,-33.5682],[151.1583,-33.5692],[151.1554,-33.5687],[151.1554,-33.5702],[151.1581,-33.5736],[151.1617,-33.5747],[151.1622,-33.5758],[151.1615,-33.5749],[151.157,-33.5744],[151.1561,-33.5729],[151.1511,-33.57],[151.1502,-33.5686],[151.1463,-33.5722],[151.1425,-33.5715],[151.1409,-33.5731],[151.1394,-33.5723],[151.1395,-33.571],[151.1364,-33.5718],[151.1336,-33.571],[151.1332,-33.5752],[151.1352,-33.5774],[151.1355,-33.579],[151.1369,-33.5793],[151.1361,-33.5809],[151.1384,-33.5813],[151.1416,-33.5835],[151.1462,-33.5828],[151.1437,-33.5836],[151.1443,-33.5871],[151.1433,-33.5838],[151.1407,-33.5845],[151.1368,-33.5831],[151.1348,-33.5842],[151.1321,-33.5814],[151.1303,-33.584],[151.1287,-33.5836],[151.126,-33.5849],[151.1266,-33.5887],[151.1235,-33.5858],[151.1216,-33.5889],[151.1191,-33.5887],[151.119,-33.5915],[151.1222,-33.5924],[151.1245,-33.5949],[151.1257,-33.6003],[151.1202,-33.5993],[151.1199,-33.5984],[151.1223,-33.598],[151.1227,-33.5965],[151.1206,-33.5944],[151.1186,-33.5943],[151.117,-33.5926],[151.116,-33.5874],[151.1116,-33.5885],[151.1097,-33.5901],[151.1097,-33.5883],[151.1086,-33.5876],[151.1028,-33.5878],[151.1045,-33.5867],[151.1075,-33.5862],[151.1112,-33.5869],[151.1147,-33.5855],[151.1201,-33.586],[151.1223,-33.5834],[151.125,-33.5825],[151.1251,-33.5818],[151.1278,-33.5807],[151.129,-33.5792],[151.1315,-33.5784],[151.1296,-33.5774],[151.1304,-33.573],[151.1285,-33.5719],[151.131,-33.5679],[151.134,-33.5672],[151.137,-33.5678],[151.1415,-33.566],[151.1443,-33.5677],[151.1443,-33.5652],[151.1422,-33.5647],[151.1446,-33.5637],[151.1463,-33.5654],[151.1476,-33.5656],[151.1485,-33.5641],[151.1506,-33.5635],[151.1515,-33.5622],[151.1508,-33.561],[151.149,-33.5605],[151.1482,-33.5581],[151.1465,-33.5579],[151.1471,-33.5508],[151.1484,-33.548],[151.1471,-33.5468],[151.1477,-33.544],[151.1449,-33.5421],[151.1436,-33.5421],[151.1409,-33.5446],[151.141,-33.5477],[151.1388,-33.5505],[151.1369,-33.5497],[151.1324,-33.5502],[151.1313,-33.5492],[151.1337,-33.5489],[151.1376,-33.5464],[151.1326,-33.5434],[151.1295,-33.5429],[151.1283,-33.5416],[151.1248,-33.5431],[151.1208,-33.5432],[151.1195,-33.5457],[151.117,-33.5462],[151.1187,-33.5427],[151.1216,-33.5405],[151.1223,-33.5412],[151.1237,-33.5409],[151.1271,-33.5376],[151.1316,-33.5403],[151.1343,-33.5403],[151.136,-33.5417],[151.1376,-33.542],[151.1405,-33.5388],[151.1405,-33.5355],[151.1418,-33.5343],[151.1411,-33.5321],[151.1434,-33.5298],[151.143,-33.5289],[151.1387,-33.5287],[151.1375,-33.5279],[151.1358,-33.5223],[151.1327,-33.5261],[151.1308,-33.527],[151.1292,-33.5292],[151.1264,-33.5311],[151.1279,-33.5269],[151.1315,-33.5227],[151.1313,-33.5193],[151.1217,-33.5215],[151.1225,-33.5188],[151.1194,-33.513],[151.1153,-33.5097],[151.1118,-33.5089],[151.1114,-33.507],[151.1133,-33.5054],[151.117,-33.5047],[151.1223,-33.5043],[151.1302,-33.5051],[151.1305,-33.5059],[151.1232,-33.5084],[151.1213,-33.5106],[151.1212,-33.5119],[151.1233,-33.5158],[151.1255,-33.5178],[151.1278,-33.5172],[151.1293,-33.5133],[151.1338,-33.5134],[151.1362,-33.5147],[151.1355,-33.5178],[151.1379,-33.5184],[151.1391,-33.5197],[151.1408,-33.5244],[151.1451,-33.5222],[151.1485,-33.523],[151.1504,-33.5208],[151.1528,-33.5228],[151.1532,-33.5245],[151.1539,-33.5239],[151.1545,-33.5223],[151.1533,-33.5209],[151.1545,-33.5197],[151.1535,-33.5179],[151.1522,-33.5174],[151.1533,-33.5147],[151.1525,-33.5088],[151.1534,-33.5026],[151.1553,-33.499],[151.1539,-33.4977],[151.1461,-33.4958],[151.1425,-33.4966],[151.1352,-33.4921],[151.1321,-33.4928],[151.1313,-33.4913],[151.1337,-33.4897],[151.1345,-33.4881],[151.1368,-33.4888],[151.1384,-33.4907],[151.1433,-33.491],[151.146,-33.485],[151.1481,-33.4826],[151.1502,-33.4747],[151.1527,-33.4735],[151.1556,-33.4674],[151.1546,-33.4653],[151.1538,-33.4651],[151.1491,-33.4708],[151.1463,-33.473],[151.1422,-33.4748],[151.1384,-33.4754],[151.1355,-33.4748],[151.1309,-33.4721],[151.126,-33.4667],[151.1246,-33.4664],[151.126,-33.4674],[151.1255,-33.4677],[151.1224,-33.4666],[151.1209,-33.4682],[151.1236,-33.4684],[151.1235,-33.4694],[151.1173,-33.4708],[151.1143,-33.4725],[151.1137,-33.4734],[151.1144,-33.4735],[151.1132,-33.4748],[151.1087,-33.4774],[151.1051,-33.4833],[151.1022,-33.4842],[151.0976,-33.4835],[151.09,-33.4806],[151.0847,-33.4738],[151.0799,-33.455],[151.0798,-33.4488],[151.0781,-33.4482],[151.0766,-33.4495],[151.0764,-33.452],[151.0783,-33.4555],[151.0786,-33.4581],[151.0771,-33.4608],[151.0719,-33.463],[151.0719,-33.4614],[151.0684,-33.4601],[151.0691,-33.4569],[151.0704,-33.4586],[151.0734,-33.4602],[151.0746,-33.4598],[151.0756,-33.4582],[151.0741,-33.4571],[151.073,-33.4525],[151.0728,-33.4492],[151.0735,-33.4476],[151.0757,-33.4459],[151.0786,-33.4451],[151.0812,-33.4471],[151.0861,-33.4556],[151.0878,-33.4664],[151.0911,-33.4761],[151.0934,-33.479],[151.0971,-33.4803],[151.1016,-33.4807],[151.1021,-33.4797],[151.1049,-33.4786],[151.1067,-33.4748],[151.1064,-33.4733],[151.107,-33.4734],[151.1065,-33.473],[151.1074,-33.4709],[151.1148,-33.4638],[151.1227,-33.4625],[151.1281,-33.4645],[151.1358,-33.4693],[151.1384,-33.4697],[151.1403,-33.469],[151.1422,-33.4659],[151.1412,-33.4651],[151.1412,-33.4639],[151.1431,-33.4602],[151.1462,-33.4599],[151.1466,-33.4614],[151.1482,-33.4612],[151.1479,-33.4587],[151.1455,-33.4547],[151.1457,-33.4479],[151.1522,-33.4481],[151.1566,-33.4409],[151.1586,-33.4392],[151.1589,-33.4367],[151.1605,-33.4363],[151.1619,-33.4369],[151.1642,-33.4342],[151.1654,-33.4302],[151.1637,-33.4271],[151.1664,-33.4267],[151.1669,-33.4285],[151.1688,-33.4285],[151.1688,-33.4301],[151.1709,-33.4312],[151.1701,-33.4351],[151.1729,-33.4381],[151.1689,-33.4394],[151.1668,-33.4423],[151.1631,-33.4415],[151.1614,-33.444],[151.1597,-33.4503],[151.1533,-33.4551],[151.1531,-33.4563],[151.1543,-33.4573],[151.1517,-33.4595],[151.1568,-33.4593],[151.1598,-33.4599],[151.1643,-33.4634],[151.1656,-33.4654],[151.1668,-33.4658],[151.1661,-33.4665],[151.17,-33.4676],[151.1709,-33.4693],[151.1721,-33.4695],[151.1709,-33.4705],[151.1697,-33.4692],[151.165,-33.4681],[151.1623,-33.4704],[151.1534,-33.4874],[151.1539,-33.4886],[151.1598,-33.4883],[151.1625,-33.4931],[151.1628,-33.4992],[151.1602,-33.5038],[151.1598,-33.5109],[151.1623,-33.5147],[151.1638,-33.5154],[151.1655,-33.5142],[151.1658,-33.5106],[151.1683,-33.5048],[151.1704,-33.5021],[151.1733,-33.5007],[151.1819,-33.5008],[151.1885,-33.5092],[151.1914,-33.5081],[151.1946,-33.5086],[151.1947,-33.5076],[151.1972,-33.5067],[151.1951,-33.5051],[151.195,-33.4992],[151.1936,-33.4953],[151.1946,-33.4918],[151.1933,-33.4895],[151.1919,-33.4888],[151.1945,-33.4894],[151.1957,-33.4889],[151.1977,-33.4861],[151.1995,-33.4853],[151.2023,-33.4825],[151.2028,-33.4808],[151.2021,-33.4777],[151.2059,-33.4776],[151.2083,-33.4756],[151.2102,-33.4768],[151.2147,-33.4705],[151.2154,-33.474],[151.2185,-33.4739],[151.2209,-33.4728],[151.2203,-33.4752],[151.2212,-33.4761],[151.2241,-33.4751],[151.2262,-33.4755],[151.2286,-33.4727],[151.232,-33.4731],[151.2326,-33.4713],[151.2317,-33.4687],[151.2285,-33.4664],[151.2313,-33.4625],[151.2309,-33.4571],[151.2293,-33.4563],[151.2301,-33.4563],[151.23,-33.455],[151.2333,-33.4552],[151.2341,-33.4536],[151.2375,-33.4538],[151.2336,-33.4578],[151.234,-33.4629],[151.2327,-33.4653],[151.2348,-33.4676],[151.2371,-33.4685],[151.2345,-33.4695],[151.2356,-33.4714],[151.235,-33.4737],[151.2372,-33.4752],[151.2363,-33.4753],[151.2377,-33.4756],[151.2335,-33.4755],[151.2302,-33.4765],[151.2324,-33.479],[151.2324,-33.4799],[151.2298,-33.4787],[151.2281,-33.4792],[151.225,-33.4782],[151.2244,-33.4794],[151.2232,-33.4795],[151.2223,-33.4806],[151.2207,-33.4803],[151.2174,-33.4768],[151.2143,-33.4764],[151.2121,-33.4806],[151.2127,-33.4862],[151.2119,-33.4844],[151.2099,-33.4827],[151.2067,-33.4812],[151.205,-33.4843],[151.1981,-33.4914],[151.1977,-33.4959],[151.2002,-33.4989],[151.1993,-33.5024],[151.2018,-33.5033],[151.2032,-33.5048],[151.2015,-33.5089],[151.2062,-33.509],[151.2076,-33.5136],[151.2104,-33.5133],[151.2102,-33.5212],[151.2128,-33.5208],[151.2186,-33.5224],[151.2195,-33.5206],[151.2253,-33.5214],[151.2277,-33.5237],[151.227,-33.5268],[151.2254,-33.5285],[151.2255,-33.5299],[151.2267,-33.5305],[151.2289,-33.5299],[151.2314,-33.5232],[151.2328,-33.5152],[151.231,-33.5086],[151.2314,-33.5074],[151.2397,-33.5043],[151.2425,-33.4977],[151.2471,-33.4966],[151.2495,-33.4942],[151.2558,-33.4938],[151.2628,-33.4862],[151.2657,-33.4849],[151.2632,-33.4872],[151.2639,-33.4888],[151.262,-33.49],[151.2629,-33.4918],[151.2606,-33.4925],[151.2602,-33.4939],[151.2588,-33.4945],[151.2586,-33.4958],[151.2575,-33.4963],[151.2591,-33.4991],[151.2542,-33.4966],[151.2528,-33.4981],[151.2516,-33.4978],[151.2513,-33.4985],[151.25,-33.4982],[151.2457,-33.4997],[151.2446,-33.5011],[151.2443,-33.5056],[151.247,-33.5083],[151.2402,-33.5087],[151.2373,-33.5109],[151.2381,-33.5144],[151.2397,-33.5155],[151.2381,-33.5174],[151.2376,-33.5195],[151.2405,-33.5214],[151.241,-33.523],[151.2399,-33.5243],[151.238,-33.5249],[151.2368,-33.5281],[151.2493,-33.5298],[151.251,-33.5291],[151.2551,-33.5355],[151.2554,-33.5377],[151.2533,-33.5432],[151.246,-33.5558],[151.2512,-33.5587],[151.2514,-33.5602],[151.2587,-33.5706],[151.2598,-33.5684],[151.262,-33.567],[151.2616,-33.5656],[151.2632,-33.5637],[151.2658,-33.5631],[151.2665,-33.5645],[151.2679,-33.565],[151.2689,-33.5618],[151.2712,-33.5612],[151.2702,-33.5596],[151.2683,-33.5592],[151.2678,-33.5581],[151.2675,-33.5567],[151.2692,-33.5556],[151.2675,-33.555],[151.2677,-33.5524],[151.2699,-33.5496],[151.2678,-33.546],[151.2689,-33.5457],[151.2721,-33.5485],[151.2746,-33.5487],[151.2756,-33.5495],[151.2748,-33.5507],[151.2778,-33.5513],[151.2788,-33.5536],[151.2856,-33.5532],[151.295,-33.5559],[151.3007,-33.5562],[151.3019,-33.5569],[151.3063,-33.5564],[151.3068,-33.5554],[151.31,-33.5544],[151.3086,-33.5509],[151.31,-33.546],[151.3093,-33.547],[151.3026,-33.5494],[151.3021,-33.5485],[151.3009,-33.5495],[151.2976,-33.55],[151.2985,-33.5455],[151.3003,-33.5451],[151.3001,-33.5439],[151.3019,-33.5438],[151.302,-33.5425],[151.3006,-33.5422],[151.3023,-33.5414],[151.3031,-33.5396],[151.3017,-33.5379],[151.3063,-33.5352],[151.2965,-33.5338],[151.3018,-33.5079],[151.299,-33.5066],[151.2996,-33.505],[151.2989,-33.504],[151.3002,-33.5033],[151.2951,-33.5018],[151.2935,-33.5096],[151.2924,-33.5095],[151.2913,-33.5147],[151.2882,-33.5142],[151.2919,-33.4959],[151.2984,-33.4974],[151.2987,-33.4962],[151.2952,-33.4961],[151.2969,-33.4963],[151.2989,-33.4885],[151.3012,-33.4889],[151.3056,-33.4847],[151.3064,-33.4848],[151.3071,-33.4811],[151.3054,-33.4808],[151.3045,-33.4816],[151.3056,-33.4795],[151.3015,-33.4747],[151.3036,-33.4744],[151.3066,-33.4763],[151.3089,-33.476],[151.3096,-33.4739],[151.3068,-33.4682],[151.3094,-33.4673],[151.3106,-33.4708],[151.3124,-33.4718],[151.3141,-33.4779],[151.3175,-33.4796],[151.3184,-33.4753],[151.3148,-33.4747],[151.3161,-33.4689],[151.3113,-33.4683],[151.3121,-33.4638],[151.3085,-33.4634],[151.3089,-33.461],[151.3073,-33.4593],[151.3062,-33.4555],[151.3083,-33.4532],[151.3069,-33.4525],[151.3068,-33.4505],[151.3052,-33.4482],[151.3065,-33.4444],[151.308,-33.4433],[151.3045,-33.4442],[151.3013,-33.4431],[151.2975,-33.444],[151.2972,-33.4452],[151.2929,-33.444],[151.2929,-33.448],[151.2872,-33.4472],[151.2833,-33.4452],[151.2871,-33.4261],[151.2878,-33.426],[151.2856,-33.4235],[151.2796,-33.4263],[151.2792,-33.4246],[151.281,-33.4166],[151.2779,-33.4161],[151.279,-33.4108],[151.28,-33.4112],[151.2804,-33.409],[151.2779,-33.4087],[151.278,-33.4047],[151.286,-33.4059],[151.2861,-33.4052],[151.2909,-33.4097],[151.2979,-33.4107],[151.3003,-33.4147],[151.2991,-33.4208],[151.3022,-33.4209],[151.3038,-33.4258],[151.2995,-33.4315],[151.3011,-33.4333],[151.3009,-33.4354],[151.3051,-33.4342],[151.306,-33.4327],[151.3053,-33.4291],[151.3089,-33.4288],[151.3088,-33.4271],[151.3102,-33.4267],[151.3129,-33.4146],[151.3163,-33.4151],[151.3179,-33.4085],[151.3161,-33.4082],[151.3171,-33.4032],[151.3217,-33.4048],[151.3229,-33.3975],[151.3184,-33.3969],[151.319,-33.3939],[151.3217,-33.3942],[151.3225,-33.3875],[151.3213,-33.3873],[151.3223,-33.382],[151.3298,-33.383],[151.3296,-33.3843],[151.3319,-33.3846],[151.333,-33.3796],[151.3414,-33.3808],[151.342,-33.38],[151.3392,-33.3791],[151.3347,-33.3763],[151.3337,-33.3727],[151.3342,-33.37],[151.332,-33.3659],[151.3327,-33.3648],[151.3766,-33.3713],[151.3755,-33.3681],[151.372,-33.3682],[151.3723,-33.3669],[151.3721,-33.3678],[151.3679,-33.3674],[151.3674,-33.3659],[151.3667,-33.3662],[151.3666,-33.3637],[151.368,-33.363],[151.3678,-33.3623],[151.3663,-33.3625],[151.3675,-33.3563],[151.3671,-33.3553],[151.3648,-33.3549],[151.3652,-33.3519],[151.3661,-33.3522],[151.3667,-33.349],[151.3695,-33.3491],[151.3715,-33.3448],[151.374,-33.3451],[151.3744,-33.3433],[151.3788,-33.344],[151.3782,-33.3463],[151.3769,-33.3473],[151.3785,-33.3478],[151.3818,-33.3465],[151.3847,-33.351],[151.3902,-33.3518],[151.3906,-33.3527],[151.3893,-33.3548],[151.389,-33.3587],[151.3917,-33.3623],[151.3942,-33.3633],[151.3946,-33.3644],[151.3986,-33.3632],[151.3991,-33.3609],[151.4052,-33.3618],[151.4068,-33.3653],[151.4117,-33.366],[151.4118,-33.3668],[151.4102,-33.368],[151.4068,-33.3676],[151.4033,-33.371],[151.4018,-33.3714],[151.4013,-33.3738],[151.3968,-33.3731],[151.3955,-33.38],[151.3915,-33.3784],[151.3894,-33.3763],[151.3842,-33.3746],[151.3835,-33.3737],[151.3825,-33.374],[151.3807,-33.3765],[151.3818,-33.3782],[151.385,-33.3788],[151.3846,-33.3812],[151.3854,-33.3821],[151.3827,-33.3817],[151.3814,-33.3846],[151.3795,-33.3836],[151.3789,-33.3812],[151.3773,-33.381],[151.3771,-33.3832],[151.3797,-33.3857],[151.3803,-33.3877],[151.3813,-33.3879],[151.381,-33.3891],[151.3827,-33.3903],[151.3853,-33.3902],[151.3867,-33.391],[151.3862,-33.3927],[151.3849,-33.3926],[151.3837,-33.3982],[151.381,-33.3983],[151.3808,-33.3993],[151.3821,-33.3996],[151.3804,-33.408],[151.3782,-33.4078],[151.3783,-33.4087],[151.3773,-33.4095],[151.3727,-33.4106],[151.3728,-33.4125],[151.3736,-33.4134],[151.3701,-33.4147],[151.3711,-33.4163],[151.3663,-33.4156],[151.3661,-33.4164],[151.3706,-33.4188],[151.3789,-33.4201],[151.3775,-33.4234],[151.3901,-33.4253],[151.3899,-33.4262],[151.3926,-33.4266],[151.3924,-33.4274],[151.3936,-33.4283],[151.3952,-33.4264],[151.3944,-33.4254],[151.3947,-33.4245],[151.3968,-33.4248],[151.3972,-33.4231],[151.3982,-33.4232],[151.3976,-33.4213],[151.4021,-33.4218],[151.4031,-33.4208],[151.4108,-33.4218],[151.4104,-33.4237],[151.4165,-33.4245],[151.4167,-33.4227],[151.4195,-33.423],[151.4209,-33.4217],[151.4224,-33.422],[151.423,-33.4184],[151.426,-33.4163],[151.4352,-33.4168],[151.4355,-33.415],[151.4373,-33.4152],[151.4377,-33.4133],[151.4394,-33.4147],[151.4418,-33.4146],[151.4443,-33.4022],[151.446,-33.4025],[151.4474,-33.3958],[151.4461,-33.3954],[151.445,-33.3912],[151.4425,-33.3912],[151.4409,-33.3906],[151.4409,-33.3899],[151.4379,-33.3898],[151.4377,-33.3873],[151.4356,-33.3847],[151.4338,-33.3845],[151.4357,-33.3735],[151.4336,-33.3732],[151.4282,-33.3698],[151.4282,-33.3674],[151.4316,-33.3662],[151.4305,-33.3631],[151.4332,-33.3597],[151.4307,-33.3593],[151.4334,-33.3576],[151.433,-33.357],[151.434,-33.3564],[151.432,-33.3557],[151.4325,-33.3542],[151.4347,-33.3526],[151.4318,-33.3496],[151.4289,-33.3428],[151.4287,-33.3397],[151.431,-33.336],[151.4271,-33.3376],[151.425,-33.3376],[151.4244,-33.3405],[151.4219,-33.3424],[151.4207,-33.3414],[151.4196,-33.3461],[151.4175,-33.3466],[151.4145,-33.3493],[151.414,-33.3523],[151.4115,-33.3534],[151.4096,-33.3512],[151.4111,-33.3453],[151.4129,-33.3439],[151.4154,-33.3442],[151.4161,-33.3409],[151.4191,-33.3411],[151.4196,-33.3399],[151.4139,-33.3382],[151.4114,-33.3325],[151.4117,-33.3305],[151.4064,-33.3299],[151.4005,-33.332],[151.4051,-33.3293],[151.4141,-33.3208],[151.4179,-33.3168],[151.4187,-33.3143],[151.4138,-33.3135],[151.4133,-33.3143],[151.4076,-33.3128],[151.4092,-33.3061],[151.4023,-33.3048],[151.4054,-33.2955],[151.4062,-33.2879],[151.405,-33.2764],[151.4058,-33.2655],[151.4041,-33.2591],[151.4069,-33.2595],[151.4064,-33.2621],[151.4194,-33.2633],[151.4204,-33.2621],[151.4219,-33.2624],[151.4233,-33.2598],[151.4315,-33.2613],[151.4312,-33.263],[151.4351,-33.2636],[151.4424,-33.2531],[151.4453,-33.2419],[151.4497,-33.2426],[151.4577,-33.242],[151.4622,-33.235],[151.4737,-33.2367],[151.4728,-33.2408],[151.4793,-33.2418],[151.4797,-33.2397],[151.481,-33.2399],[151.4814,-33.2378],[151.4927,-33.2395],[151.4914,-33.2347],[151.4939,-33.2341],[151.4946,-33.2356],[151.5006,-33.2367],[151.5022,-33.2341],[151.503,-33.2242],[151.5076,-33.218],[151.5044,-33.2171],[151.4968,-33.2177],[151.4947,-33.2166],[151.4921,-33.2168],[151.4906,-33.2162],[151.4916,-33.2145],[151.4956,-33.2138],[151.494,-33.2121],[151.4956,-33.2105],[151.4944,-33.2108],[151.4935,-33.2093],[151.4913,-33.2099],[151.4903,-33.2079],[151.4882,-33.2084],[151.4907,-33.1938],[151.4886,-33.1881],[151.488,-33.1891],[151.4846,-33.1886],[151.4819,-33.19],[151.4746,-33.1896],[151.4684,-33.1934],[151.4663,-33.1937],[151.468,-33.1856],[151.467,-33.1738],[151.4703,-33.1719],[151.4749,-33.1672],[151.4761,-33.1673],[151.4786,-33.1639],[151.481,-33.1642],[151.4807,-33.1663],[151.483,-33.1666],[151.4825,-33.1686],[151.4802,-33.1684],[151.4799,-33.1709],[151.4863,-33.1692],[151.4865,-33.1719],[151.4897,-33.1718],[151.4902,-33.1695],[151.4912,-33.1696],[151.4918,-33.168],[151.495,-33.1685],[151.4943,-33.1723],[151.4935,-33.1721],[151.4921,-33.1776],[151.4915,-33.1775],[151.491,-33.181],[151.4951,-33.1816],[151.4938,-33.1884],[151.504,-33.1928],[151.5122,-33.1943],[151.513,-33.1906],[151.5145,-33.1889],[151.5155,-33.184],[151.5184,-33.1825],[151.5208,-33.1828],[151.5213,-33.1815],[151.5239,-33.1819],[151.5277,-33.1798],[151.5263,-33.174],[151.5297,-33.1694],[151.5291,-33.164],[151.5262,-33.1575],[151.5262,-33.1561],[151.5276,-33.1558],[151.5264,-33.1551],[151.5269,-33.154],[151.5254,-33.1538],[151.5236,-33.1521],[151.5187,-33.1526],[151.5202,-33.1457],[151.5157,-33.1451],[151.5165,-33.1411],[151.5128,-33.1393],[151.5116,-33.1375],[151.5098,-33.1375],[151.5107,-33.1362],[151.5151,-33.1362],[151.5149,-33.1369],[151.5133,-33.1372],[151.5146,-33.1375],[151.5178,-33.1355],[151.5194,-33.1269],[151.5214,-33.1256],[151.5221,-33.1241],[151.5236,-33.1244],[151.5246,-33.127],[151.524,-33.129],[151.5259,-33.1307],[151.5272,-33.13],[151.5271,-33.1286],[151.5289,-33.1269],[151.5332,-33.1264],[151.5336,-33.1234],[151.5281,-33.1204],[151.5225,-33.12],[151.5175,-33.1175],[151.5156,-33.1139],[151.5135,-33.1139],[151.5138,-33.1133],[151.5078,-33.1107],[151.5034,-33.1101],[151.4965,-33.1133],[151.4929,-33.1079],[151.4915,-33.1083],[151.4919,-33.1105],[151.4857,-33.1134],[151.4845,-33.1115],[151.4819,-33.1151],[151.4809,-33.1189],[151.4829,-33.1278],[151.4827,-33.1303],[151.4792,-33.1357],[151.479,-33.1378],[151.4774,-33.138],[151.4793,-33.1499],[151.4784,-33.1511],[151.4735,-33.1521],[151.4718,-33.1515],[151.475,-33.1452],[151.4754,-33.1394],[151.4727,-33.1324],[151.4668,-33.1218],[151.4634,-33.1195],[151.4643,-33.1186],[151.4615,-33.1118],[151.4608,-33.1067],[151.4617,-33.1018],[151.4639,-33.0977],[151.4629,-33.0976],[151.4626,-33.0983],[151.4598,-33.0971],[151.4614,-33.0929],[151.4548,-33.0912],[151.4546,-33.0923],[151.4567,-33.0931],[151.4564,-33.0947],[151.4472,-33.094],[151.448,-33.0897],[151.4497,-33.0888],[151.4489,-33.0861],[151.4451,-33.0856],[151.4447,-33.0874],[151.4267,-33.0848],[151.426,-33.0881],[151.4199,-33.087],[151.4192,-33.0857],[151.4231,-33.0845],[151.423,-33.082],[151.4277,-33.081],[151.4292,-33.0761],[151.4308,-33.0764],[151.4313,-33.0737],[151.4328,-33.0741],[151.4325,-33.0753],[151.4359,-33.0758],[151.4371,-33.075],[151.4397,-33.0778],[151.4401,-33.0761],[151.4425,-33.0767],[151.4418,-33.0737],[151.444,-33.074],[151.4442,-33.0726],[151.447,-33.0741],[151.4466,-33.0749],[151.4517,-33.0772],[151.4502,-33.0745],[151.4504,-33.0735],[151.4477,-33.0731],[151.4502,-33.0603],[151.4401,-33.0493],[151.4691,-33.054],[151.4672,-33.0631],[151.471,-33.0641],[151.4682,-33.0674],[151.4673,-33.0673],[151.4702,-33.069],[151.47,-33.0701],[151.4677,-33.0698],[151.4671,-33.0714],[151.4745,-33.0714],[151.4947,-33.0788],[151.4961,-33.0779],[151.497,-33.0799],[151.4987,-33.0801],[151.4998,-33.0776],[151.5027,-33.0798],[151.5038,-33.0772],[151.5048,-33.0767],[151.5066,-33.0774],[151.5077,-33.0765],[151.509,-33.0803],[151.5102,-33.0811],[151.5115,-33.0863],[151.5126,-33.0869],[151.5156,-33.0859],[151.5207,-33.0877],[151.523,-33.0849],[151.5261,-33.0834],[151.532,-33.0821],[151.535,-33.0826],[151.5393,-33.0752],[151.5426,-33.0724],[151.5458,-33.0719],[151.5481,-33.0737],[151.5502,-33.0738],[151.5509,-33.0727],[151.5481,-33.0702],[151.547,-33.0666],[151.5458,-33.0658],[151.5467,-33.0643],[151.5513,-33.0616],[151.555,-33.0611],[151.5552,-33.0601],[151.5587,-33.0607],[151.5628,-33.0604],[151.5685,-33.0543],[151.5689,-33.0525],[151.5649,-33.0474],[151.5652,-33.0446],[151.566,-33.044],[151.5643,-33.0426],[151.5645,-33.0403],[151.5591,-33.0395],[151.5599,-33.0356],[151.5645,-33.0359],[151.5617,-33.0317],[151.5601,-33.0318],[151.5633,-33.015],[151.5594,-33.0156],[151.5579,-33.0142],[151.5581,-33.0119],[151.5626,-33.0094],[151.5623,-33.0078],[151.5608,-33.0065],[151.5591,-33.0078],[151.5559,-33.0049],[151.5582,-33.0041],[151.5574,-33.0034],[151.5672,-32.9976],[151.5726,-32.9905],[151.5777,-32.9899],[151.5798,-32.9888],[151.5825,-32.9822],[151.5856,-32.983],[151.5856,-32.9839],[151.5904,-32.9872],[151.591,-32.9845],[151.592,-32.9847],[151.5936,-32.9868],[151.5978,-32.9875],[151.5985,-32.9888],[151.6008,-32.9892],[151.6053,-32.977],[151.6004,-32.9777],[151.5981,-32.9763],[151.5955,-32.9728],[151.5906,-32.9731],[151.5924,-32.972],[151.5943,-32.9691],[151.599,-32.9668],[151.6018,-32.9616],[151.5999,-32.9608],[151.5997,-32.9597],[151.5925,-32.9581],[151.5925,-32.9539],[151.5949,-32.9514],[151.6011,-32.9512],[151.6058,-32.9489],[151.6059,-32.9482],[151.6092,-32.9477],[151.6119,-32.952],[151.6105,-32.9547],[151.6119,-32.9549],[151.6114,-32.957],[151.6123,-32.9582],[151.6136,-32.9564],[151.6143,-32.9565],[151.6141,-32.9554],[151.6165,-32.9509],[151.6211,-32.9452],[151.624,-32.937],[151.6233,-32.9369],[151.6229,-32.9343],[151.6176,-32.9345],[151.6137,-32.9318],[151.6086,-32.9325],[151.6044,-32.9302],[151.6026,-32.9282],[151.6002,-32.931],[151.6014,-32.9318],[151.6004,-32.933],[151.5983,-32.9326],[151.5976,-32.9334],[151.5981,-32.935],[151.5999,-32.9354],[151.5986,-32.9371],[151.5974,-32.9364],[151.5976,-32.9355],[151.5955,-32.936],[151.5958,-32.9346],[151.5938,-32.9336],[151.5932,-32.9317],[151.5898,-32.9335],[151.5864,-32.9329],[151.5861,-32.9338],[151.5813,-32.937],[151.5792,-32.9359],[151.5796,-32.9347],[151.5756,-32.9342],[151.5725,-32.9321],[151.5734,-32.9281],[151.5705,-32.9278],[151.5714,-32.9262],[151.5719,-32.9198],[151.5804,-32.9212],[151.5812,-32.9182],[151.5776,-32.9194],[151.5757,-32.9189],[151.5756,-32.9174],[151.5737,-32.916],[151.5734,-32.9146],[151.5742,-32.9133],[151.5729,-32.9131],[151.5743,-32.9048],[151.5753,-32.9049],[151.5786,-32.9018],[151.5897,-32.899],[151.5858,-32.8938],[151.5745,-32.8951],[151.5749,-32.8908],[151.5688,-32.8885],[151.5694,-32.8864],[151.567,-32.8863],[151.5666,-32.8846],[151.567,-32.8808],[151.5646,-32.8808],[151.5634,-32.8791],[151.5618,-32.8786],[151.5612,-32.8752],[151.5582,-32.8728],[151.6143,-32.8809],[151.6155,-32.8802],[151.6166,-32.8776],[151.6158,-32.8771],[151.6194,-32.8724],[151.6204,-32.8744],[151.6184,-32.878],[151.6191,-32.8784],[151.6188,-32.8808],[151.6181,-32.8804],[151.6224,-32.8908],[151.6216,-32.8947],[151.6087,-32.8928],[151.6052,-32.8959],[151.5993,-32.8958],[151.5973,-32.897],[151.595,-32.8997],[151.5906,-32.8996],[151.5941,-32.904],[151.5963,-32.9048],[151.5951,-32.9059],[151.5928,-32.9057],[151.5923,-32.9048],[151.5911,-32.907],[151.6013,-32.9086],[151.6012,-32.907],[151.5978,-32.9067],[151.5983,-32.9029],[151.6012,-32.9021],[151.6041,-32.9036],[151.6056,-32.9027],[151.6042,-32.9013],[151.6017,-32.901],[151.6005,-32.8986],[151.6069,-32.897],[151.6113,-32.9002],[151.6138,-32.9032],[151.6173,-32.9049],[151.6181,-32.9063],[151.62,-32.9063],[151.6204,-32.9051],[151.6227,-32.9047],[151.6222,-32.9029],[151.6283,-32.9032],[151.635,-32.905],[151.6462,-32.9107],[151.6436,-32.9138],[151.6439,-32.9158],[151.6466,-32.9187],[151.6499,-32.9194],[151.6511,-32.9172],[151.6533,-32.9172],[151.6565,-32.9158],[151.6583,-32.9125],[151.6623,-32.9078],[151.6578,-32.909],[151.6571,-32.9075],[151.6609,-32.9051],[151.6617,-32.9034],[151.6577,-32.901],[151.6586,-32.9003],[151.6547,-32.8998],[151.6573,-32.8876],[151.6372,-32.8846],[151.6322,-32.8819],[151.6264,-32.8815],[151.6287,-32.8706],[151.6352,-32.8673],[151.6372,-32.8679],[151.6378,-32.8648],[151.6407,-32.8623],[151.6413,-32.8627],[151.6408,-32.8651],[151.6434,-32.8648],[151.6444,-32.8656],[151.6458,-32.8643],[151.6446,-32.8633],[151.6457,-32.8618],[151.6487,-32.8633],[151.6493,-32.8621],[151.6516,-32.8611],[151.6522,-32.8615],[151.6515,-32.8655],[151.6556,-32.8668],[151.6577,-32.8655],[151.6591,-32.8664],[151.6603,-32.8654],[151.6612,-32.8657],[151.6612,-32.8705],[151.663,-32.8734],[151.6682,-32.8738],[151.6677,-32.8767],[151.677,-32.8747],[151.68,-32.875],[151.6853,-32.8702],[151.6882,-32.8685],[151.6924,-32.8672],[151.6913,-32.8663],[151.6909,-32.8645],[151.6943,-32.8632],[151.6936,-32.8606],[151.6961,-32.8566],[151.6993,-32.8569],[151.7006,-32.8546],[151.703,-32.8547],[151.7027,-32.8542],[151.7036,-32.854],[151.6962,-32.8489],[151.6905,-32.8421],[151.6899,-32.8388],[151.6904,-32.837],[151.6913,-32.8365],[151.69,-32.834],[151.691,-32.8307],[151.6907,-32.828],[151.6852,-32.8241],[151.686,-32.8231],[151.6836,-32.8213],[151.6826,-32.8173],[151.6794,-32.8176],[151.6785,-32.8161],[151.6433,-32.8111],[151.6365,-32.8135],[151.6356,-32.8145],[151.6347,-32.8141],[151.6223,-32.8163],[151.6236,-32.8103],[151.6077,-32.808],[151.6119,-32.7864],[151.6213,-32.7834],[151.6181,-32.7806],[151.6109,-32.7795],[151.6098,-32.7772],[151.607,-32.7768],[151.6068,-32.7779],[151.5997,-32.777],[151.5966,-32.7754],[151.5963,-32.7767],[151.5914,-32.775],[151.5856,-32.7787],[151.5836,-32.7789],[151.5847,-32.7739],[151.5794,-32.7732],[151.5801,-32.77],[151.5668,-32.7679],[151.5667,-32.7653],[151.5648,-32.7641],[151.5638,-32.7621],[151.5641,-32.761],[151.5652,-32.7621],[151.5689,-32.7621],[151.5717,-32.7607],[151.5743,-32.7566],[151.5749,-32.7534],[151.573,-32.751],[151.5701,-32.7519],[151.5514,-32.7492],[151.5509,-32.7482],[151.5488,-32.7484],[151.5454,-32.7504],[151.5434,-32.753],[151.5395,-32.7603],[151.5409,-32.7652],[151.539,-32.767],[151.5336,-32.7692],[151.5295,-32.7806],[151.5267,-32.783],[151.5267,-32.7843],[151.5293,-32.7857],[151.5304,-32.788],[151.5288,-32.7923],[151.5285,-32.7995],[151.5206,-32.7985],[151.5164,-32.8188],[151.5009,-32.8169],[151.4994,-32.8216],[151.4978,-32.8229],[151.5,-32.826],[151.495,-32.8286],[151.4881,-32.8272],[151.4836,-32.8301],[151.4859,-32.8305],[151.485,-32.8349],[151.4751,-32.8335],[151.4747,-32.829],[151.4678,-32.8243],[151.4649,-32.8262],[151.4619,-32.8258],[151.4627,-32.8221],[151.4596,-32.8213],[151.4608,-32.8182],[151.459,-32.8173],[151.4589,-32.816],[151.448,-32.8169],[151.4462,-32.8163],[151.4468,-32.8132],[151.4375,-32.8119],[151.4365,-32.8141],[151.437,-32.8142],[151.4366,-32.816],[151.4375,-32.8167],[151.4374,-32.8196],[151.4355,-32.8191],[151.4353,-32.8202],[151.434,-32.82],[151.4343,-32.8185],[151.4336,-32.8182],[151.4301,-32.8187],[151.43,-32.8194],[151.4271,-32.8191],[151.4269,-32.8185],[151.4231,-32.8184],[151.4156,-32.8263],[151.4137,-32.8274],[151.3971,-32.8294],[151.3984,-32.8286],[151.398,-32.8274],[151.406,-32.8267],[151.4062,-32.8255],[151.4076,-32.8257],[151.4111,-32.8086],[151.4227,-32.8103],[151.424,-32.8036],[151.429,-32.8043],[151.4311,-32.793],[151.444,-32.7949],[151.4501,-32.7987],[151.4665,-32.8017],[151.4664,-32.8044],[151.4721,-32.8041],[151.4734,-32.803],[151.4826,-32.8044],[151.4768,-32.8079],[151.4783,-32.8092],[151.4791,-32.8085],[151.4803,-32.8094],[151.4795,-32.8102],[151.4802,-32.8106],[151.4892,-32.8081],[151.489,-32.8053],[151.4986,-32.8068],[151.4991,-32.8048],[151.5016,-32.8052],[151.5042,-32.7927],[151.5074,-32.7931],[151.5091,-32.789],[151.5104,-32.7817],[151.5122,-32.7819],[151.5117,-32.7844],[151.5156,-32.7856],[151.5163,-32.7851],[151.5177,-32.7858],[151.518,-32.7872],[151.5205,-32.7844],[151.523,-32.7854],[151.5233,-32.7849],[151.5251,-32.777],[151.5081,-32.7746],[151.5074,-32.7781],[151.4894,-32.7753],[151.492,-32.7634],[151.4994,-32.7645],[151.5006,-32.7596],[151.4971,-32.7606],[151.5007,-32.759],[151.5018,-32.7545],[151.5133,-32.7556],[151.5132,-32.7544],[151.5138,-32.7545],[151.5149,-32.7519],[151.5166,-32.7501],[151.5275,-32.7433],[151.5284,-32.7386],[151.5299,-32.7372],[151.5349,-32.7384],[151.5336,-32.7435],[151.5361,-32.7457],[151.5381,-32.7462],[151.5414,-32.7456],[151.5433,-32.7442],[151.5444,-32.7427],[151.5438,-32.7393],[151.5459,-32.7383],[151.5459,-32.7372],[151.5442,-32.7351],[151.5422,-32.7346],[151.5382,-32.7361],[151.5383,-32.7355],[151.5369,-32.7353],[151.5374,-32.733],[151.5304,-32.7299],[151.5153,-32.7258],[151.4979,-32.724],[151.4839,-32.7187],[151.4865,-32.7061],[151.4721,-32.7028],[151.4748,-32.6895],[151.4824,-32.6907],[151.4819,-32.6929],[151.4925,-32.6938],[151.4921,-32.6955],[151.4981,-32.6977],[151.5003,-32.6965],[151.5012,-32.6976],[151.4996,-32.6985],[151.5007,-32.6991],[151.5026,-32.6991],[151.5045,-32.6976],[151.5061,-32.6995],[151.5143,-32.7003],[151.5156,-32.6938],[151.5185,-32.6933],[151.5259,-32.6886],[151.5359,-32.6787],[151.5403,-32.6782],[151.5424,-32.6793],[151.5429,-32.6823],[151.5421,-32.6861],[151.5429,-32.6875],[151.5524,-32.6896],[151.5595,-32.6869],[151.564,-32.6871],[151.5661,-32.6884],[151.5687,-32.6949],[151.5717,-32.6942],[151.5735,-32.6919],[151.574,-32.6851],[151.5751,-32.6857],[151.5785,-32.6918],[151.5793,-32.69],[151.582,-32.6881],[151.5842,-32.6837],[151.5861,-32.6865],[151.5901,-32.6897],[151.589,-32.6899],[151.5897,-32.6911],[151.5892,-32.6922],[151.5871,-32.6919],[151.5874,-32.6964],[151.5862,-32.6968],[151.587,-32.6987],[151.5888,-32.6993],[151.5928,-32.6982],[151.5948,-32.6954],[151.5968,-32.6901],[151.5996,-32.6875],[151.6013,-32.6912],[151.6031,-32.6898],[151.6047,-32.6901],[151.604,-32.6928],[151.6058,-32.6952],[151.6039,-32.6952],[151.6033,-32.6985],[151.6063,-32.6998],[151.6055,-32.7031],[151.6032,-32.7027],[151.6025,-32.7046],[151.5838,-32.702],[151.579,-32.7053],[151.579,-32.7068],[151.5776,-32.7071],[151.5773,-32.7062],[151.5743,-32.709],[151.5731,-32.7089],[151.5732,-32.7082],[151.57,-32.7083],[151.5689,-32.7134],[151.5707,-32.713],[151.5708,-32.7138],[151.5698,-32.7153],[151.5643,-32.7149],[151.5651,-32.7125],[151.5631,-32.7116],[151.5596,-32.7163],[151.5565,-32.7225],[151.5645,-32.7237],[151.5642,-32.7317],[151.5676,-32.7311],[151.5743,-32.7325],[151.5764,-32.7339],[151.5771,-32.7349],[151.5712,-32.7394],[151.5713,-32.74],[151.5758,-32.739],[151.5803,-32.7394],[151.5842,-32.7413],[151.5869,-32.7441],[151.5931,-32.7413],[151.6068,-32.7324],[151.6072,-32.7319],[151.6053,-32.7311],[151.6056,-32.7294],[151.6075,-32.7297],[151.6083,-32.7271],[151.6109,-32.728],[151.6174,-32.7252],[151.6233,-32.7247],[151.6232,-32.7237],[151.6265,-32.7241],[151.6324,-32.7229],[151.6391,-32.719],[151.6428,-32.7195],[151.6432,-32.718],[151.648,-32.7133],[151.655,-32.7164],[151.6547,-32.718],[151.6603,-32.7181],[151.6624,-32.7202],[151.6618,-32.7219],[151.6594,-32.7222],[151.6578,-32.7295],[151.653,-32.7241],[151.6488,-32.7234],[151.6473,-32.7316],[151.6435,-32.7318],[151.638,-32.7305],[151.6358,-32.7389],[151.643,-32.7397],[151.6435,-32.75],[151.6501,-32.755],[151.6579,-32.7588],[151.6606,-32.7617],[151.6554,-32.7628],[151.6552,-32.765],[151.6508,-32.7656],[151.6527,-32.7661],[151.6526,-32.7673],[151.6499,-32.7698],[151.6519,-32.7707],[151.652,-32.7699],[151.6562,-32.7677],[151.66,-32.7686],[151.6602,-32.7703],[151.6589,-32.7709],[151.659,-32.7741],[151.6568,-32.777],[151.6553,-32.7779],[151.6538,-32.7778],[151.6539,-32.7789],[151.6525,-32.7795],[151.6541,-32.7827],[151.6558,-32.7836],[151.6544,-32.7847],[151.6543,-32.7869],[151.6628,-32.7882],[151.664,-32.7824],[151.6724,-32.7798],[151.6862,-32.784],[151.6874,-32.7869],[151.6914,-32.789],[151.6954,-32.7893],[151.697,-32.7877],[151.6994,-32.7872],[151.7062,-32.7877],[151.7103,-32.7872],[151.7138,-32.7857],[151.718,-32.7823],[151.7231,-32.7744],[151.7355,-32.7632],[151.7426,-32.7583],[151.745,-32.7534],[151.7513,-32.7506],[151.7522,-32.7496],[151.7539,-32.7498],[151.7588,-32.7485],[151.7569,-32.7473],[151.7571,-32.745],[151.7591,-32.7451],[151.7609,-32.7438],[151.7673,-32.7432],[151.7671,-32.7419],[151.7699,-32.7398],[151.7722,-32.739],[151.7787,-32.7342],[151.7797,-32.7348],[151.7807,-32.7356],[151.7762,-32.7423],[151.7753,-32.7416],[151.7681,-32.7469],[151.7626,-32.7492],[151.7606,-32.7519],[151.7625,-32.7506],[151.7678,-32.7537],[151.7724,-32.7544],[151.7777,-32.7539],[151.7784,-32.755],[151.7824,-32.7551],[151.784,-32.7583],[151.786,-32.7591],[151.789,-32.7635],[151.7865,-32.7646],[151.7837,-32.7619],[151.7812,-32.7617],[151.7732,-32.7649],[151.7718,-32.7672],[151.7688,-32.7666],[151.7669,-32.775],[151.7702,-32.7755],[151.765,-32.8009],[151.7822,-32.8035],[151.7814,-32.8071],[151.7761,-32.8062],[151.7754,-32.8098],[151.7732,-32.8131],[151.7726,-32.8188],[151.7789,-32.8183],[151.7779,-32.8229],[151.784,-32.8203],[151.7966,-32.8191],[151.8087,-32.8206],[151.8176,-32.8246],[151.8186,-32.8312],[151.8142,-32.8395],[151.8117,-32.8407],[151.8086,-32.8438],[151.8085,-32.8451],[151.8038,-32.8503],[151.7989,-32.8533],[151.8021,-32.8557],[151.8031,-32.8575],[151.8244,-32.8487],[151.8208,-32.8648],[151.8039,-32.8624],[151.8019,-32.8721],[151.7987,-32.8717],[151.7972,-32.8725],[151.7965,-32.8761],[151.8102,-32.8782],[151.8238,-32.8695],[151.8524,-32.8536],[151.8854,-32.8382],[151.9253,-32.8222],[151.9759,-32.805],[152.0175,-32.793],[152.0533,-32.7853],[152.0737,-32.7835],[152.0777,-32.7858],[152.078,-32.7876],[152.0788,-32.7879],[152.0798,-32.783],[152.0779,-32.783],[152.078,-32.7816],[152.0801,-32.7814],[152.0815,-32.7755],[152.0862,-32.7754],[152.0863,-32.7765],[152.0916,-32.7755],[152.0938,-32.7761],[152.0928,-32.7809],[152.0969,-32.7815],[152.0973,-32.7797],[152.1033,-32.7806],[152.1038,-32.7781],[152.1096,-32.7791],[152.1116,-32.7776],[152.1117,-32.7766],[152.1043,-32.7756],[152.1062,-32.7661],[152.1135,-32.7671],[152.1143,-32.768],[152.1136,-32.7653],[152.1178,-32.766],[152.1137,-32.7755],[152.1163,-32.7761],[152.1172,-32.7737],[152.1216,-32.7692],[152.1309,-32.7645],[152.1323,-32.7642],[152.1341,-32.7663],[152.1354,-32.7663],[152.1359,-32.7653],[152.1365,-32.7664],[152.1399,-32.7641],[152.1401,-32.7659],[152.1416,-32.7653],[152.1429,-32.7665],[152.1446,-32.7662],[152.1436,-32.7642],[152.1457,-32.7647],[152.1459,-32.7655],[152.1473,-32.7648],[152.1483,-32.7659],[152.1487,-32.7655],[152.1478,-32.7644],[152.149,-32.7637],[152.1517,-32.7653],[152.1525,-32.7639],[152.1535,-32.7643],[152.1538,-32.7655],[152.1555,-32.7654],[152.1555,-32.7639],[152.1582,-32.7649],[152.1586,-32.7639],[152.1601,-32.7639],[152.1599,-32.7621],[152.1611,-32.7613],[152.1607,-32.7597],[152.1622,-32.7593],[152.1636,-32.7606],[152.164,-32.7588],[152.1656,-32.761],[152.1667,-32.7601],[152.1683,-32.762],[152.1695,-32.7599],[152.1726,-32.7617],[152.1709,-32.7599],[152.1709,-32.7586],[152.1693,-32.7575],[152.17,-32.7569],[152.173,-32.7571],[152.1721,-32.7565],[152.1734,-32.7555],[152.1742,-32.7559],[152.1743,-32.7549],[152.176,-32.7548],[152.1728,-32.7519],[152.1747,-32.7501],[152.1745,-32.7484],[152.173,-32.7481],[152.173,-32.7499],[152.1705,-32.751],[152.1708,-32.7529],[152.1646,-32.7543],[152.164,-32.754],[152.1645,-32.7532],[152.1628,-32.7518],[152.1631,-32.7493],[152.1611,-32.7461],[152.1611,-32.7432],[152.1629,-32.7429],[152.1656,-32.7438],[152.1674,-32.7432],[152.1673,-32.7412],[152.1695,-32.7396],[152.1703,-32.7398],[152.1718,-32.7382],[152.1724,-32.7383],[152.1722,-32.7391],[152.1708,-32.7417],[152.1725,-32.7424],[152.1754,-32.7407],[152.1789,-32.7399],[152.1869,-32.7411],[152.1837,-32.7373],[152.183,-32.7345],[152.1844,-32.7338],[152.1833,-32.7331],[152.183,-32.7303],[152.1846,-32.7276],[152.1834,-32.7264],[152.1841,-32.7233],[152.185,-32.7228],[152.1846,-32.7216],[152.1859,-32.7186],[152.1893,-32.7179],[152.1883,-32.7166],[152.189,-32.7146],[152.1881,-32.7145],[152.189,-32.714],[152.1888,-32.7126],[152.1857,-32.7111],[152.1826,-32.7143],[152.1834,-32.7163],[152.1823,-32.7183],[152.179,-32.7195],[152.1765,-32.7316],[152.1746,-32.7322],[152.1716,-32.7321],[152.1701,-32.7311],[152.1719,-32.7218],[152.1642,-32.7184],[152.1597,-32.7177],[152.1588,-32.7225],[152.1579,-32.7224],[152.1557,-32.7325],[152.1416,-32.7304],[152.1414,-32.7315],[152.1357,-32.7307],[152.1332,-32.7345],[152.1303,-32.7364],[152.118,-32.7395],[152.1162,-32.7385],[152.1158,-32.7392],[152.1104,-32.7387],[152.1099,-32.741],[152.109,-32.7387],[152.1067,-32.7388],[152.1048,-32.7403],[152.1036,-32.7402],[152.1032,-32.7394],[152.1042,-32.739],[152.1044,-32.7344],[152.0999,-32.7348],[152.1006,-32.733],[152.1022,-32.7335],[152.1043,-32.7325],[152.1063,-32.7327],[152.1065,-32.7289],[152.1048,-32.7276],[152.1043,-32.7254],[152.1008,-32.7285],[152.1003,-32.7279],[152.0886,-32.728],[152.0867,-32.7272],[152.087,-32.7283],[152.0848,-32.7311],[152.0878,-32.7325],[152.0885,-32.735],[152.0901,-32.7344],[152.0901,-32.7353],[152.0882,-32.7371],[152.0902,-32.7378],[152.0906,-32.7387],[152.0911,-32.738],[152.0951,-32.7387],[152.0999,-32.7405],[152.0999,-32.7413],[152.0969,-32.7416],[152.0912,-32.7388],[152.0904,-32.7436],[152.0734,-32.7411],[152.0742,-32.739],[152.0761,-32.7377],[152.0762,-32.7358],[152.0717,-32.7332],[152.0695,-32.736],[152.0601,-32.7361],[152.0602,-32.7354],[152.0618,-32.7357],[152.0628,-32.7349],[152.0615,-32.7299],[152.0624,-32.7257],[152.0599,-32.7246],[152.0587,-32.7251],[152.0592,-32.7238],[152.0583,-32.7225],[152.0599,-32.7178],[152.0588,-32.7162],[152.0576,-32.7165],[152.056,-32.7188],[152.055,-32.7273],[152.0485,-32.7287],[152.0443,-32.7273],[152.0418,-32.7295],[152.0402,-32.7297],[152.0402,-32.7319],[152.0422,-32.7369],[152.0416,-32.7381],[152.0284,-32.7386],[152.0244,-32.7396],[152.0237,-32.7404],[152.0206,-32.7401],[152.0172,-32.741],[152.0134,-32.743],[152.0132,-32.7424],[152.0167,-32.7405],[152.0194,-32.7378],[152.0207,-32.7381],[152.021,-32.7365],[152.0242,-32.7374],[152.0302,-32.7333],[152.0302,-32.7311],[152.0288,-32.7305],[152.0303,-32.7238],[152.0215,-32.7204],[152.0191,-32.7216],[152.0171,-32.7215],[152.0172,-32.7255],[152.0161,-32.7263],[152.0146,-32.7338],[152.0099,-32.7334],[152.0023,-32.7362],[152.0018,-32.7383],[152.0044,-32.7409],[152.0042,-32.7452],[152.0037,-32.7451],[152.0032,-32.7476],[152.0022,-32.7475],[152.0017,-32.7494],[151.9997,-32.7464],[151.9969,-32.7453],[151.9978,-32.7412],[151.9942,-32.7408],[151.9978,-32.7377],[151.9865,-32.7361],[151.9945,-32.7308],[151.995,-32.7293],[151.9938,-32.7286],[151.994,-32.7275],[151.9931,-32.7266],[151.9935,-32.7253],[151.992,-32.7251],[151.9918,-32.7219],[151.9888,-32.7203],[151.988,-32.7223],[151.9883,-32.7243],[151.9873,-32.7258],[151.9803,-32.7269],[151.9775,-32.7288],[151.9736,-32.7273],[151.9685,-32.7314],[151.9633,-32.7315],[151.9592,-32.7346],[151.9549,-32.7348],[151.9525,-32.7334],[151.9492,-32.7369],[151.9461,-32.7389],[151.9432,-32.7393],[151.9399,-32.7368],[151.9364,-32.7369],[151.9364,-32.7356],[151.9411,-32.7334],[151.9464,-32.7339],[151.9435,-32.7305],[151.942,-32.7228],[151.9429,-32.7186],[151.9445,-32.7171],[151.9481,-32.7152],[151.963,-32.7127],[151.9674,-32.7126],[151.9693,-32.7148],[151.9719,-32.7082],[151.9739,-32.7065],[151.9782,-32.7059],[151.9789,-32.6967],[151.9776,-32.6877],[151.9762,-32.6893],[151.9761,-32.6912],[151.9771,-32.6915],[151.9762,-32.6924],[151.974,-32.6931],[151.9726,-32.6911],[151.9709,-32.6904],[151.9637,-32.6919],[151.9638,-32.6934],[151.9625,-32.694],[151.9633,-32.6952],[151.9624,-32.6952],[151.9614,-32.6968],[151.9608,-32.696],[151.9601,-32.6974],[151.9602,-32.6966],[151.959,-32.6962],[151.9593,-32.6955],[151.9598,-32.6963],[151.9607,-32.695],[151.9614,-32.696],[151.9617,-32.6934],[151.9626,-32.6928],[151.9595,-32.6933],[151.9568,-32.6922],[151.9529,-32.6867],[151.9526,-32.6817],[151.9549,-32.6773],[151.9511,-32.6763],[151.9494,-32.6767],[151.9492,-32.6783],[151.9486,-32.6769],[151.9446,-32.6768],[151.9445,-32.6755],[151.9459,-32.6747],[151.9462,-32.6756],[151.9499,-32.6738],[151.9488,-32.6726],[151.9502,-32.6728],[151.9495,-32.6714],[151.9536,-32.6753],[151.9564,-32.675],[151.9572,-32.6716],[151.9586,-32.6708],[151.9593,-32.6682],[151.9578,-32.6681],[151.9578,-32.6668],[151.9585,-32.6673],[151.9579,-32.6677],[151.9592,-32.6674],[151.9605,-32.6687],[151.9597,-32.669],[151.9604,-32.6699],[151.9601,-32.6719],[151.9615,-32.6727],[151.9635,-32.6714],[151.9633,-32.6703],[151.9672,-32.6666],[151.9645,-32.6661],[151.9627,-32.6627],[151.9585,-32.6621],[151.959,-32.6596],[151.962,-32.6601],[151.9622,-32.6587],[151.9611,-32.6587],[151.961,-32.6571],[151.9528,-32.6559],[151.9532,-32.6537],[151.9485,-32.6526],[151.9502,-32.6447],[151.9549,-32.6454],[151.9565,-32.643],[151.955,-32.6409],[151.9525,-32.6404],[151.9526,-32.6393],[151.963,-32.6402],[151.9691,-32.6541],[151.9699,-32.6538],[151.9727,-32.6587],[151.9751,-32.6603],[151.9808,-32.6617],[151.9843,-32.6649],[151.9874,-32.6616],[151.9868,-32.6609],[151.9877,-32.6596],[151.9916,-32.6596],[151.9901,-32.6639],[151.9908,-32.6656],[151.993,-32.6669],[151.9931,-32.6686],[151.9989,-32.6689],[152.0026,-32.6701],[152.0056,-32.669],[152.0058,-32.668],[152.0077,-32.6672],[152.0122,-32.6678],[152.0124,-32.6665],[152.0131,-32.6691],[152.0166,-32.6676],[152.0216,-32.6679],[152.0239,-32.6691],[152.0251,-32.6686],[152.0256,-32.666],[152.0274,-32.6655],[152.0291,-32.6639],[152.03,-32.6646],[152.0297,-32.6663],[152.0316,-32.6677],[152.0335,-32.6678],[152.0319,-32.6689],[152.0322,-32.6696],[152.0343,-32.6694],[152.0357,-32.6711],[152.0381,-32.6699],[152.0415,-32.6702],[152.0405,-32.6684],[152.0407,-32.6663],[152.0414,-32.6657],[152.0408,-32.6649],[152.0417,-32.6578],[152.0457,-32.6587],[152.0477,-32.6568],[152.0485,-32.6537],[152.0508,-32.6533],[152.0521,-32.651],[152.0539,-32.6499],[152.0621,-32.6502],[152.0632,-32.6522],[152.0631,-32.6544],[152.0624,-32.6559],[152.0605,-32.6569],[152.0603,-32.6588],[152.0621,-32.6599],[152.0624,-32.661],[152.0619,-32.6623],[152.0586,-32.6645],[152.0616,-32.6661],[152.0621,-32.6676],[152.0614,-32.6696],[152.0595,-32.672],[152.0535,-32.6737],[152.0505,-32.6756],[152.0504,-32.6765],[152.0523,-32.679],[152.0539,-32.679],[152.0547,-32.6814],[152.0563,-32.6829],[152.057,-32.6822],[152.0613,-32.6822],[152.0631,-32.683],[152.0615,-32.6816],[152.0626,-32.6805],[152.0643,-32.6808],[152.0645,-32.6817],[152.0658,-32.6815],[152.0661,-32.6838],[152.0653,-32.6854],[152.0633,-32.6858],[152.0606,-32.6846],[152.0585,-32.686],[152.0604,-32.6865],[152.0614,-32.6881],[152.0688,-32.6896],[152.0717,-32.6893],[152.0757,-32.6872],[152.0817,-32.688],[152.0842,-32.6869],[152.0839,-32.685],[152.0867,-32.6808],[152.0884,-32.681],[152.0888,-32.6783],[152.0898,-32.6777],[152.0906,-32.6788],[152.0901,-32.6793],[152.093,-32.6797],[152.0955,-32.6783],[152.0968,-32.6801],[152.0995,-32.6786],[152.1021,-32.6791],[152.1028,-32.6761],[152.1043,-32.676],[152.1053,-32.6699],[152.1142,-32.658],[152.1149,-32.6574],[152.1187,-32.6589],[152.1199,-32.6574],[152.1219,-32.6578],[152.1227,-32.6603],[152.1253,-32.6613],[152.1277,-32.6663],[152.1297,-32.6674],[152.1367,-32.6686],[152.1377,-32.671],[152.136,-32.6716],[152.1363,-32.6724],[152.1319,-32.6737],[152.1276,-32.6761],[152.1283,-32.682],[152.1292,-32.6831],[152.1288,-32.6808],[152.1298,-32.6837],[152.1319,-32.6847],[152.1295,-32.6857],[152.1368,-32.6839],[152.1399,-32.6858],[152.1386,-32.6847],[152.1396,-32.6835],[152.1414,-32.684],[152.1399,-32.683],[152.1422,-32.6791],[152.1509,-32.6746],[152.1508,-32.6754],[152.1532,-32.6764],[152.1607,-32.6783],[152.1673,-32.6765],[152.1718,-32.6738],[152.1731,-32.6741],[152.1721,-32.6733],[152.1727,-32.6726],[152.1722,-32.6716],[152.1704,-32.671],[152.17,-32.6689],[152.1683,-32.6687],[152.1688,-32.6681],[152.1682,-32.6676],[152.1652,-32.6667],[152.1632,-32.6621],[152.1651,-32.6603],[152.1684,-32.6621],[152.1737,-32.6607],[152.1739,-32.6579],[152.1701,-32.6569],[152.1691,-32.6557],[152.169,-32.654],[152.1701,-32.6525],[152.173,-32.652],[152.177,-32.6487],[152.1754,-32.6479],[152.1734,-32.6449],[152.1733,-32.6429],[152.1711,-32.6419],[152.1709,-32.6399],[152.1693,-32.6395],[152.1689,-32.6404],[152.1679,-32.6395],[152.1688,-32.6376],[152.1703,-32.637],[152.1748,-32.6404],[152.1777,-32.64],[152.1798,-32.6383],[152.1808,-32.6359],[152.1798,-32.6345],[152.1799,-32.6323],[152.1795,-32.6338],[152.1782,-32.634],[152.1788,-32.6294],[152.1817,-32.6255],[152.1832,-32.6248],[152.185,-32.6268],[152.1912,-32.6312],[152.191,-32.6322],[152.1944,-32.6327],[152.194,-32.6346],[152.1961,-32.6329],[152.2044,-32.6376],[152.2165,-32.6259],[152.2345,-32.614],[152.2482,-32.6075],[152.265,-32.6018],[152.2681,-32.6016],[152.2693,-32.6038],[152.2707,-32.6027],[152.2691,-32.6004],[152.2708,-32.5987],[152.285,-32.5948],[152.2894,-32.5884],[152.2996,-32.5645],[152.3121,-32.548],[152.3258,-32.5349],[152.3356,-32.5271],[152.3642,-32.5087],[152.3872,-32.4978],[152.4068,-32.4903],[152.4099,-32.4872],[152.4189,-32.4825],[152.4483,-32.4708],[152.4791,-32.4609],[152.4938,-32.4572],[152.4995,-32.4576],[152.5014,-32.456],[152.5149,-32.4522],[152.5181,-32.4523],[152.5186,-32.4544],[152.5197,-32.455],[152.5207,-32.4539],[152.5203,-32.4494],[152.5196,-32.4483],[152.5212,-32.4471],[152.5337,-32.443],[152.5365,-32.4426],[152.5398,-32.4436],[152.5395,-32.4378],[152.5379,-32.436],[152.5376,-32.4337],[152.5358,-32.4335],[152.5346,-32.4349],[152.5313,-32.435],[152.5295,-32.4346],[152.5278,-32.4323],[152.5264,-32.4317],[152.5262,-32.4301],[152.5245,-32.4316],[152.5218,-32.4307],[152.5189,-32.4271],[152.5186,-32.4217],[152.5172,-32.4202],[152.5174,-32.4181],[152.5165,-32.4158],[152.5174,-32.4153],[152.5167,-32.4141],[152.518,-32.4129],[152.5163,-32.4099],[152.5163,-32.4085],[152.5171,-32.4051],[152.5183,-32.4047],[152.5194,-32.4021],[152.5183,-32.4013],[152.5183,-32.3997],[152.521,-32.3918],[152.5275,-32.381],[152.5302,-32.3793],[152.5324,-32.3804],[152.5338,-32.3793],[152.5321,-32.3785],[152.5326,-32.3743],[152.5319,-32.3734],[152.533,-32.3724],[152.5299,-32.3707],[152.5326,-32.3659],[152.5277,-32.3653],[152.5299,-32.3535],[152.5212,-32.3524],[152.5222,-32.347],[152.521,-32.3468],[152.5217,-32.3433],[152.518,-32.3428],[152.5189,-32.3416],[152.521,-32.3411],[152.5225,-32.3386],[152.5205,-32.3339],[152.5209,-32.333],[152.525,-32.3337],[152.5278,-32.3318],[152.5281,-32.3308],[152.5271,-32.3297],[152.5272,-32.3261],[152.5213,-32.3204],[152.5173,-32.3195],[152.514,-32.3162],[152.5104,-32.3158],[152.5088,-32.3124],[152.5186,-32.3059],[152.5193,-32.304],[152.5177,-32.2946],[152.5183,-32.293],[152.5238,-32.2938],[152.5268,-32.28],[152.5347,-32.2627],[152.5434,-32.2493],[152.5548,-32.2363],[152.5427,-32.2347],[152.5422,-32.2369],[152.5287,-32.2349],[152.5322,-32.2273],[152.532,-32.2248],[152.5244,-32.221],[152.5232,-32.219],[152.52,-32.219],[152.5178,-32.2201],[152.5159,-32.2171],[152.5164,-32.2143],[152.518,-32.2125],[152.5183,-32.2066],[152.516,-32.2035],[152.5113,-32.2002],[152.511,-32.1968],[152.51,-32.1967],[152.5097,-32.1946],[152.5115,-32.1917],[152.5105,-32.187],[152.5122,-32.1831],[152.511,-32.1811],[152.5086,-32.181],[152.5079,-32.18],[152.5013,-32.1794],[152.5018,-32.1802],[152.5009,-32.1815],[152.4983,-32.1818],[152.4938,-32.1848],[152.4915,-32.1852],[152.49,-32.1847],[152.4895,-32.183],[152.4953,-32.1813],[152.4943,-32.1798],[152.4901,-32.1822],[152.4892,-32.1814],[152.4895,-32.1804],[152.4827,-32.1803],[152.4798,-32.1796],[152.4799,-32.1787],[152.478,-32.1776],[152.4748,-32.1788],[152.4705,-32.1742],[152.4697,-32.1695],[152.4702,-32.1659],[152.4711,-32.1658],[152.4719,-32.1628],[152.4748,-32.1578],[152.4749,-32.1551],[152.4761,-32.1552],[152.4782,-32.1499],[152.4812,-32.1479],[152.4836,-32.1478],[152.4843,-32.147],[152.4861,-32.1474],[152.4875,-32.1443],[152.5056,-32.1469],[152.5088,-32.129],[152.5128,-32.117],[152.5169,-32.108],[152.5227,-32.0986],[152.5294,-32.0906],[152.5371,-32.0835],[152.5438,-32.0803],[152.5444,-32.0793],[152.5059,-32.0741],[152.5048,-32.0796],[152.5028,-32.0793],[152.5017,-32.0844],[152.4968,-32.0842],[152.4932,-32.0837],[152.4941,-32.079],[152.4876,-32.0781],[152.4845,-32.0792],[152.4809,-32.0787],[152.4818,-32.0708],[152.4921,-32.0692],[152.5046,-32.0626],[152.5052,-32.0593],[152.4996,-32.0585],[152.4994,-32.056],[152.4984,-32.0551],[152.4995,-32.053],[152.4991,-32.05],[152.5007,-32.0483],[152.5046,-32.0504],[152.5095,-32.0498],[152.5226,-32.0515],[152.5268,-32.0276],[152.5467,-32.0302],[152.5522,-32.0219],[152.5596,-32.0141],[152.5659,-32.0098],[152.5695,-32.01],[152.5657,-32.0068],[152.5654,-32.0055],[152.5676,-32.0014],[152.5725,-31.9966],[152.5707,-31.9973],[152.5685,-31.9947],[152.566,-31.9946],[152.5648,-31.9924],[152.5638,-31.992],[152.5671,-31.9919],[152.5632,-31.989],[152.564,-31.9874],[152.5663,-31.9879],[152.5678,-31.9886],[152.5672,-31.9919],[152.5732,-31.9928],[152.5827,-31.9803],[152.581,-31.9787],[152.5823,-31.9778],[152.5817,-31.9765],[152.5835,-31.9753],[152.5751,-31.974],[152.5739,-31.9806],[152.5693,-31.9799],[152.5705,-31.9735],[152.5643,-31.9725],[152.5656,-31.966],[152.5753,-31.9666],[152.5802,-31.9676],[152.5807,-31.9649],[152.5768,-31.9644],[152.5767,-31.9612],[152.5782,-31.9571],[152.5823,-31.9563],[152.5823,-31.9556],[152.5834,-31.9552],[152.5895,-31.9562],[152.5903,-31.9516],[152.5944,-31.9507],[152.5962,-31.9517],[152.5969,-31.9592],[152.5993,-31.9625],[152.6088,-31.9471],[152.6132,-31.9433],[152.6182,-31.9373],[152.6359,-31.9203],[152.6537,-31.9058],[152.6547,-31.9003],[152.6526,-31.9],[152.6533,-31.8937],[152.6565,-31.8955],[152.6598,-31.8955],[152.6663,-31.8932],[152.6658,-31.8956],[152.6665,-31.8961],[152.6854,-31.8836],[152.691,-31.8777],[152.7009,-31.8758],[152.7042,-31.8716],[152.7145,-31.8639],[152.7326,-31.8524],[152.7471,-31.845],[152.7507,-31.8462],[152.7546,-31.8451],[152.7546,-31.8411],[152.7522,-31.839],[152.7507,-31.8385],[152.7504,-31.84],[152.749,-31.8401],[152.749,-31.8393],[152.7466,-31.8416],[152.7434,-31.8424],[152.7385,-31.8388],[152.7359,-31.8351],[152.7338,-31.8298],[152.7332,-31.8231],[152.7342,-31.8169],[152.7367,-31.8095],[152.7449,-31.7934],[152.764,-31.7688],[152.7977,-31.7336],[152.7988,-31.7327],[152.8006,-31.7334],[152.8003,-31.7324],[152.8017,-31.733],[152.8026,-31.7319],[152.8014,-31.7314],[152.8031,-31.7311],[152.803,-31.7301],[152.8036,-31.7298],[152.8038,-31.7304],[152.8056,-31.7303],[152.8051,-31.7289],[152.8037,-31.7287],[152.8043,-31.7278],[152.8033,-31.7275],[152.8033,-31.7257],[152.8051,-31.7256],[152.8041,-31.725],[152.8047,-31.7239],[152.8032,-31.7231],[152.804,-31.7226],[152.8009,-31.7215],[152.8015,-31.7206],[152.8001,-31.7205],[152.8012,-31.7197],[152.7999,-31.7195],[152.7996,-31.7187],[152.8003,-31.7186],[152.7995,-31.7183],[152.8011,-31.7182],[152.7956,-31.7173],[152.7935,-31.7145],[152.7928,-31.7107],[152.7933,-31.7057],[152.7976,-31.6945],[152.8049,-31.6819],[152.8152,-31.6689],[152.8262,-31.6575],[152.8036,-31.654],[152.804,-31.6524],[152.7998,-31.6541],[152.7996,-31.6565],[152.8013,-31.6608],[152.7995,-31.6611],[152.7996,-31.6618],[152.7955,-31.6612],[152.7938,-31.6649],[152.7921,-31.6646],[152.7939,-31.6611],[152.7914,-31.6608],[152.7913,-31.6445],[152.7867,-31.6438],[152.7871,-31.6394],[152.7862,-31.6392],[152.7851,-31.6405],[152.7837,-31.6397],[152.7829,-31.6423],[152.7816,-31.6397],[152.7807,-31.6394],[152.7813,-31.6381],[152.7777,-31.6379],[152.7767,-31.6368],[152.7742,-31.6388],[152.7741,-31.6417],[152.7578,-31.6391],[152.7579,-31.6386],[152.7557,-31.6383],[152.7563,-31.6356],[152.7549,-31.636],[152.7508,-31.6378],[152.7499,-31.6399],[152.7507,-31.6417],[152.7518,-31.6409],[152.7534,-31.6419],[152.7529,-31.6438],[152.7513,-31.6447],[152.7517,-31.6462],[152.7511,-31.6473],[152.7517,-31.6484],[152.7476,-31.6482],[152.7485,-31.6437],[152.7431,-31.6419],[152.7469,-31.6237],[152.7441,-31.6233],[152.7459,-31.6145],[152.7485,-31.6189],[152.7526,-31.6212],[152.7546,-31.6234],[152.754,-31.6271],[152.7562,-31.6284],[152.7596,-31.6283],[152.7622,-31.63],[152.7647,-31.6303],[152.7698,-31.6289],[152.7708,-31.6302],[152.7723,-31.6299],[152.7747,-31.6319],[152.7763,-31.6321],[152.7791,-31.6304],[152.7815,-31.6307],[152.7829,-31.6297],[152.7867,-31.629],[152.7877,-31.6309],[152.7857,-31.6323],[152.7853,-31.6335],[152.7895,-31.637],[152.7912,-31.6346],[152.791,-31.6318],[152.7897,-31.6288],[152.791,-31.6284],[152.7929,-31.6303],[152.7945,-31.6302],[152.7957,-31.6368],[152.7985,-31.6368],[152.8006,-31.635],[152.8041,-31.6368],[152.8034,-31.6383],[152.8022,-31.6379],[152.803,-31.6372],[152.8019,-31.6374],[152.8003,-31.6396],[152.798,-31.6393],[152.7962,-31.6382],[152.7939,-31.6399],[152.7946,-31.6406],[152.7956,-31.6401],[152.7977,-31.6421],[152.7994,-31.6414],[152.8028,-31.6423],[152.8067,-31.6418],[152.8045,-31.6396],[152.8048,-31.6361],[152.8038,-31.6352],[152.8008,-31.6344],[152.7962,-31.6364],[152.7961,-31.6291],[152.7938,-31.6288],[152.7915,-31.6265],[152.787,-31.6264],[152.7905,-31.6241],[152.792,-31.6237],[152.7977,-31.6256],[152.8036,-31.625],[152.8035,-31.6255],[152.8166,-31.6273],[152.8164,-31.6283],[152.8176,-31.6284],[152.8161,-31.6365],[152.8191,-31.6383],[152.8202,-31.6361],[152.8175,-31.6331],[152.8191,-31.6316],[152.8226,-31.6341],[152.8255,-31.632],[152.8277,-31.6341],[152.8284,-31.6338],[152.8277,-31.6331],[152.8293,-31.632],[152.8319,-31.6342],[152.8329,-31.633],[152.8344,-31.6331],[152.834,-31.6289],[152.8346,-31.6235],[152.8394,-31.6109],[152.8429,-31.6043],[152.8475,-31.6024],[152.8386,-31.6012],[152.8411,-31.598],[152.8337,-31.5971],[152.8345,-31.593],[152.834,-31.5922],[152.8308,-31.5922],[152.8315,-31.5902],[152.8311,-31.5893],[152.8296,-31.5898],[152.8294,-31.5893],[152.8326,-31.5867],[152.8325,-31.5859],[152.8304,-31.5856],[152.8311,-31.5812],[152.8255,-31.5785],[152.8247,-31.5758],[152.8197,-31.5738],[152.8194,-31.5743],[152.8204,-31.5747],[152.8199,-31.5754],[152.8184,-31.5765],[152.8142,-31.577],[152.8135,-31.579],[152.8093,-31.5777],[152.8111,-31.5696],[152.8242,-31.5714],[152.8263,-31.56],[152.8321,-31.5609],[152.8317,-31.5597],[152.8326,-31.5562],[152.8317,-31.5545],[152.8323,-31.5526],[152.8307,-31.5503],[152.8315,-31.5483],[152.8339,-31.5466],[152.8365,-31.5462],[152.8424,-31.5477],[152.8447,-31.5469],[152.8454,-31.5458],[152.8424,-31.5453],[152.8426,-31.5443],[152.8457,-31.5442],[152.8465,-31.5389],[152.8424,-31.5378],[152.8429,-31.5359],[152.8469,-31.5373],[152.8503,-31.5365],[152.8521,-31.5371],[152.8508,-31.54],[152.8489,-31.5398],[152.8481,-31.5409],[152.8493,-31.5425],[152.8477,-31.5448],[152.8509,-31.5481],[152.854,-31.5482],[152.8547,-31.5466],[152.8538,-31.5456],[152.8537,-31.5432],[152.8558,-31.5361],[152.8593,-31.5359],[152.8616,-31.5335],[152.8623,-31.535],[152.8677,-31.5353],[152.8699,-31.5374],[152.9081,-31.4984],[152.9152,-31.4928],[152.9106,-31.492],[152.909,-31.4929],[152.9033,-31.4921],[152.8941,-31.477],[152.8954,-31.4727],[152.895,-31.471],[152.8937,-31.4702],[152.8918,-31.4709],[152.8898,-31.4706],[152.8894,-31.47],[152.8902,-31.4685],[152.8891,-31.4666],[152.8864,-31.4661],[152.8854,-31.4638],[152.8865,-31.46],[152.8929,-31.4553],[152.8941,-31.4528],[152.8973,-31.4509],[152.9016,-31.45],[152.9012,-31.447],[152.8908,-31.4492],[152.8898,-31.4538],[152.8859,-31.4532],[152.8851,-31.4571],[152.8829,-31.4568],[152.8819,-31.4644],[152.8805,-31.4642],[152.8793,-31.4671],[152.8775,-31.4668],[152.877,-31.4679],[152.8775,-31.4686],[152.8728,-31.4689],[152.8724,-31.4699],[152.8743,-31.4697],[152.8768,-31.4706],[152.8775,-31.4738],[152.8766,-31.4778],[152.873,-31.4804],[152.8674,-31.4805],[152.8669,-31.4781],[152.8684,-31.4715],[152.8659,-31.4709],[152.8618,-31.4668],[152.8629,-31.4665],[152.8633,-31.4651],[152.866,-31.4645],[152.8669,-31.4631],[152.8663,-31.4625],[152.8619,-31.4644],[152.8597,-31.4684],[152.86,-31.4691],[152.8621,-31.4686],[152.8602,-31.4695],[152.8582,-31.4719],[152.8547,-31.4723],[152.8516,-31.4699],[152.849,-31.4696],[152.8469,-31.4707],[152.8477,-31.4766],[152.8464,-31.4776],[152.8443,-31.4773],[152.8435,-31.4796],[152.8412,-31.4779],[152.8412,-31.4764],[152.8402,-31.4759],[152.8373,-31.4772],[152.8348,-31.4757],[152.8307,-31.4765],[152.8279,-31.4752],[152.8236,-31.4768],[152.815,-31.4768],[152.8196,-31.4666],[152.8239,-31.4472],[152.8349,-31.4489],[152.8333,-31.457],[152.8291,-31.4582],[152.8321,-31.4616],[152.832,-31.4643],[152.8388,-31.4648],[152.8481,-31.4626],[152.8538,-31.4621],[152.8564,-31.4609],[152.8465,-31.4596],[152.8467,-31.4586],[152.8481,-31.4586],[152.8488,-31.4545],[152.8586,-31.4559],[152.8606,-31.445],[152.8511,-31.4437],[152.8549,-31.4269],[152.8593,-31.4276],[152.8607,-31.4202],[152.8659,-31.421],[152.8673,-31.4209],[152.8675,-31.4199],[152.8734,-31.4227],[152.884,-31.4213],[152.8846,-31.4225],[152.8854,-31.422],[152.8851,-31.4211],[152.8875,-31.4203],[152.8937,-31.4154],[152.8989,-31.4078],[152.9009,-31.4068],[152.9031,-31.4071],[152.9028,-31.4105],[152.9008,-31.4134],[152.8998,-31.4128],[152.8982,-31.4173]],[[153.2975,-29.7741],[153.2962,-29.7708],[153.3002,-29.776],[153.2993,-29.7785],[153.2969,-29.7794],[153.2965,-29.7777],[153.2975,-29.7758],[153.2975,-29.7741]],[[151.3956,-32.8773],[151.3962,-32.8755],[151.3986,-32.8758],[151.3961,-32.8852],[151.3939,-32.8849],[151.3942,-32.8835],[151.3929,-32.8833],[151.3933,-32.8808],[151.3948,-32.8811],[151.3956,-32.8773]],[[150.7385,-34.1271],[150.7431,-34.1277],[150.739,-34.135],[150.7361,-34.1345],[150.7378,-34.1313],[150.7381,-34.1254],[150.7387,-34.1254],[150.7385,-34.1271]],[[153.4601,-28.2741],[153.4625,-28.2709],[153.4654,-28.27],[153.4641,-28.2778],[153.4597,-28.2775],[153.4601,-28.2741]],[[153.5786,-28.7869],[153.577,-28.7867],[153.5771,-28.7855],[153.575,-28.7852],[153.5746,-28.7872],[153.5723,-28.7869],[153.5755,-28.7839],[153.5757,-28.7829],[153.5748,-28.7828],[153.575,-28.7814],[153.5743,-28.7813],[153.5747,-28.7768],[153.5786,-28.7778],[153.5774,-28.7842],[153.579,-28.7844],[153.5786,-28.7869]],[[153.5551,-28.2648],[153.5556,-28.2644],[153.5546,-28.2636],[153.555,-28.2605],[153.5567,-28.2603],[153.558,-28.2587],[153.5606,-28.2591],[153.5621,-28.2622],[153.5617,-28.2657],[153.5602,-28.2643],[153.5583,-28.264],[153.5549,-28.2656],[153.5551,-28.2648]],[[150.6898,-33.5529],[150.6892,-33.5506],[150.6886,-33.5506],[150.6928,-33.5445],[150.6919,-33.549],[150.693,-33.5491],[150.6927,-33.5508],[150.6954,-33.55],[150.6992,-33.5544],[150.6977,-33.5553],[150.6931,-33.551],[150.6924,-33.5539],[150.6898,-33.5529]],[[149.1556,-33.4023],[149.15,-33.4013],[149.1518,-33.3937],[149.1532,-33.394],[149.1542,-33.3957],[149.1569,-33.4023],[149.1556,-33.4023]],[[153.2169,-28.8258],[153.2122,-28.826],[153.2105,-28.8271],[153.2079,-28.8267],[153.2073,-28.8255],[153.2055,-28.825],[153.2054,-28.8221],[153.2187,-28.8241],[153.2184,-28.8261],[153.2169,-28.8258]],[[150.9955,-34.1371],[150.9937,-34.137],[150.9937,-34.1365],[150.9919,-34.137],[150.9922,-34.1354],[150.9898,-34.1356],[150.9888,-34.1348],[150.9892,-34.1338],[150.9918,-34.1323],[150.9911,-34.1306],[150.992,-34.1305],[150.9915,-34.1293],[150.9922,-34.1291],[150.9913,-34.1283],[150.9911,-34.1264],[150.9938,-34.1265],[150.9951,-34.1349],[150.9963,-34.1365],[150.9964,-34.1372],[150.9955,-34.1371]],[[151.1706,-33.5972],[151.1707,-33.5911],[151.1661,-33.5901],[151.1666,-33.5879],[151.1675,-33.588],[151.1682,-33.5848],[151.1705,-33.5852],[151.1699,-33.5862],[151.1732,-33.5868],[151.1749,-33.5855],[151.1753,-33.586],[151.172,-33.5905],[151.1719,-33.5963],[151.1712,-33.5975],[151.1706,-33.5972]],[[152.9976,-30.6101],[153.001,-30.6106],[153.004,-30.6088],[153.0063,-30.6117],[153.0053,-30.6156],[152.996,-30.6142],[152.9967,-30.6129],[152.9983,-30.6121],[152.9976,-30.6122],[152.9976,-30.6101]],[[151.0078,-33.6018],[151.0063,-33.5974],[151.0077,-33.5921],[151.0097,-33.5933],[151.0093,-33.5963],[151.0105,-33.5982],[151.0102,-33.5993],[151.0117,-33.5996],[151.009,-33.6022],[151.0115,-33.6037],[151.0093,-33.6061],[151.0075,-33.6057],[151.0071,-33.6019],[151.0078,-33.6018]],[[147.5143,-35.2061],[147.5206,-35.2066],[147.5193,-35.2109],[147.5134,-35.2097],[147.5128,-35.2116],[147.5094,-35.2104],[147.5099,-35.209],[147.5115,-35.2093],[147.5119,-35.2081],[147.5102,-35.2078],[147.5101,-35.2067],[147.5143,-35.2061]],[[153.3409,-28.4115],[153.34,-28.4172],[153.3409,-28.4189],[153.3373,-28.4184],[153.337,-28.4162],[153.3331,-28.4153],[153.3326,-28.4145],[153.3324,-28.4155],[153.3306,-28.4166],[153.3291,-28.4166],[153.3277,-28.4156],[153.3314,-28.4123],[153.3336,-28.4136],[153.3376,-28.4124],[153.3389,-28.411],[153.3409,-28.4115]],[[150.6944,-33.8844],[150.6925,-33.8832],[150.6868,-33.8824],[150.6879,-33.8757],[150.6906,-33.8761],[150.693,-33.8747],[150.6932,-33.8788],[150.692,-33.8795],[150.6942,-33.8816],[150.6939,-33.8821],[150.6964,-33.8824],[150.695,-33.8835],[150.697,-33.8838],[150.6944,-33.8844]],[[153.2083,-28.3526],[153.2091,-28.3545],[153.2082,-28.3561],[153.2109,-28.3583],[153.2101,-28.3601],[153.2068,-28.3607],[153.2018,-28.36],[153.2027,-28.3559],[153.206,-28.352],[153.2083,-28.3526]],[[150.999,-34.217],[151.0002,-34.2137],[150.9993,-34.213],[150.9991,-34.2139],[150.9968,-34.214],[150.9976,-34.2101],[150.9992,-34.2109],[151.0051,-34.211],[151.0067,-34.214],[151.006,-34.215],[151.0022,-34.2182],[150.999,-34.217]],[[150.7154,-33.6158],[150.7084,-33.6135],[150.7187,-33.6087],[150.7205,-33.6175],[150.7154,-33.6158]],[[150.8479,-30.9308],[150.8465,-30.9315],[150.8473,-30.9331],[150.8445,-30.9328],[150.8418,-30.9294],[150.8321,-30.9269],[150.8274,-30.924],[150.8347,-30.925],[150.8343,-30.9271],[150.8364,-30.9277],[150.8378,-30.9278],[150.8382,-30.9257],[150.8446,-30.9265],[150.8479,-30.9308]],[[151.0054,-33.6596],[151.0067,-33.6598],[151.0063,-33.6612],[151.0092,-33.6616],[151.0085,-33.6652],[151.0037,-33.6646],[151.004,-33.6666],[151.0028,-33.6672],[151.0011,-33.667],[151.0013,-33.6659],[150.9986,-33.6664],[150.9996,-33.6607],[151.0054,-33.6596]],[[151.0474,-33.6467],[151.0484,-33.6535],[151.036,-33.6515],[151.0367,-33.6482],[151.0442,-33.6494],[151.0446,-33.6473],[151.0458,-33.6475],[151.0452,-33.6454],[151.0474,-33.6467]],[[153.3193,-28.6841],[153.3182,-28.6858],[153.3181,-28.6882],[153.3195,-28.6883],[153.32,-28.6896],[153.3151,-28.6889],[153.3136,-28.6916],[153.3113,-28.6913],[153.3121,-28.6893],[153.3127,-28.6894],[153.3126,-28.6854],[153.3143,-28.6856],[153.3149,-28.684],[153.3136,-28.6833],[153.3152,-28.6837],[153.3173,-28.6818],[153.317,-28.6813],[153.3186,-28.6815],[153.3188,-28.6801],[153.3208,-28.6812],[153.3229,-28.6809],[153.3228,-28.6817],[153.3239,-28.6819],[153.3216,-28.682],[153.3213,-28.6835],[153.3193,-28.6841]],[[153.0177,-28.8565],[153.0179,-28.8583],[153.0192,-28.8589],[153.0188,-28.8594],[153.0212,-28.8632],[153.0138,-28.8666],[153.0107,-28.8664],[153.0128,-28.8628],[153.0135,-28.8629],[153.0149,-28.8589],[153.0118,-28.8592],[153.0119,-28.8585],[153.0177,-28.8565]],[[151.5636,-32.9354],[151.5627,-32.9396],[151.5544,-32.9385],[151.5554,-32.9332],[151.5617,-32.9321],[151.5641,-32.933],[151.5636,-32.9354]],[[152.6146,-31.8278],[152.6108,-31.8272],[152.6101,-31.8283],[152.6093,-31.8259],[152.6113,-31.8243],[152.6119,-31.8186],[152.6196,-31.8189],[152.6188,-31.8232],[152.6152,-31.8245],[152.6146,-31.8278]],[[152.6168,-28.7346],[152.6178,-28.7338],[152.617,-28.7331],[152.6176,-28.7325],[152.6162,-28.7309],[152.6191,-28.7312],[152.6208,-28.7347],[152.6222,-28.7358],[152.6227,-28.7348],[152.6218,-28.733],[152.6233,-28.7332],[152.6274,-28.7364],[152.6271,-28.7374],[152.6285,-28.738],[152.6291,-28.7397],[152.6252,-28.739],[152.624,-28.7402],[152.6223,-28.7391],[152.621,-28.7395],[152.619,-28.7371],[152.6175,-28.7385],[152.6152,-28.7358],[152.6168,-28.7346]],[[150.9928,-31.1222],[150.99,-31.1256],[150.9852,-31.1266],[150.9862,-31.1283],[150.986,-31.1294],[150.984,-31.1299],[150.9823,-31.1264],[150.9832,-31.1214],[150.9904,-31.1199],[150.9921,-31.1201],[150.9919,-31.122],[150.9928,-31.1222]],[[151.3672,-32.8816],[151.3649,-32.8736],[151.3737,-32.8719],[151.3782,-32.8748],[151.3703,-32.8763],[151.3714,-32.8808],[151.3672,-32.8816]],[[146.1418,-34.2716],[146.1339,-34.2757],[146.1358,-34.2658],[146.143,-34.2667],[146.1447,-34.2701],[146.1418,-34.2716]],[[146.0444,-34.3332],[146.0409,-34.3312],[146.0402,-34.3352],[146.0383,-34.3356],[146.038,-34.332],[146.0381,-34.3309],[146.039,-34.331],[146.0396,-34.3276],[146.0509,-34.3295],[146.0475,-34.3349],[146.0444,-34.3332]],[[151.103,-32.7519],[151.1002,-32.7489],[151.0979,-32.744],[151.1022,-32.7422],[151.1033,-32.7444],[151.105,-32.7438],[151.1059,-32.7454],[151.1081,-32.7447],[151.1099,-32.7475],[151.1043,-32.7508],[151.1049,-32.7517],[151.103,-32.7519]],[[153.0111,-30.132],[153.0118,-30.1316],[153.0121,-30.129],[153.0171,-30.1296],[153.0166,-30.1279],[153.0174,-30.1263],[153.0164,-30.1245],[153.018,-30.1234],[153.0196,-30.1272],[153.0179,-30.1316],[153.0201,-30.132],[153.0198,-30.1332],[153.0242,-30.1341],[153.0233,-30.1355],[153.0196,-30.136],[153.0195,-30.1396],[153.0179,-30.1396],[153.0164,-30.1339],[153.0149,-30.1344],[153.0151,-30.1333],[153.0143,-30.1324],[153.0111,-30.132]],[[152.9846,-30.82],[152.9846,-30.8194],[152.9885,-30.8192],[152.9888,-30.8174],[152.9898,-30.8176],[152.9906,-30.8165],[152.9938,-30.817],[152.9954,-30.8211],[152.994,-30.8264],[152.9942,-30.829],[152.99,-30.8283],[152.9911,-30.8221],[152.9874,-30.8223],[152.9875,-30.8213],[152.9857,-30.8212],[152.9857,-30.8202],[152.9846,-30.82]],[[149.8127,-36.8376],[149.8103,-36.8385],[149.8082,-36.8354],[149.8087,-36.8329],[149.8056,-36.8315],[149.8073,-36.8314],[149.8075,-36.8303],[149.809,-36.8312],[149.8103,-36.8253],[149.8166,-36.8262],[149.8168,-36.8283],[149.8126,-36.8278],[149.8136,-36.8315],[149.8127,-36.8376]],[[152.5512,-28.467],[152.5488,-28.4704],[152.5511,-28.4735],[152.5438,-28.4771],[152.5428,-28.477],[152.5405,-28.4789],[152.5393,-28.4783],[152.5403,-28.4766],[152.5417,-28.4767],[152.542,-28.4756],[152.5411,-28.4755],[152.5413,-28.4738],[152.5395,-28.4735],[152.5397,-28.4716],[152.5386,-28.4715],[152.5387,-28.4708],[152.5422,-28.4718],[152.543,-28.4707],[152.5454,-28.4696],[152.5454,-28.4685],[152.5471,-28.4671],[152.5494,-28.4662],[152.5512,-28.467]],[[149.4325,-34.918],[149.4304,-34.9177],[149.4306,-34.9162],[149.4287,-34.9154],[149.4266,-34.9169],[149.4247,-34.917],[149.4251,-34.913],[149.4272,-34.9124],[149.4286,-34.9129],[149.4317,-34.9113],[149.4375,-34.9128],[149.4392,-34.912],[149.4384,-34.9163],[149.4353,-34.9184],[149.4325,-34.918]],[[152.6051,-28.3852],[152.6143,-28.387],[152.6139,-28.3891],[152.6152,-28.3892],[152.6146,-28.3935],[152.6126,-28.3932],[152.6132,-28.3943],[152.6113,-28.3941],[152.6112,-28.3947],[152.6042,-28.3938],[152.6055,-28.3913],[152.6047,-28.3888],[152.606,-28.3881],[152.6051,-28.3852]],[[150.0369,-33.2999],[150.0393,-33.3003],[150.0388,-33.3028],[150.0365,-33.3025],[150.036,-33.3048],[150.0302,-33.3039],[150.0298,-33.3057],[150.0277,-33.3054],[150.028,-33.3038],[150.0251,-33.3018],[150.0306,-33.2991],[150.029,-33.2984],[150.034,-33.2961],[150.0376,-33.2969],[150.0369,-33.2999]],[[150.582,-35.059],[150.5812,-35.0589],[150.5832,-35.0482],[150.5852,-35.0484],[150.5871,-35.0504],[150.5923,-35.0514],[150.5906,-35.0556],[150.588,-35.0559],[150.5872,-35.0597],[150.582,-35.059]],[[152.5356,-31.7822],[152.5424,-31.7857],[152.5318,-31.7859],[152.5302,-31.7865],[152.5298,-31.7855],[152.5274,-31.785],[152.5285,-31.7829],[152.5249,-31.7812],[152.5254,-31.778],[152.5366,-31.7796],[152.5371,-31.7808],[152.5356,-31.7822]],[[150.1415,-29.4792],[150.1311,-29.4773],[150.1321,-29.4707],[150.1405,-29.4718],[150.1412,-29.4705],[150.1436,-29.4705],[150.1421,-29.4792],[150.1415,-29.4792]],[[150.8237,-29.6507],[150.8242,-29.6487],[150.829,-29.6496],[150.8296,-29.6476],[150.833,-29.648],[150.8324,-29.6515],[150.8343,-29.6504],[150.8357,-29.6506],[150.8351,-29.6538],[150.8375,-29.6552],[150.8364,-29.6568],[150.8335,-29.6568],[150.8221,-29.6541],[150.8237,-29.6507]],[[150.5213,-34.5938],[150.5209,-34.5961],[150.5164,-34.5955],[150.5183,-34.5977],[150.5183,-34.5991],[150.5115,-34.5981],[150.5135,-34.5927],[150.5157,-34.593],[150.514,-34.5886],[150.5222,-34.5897],[150.5219,-34.5913],[150.5263,-34.5916],[150.5257,-34.5944],[150.5213,-34.5938]],[[150.5464,-34.8342],[150.5521,-34.8377],[150.5518,-34.8402],[150.5497,-34.8409],[150.5486,-34.8399],[150.548,-34.8406],[150.5452,-34.8383],[150.5446,-34.8414],[150.54,-34.8408],[150.5401,-34.8385],[150.5394,-34.838],[150.5392,-34.8358],[150.5404,-34.8295],[150.5464,-34.8342]],[[150.4936,-33.7203],[150.4939,-33.7196],[150.4929,-33.7194],[150.4942,-33.7135],[150.491,-33.713],[150.492,-33.708],[150.4913,-33.7078],[150.4913,-33.7067],[150.4943,-33.7045],[150.4974,-33.7049],[150.4969,-33.7073],[150.5022,-33.708],[150.5016,-33.711],[150.4983,-33.7109],[150.4972,-33.7167],[150.4936,-33.7203]],[[151.4754,-32.9068],[151.4767,-32.9069],[151.4772,-32.9039],[151.4757,-32.9026],[151.4771,-32.9009],[151.4761,-32.8993],[151.4795,-32.8998],[151.4783,-32.8988],[151.4787,-32.8972],[151.4859,-32.8982],[151.4847,-32.9048],[151.4848,-32.906],[151.4863,-32.9057],[151.4866,-32.9068],[151.4851,-32.907],[151.4862,-32.9096],[151.4852,-32.9098],[151.4848,-32.9088],[151.483,-32.9085],[151.4832,-32.9078],[151.4792,-32.9072],[151.4779,-32.9086],[151.4754,-32.9068]],[[153.435,-29.0058],[153.4362,-29.0059],[153.4366,-29.0085],[153.4376,-29.0086],[153.4366,-29.0103],[153.4379,-29.0105],[153.4378,-29.0112],[153.4366,-29.011],[153.4342,-29.0139],[153.4353,-29.0141],[153.4351,-29.0155],[153.4321,-29.0143],[153.4305,-29.0151],[153.4318,-29.0163],[153.4348,-29.0168],[153.4345,-29.0187],[153.4325,-29.0185],[153.4315,-29.023],[153.4289,-29.0221],[153.4296,-29.0186],[153.4284,-29.0165],[153.4217,-29.0224],[153.4224,-29.0188],[153.4159,-29.0184],[153.416,-29.0161],[153.4226,-29.0175],[153.427,-29.016],[153.433,-29.01],[153.435,-29.0058]],[[149.1839,-33.4509],[149.1789,-33.4502],[149.1791,-33.4489],[149.1747,-33.4483],[149.1751,-33.4466],[149.1785,-33.4466],[149.1787,-33.4451],[149.1772,-33.4435],[149.1774,-33.4423],[149.1792,-33.4426],[149.1795,-33.4411],[149.1813,-33.4414],[149.1809,-33.4433],[149.1846,-33.4437],[149.1849,-33.4405],[149.1871,-33.4409],[149.1867,-33.4428],[149.189,-33.4432],[149.1887,-33.4441],[149.1898,-33.4439],[149.1907,-33.446],[149.1889,-33.4467],[149.1887,-33.4481],[149.1851,-33.4479],[149.1849,-33.4504],[149.1839,-33.4509]],[[153.4071,-28.7199],[153.4121,-28.7206],[153.4115,-28.7245],[153.4095,-28.7255],[153.4076,-28.738],[153.4026,-28.7373],[153.4049,-28.7341],[153.4011,-28.7336],[153.4026,-28.7272],[153.4062,-28.7275],[153.407,-28.7205],[153.4063,-28.7198],[153.4071,-28.7199]],[[150.6249,-33.5919],[150.6257,-33.5881],[150.6241,-33.5879],[150.6249,-33.5843],[150.6235,-33.5841],[150.6244,-33.5804],[150.6225,-33.5801],[150.6237,-33.5742],[150.6226,-33.574],[150.6241,-33.5667],[150.6221,-33.5664],[150.6228,-33.5627],[150.6256,-33.5631],[150.6249,-33.5668],[150.6276,-33.568],[150.6283,-33.5724],[150.6294,-33.572],[150.6297,-33.5726],[150.6295,-33.5743],[150.6263,-33.574],[150.6252,-33.5805],[150.6267,-33.5807],[150.6259,-33.5844],[150.627,-33.5846],[150.6263,-33.5882],[150.6279,-33.5884],[150.6271,-33.5922],[150.6249,-33.5919]],[[149.2649,-35.0306],[149.2638,-35.0305],[149.2616,-35.0266],[149.263,-35.0268],[149.264,-35.022],[149.2622,-35.0218],[149.2632,-35.0201],[149.2647,-35.0203],[149.2648,-35.0192],[149.2722,-35.0202],[149.27,-35.0313],[149.2649,-35.0306]],[[150.3379,-34.4895],[150.3359,-34.492],[150.3329,-34.4918],[150.3304,-34.49],[150.3313,-34.4887],[150.334,-34.488],[150.3312,-34.4862],[150.3313,-34.4854],[150.3327,-34.4855],[150.3334,-34.4823],[150.3392,-34.483],[150.3389,-34.4845],[150.3412,-34.4847],[150.3403,-34.4853],[150.3421,-34.4857],[150.3413,-34.4862],[150.3443,-34.4867],[150.343,-34.4945],[150.3415,-34.4939],[150.3408,-34.4899],[150.3379,-34.4895]],[[148.6509,-32.7485],[148.6512,-32.7492],[148.6505,-32.7494],[148.6526,-32.7562],[148.6514,-32.7566],[148.6455,-32.7552],[148.6463,-32.7544],[148.6452,-32.7536],[148.646,-32.7527],[148.6443,-32.7518],[148.6453,-32.7506],[148.6439,-32.7491],[148.6454,-32.7475],[148.6441,-32.7461],[148.6447,-32.7443],[148.6445,-32.7434],[148.6431,-32.7437],[148.6427,-32.7427],[148.6434,-32.7412],[148.645,-32.7413],[148.644,-32.7397],[148.6427,-32.7393],[148.6426,-32.7382],[148.6454,-32.7377],[148.6461,-32.7383],[148.6479,-32.744],[148.6509,-32.7485]],[[150.6589,-35.0789],[150.6552,-35.077],[150.6534,-35.0744],[150.6477,-35.0715],[150.6499,-35.0665],[150.6526,-35.0646],[150.6554,-35.0666],[150.652,-35.0698],[150.6539,-35.0711],[150.6566,-35.0696],[150.6591,-35.0694],[150.6596,-35.0702],[150.6593,-35.0713],[150.658,-35.0711],[150.6575,-35.0726],[150.6586,-35.0745],[150.6576,-35.0756],[150.658,-35.0772],[150.6596,-35.0779],[150.6658,-35.0755],[150.6665,-35.0759],[150.6669,-35.0782],[150.6614,-35.0802],[150.6589,-35.0789]],[[152.5203,-32.2567],[152.5184,-32.2537],[152.5157,-32.2517],[152.5134,-32.2484],[152.5119,-32.2448],[152.5123,-32.2432],[152.5107,-32.2414],[152.5107,-32.2399],[152.517,-32.2432],[152.5162,-32.2473],[152.5245,-32.2484],[152.5236,-32.2532],[152.5249,-32.2534],[152.5231,-32.2571],[152.5203,-32.2567]],[[149.7983,-29.3119],[149.804,-29.3085],[149.8053,-29.3116],[149.8134,-29.3127],[149.8109,-29.3136],[149.8126,-29.3177],[149.8059,-29.3217],[149.7983,-29.3119]],[[148.7479,-33.2832],[148.7485,-33.284],[148.7474,-33.2845],[148.7465,-33.2876],[148.737,-33.2918],[148.7364,-33.2946],[148.7326,-33.2941],[148.7335,-33.2926],[148.7308,-33.2917],[148.7313,-33.2907],[148.7341,-33.29],[148.734,-33.2891],[148.7367,-33.2877],[148.7381,-33.2834],[148.7399,-33.2856],[148.7414,-33.285],[148.742,-33.2846],[148.7419,-33.2825],[148.7446,-33.2816],[148.746,-33.2801],[148.7472,-33.2819],[148.7468,-33.2829],[148.7479,-33.2832]],[[151.5469,-33.0111],[151.5488,-33.0128],[151.5451,-33.0157],[151.5438,-33.0157],[151.5436,-33.017],[151.5375,-33.0164],[151.5349,-33.0129],[151.538,-33.0114],[151.5373,-33.0106],[151.5393,-33.0069],[151.5506,-33.0082],[151.5469,-33.0111]],[[149.6956,-36.7714],[149.6934,-36.7686],[149.6904,-36.7683],[149.6892,-36.7655],[149.6875,-36.7654],[149.6878,-36.7638],[149.6896,-36.764],[149.69,-36.7625],[149.6926,-36.7626],[149.6931,-36.7604],[149.7018,-36.7631],[149.7016,-36.767],[149.7031,-36.7676],[149.6978,-36.77],[149.6975,-36.7722],[149.6956,-36.7714]],[[151.5601,-32.4335],[151.5536,-32.4318],[151.5538,-32.4332],[151.5552,-32.4331],[151.5554,-32.4353],[151.5535,-32.4356],[151.5533,-32.4344],[151.552,-32.4337],[151.5521,-32.4323],[151.5485,-32.4319],[151.5492,-32.4301],[151.5501,-32.4303],[151.5502,-32.4285],[151.5457,-32.4263],[151.5464,-32.4297],[151.5331,-32.4279],[151.532,-32.4278],[151.531,-32.4289],[151.5319,-32.4261],[151.5314,-32.423],[151.5343,-32.422],[151.538,-32.4266],[151.5403,-32.4268],[151.5444,-32.4253],[151.5499,-32.4272],[151.5544,-32.4275],[151.5541,-32.43],[151.5591,-32.4314],[151.5604,-32.4325],[151.5601,-32.4335]],[[151.4552,-32.6971],[151.4602,-32.6959],[151.4599,-32.6978],[151.4611,-32.698],[151.4611,-32.7015],[151.4589,-32.7014],[151.458,-32.7056],[151.4537,-32.7048],[151.4511,-32.7055],[151.4512,-32.7049],[151.4452,-32.7041],[151.4436,-32.7019],[151.4449,-32.7001],[151.4488,-32.7],[151.4493,-32.6986],[151.4509,-32.6992],[151.455,-32.6978],[151.4552,-32.6971]],[[150.5541,-34.8296],[150.5556,-34.8225],[150.5522,-34.822],[150.5525,-34.8206],[150.5566,-34.8207],[150.5568,-34.8155],[150.5612,-34.816],[150.5611,-34.8166],[150.5622,-34.8168],[150.5642,-34.8193],[150.5644,-34.8227],[150.5614,-34.8222],[150.5617,-34.8253],[150.5637,-34.8274],[150.5592,-34.8268],[150.5585,-34.8301],[150.5541,-34.8296]],[[151.7316,-32.6699],[151.7296,-32.6696],[151.7298,-32.6677],[151.7162,-32.665],[151.7219,-32.6602],[151.7223,-32.6579],[151.7236,-32.6593],[151.7351,-32.661],[151.7322,-32.6645],[151.7316,-32.6699]],[[150.4487,-35.2265],[150.4503,-35.233],[150.4486,-35.2351],[150.4487,-35.2365],[150.4397,-35.2352],[150.4424,-35.2228],[150.4437,-35.2219],[150.444,-35.2226],[150.4424,-35.2237],[150.4445,-35.2232],[150.446,-35.2244],[150.4451,-35.2252],[150.4487,-35.2265]],[[149.2806,-36.5163],[149.2783,-36.5123],[149.2805,-36.5131],[149.2816,-36.5112],[149.2803,-36.5106],[149.2814,-36.5088],[149.2822,-36.5091],[149.2836,-36.5073],[149.2827,-36.5069],[149.2838,-36.505],[149.2851,-36.5056],[149.2848,-36.5043],[149.287,-36.5051],[149.2878,-36.5042],[149.2904,-36.5054],[149.2882,-36.5091],[149.2908,-36.5103],[149.2861,-36.5177],[149.2834,-36.5167],[149.2822,-36.5186],[149.281,-36.5178],[149.2806,-36.5163]],[[153.1152,-29.6648],[153.1143,-29.67],[153.1044,-29.6686],[153.1039,-29.6653],[153.1019,-29.6637],[153.0985,-29.663],[153.0987,-29.6618],[153.0969,-29.6597],[153.1156,-29.6623],[153.1152,-29.6648]],[[153.0176,-30.2149],[153.0222,-30.2149],[153.0251,-30.2159],[153.0241,-30.2214],[153.0215,-30.2211],[153.0206,-30.2229],[153.0222,-30.2279],[153.0222,-30.2286],[153.0212,-30.2285],[153.0218,-30.2311],[153.0181,-30.2303],[153.0159,-30.223],[153.011,-30.2223],[153.0108,-30.2199],[153.0097,-30.2198],[153.0101,-30.2192],[153.0127,-30.2196],[153.0161,-30.2212],[153.0166,-30.2204],[153.0158,-30.2167],[153.0176,-30.2149]],[[150.5402,-34.3745],[150.5378,-34.3742],[150.5389,-34.3702],[150.5365,-34.3663],[150.5348,-34.3655],[150.5346,-34.364],[150.536,-34.3627],[150.5408,-34.3636],[150.5419,-34.3584],[150.5485,-34.3592],[150.5459,-34.362],[150.5438,-34.3712],[150.5419,-34.3739],[150.5402,-34.3745]],[[148.8165,-33.4289],[148.8106,-33.4282],[148.8094,-33.429],[148.8086,-33.428],[148.8078,-33.4285],[148.8062,-33.4266],[148.8037,-33.4275],[148.8041,-33.4206],[148.8055,-33.4194],[148.8075,-33.4211],[148.8098,-33.4195],[148.8101,-33.4209],[148.8122,-33.4196],[148.8136,-33.4211],[148.818,-33.4209],[148.8165,-33.4289]],[[150.4408,-35.2631],[150.4402,-35.2659],[150.4346,-35.2644],[150.4338,-35.2634],[150.4338,-35.261],[150.4299,-35.257],[150.43,-35.2554],[150.4329,-35.2558],[150.4326,-35.257],[150.4386,-35.2579],[150.4398,-35.2528],[150.4442,-35.2534],[150.4465,-35.2546],[150.4477,-35.2558],[150.4468,-35.2569],[150.445,-35.2573],[150.4438,-35.2585],[150.439,-35.2594],[150.4399,-35.2612],[150.4411,-35.2603],[150.4436,-35.2605],[150.443,-35.2633],[150.4408,-35.2631]],[[147.3869,-34.1529],[147.384,-34.1496],[147.3799,-34.1413],[147.3905,-34.1401],[147.3921,-34.1485],[147.3909,-34.1538],[147.3888,-34.1541],[147.3869,-34.1529]],[[148.2892,-35.5855],[148.3028,-35.578],[148.3081,-35.5782],[148.3109,-35.5828],[148.3094,-35.585],[148.3042,-35.5846],[148.3043,-35.5851],[148.3033,-35.5853],[148.3035,-35.5846],[148.3001,-35.5848],[148.2983,-35.584],[148.2952,-35.5867],[148.2919,-35.5869],[148.2915,-35.5878],[148.2892,-35.5855]],[[150.0481,-36.0806],[150.05,-36.0814],[150.0494,-36.086],[150.0529,-36.0889],[150.0532,-36.0934],[150.0541,-36.0932],[150.0546,-36.0944],[150.0534,-36.0945],[150.0538,-36.0972],[150.0568,-36.0969],[150.0601,-36.0953],[150.0605,-36.0975],[150.0593,-36.0978],[150.059,-36.0971],[150.0549,-36.098],[150.0541,-36.1019],[150.0555,-36.1036],[150.0545,-36.1041],[150.0516,-36.1018],[150.0506,-36.0999],[150.0507,-36.0977],[150.0466,-36.0978],[150.0447,-36.0958],[150.0484,-36.0946],[150.0496,-36.0925],[150.0479,-36.0923],[150.0482,-36.0911],[150.0464,-36.0901],[150.0489,-36.0869],[150.0473,-36.0841],[150.0438,-36.0816],[150.0449,-36.0811],[150.0474,-36.0831],[150.0481,-36.0806]],[[150.654,-33.6371],[150.6575,-33.6331],[150.6565,-33.6305],[150.6567,-33.6286],[150.6586,-33.6287],[150.6588,-33.6304],[150.6625,-33.6296],[150.6621,-33.6314],[150.6629,-33.6317],[150.6646,-33.6296],[150.6643,-33.6284],[150.6669,-33.6287],[150.6667,-33.6296],[150.6713,-33.6302],[150.6655,-33.6386],[150.654,-33.6371]],[[150.6198,-33.5288],[150.6204,-33.5259],[150.6228,-33.5263],[150.6238,-33.5229],[150.6213,-33.5217],[150.622,-33.5188],[150.6259,-33.5178],[150.6278,-33.5193],[150.6281,-33.523],[150.6293,-33.5253],[150.6327,-33.5257],[150.6325,-33.5303],[150.6335,-33.5305],[150.6332,-33.5322],[150.6342,-33.5333],[150.631,-33.5328],[150.6293,-33.5312],[150.6239,-33.5303],[150.6241,-33.5292],[150.6198,-33.5288]],[[147.5698,-32.6299],[147.5716,-32.6301],[147.5713,-32.6321],[147.5781,-32.6328],[147.5781,-32.6367],[147.5673,-32.6353],[147.5669,-32.6378],[147.5636,-32.6377],[147.5636,-32.637],[147.5629,-32.637],[147.5628,-32.6283],[147.5698,-32.6237],[147.5698,-32.6246],[147.5712,-32.6246],[147.5712,-32.6277],[147.5698,-32.6277],[147.5698,-32.6299]],[[150.5167,-34.7321],[150.5178,-34.7303],[150.5198,-34.73],[150.5194,-34.7292],[150.5215,-34.7288],[150.5209,-34.7274],[150.5219,-34.7274],[150.5241,-34.7297],[150.5262,-34.7301],[150.5269,-34.733],[150.5357,-34.7341],[150.5355,-34.7354],[150.5403,-34.736],[150.5402,-34.7385],[150.5417,-34.7388],[150.541,-34.7423],[150.5356,-34.7416],[150.5363,-34.738],[150.5315,-34.7373],[150.5315,-34.7356],[150.5308,-34.7354],[150.5299,-34.7371],[150.5255,-34.7364],[150.5229,-34.7352],[150.5235,-34.7323],[150.523,-34.7321],[150.5221,-34.734],[150.5205,-34.7345],[150.5193,-34.7329],[150.5179,-34.7341],[150.5167,-34.7321]],[[146.5713,-34.2909],[146.5647,-34.2892],[146.5643,-34.2817],[146.5811,-34.2863],[146.5784,-34.2929],[146.5713,-34.2909]],[[148.3053,-36.5014],[148.3062,-36.4976],[148.3104,-36.4989],[148.3145,-36.4968],[148.3165,-36.4968],[148.3177,-36.4978],[148.3155,-36.5011],[148.3081,-36.5044],[148.3045,-36.5075],[148.2962,-36.5112],[148.2944,-36.5085],[148.2946,-36.507],[148.2989,-36.5042],[148.3078,-36.5024],[148.3053,-36.5014]],[[150.4859,-35.2683],[150.4897,-35.2675],[150.4963,-35.268],[150.4996,-35.2688],[150.4996,-35.2704],[150.4977,-35.2715],[150.4944,-35.2708],[150.4939,-35.273],[150.4896,-35.2724],[150.4893,-35.2735],[150.4858,-35.2731],[150.4853,-35.2721],[150.4842,-35.2719],[150.4828,-35.2726],[150.483,-35.2715],[150.4731,-35.27],[150.4742,-35.2661],[150.4765,-35.2648],[150.48,-35.2671],[150.4859,-35.2683]],[[153.0204,-29.6357],[153.021,-29.632],[153.0258,-29.6279],[153.0283,-29.6239],[153.0379,-29.625],[153.0366,-29.6323],[153.0315,-29.6321],[153.0312,-29.6335],[153.0285,-29.6332],[153.02,-29.6377],[153.0204,-29.6357]],[[146.1863,-34.5105],[146.1852,-34.518],[146.1878,-34.5188],[146.1872,-34.5225],[146.1828,-34.522],[146.1832,-34.5199],[146.1817,-34.5204],[146.1761,-34.519],[146.1771,-34.5123],[146.1783,-34.5124],[146.1792,-34.5092],[146.1798,-34.5093],[146.1803,-34.5046],[146.1863,-34.5105]],[[150.6503,-35.0944],[150.6473,-35.0935],[150.6427,-35.0951],[150.6409,-35.0891],[150.6398,-35.0883],[150.644,-35.0862],[150.6488,-35.082],[150.6523,-35.0842],[150.6548,-35.0882],[150.6544,-35.0908],[150.6515,-35.092],[150.6508,-35.0947],[150.6503,-35.0944]],[[149.1171,-31.827],[149.1165,-31.8251],[149.113,-31.8258],[149.1172,-31.8199],[149.1232,-31.8172],[149.1328,-31.817],[149.1324,-31.8201],[149.1336,-31.8202],[149.1332,-31.8224],[149.1299,-31.822],[149.1293,-31.8259],[149.1228,-31.8253],[149.1185,-31.8231],[149.1179,-31.8232],[149.1171,-31.827]],[[151.8524,-29.4363],[151.8495,-29.4501],[151.8475,-29.4495],[151.8451,-29.4475],[151.8448,-29.4459],[151.839,-29.442],[151.8396,-29.4407],[151.8421,-29.4392],[151.8437,-29.4345],[151.848,-29.4351],[151.8536,-29.4335],[151.8524,-29.4363]],[[149.4533,-35.579],[149.4555,-35.5797],[149.4536,-35.5884],[149.4546,-35.5887],[149.4528,-35.5973],[149.4517,-35.5964],[149.4514,-35.5942],[149.4504,-35.5942],[149.4496,-35.5933],[149.4484,-35.5936],[149.4485,-35.5916],[149.4475,-35.5912],[149.4461,-35.5915],[149.4446,-35.5952],[149.4448,-35.5961],[149.4457,-35.5961],[149.4444,-35.5967],[149.4433,-35.5949],[149.4445,-35.5915],[149.4458,-35.5908],[149.4454,-35.589],[149.446,-35.5875],[149.4455,-35.5873],[149.4507,-35.5779],[149.4533,-35.579]],[[151.6148,-32.6088],[151.6063,-32.6075],[151.6078,-32.5998],[151.6116,-32.6003],[151.6124,-32.5981],[151.6142,-32.5985],[151.6143,-32.5978],[151.6156,-32.5979],[151.6162,-32.5986],[151.6168,-32.5972],[151.6191,-32.5983],[151.6257,-32.5982],[151.6255,-32.5993],[151.619,-32.6031],[151.6148,-32.6088]],[[150.5669,-34.1748],[150.5649,-34.1738],[150.5644,-34.172],[150.5612,-34.1732],[150.5629,-34.1643],[150.5759,-34.1625],[150.5754,-34.1683],[150.5746,-34.1683],[150.574,-34.1705],[150.5722,-34.1726],[150.5694,-34.1731],[150.5669,-34.1748]],[[147.2547,-35.1864],[147.2571,-35.1887],[147.2474,-35.1953],[147.2468,-35.1986],[147.2407,-35.1973],[147.2417,-35.1956],[147.2402,-35.1931],[147.2407,-35.1886],[147.2424,-35.1869],[147.2431,-35.1873],[147.2432,-35.1859],[147.2483,-35.186],[147.2511,-35.1887],[147.2547,-35.1864]],[[146.4059,-34.5986],[146.4057,-34.5977],[146.4043,-34.5969],[146.405,-34.5954],[146.4043,-34.5908],[146.4135,-34.592],[146.4118,-34.5987],[146.4161,-34.5993],[146.4147,-34.6074],[146.4044,-34.6028],[146.4058,-34.6016],[146.4064,-34.6018],[146.4059,-34.5986]],[[150.3162,-34.6172],[150.3113,-34.6158],[150.3108,-34.6169],[150.309,-34.6167],[150.3074,-34.6162],[150.3077,-34.6153],[150.3036,-34.6144],[150.309,-34.6065],[150.315,-34.6079],[150.3163,-34.6115],[150.3169,-34.6104],[150.3183,-34.6101],[150.3207,-34.6115],[150.3195,-34.6121],[150.3229,-34.6159],[150.3216,-34.6172],[150.3162,-34.6172]],[[148.8404,-33.7425],[148.8415,-33.7398],[148.8518,-33.7412],[148.8505,-33.7428],[148.8539,-33.742],[148.8522,-33.7517],[148.8511,-33.7525],[148.8489,-33.7503],[148.8391,-33.749],[148.8404,-33.7425]],[[150.9645,-34.2268],[150.963,-34.2264],[150.9649,-34.2174],[150.9839,-34.2198],[150.9839,-34.2209],[150.9792,-34.221],[150.9784,-34.2254],[150.9763,-34.2265],[150.9645,-34.2268]],[[147.4478,-29.1105],[147.446,-29.1102],[147.4449,-29.1073],[147.4425,-29.1066],[147.4437,-29.1037],[147.4435,-29.1018],[147.4482,-29.1008],[147.4471,-29.0984],[147.4486,-29.0987],[147.4493,-29.1005],[147.4502,-29.1005],[147.4508,-29.1028],[147.4505,-29.1034],[147.4461,-29.103],[147.4462,-29.1063],[147.4517,-29.1071],[147.4545,-29.1088],[147.4542,-29.1093],[147.4567,-29.1102],[147.4544,-29.1147],[147.4571,-29.1158],[147.4552,-29.1195],[147.4541,-29.1186],[147.452,-29.1224],[147.4466,-29.1202],[147.4508,-29.1125],[147.4484,-29.1116],[147.4478,-29.1105]],[[150.7384,-33.7885],[150.7475,-33.7896],[150.746,-33.794],[150.7486,-33.7939],[150.7486,-33.7946],[150.7481,-33.7968],[150.7469,-33.7967],[150.7463,-33.7995],[150.7489,-33.8008],[150.7486,-33.8025],[150.7467,-33.8041],[150.7458,-33.803],[150.7452,-33.8039],[150.7415,-33.8034],[150.7422,-33.7998],[150.7361,-33.7989],[150.7384,-33.7885]],[[147.3581,-32.248],[147.3533,-32.2475],[147.3531,-32.2487],[147.3457,-32.2479],[147.3466,-32.2416],[147.3516,-32.2423],[147.3524,-32.2404],[147.3499,-32.2371],[147.3511,-32.2363],[147.3509,-32.2352],[147.3556,-32.2336],[147.357,-32.2358],[147.3579,-32.2418],[147.3632,-32.2433],[147.3626,-32.2448],[147.3594,-32.2444],[147.3581,-32.248]],[[153.4717,-28.9506],[153.4742,-28.952],[153.4701,-28.954],[153.4727,-28.9593],[153.47,-28.959],[153.4691,-28.9572],[153.4648,-28.9569],[153.4628,-28.961],[153.4621,-28.9609],[153.4624,-28.9564],[153.465,-28.9546],[153.4646,-28.9532],[153.4614,-28.9538],[153.4587,-28.9519],[153.4569,-28.9527],[153.4559,-28.9508],[153.4542,-28.9516],[153.4553,-28.9455],[153.457,-28.9459],[153.4609,-28.9443],[153.4635,-28.9487],[153.4655,-28.9477],[153.4668,-28.95],[153.4695,-28.9482],[153.4717,-28.9506]],[[147.2139,-34.3412],[147.2146,-34.3376],[147.2231,-34.339],[147.222,-34.3461],[147.2221,-34.3481],[147.2235,-34.3481],[147.2235,-34.3504],[147.2221,-34.3504],[147.2221,-34.3523],[147.2129,-34.3524],[147.2129,-34.3452],[147.2139,-34.3412]],[[146.9107,-35.7564],[146.9118,-35.7577],[146.9028,-35.7617],[146.9024,-35.7663],[146.9046,-35.7666],[146.9045,-35.7691],[146.9006,-35.7687],[146.8999,-35.7724],[146.8976,-35.7721],[146.898,-35.7696],[146.8969,-35.7689],[146.8971,-35.7677],[146.8953,-35.7675],[146.8956,-35.7662],[146.898,-35.7664],[146.8983,-35.7648],[146.8966,-35.7646],[146.8985,-35.755],[146.9028,-35.7555],[146.9062,-35.7536],[146.9067,-35.7527],[146.9107,-35.7564]],[[153.0229,-30.3632],[153.0242,-30.3648],[153.0265,-30.3652],[153.0283,-30.3666],[153.029,-30.3663],[153.0298,-30.3679],[153.0306,-30.3664],[153.0322,-30.3669],[153.0332,-30.3659],[153.0342,-30.3664],[153.0348,-30.3671],[153.0336,-30.3699],[153.034,-30.3707],[153.0352,-30.3706],[153.0349,-30.3717],[153.033,-30.3712],[153.0327,-30.3697],[153.0306,-30.3699],[153.0287,-30.3705],[153.029,-30.3722],[153.0265,-30.3712],[153.0256,-30.3728],[153.0228,-30.3727],[153.0233,-30.375],[153.0198,-30.3746],[153.0199,-30.3762],[153.019,-30.377],[153.0154,-30.3775],[153.0139,-30.3758],[153.0132,-30.3764],[153.0115,-30.3734],[153.0132,-30.3726],[153.0158,-30.3736],[153.0168,-30.3684],[153.0186,-30.3682],[153.0193,-30.365],[153.021,-30.365],[153.0223,-30.3628],[153.0229,-30.3632]],[[152.8791,-31.0392],[152.8767,-31.0387],[152.8713,-31.0395],[152.8648,-31.0392],[152.8626,-31.0382],[152.8632,-31.0351],[152.8621,-31.0342],[152.8645,-31.0324],[152.8697,-31.0332],[152.8702,-31.0313],[152.8751,-31.032],[152.8748,-31.0334],[152.8764,-31.0336],[152.8763,-31.0342],[152.8785,-31.0345],[152.8789,-31.0326],[152.8801,-31.0328],[152.8803,-31.032],[152.8837,-31.0325],[152.8825,-31.0333],[152.8892,-31.0344],[152.8855,-31.0368],[152.8791,-31.0392]],[[150.7873,-34.6487],[150.7866,-34.6525],[150.7748,-34.6505],[150.7729,-34.6516],[150.771,-34.6509],[150.7718,-34.648],[150.7743,-34.6481],[150.7741,-34.6465],[150.7731,-34.6469],[150.7681,-34.6454],[150.7684,-34.6436],[150.7695,-34.6434],[150.7693,-34.6426],[150.7728,-34.6416],[150.7717,-34.6376],[150.7773,-34.6372],[150.779,-34.6385],[150.7794,-34.6426],[150.781,-34.6437],[150.7801,-34.6481],[150.7833,-34.6491],[150.7873,-34.6487]],[[147.8911,-34.5018],[147.8815,-34.5003],[147.8809,-34.5039],[147.8707,-34.5025],[147.8729,-34.501],[147.8742,-34.4937],[147.8835,-34.4949],[147.8839,-34.4928],[147.8866,-34.4932],[147.8862,-34.4952],[147.8891,-34.4954],[147.8878,-34.4972],[147.8869,-34.497],[147.8937,-34.4986],[147.893,-34.502],[147.8911,-34.5018]],[[147.7436,-35.2719],[147.7459,-35.2675],[147.7499,-35.268],[147.7472,-35.2825],[147.7386,-35.2815],[147.7389,-35.2801],[147.7379,-35.2799],[147.7382,-35.2786],[147.7344,-35.2785],[147.7331,-35.2776],[147.7341,-35.2766],[147.7336,-35.2751],[147.7362,-35.2748],[147.7364,-35.2739],[147.7418,-35.2706],[147.7436,-35.2719]],[[151.2807,-32.8961],[151.2988,-32.8985],[151.3011,-32.8998],[151.3004,-32.9002],[151.302,-32.9023],[151.3022,-32.9043],[151.2915,-32.9021],[151.2894,-32.9047],[151.2849,-32.9069],[151.2775,-32.9],[151.2807,-32.8976],[151.2807,-32.8961]],[[148.1187,-36.2194],[148.1153,-36.2201],[148.1042,-36.2074],[148.1056,-36.2071],[148.1094,-36.2093],[148.1122,-36.2115],[148.1144,-36.2152],[148.1186,-36.2179],[148.1194,-36.2163],[148.1221,-36.2142],[148.125,-36.2139],[148.1262,-36.2147],[148.1277,-36.2143],[148.1297,-36.2149],[148.1317,-36.2118],[148.1312,-36.2112],[148.1345,-36.2099],[148.1372,-36.2104],[148.1367,-36.2127],[148.1356,-36.2128],[148.1358,-36.2168],[148.1297,-36.2178],[148.1217,-36.2205],[148.1192,-36.2207],[148.1187,-36.2194]],[[151.2514,-32.8889],[151.2516,-32.8907],[151.25,-32.8906],[151.2499,-32.8888],[151.2507,-32.8889],[151.2508,-32.8876],[151.2547,-32.8876],[151.2526,-32.8861],[151.253,-32.8857],[151.2583,-32.8867],[151.2579,-32.8893],[151.2708,-32.8878],[151.2696,-32.8945],[151.2723,-32.895],[151.2719,-32.8975],[151.2684,-32.8989],[151.2672,-32.8979],[151.2634,-32.8989],[151.259,-32.8983],[151.258,-32.8969],[151.2582,-32.8953],[151.2607,-32.8934],[151.2573,-32.893],[151.2539,-32.8891],[151.2514,-32.8889]],[[146.9801,-33.6459],[146.9795,-33.6491],[146.9686,-33.6478],[146.9717,-33.6396],[146.9693,-33.6383],[146.9697,-33.6376],[146.9705,-33.6379],[146.9711,-33.6367],[146.9737,-33.6376],[146.9739,-33.6366],[146.9773,-33.6398],[146.9762,-33.6355],[146.9784,-33.6351],[146.9804,-33.6336],[146.9874,-33.6403],[146.9842,-33.6417],[146.9822,-33.6402],[146.9808,-33.6404],[146.9801,-33.6459]],[[153.4809,-28.443],[153.4778,-28.4411],[153.4747,-28.4411],[153.4741,-28.4446],[153.4731,-28.4432],[153.4704,-28.4453],[153.4701,-28.4474],[153.4676,-28.4484],[153.4667,-28.448],[153.4681,-28.4396],[153.4662,-28.4397],[153.4669,-28.4379],[153.4653,-28.4378],[153.4644,-28.4387],[153.465,-28.4403],[153.4625,-28.4402],[153.4628,-28.4419],[153.4612,-28.4422],[153.4609,-28.4441],[153.4581,-28.4435],[153.4589,-28.4387],[153.4631,-28.4373],[153.4674,-28.4346],[153.4672,-28.4338],[153.4713,-28.4328],[153.4697,-28.4307],[153.4706,-28.4286],[153.4712,-28.4287],[153.4722,-28.4336],[153.477,-28.436],[153.4796,-28.4397],[153.483,-28.441],[153.4809,-28.443]],[[153.5412,-28.826],[153.5419,-28.8266],[153.5389,-28.8274],[153.54,-28.8283],[153.5416,-28.8321],[153.5433,-28.8331],[153.5407,-28.8328],[153.5398,-28.8336],[153.5368,-28.8305],[153.5375,-28.8288],[153.5347,-28.8278],[153.5335,-28.8247],[153.5313,-28.8263],[153.5277,-28.825],[153.5277,-28.8207],[153.526,-28.8205],[153.5259,-28.8195],[153.5278,-28.818],[153.5286,-28.8181],[153.5288,-28.8157],[153.5327,-28.8163],[153.5329,-28.8155],[153.545,-28.8173],[153.5446,-28.8205],[153.5385,-28.8196],[153.5381,-28.8222],[153.5375,-28.8221],[153.5379,-28.8237],[153.5412,-28.826]],[[149.2572,-34.787],[149.2565,-34.7866],[149.2577,-34.7839],[149.2566,-34.7835],[149.2569,-34.783],[149.2653,-34.7775],[149.2659,-34.7772],[149.2689,-34.7809],[149.2703,-34.7801],[149.2688,-34.7784],[149.2716,-34.7766],[149.2752,-34.7771],[149.2732,-34.7889],[149.2598,-34.7868],[149.2596,-34.7881],[149.2572,-34.787]],[[153.3377,-29.074],[153.3391,-29.0727],[153.3393,-29.0713],[153.3355,-29.0706],[153.3359,-29.0685],[153.3385,-29.0698],[153.3483,-29.0669],[153.3477,-29.0677],[153.3482,-29.0688],[153.3522,-29.0653],[153.3553,-29.0641],[153.3541,-29.0707],[153.3528,-29.0705],[153.3514,-29.069],[153.3492,-29.0707],[153.3496,-29.0713],[153.3478,-29.0723],[153.3487,-29.0736],[153.3475,-29.0741],[153.347,-29.0727],[153.3446,-29.0732],[153.3451,-29.0752],[153.3438,-29.0826],[153.3388,-29.0819],[153.339,-29.0845],[153.3354,-29.0838],[153.3344,-29.0788],[153.3348,-29.0777],[153.3372,-29.0764],[153.3377,-29.074]],[[149.8158,-34.4072],[149.8134,-34.4068],[149.8157,-34.3951],[149.8206,-34.3958],[149.8235,-34.3938],[149.8319,-34.3948],[149.8286,-34.3965],[149.8258,-34.4],[149.8266,-34.405],[149.8207,-34.408],[149.8158,-34.4072]],[[150.5372,-34.2503],[150.5411,-34.2509],[150.5392,-34.2608],[150.5404,-34.2611],[150.5402,-34.2624],[150.5358,-34.2618],[150.5356,-34.2628],[150.5206,-34.2608],[150.5215,-34.2555],[150.5268,-34.2562],[150.527,-34.2548],[150.5316,-34.2554],[150.533,-34.2527],[150.5351,-34.2532],[150.5372,-34.2503]],[[149.2725,-35.1691],[149.2447,-35.1653],[149.2487,-35.1636],[149.2511,-35.1641],[149.253,-35.1613],[149.254,-35.1581],[149.2566,-35.1558],[149.2602,-35.1563],[149.261,-35.158],[149.2602,-35.1582],[149.2601,-35.1591],[149.2648,-35.1601],[149.264,-35.1619],[149.2665,-35.164],[149.2697,-35.1643],[149.2706,-35.1654],[149.2704,-35.1671],[149.2725,-35.1691]],[[150.657,-33.8331],[150.6583,-33.834],[150.6597,-33.8387],[150.661,-33.8403],[150.6607,-33.8422],[150.6638,-33.8446],[150.654,-33.8478],[150.6509,-33.8438],[150.6444,-33.843],[150.646,-33.8353],[150.6516,-33.8361],[150.6526,-33.8346],[150.657,-33.8331]],[[148.8269,-32.4033],[148.8207,-32.4024],[148.8215,-32.3976],[148.8184,-32.3971],[148.8198,-32.3908],[148.8257,-32.3949],[148.8263,-32.3912],[148.8363,-32.3926],[148.8358,-32.3931],[148.8378,-32.3943],[148.8354,-32.3956],[148.8325,-32.399],[148.8355,-32.401],[148.8328,-32.4041],[148.8269,-32.4033]],[[153.5256,-28.6762],[153.5309,-28.6796],[153.5331,-28.6824],[153.5338,-28.6856],[153.5329,-28.6916],[153.5299,-28.6896],[153.5296,-28.6879],[153.5272,-28.6881],[153.5269,-28.6866],[153.5267,-28.6879],[153.5247,-28.6875],[153.5253,-28.6896],[153.5244,-28.6905],[153.5231,-28.6905],[153.5214,-28.6888],[153.5204,-28.6892],[153.5197,-28.6883],[153.5153,-28.6929],[153.5111,-28.6957],[153.5129,-28.6925],[153.5127,-28.6891],[153.5121,-28.689],[153.5129,-28.6863],[153.5161,-28.6868],[153.5155,-28.6849],[153.5165,-28.6849],[153.5165,-28.6842],[153.5197,-28.6836],[153.5219,-28.6841],[153.5247,-28.6802],[153.5256,-28.6762]],[[152.7885,-29.5907],[152.7813,-29.5926],[152.7718,-29.5925],[152.7746,-29.5776],[152.7833,-29.5792],[152.7838,-29.5819],[152.785,-29.5824],[152.7841,-29.5843],[152.785,-29.5855],[152.7843,-29.586],[152.7847,-29.587],[152.7876,-29.5889],[152.7882,-29.5884],[152.7894,-29.5897],[152.7891,-29.5908],[152.7885,-29.5907]],[[150.638,-33.8601],[150.6426,-33.8625],[150.6466,-33.8631],[150.6465,-33.8638],[150.6487,-33.8644],[150.6563,-33.8643],[150.6559,-33.8673],[150.6537,-33.8671],[150.6524,-33.8686],[150.6483,-33.8667],[150.6477,-33.8697],[150.6456,-33.8685],[150.6452,-33.8706],[150.6462,-33.8707],[150.647,-33.8733],[150.6454,-33.8785],[150.6398,-33.8779],[150.6389,-33.8744],[150.6394,-33.8716],[150.6367,-33.8665],[150.6385,-33.8629],[150.638,-33.8601]],[[153.2267,-28.6046],[153.2266,-28.6056],[153.2247,-28.6038],[153.2241,-28.6014],[153.221,-28.6011],[153.2209,-28.5979],[153.2192,-28.5961],[153.2194,-28.5933],[153.2142,-28.5912],[153.2144,-28.5906],[153.2156,-28.5908],[153.2166,-28.5889],[153.2173,-28.5897],[153.2182,-28.589],[153.2187,-28.5904],[153.2196,-28.5896],[153.2208,-28.5899],[153.2208,-28.5917],[153.2221,-28.5919],[153.2224,-28.5931],[153.2255,-28.5936],[153.227,-28.5927],[153.2272,-28.5943],[153.2316,-28.5949],[153.2308,-28.5992],[153.2393,-28.6003],[153.2384,-28.6062],[153.2267,-28.6046]],[[146.9052,-34.3598],[146.9075,-34.3605],[146.9003,-34.3631],[146.8998,-34.3596],[146.8982,-34.3591],[146.8981,-34.3597],[146.8934,-34.3616],[146.893,-34.3565],[146.8839,-34.3546],[146.885,-34.3515],[146.8861,-34.3517],[146.8859,-34.3523],[146.8928,-34.3538],[146.8926,-34.3512],[146.899,-34.3519],[146.8986,-34.3464],[146.9022,-34.3473],[146.9018,-34.3484],[146.9033,-34.3488],[146.9028,-34.3502],[146.9044,-34.3505],[146.9061,-34.3548],[146.9052,-34.3598]],[[148.5619,-34.0272],[148.5618,-34.0291],[148.563,-34.0319],[148.5626,-34.034],[148.5659,-34.0364],[148.5628,-34.0396],[148.5645,-34.0412],[148.5634,-34.042],[148.565,-34.0435],[148.5627,-34.0452],[148.5611,-34.0437],[148.5574,-34.0465],[148.5561,-34.0431],[148.5517,-34.0417],[148.552,-34.0412],[148.5492,-34.0412],[148.5484,-34.0393],[148.5511,-34.0353],[148.5513,-34.0315],[148.5569,-34.0342],[148.5619,-34.0272]],[[150.8381,-33.5656],[150.8358,-33.565],[150.8393,-33.5502],[150.839,-33.5424],[150.8421,-33.5419],[150.8444,-33.5484],[150.8473,-33.5527],[150.8496,-33.5517],[150.8524,-33.556],[150.8407,-33.5612],[150.8401,-33.5653],[150.8381,-33.5656]],[[149.8812,-36.3915],[149.884,-36.3897],[149.8843,-36.3879],[149.8796,-36.3871],[149.8798,-36.3862],[149.887,-36.3872],[149.887,-36.3864],[149.8908,-36.3855],[149.8953,-36.3824],[149.8989,-36.382],[149.8957,-36.3981],[149.8933,-36.3992],[149.8908,-36.3953],[149.884,-36.394],[149.8812,-36.3915]],[[150.1458,-35.6573],[150.1441,-35.6575],[150.1446,-35.6592],[150.1404,-35.659],[150.1381,-35.6578],[150.1375,-35.6554],[150.1334,-35.6547],[150.1337,-35.6535],[150.1378,-35.6523],[150.1379,-35.6516],[150.1356,-35.6514],[150.1358,-35.6504],[150.1329,-35.6499],[150.1339,-35.6447],[150.1383,-35.6423],[150.1384,-35.6409],[150.1407,-35.6411],[150.1412,-35.644],[150.1446,-35.6478],[150.1481,-35.6479],[150.1464,-35.6521],[150.1469,-35.6532],[150.1458,-35.6573]],[[149.5477,-33.4849],[149.5524,-33.4857],[149.551,-33.4873],[149.5611,-33.4886],[149.5593,-33.4979],[149.5432,-33.4957],[149.5422,-33.4974],[149.5396,-33.497],[149.5403,-33.4957],[149.5437,-33.4946],[149.5447,-33.4928],[149.5416,-33.4924],[149.5477,-33.4849]],[[148.7536,-32.9342],[148.7412,-32.9326],[148.7428,-32.9235],[148.7509,-32.9245],[148.7544,-32.9205],[148.7561,-32.9215],[148.7558,-32.9235],[148.7611,-32.9242],[148.7608,-32.9254],[148.757,-32.925],[148.7565,-32.9281],[148.7573,-32.9284],[148.7571,-32.9296],[148.7608,-32.9301],[148.7607,-32.9307],[148.7627,-32.931],[148.7626,-32.9316],[148.7615,-32.9315],[148.7612,-32.9332],[148.7603,-32.933],[148.7601,-32.9339],[148.7561,-32.9334],[148.7563,-32.9343],[148.7536,-32.9342]],[[150.1471,-35.7717],[150.1465,-35.7727],[150.1494,-35.7731],[150.149,-35.7751],[150.1469,-35.7747],[150.146,-35.7775],[150.1445,-35.7773],[150.1435,-35.7789],[150.1458,-35.7792],[150.1454,-35.781],[150.1477,-35.7813],[150.1469,-35.7864],[150.1399,-35.7862],[150.1392,-35.787],[150.1378,-35.7867],[150.1377,-35.7876],[150.1361,-35.7883],[150.1327,-35.7866],[150.1325,-35.7854],[150.1345,-35.7846],[150.1331,-35.7836],[150.1334,-35.7822],[150.1348,-35.7824],[150.1402,-35.7774],[150.1415,-35.771],[150.1365,-35.7703],[150.1372,-35.7671],[150.1439,-35.7678],[150.145,-35.7693],[150.1445,-35.7707],[150.1471,-35.7717]],[[149.1452,-35.9512],[149.1486,-35.9516],[149.1543,-35.9616],[149.1534,-35.966],[149.152,-35.964],[149.1455,-35.9593],[149.1426,-35.9589],[149.142,-35.9581],[149.137,-35.96],[149.1339,-35.9598],[149.1311,-35.9559],[149.1344,-35.9545],[149.1353,-35.9501],[149.1452,-35.9512]],[[148.9546,-37.0406],[148.9566,-37.048],[148.9491,-37.0469],[148.9481,-37.0506],[148.9412,-37.0496],[148.9418,-37.0469],[148.9322,-37.0454],[148.933,-37.0434],[148.9361,-37.0431],[148.9356,-37.0399],[148.9394,-37.0386],[148.946,-37.041],[148.9467,-37.0408],[148.9464,-37.0397],[148.9509,-37.04],[148.9514,-37.0386],[148.954,-37.0383],[148.9546,-37.0406]],[[147.9869,-32.0438],[147.9815,-32.0404],[147.9833,-32.0386],[147.9788,-32.0371],[147.9778,-32.036],[147.9758,-32.0372],[147.9702,-32.0315],[147.9768,-32.0252],[147.9935,-32.0372],[147.9869,-32.0438]],[[152.1663,-32.67],[152.1629,-32.6703],[152.1617,-32.6691],[152.1604,-32.6702],[152.1583,-32.6699],[152.1585,-32.6688],[152.1554,-32.666],[152.1518,-32.6662],[152.1523,-32.6638],[152.1512,-32.6629],[152.1492,-32.6632],[152.1496,-32.661],[152.1485,-32.6585],[152.1471,-32.6586],[152.1469,-32.6606],[152.1446,-32.6602],[152.143,-32.6623],[152.1401,-32.6626],[152.1362,-32.6627],[152.1362,-32.6588],[152.1446,-32.6595],[152.1444,-32.6575],[152.1463,-32.6542],[152.1458,-32.6525],[152.1483,-32.6522],[152.1496,-32.6513],[152.1518,-32.6516],[152.152,-32.6526],[152.1532,-32.6528],[152.1536,-32.6502],[152.156,-32.6504],[152.1566,-32.657],[152.1578,-32.6578],[152.1573,-32.6593],[152.1581,-32.6594],[152.1569,-32.6603],[152.157,-32.6635],[152.1628,-32.6682],[152.166,-32.6691],[152.1668,-32.6697],[152.1663,-32.67]],[[150.58,-34.0738],[150.5784,-34.0745],[150.5759,-34.0741],[150.5744,-34.0753],[150.5751,-34.0755],[150.5736,-34.0799],[150.5739,-34.0809],[150.5751,-34.0808],[150.5729,-34.0864],[150.5733,-34.0896],[150.5659,-34.0885],[150.5611,-34.089],[150.5609,-34.0885],[150.5626,-34.0867],[150.5618,-34.0847],[150.5642,-34.0817],[150.5633,-34.079],[150.5676,-34.0764],[150.565,-34.0761],[150.5633,-34.0727],[150.5647,-34.0725],[150.5662,-34.0737],[150.5672,-34.0723],[150.5696,-34.0727],[150.5698,-34.0717],[150.5732,-34.0722],[150.5738,-34.0691],[150.575,-34.0694],[150.5748,-34.0703],[150.5765,-34.0716],[150.5752,-34.0725],[150.5806,-34.0732],[150.58,-34.0738]],[[151.305,-32.9167],[151.3066,-32.9096],[151.3117,-32.9103],[151.3123,-32.9074],[151.3179,-32.9083],[151.3177,-32.9095],[151.3238,-32.9104],[151.323,-32.9148],[151.3168,-32.9139],[151.3145,-32.9254],[151.3136,-32.926],[151.3081,-32.926],[151.3065,-32.9216],[151.3083,-32.9187],[151.307,-32.9176],[151.3048,-32.9175],[151.305,-32.9167]],[[152.7917,-31.3336],[152.7903,-31.3349],[152.7895,-31.3347],[152.7809,-31.3277],[152.779,-31.3246],[152.779,-31.3216],[152.7852,-31.3224],[152.7896,-31.3184],[152.7905,-31.3189],[152.7898,-31.3228],[152.793,-31.3225],[152.7932,-31.3212],[152.7948,-31.3214],[152.7945,-31.3226],[152.7966,-31.3229],[152.7986,-31.3221],[152.8011,-31.3197],[152.8015,-31.3175],[152.8033,-31.3178],[152.8038,-31.3166],[152.8044,-31.317],[152.806,-31.3161],[152.8055,-31.3196],[152.798,-31.3239],[152.7963,-31.3257],[152.7956,-31.3305],[152.7917,-31.3336]],[[152.3754,-32.1023],[152.3764,-32.0995],[152.3742,-32.0982],[152.3749,-32.0949],[152.376,-32.095],[152.3758,-32.0966],[152.3773,-32.0971],[152.3824,-32.0947],[152.3831,-32.0911],[152.3859,-32.0931],[152.388,-32.0925],[152.3938,-32.0928],[152.3979,-32.0976],[152.3992,-32.098],[152.3983,-32.1011],[152.3939,-32.1006],[152.3903,-32.1028],[152.3845,-32.102],[152.3838,-32.1058],[152.3809,-32.1053],[152.3813,-32.1031],[152.3754,-32.1023]],[[151.6625,-32.6873],[151.662,-32.6903],[151.6588,-32.6898],[151.6585,-32.6915],[151.6519,-32.6907],[151.6519,-32.693],[151.6541,-32.693],[151.6542,-32.696],[151.6518,-32.696],[151.6517,-32.6969],[151.6577,-32.6975],[151.6574,-32.6985],[151.6557,-32.6992],[151.6537,-32.6992],[151.6539,-32.6983],[151.6499,-32.6983],[151.6498,-32.6967],[151.6441,-32.6961],[151.6445,-32.6942],[151.6435,-32.6939],[151.6437,-32.6926],[151.6409,-32.6917],[151.6432,-32.6895],[151.6436,-32.6903],[151.6449,-32.6897],[151.6453,-32.6905],[151.6499,-32.6906],[151.6503,-32.6799],[151.6636,-32.6821],[151.6625,-32.6873]],[[149.972,-32.7906],[149.9728,-32.7915],[149.9787,-32.7919],[149.9775,-32.7983],[149.9759,-32.7981],[149.9777,-32.8038],[149.9765,-32.8036],[149.9756,-32.8088],[149.9667,-32.8076],[149.9679,-32.8011],[149.967,-32.801],[149.9661,-32.7995],[149.9653,-32.8017],[149.9623,-32.8013],[149.9636,-32.7993],[149.9622,-32.7989],[149.9626,-32.7965],[149.9643,-32.7967],[149.9647,-32.7945],[149.9657,-32.7945],[149.9637,-32.7921],[149.9679,-32.7926],[149.9692,-32.7906],[149.972,-32.7906]],[[152.9835,-30.0459],[152.9956,-30.0475],[152.9941,-30.0562],[152.993,-30.0561],[152.9924,-30.0591],[152.98,-30.0574],[152.9797,-30.0551],[152.9756,-30.0543],[152.9758,-30.0527],[152.9742,-30.0523],[152.9739,-30.0539],[152.968,-30.0497],[152.9759,-30.0509],[152.9762,-30.05],[152.9771,-30.0501],[152.9772,-30.0472],[152.9781,-30.0464],[152.9795,-30.0465],[152.9805,-30.0498],[152.9814,-30.0497],[152.9835,-30.0459]],[[152.8554,-30.6399],[152.8565,-30.6412],[152.8619,-30.6431],[152.8607,-30.644],[152.8628,-30.6456],[152.8582,-30.6491],[152.8634,-30.6511],[152.8634,-30.6529],[152.8622,-30.6548],[152.8625,-30.6565],[152.8492,-30.6546],[152.8485,-30.6586],[152.8505,-30.6593],[152.8464,-30.6607],[152.8442,-30.6603],[152.8466,-30.6473],[152.8488,-30.6459],[152.8508,-30.6461],[152.8507,-30.6444],[152.8518,-30.6443],[152.8522,-30.6431],[152.8517,-30.6421],[152.8535,-30.6424],[152.8529,-30.6409],[152.8543,-30.641],[152.8554,-30.6399]],[[150.5832,-35.0017],[150.5839,-34.9976],[150.5781,-34.9968],[150.5824,-34.987],[150.5861,-34.9875],[150.5878,-34.9833],[150.5944,-34.989],[150.5923,-35.0029],[150.5832,-35.0017]],[[151.0664,-31.0433],[151.0672,-31.0452],[151.0655,-31.046],[151.0612,-31.0459],[151.0609,-31.0478],[151.062,-31.056],[151.0567,-31.0585],[151.0573,-31.0604],[151.0535,-31.0636],[151.0529,-31.0638],[151.0531,-31.0622],[151.0517,-31.061],[151.0473,-31.0656],[151.0461,-31.0646],[151.0476,-31.057],[151.0461,-31.0568],[151.0517,-31.0505],[151.057,-31.0421],[151.0619,-31.0438],[151.063,-31.0423],[151.0645,-31.0436],[151.0664,-31.0433]],[[153.3131,-28.7179],[153.312,-28.7183],[153.3098,-28.7174],[153.3091,-28.7195],[153.311,-28.721],[153.3087,-28.7208],[153.309,-28.7224],[153.2971,-28.7207],[153.2968,-28.7225],[153.2952,-28.7234],[153.2952,-28.7243],[153.2941,-28.7242],[153.2938,-28.7208],[153.2881,-28.72],[153.2893,-28.7134],[153.2879,-28.7132],[153.2887,-28.7085],[153.3,-28.7104],[153.2998,-28.7127],[153.2985,-28.7125],[153.2983,-28.7135],[153.313,-28.7155],[153.3131,-28.7179]],[[148.8184,-34.7735],[148.8017,-34.7705],[148.8035,-34.7608],[148.8228,-34.7631],[148.8209,-34.7733],[148.8184,-34.7735]],[[150.2611,-33.5943],[150.2605,-33.5968],[150.2578,-33.5965],[150.2576,-33.5978],[150.2565,-33.5977],[150.2561,-33.5961],[150.2532,-33.5944],[150.2516,-33.5974],[150.2494,-33.5973],[150.2516,-33.5936],[150.2501,-33.5927],[150.2495,-33.5938],[150.2488,-33.5934],[150.2493,-33.5923],[150.2453,-33.5893],[150.246,-33.5888],[150.2447,-33.5874],[150.2448,-33.5861],[150.2429,-33.5864],[150.2428,-33.5836],[150.2403,-33.5827],[150.2413,-33.5777],[150.2455,-33.5782],[150.2467,-33.5718],[150.2502,-33.5723],[150.2488,-33.5792],[150.2503,-33.5794],[150.249,-33.5858],[150.2522,-33.5862],[150.2525,-33.5851],[150.2581,-33.5859],[150.2573,-33.5895],[150.2611,-33.5943]],[[152.4702,-32.0111],[152.4706,-32.0096],[152.4733,-32.0098],[152.4736,-32.0034],[152.4705,-32.0015],[152.468,-31.9983],[152.4682,-31.9973],[152.4726,-31.9951],[152.4733,-31.994],[152.4843,-31.9955],[152.4813,-32.0138],[152.4799,-32.015],[152.4783,-32.0149],[152.4744,-32.0119],[152.4702,-32.0111]],[[148.7814,-35.997],[148.78,-36.0029],[148.7682,-36.0013],[148.7682,-35.9999],[148.7621,-35.9991],[148.763,-35.9937],[148.7691,-35.9946],[148.7667,-35.9877],[148.7672,-35.9874],[148.7748,-35.9899],[148.7781,-35.9892],[148.7833,-35.9937],[148.7814,-35.997]],[[152.9304,-29.6229],[152.9288,-29.6253],[152.9281,-29.6317],[152.9263,-29.6377],[152.9303,-29.6383],[152.9313,-29.6333],[152.9342,-29.6337],[152.9329,-29.6408],[152.9273,-29.6458],[152.9272,-29.65],[152.9265,-29.6506],[152.9169,-29.649],[152.9208,-29.635],[152.9245,-29.6302],[152.9255,-29.6254],[152.9304,-29.6229]],[[148.6357,-34.6788],[148.6277,-34.6746],[148.6265,-34.6728],[148.6252,-34.6733],[148.6233,-34.6703],[148.6353,-34.6653],[148.6367,-34.6674],[148.6368,-34.6697],[148.6432,-34.6774],[148.6454,-34.682],[148.6397,-34.6883],[148.6336,-34.6847],[148.6377,-34.68],[148.6357,-34.6788]],[[148.6244,-36.4229],[148.6221,-36.4227],[148.6214,-36.424],[148.6176,-36.4239],[148.6159,-36.4246],[148.6143,-36.4238],[148.6129,-36.425],[148.611,-36.4234],[148.6096,-36.4234],[148.6105,-36.4186],[148.6077,-36.42],[148.6072,-36.4182],[148.6081,-36.4145],[148.6108,-36.4148],[148.6111,-36.4131],[148.6126,-36.4126],[148.6147,-36.4134],[148.6155,-36.4125],[148.6168,-36.4137],[148.6175,-36.4127],[148.622,-36.4115],[148.6266,-36.4158],[148.6279,-36.4187],[148.6312,-36.4197],[148.6319,-36.4211],[148.6305,-36.4232],[148.628,-36.4214],[148.6266,-36.4231],[148.6244,-36.4229]],[[151.2098,-29.9533],[151.2085,-29.9538],[151.2067,-29.953],[151.2039,-29.9541],[151.204,-29.9521],[151.202,-29.952],[151.2021,-29.9514],[151.1998,-29.9525],[151.1985,-29.951],[151.1991,-29.9496],[151.2014,-29.9505],[151.2018,-29.9497],[151.2027,-29.9498],[151.2029,-29.9504],[151.2037,-29.95],[151.2038,-29.9487],[151.2048,-29.9487],[151.2051,-29.9495],[151.2075,-29.949],[151.2062,-29.9463],[151.204,-29.9458],[151.2029,-29.9444],[151.2034,-29.9436],[151.2055,-29.9452],[151.2061,-29.9448],[151.2068,-29.9406],[151.2078,-29.9408],[151.2092,-29.939],[151.213,-29.9395],[151.2133,-29.941],[151.212,-29.9409],[151.2116,-29.9427],[151.213,-29.9427],[151.2147,-29.944],[151.2166,-29.9438],[151.2167,-29.9449],[151.2195,-29.9465],[151.2197,-29.9475],[151.221,-29.9477],[151.2172,-29.9522],[151.2138,-29.9547],[151.2179,-29.9579],[151.2165,-29.9596],[151.2157,-29.9586],[151.2163,-29.9596],[151.2149,-29.9602],[151.2156,-29.962],[151.2132,-29.963],[151.2122,-29.9613],[151.2093,-29.9626],[151.2103,-29.958],[151.2087,-29.9578],[151.2076,-29.9559],[151.2092,-29.9549],[151.2098,-29.9533]],[[150.6751,-33.5519],[150.6743,-33.5537],[150.6798,-33.5545],[150.6786,-33.5617],[150.6772,-33.5608],[150.6681,-33.5598],[150.6676,-33.5604],[150.6606,-33.558],[150.6613,-33.5571],[150.6573,-33.5541],[150.6591,-33.5528],[150.6562,-33.5506],[150.6585,-33.5486],[150.6609,-33.5501],[150.6609,-33.5493],[150.6586,-33.5472],[150.6608,-33.5473],[150.6605,-33.5466],[150.6612,-33.5466],[150.6666,-33.5474],[150.6721,-33.5493],[150.674,-33.5489],[150.6742,-33.5517],[150.6751,-33.5519]],[[146.7046,-35.2159],[146.7115,-35.2168],[146.7123,-35.2175],[146.712,-35.2193],[146.7147,-35.2195],[146.7172,-35.2183],[146.7261,-35.2194],[146.7245,-35.2298],[146.7208,-35.2293],[146.7207,-35.23],[146.7103,-35.2287],[146.711,-35.225],[146.7055,-35.2236],[146.7013,-35.2203],[146.7045,-35.2195],[146.7046,-35.2159]],[[150.4972,-34.3468],[150.4991,-34.3472],[150.4983,-34.3512],[150.5002,-34.3514],[150.5,-34.3522],[150.5033,-34.3527],[150.5026,-34.356],[150.4993,-34.3555],[150.4996,-34.3544],[150.4981,-34.3553],[150.4983,-34.3566],[150.4967,-34.3569],[150.4969,-34.3578],[150.4956,-34.3576],[150.4961,-34.3602],[150.5027,-34.3609],[150.5026,-34.3626],[150.4965,-34.3622],[150.4962,-34.3607],[150.4913,-34.36],[150.489,-34.3626],[150.4855,-34.3642],[150.4862,-34.3609],[150.4843,-34.3606],[150.4854,-34.3562],[150.4835,-34.356],[150.4844,-34.3513],[150.4877,-34.3518],[150.4884,-34.3481],[150.4932,-34.3483],[150.4917,-34.3419],[150.498,-34.3429],[150.4972,-34.3468]],[[150.843,-31.7669],[150.8425,-31.7692],[150.8441,-31.7695],[150.8438,-31.7702],[150.8433,-31.7708],[150.8397,-31.7702],[150.8393,-31.772],[150.835,-31.7713],[150.8339,-31.772],[150.8248,-31.7707],[150.8265,-31.7616],[150.8255,-31.7604],[150.8206,-31.7602],[150.8217,-31.7571],[150.8204,-31.7569],[150.8206,-31.7557],[150.8231,-31.7563],[150.8239,-31.7553],[150.8235,-31.7542],[150.8275,-31.7556],[150.8268,-31.7565],[150.8289,-31.7578],[150.8293,-31.757],[150.8366,-31.7578],[150.8363,-31.7622],[150.8397,-31.7638],[150.842,-31.7632],[150.8435,-31.7643],[150.843,-31.7669]],[[151.5417,-32.7829],[151.5433,-32.775],[151.5492,-32.7732],[151.5494,-32.7704],[151.5551,-32.7711],[151.555,-32.7688],[151.5563,-32.7676],[151.5601,-32.7686],[151.5604,-32.7674],[151.5626,-32.7677],[151.5599,-32.7807],[151.5574,-32.7821],[151.555,-32.7849],[151.5417,-32.7829]],[[150.5247,-34.3013],[150.5299,-34.302],[150.5292,-34.305],[150.5309,-34.3053],[150.5292,-34.3148],[150.5274,-34.3146],[150.5266,-34.3184],[150.5244,-34.3181],[150.5243,-34.3192],[150.5225,-34.319],[150.5226,-34.3179],[150.5127,-34.3173],[150.5132,-34.3144],[150.5152,-34.3145],[150.514,-34.3135],[150.515,-34.312],[150.5137,-34.3116],[150.5133,-34.31],[150.517,-34.3096],[150.5174,-34.304],[150.5187,-34.3042],[150.5193,-34.3005],[150.5247,-34.3013]],[[151.1283,-31.4698],[151.1277,-31.4722],[151.1257,-31.4738],[151.1242,-31.4792],[151.1209,-31.4787],[151.117,-31.4764],[151.1183,-31.4748],[151.1173,-31.474],[151.1187,-31.4724],[151.1161,-31.4688],[151.1175,-31.4678],[151.1212,-31.4677],[151.1218,-31.4673],[151.1217,-31.4655],[151.1238,-31.4643],[151.1128,-31.4632],[151.1129,-31.4623],[151.1168,-31.4584],[151.1237,-31.4597],[151.1241,-31.4588],[151.1267,-31.459],[151.1272,-31.4556],[151.1295,-31.4556],[151.1307,-31.4544],[151.1337,-31.4536],[151.1344,-31.4547],[151.1283,-31.4698]],[[151.0669,-31.0114],[151.0717,-31.012],[151.0724,-31.01],[151.0751,-31.0096],[151.0791,-31.011],[151.0769,-31.0232],[151.0787,-31.0273],[151.0685,-31.0258],[151.0666,-31.0289],[151.0588,-31.0287],[151.0603,-31.0209],[151.0649,-31.0216],[151.0669,-31.0114]],[[148.8326,-36.3596],[148.8324,-36.362],[148.8344,-36.3624],[148.8347,-36.3639],[148.8335,-36.3672],[148.8404,-36.3687],[148.8438,-36.3732],[148.8381,-36.3725],[148.8359,-36.3747],[148.8379,-36.3784],[148.8378,-36.3804],[148.8347,-36.38],[148.8325,-36.3739],[148.819,-36.3721],[148.8229,-36.3696],[148.8219,-36.3691],[148.823,-36.3677],[148.8219,-36.3675],[148.8221,-36.3645],[148.8239,-36.362],[148.8222,-36.3611],[148.8241,-36.3588],[148.827,-36.3606],[148.8299,-36.3574],[148.8326,-36.3596]],[[151.776,-32.579],[151.786,-32.5812],[151.7925,-32.5868],[151.7927,-32.5891],[151.7899,-32.5939],[151.7873,-32.5945],[151.7852,-32.5928],[151.7811,-32.5919],[151.7786,-32.5924],[151.7778,-32.5939],[151.7722,-32.5932],[151.7711,-32.5895],[151.7687,-32.59],[151.7682,-32.5879],[151.7719,-32.5873],[151.7716,-32.5861],[151.7726,-32.5858],[151.7719,-32.5831],[151.7768,-32.5821],[151.776,-32.579]],[[150.7386,-34.0981],[150.7399,-34.0939],[150.7544,-34.096],[150.7501,-34.1031],[150.7489,-34.1086],[150.7476,-34.1093],[150.7441,-34.1083],[150.7428,-34.1144],[150.7436,-34.118],[150.7422,-34.1187],[150.7396,-34.1179],[150.737,-34.1128],[150.7386,-34.0981]],[[153.0093,-28.7836],[153.0133,-28.7945],[153.0126,-28.798],[153.0051,-28.797],[153.0032,-28.7949],[152.9973,-28.7984],[152.9911,-28.7931],[152.9922,-28.7929],[152.9924,-28.7902],[152.9918,-28.7854],[152.991,-28.7853],[152.9913,-28.7837],[152.9955,-28.7844],[152.9979,-28.7838],[152.9993,-28.7848],[153.0016,-28.7837],[153.0093,-28.7836]],[[152.2152,-32.4107],[152.2134,-32.4188],[152.2125,-32.4178],[152.2088,-32.4173],[152.2066,-32.4131],[152.2019,-32.4124],[152.2022,-32.4094],[152.1991,-32.4063],[152.1987,-32.4033],[152.201,-32.4012],[152.2015,-32.3992],[152.2056,-32.3997],[152.2064,-32.3958],[152.2113,-32.3965],[152.2105,-32.4004],[152.2159,-32.3983],[152.215,-32.4014],[152.2154,-32.4023],[152.2143,-32.4031],[152.2157,-32.4032],[152.2155,-32.4043],[152.2164,-32.4047],[152.2152,-32.4107]],[[150.6128,-30.3788],[150.611,-30.3885],[150.614,-30.3889],[150.6142,-30.3884],[150.6171,-30.3897],[150.6164,-30.3934],[150.5965,-30.3907],[150.5986,-30.38],[150.6041,-30.3786],[150.6072,-30.3742],[150.6111,-30.3715],[150.6135,-30.3721],[150.6141,-30.3731],[150.6128,-30.3788]],[[144.9119,-35.8231],[144.8978,-35.8213],[144.8936,-35.8147],[144.8924,-35.8151],[144.8912,-35.8132],[144.8902,-35.8136],[144.8897,-35.8128],[144.8874,-35.8138],[144.8869,-35.813],[144.8924,-35.8106],[144.8901,-35.8069],[144.8912,-35.8063],[144.8899,-35.8036],[144.8985,-35.8046],[144.8992,-35.8073],[144.9017,-35.8112],[144.9062,-35.8092],[144.905,-35.8112],[144.9052,-35.8126],[144.9105,-35.8118],[144.9103,-35.8134],[144.9079,-35.816],[144.91,-35.8182],[144.911,-35.8178],[144.9119,-35.8187],[144.9119,-35.8231]],[[148.7005,-33.1869],[148.6996,-33.1868],[148.6984,-33.1884],[148.6969,-33.1872],[148.6943,-33.1888],[148.6887,-33.188],[148.6889,-33.1865],[148.6843,-33.1845],[148.6868,-33.1711],[148.6883,-33.1711],[148.689,-33.1731],[148.6913,-33.1741],[148.693,-33.1768],[148.7011,-33.1814],[148.7025,-33.1816],[148.7019,-33.1828],[148.707,-33.1835],[148.7064,-33.1864],[148.7119,-33.1868],[148.7128,-33.1877],[148.7141,-33.187],[148.7132,-33.1914],[148.7003,-33.1896],[148.7012,-33.187],[148.7005,-33.1869]],[[149.3755,-31.561],[149.3749,-31.56],[149.3711,-31.5597],[149.3703,-31.5569],[149.3714,-31.5542],[149.3782,-31.5471],[149.3806,-31.5391],[149.3812,-31.5392],[149.3815,-31.5444],[149.3958,-31.5462],[149.3944,-31.5544],[149.3888,-31.5537],[149.3886,-31.5553],[149.3855,-31.5549],[149.3852,-31.5566],[149.3817,-31.5561],[149.3814,-31.5605],[149.3757,-31.5616],[149.3755,-31.561]],[[149.5712,-36.6202],[149.5743,-36.6223],[149.5796,-36.6244],[149.5801,-36.6268],[149.5785,-36.6296],[149.5814,-36.6318],[149.5799,-36.633],[149.5786,-36.636],[149.5708,-36.6349],[149.5687,-36.6337],[149.567,-36.6336],[149.566,-36.6326],[149.5667,-36.6296],[149.5602,-36.6287],[149.5623,-36.6187],[149.5641,-36.618],[149.5644,-36.616],[149.5663,-36.6157],[149.5691,-36.6191],[149.5712,-36.6202]],[[147.055,-35.6648],[147.0535,-35.6726],[147.0521,-35.674],[147.0504,-35.6731],[147.0504,-35.6714],[147.0474,-35.6714],[147.0444,-35.6702],[147.039,-35.6728],[147.0387,-35.6707],[147.0374,-35.6708],[147.0355,-35.6741],[147.034,-35.6729],[147.0336,-35.6708],[147.0314,-35.6719],[147.0334,-35.6605],[147.0361,-35.6608],[147.0364,-35.6589],[147.0395,-35.6594],[147.0401,-35.6562],[147.0477,-35.6574],[147.0465,-35.6642],[147.0479,-35.666],[147.0511,-35.6655],[147.0506,-35.6632],[147.0529,-35.6627],[147.0536,-35.6651],[147.055,-35.6648]],[[147.7114,-32.9259],[147.7159,-32.9342],[147.7046,-32.9329],[147.7035,-32.93],[147.7027,-32.93],[147.7042,-32.9261],[147.7013,-32.926],[147.7005,-32.9272],[147.697,-32.9268],[147.6975,-32.9238],[147.7021,-32.924],[147.7024,-32.9223],[147.6958,-32.9221],[147.6967,-32.9158],[147.7016,-32.9163],[147.6996,-32.9096],[147.7058,-32.9083],[147.7089,-32.9194],[147.7101,-32.9198],[147.7148,-32.9261],[147.7114,-32.9259]],[[143.3759,-31.5685],[143.3726,-31.5659],[143.371,-31.5672],[143.3702,-31.5668],[143.3679,-31.5701],[143.3595,-31.5633],[143.3713,-31.5532],[143.3744,-31.5556],[143.3848,-31.5466],[143.3878,-31.549],[143.3843,-31.5522],[143.3872,-31.5547],[143.3856,-31.556],[143.3873,-31.5574],[143.3856,-31.5586],[143.384,-31.5574],[143.3824,-31.5579],[143.378,-31.5607],[143.3769,-31.563],[143.3765,-31.5686],[143.3759,-31.5685]],[[147.9731,-29.4371],[147.97,-29.4318],[147.9727,-29.4305],[147.9717,-29.4288],[147.9737,-29.428],[147.9727,-29.4262],[147.9689,-29.4245],[147.974,-29.4189],[147.9792,-29.4167],[147.9822,-29.4174],[147.9829,-29.4183],[147.9811,-29.422],[147.982,-29.4237],[147.9826,-29.4235],[147.9846,-29.427],[147.9866,-29.4258],[147.9879,-29.4279],[147.9895,-29.4272],[147.9899,-29.4278],[147.9867,-29.4297],[147.9887,-29.4331],[147.9858,-29.4347],[147.9847,-29.4364],[147.9852,-29.4372],[147.9807,-29.4392],[147.9796,-29.4373],[147.9745,-29.4395],[147.9735,-29.4366],[147.9731,-29.4371]],[[149.053,-33.6707],[149.0455,-33.6763],[149.0423,-33.6809],[149.0368,-33.6803],[149.0373,-33.6778],[149.031,-33.6769],[149.0319,-33.6726],[149.0284,-33.6734],[149.0303,-33.6642],[149.0514,-33.6673],[149.0539,-33.6665],[149.0536,-33.6682],[149.0549,-33.6675],[149.0555,-33.6682],[149.0567,-33.668],[149.053,-33.6707]],[[149.7257,-31.8267],[149.7238,-31.8273],[149.7227,-31.8267],[149.7204,-31.8284],[149.7201,-31.8296],[149.7174,-31.8296],[149.7175,-31.8325],[149.7163,-31.8333],[149.7154,-31.8324],[149.7149,-31.8342],[149.7136,-31.8348],[149.7125,-31.8348],[149.7127,-31.8338],[149.7108,-31.8335],[149.7112,-31.8329],[149.7078,-31.8324],[149.709,-31.8289],[149.7042,-31.8282],[149.7051,-31.8227],[149.7065,-31.8229],[149.707,-31.8204],[149.7044,-31.82],[149.7051,-31.8159],[149.7085,-31.8163],[149.7123,-31.8204],[149.713,-31.8201],[149.7137,-31.8162],[149.7182,-31.8179],[149.7202,-31.8148],[149.721,-31.815],[149.7237,-31.8184],[149.7281,-31.8206],[149.7272,-31.8218],[149.7247,-31.8218],[149.7251,-31.8228],[149.724,-31.825],[149.7257,-31.8267]],[[153.2883,-28.9785],[153.2866,-28.9795],[153.286,-28.9818],[153.2882,-28.984],[153.2883,-28.9862],[153.2928,-28.9937],[153.2934,-28.9955],[153.2929,-28.9968],[153.2846,-28.9984],[153.2812,-29.0007],[153.2639,-28.998],[153.2648,-28.9942],[153.2734,-28.9889],[153.2769,-28.9927],[153.2776,-28.9908],[153.2821,-28.9915],[153.2836,-28.9829],[153.2826,-28.9791],[153.2883,-28.9777],[153.2883,-28.9785]],[[148.0682,-35.3057],[148.0706,-35.3057],[148.0703,-35.307],[148.0731,-35.3077],[148.072,-35.3126],[148.0732,-35.3151],[148.0722,-35.3168],[148.0677,-35.3176],[148.0665,-35.3197],[148.0654,-35.3196],[148.0623,-35.3165],[148.0597,-35.3173],[148.0607,-35.3136],[148.0568,-35.3118],[148.0565,-35.3105],[148.0578,-35.3086],[148.0541,-35.3077],[148.0536,-35.306],[148.0522,-35.305],[148.0539,-35.304],[148.0533,-35.3009],[148.0553,-35.3016],[148.0567,-35.3012],[148.0569,-35.3003],[148.0575,-35.3008],[148.0645,-35.2998],[148.069,-35.3004],[148.0694,-35.3024],[148.0682,-35.3057]],[[147.0495,-34.7962],[147.0484,-34.8022],[147.0428,-34.8017],[147.0449,-34.8043],[147.0444,-34.8071],[147.0363,-34.8047],[147.0378,-34.8012],[147.0334,-34.8005],[147.0348,-34.7924],[147.0326,-34.7924],[147.0337,-34.7905],[147.035,-34.783],[147.0398,-34.7836],[147.0401,-34.7843],[147.0411,-34.7838],[147.0435,-34.7865],[147.0427,-34.7872],[147.0505,-34.788],[147.05,-34.7909],[147.042,-34.7899],[147.0419,-34.7905],[147.0422,-34.7923],[147.0499,-34.7939],[147.0495,-34.7962]],[[150.7846,-34.2069],[150.7864,-34.2034],[150.7856,-34.2033],[150.7862,-34.2021],[150.7848,-34.2018],[150.7846,-34.2005],[150.7831,-34.2003],[150.7841,-34.1981],[150.7824,-34.1979],[150.7827,-34.1967],[150.7803,-34.1961],[150.7829,-34.1939],[150.7851,-34.1943],[150.7858,-34.1926],[150.784,-34.1924],[150.7863,-34.1898],[150.7883,-34.1852],[150.7907,-34.1837],[150.7899,-34.1934],[150.791,-34.1936],[150.7909,-34.1952],[150.7925,-34.1954],[150.7933,-34.1967],[150.7946,-34.2018],[150.7986,-34.2043],[150.7992,-34.2062],[150.7982,-34.2096],[150.7964,-34.2105],[150.7971,-34.2129],[150.7871,-34.2118],[150.7839,-34.2093],[150.7833,-34.2124],[150.7778,-34.2117],[150.7797,-34.2098],[150.7846,-34.2069]],[[150.5651,-34.3109],[150.5786,-34.3084],[150.583,-34.309],[150.5834,-34.3143],[150.5815,-34.3157],[150.5806,-34.3179],[150.5621,-34.3312],[150.5603,-34.3244],[150.5657,-34.3234],[150.5624,-34.3115],[150.5651,-34.3109]],[[150.0132,-34.7062],[150.0079,-34.7137],[150.0018,-34.7171],[150.0024,-34.7188],[150.0004,-34.7209],[149.9974,-34.7186],[149.9946,-34.7205],[149.9933,-34.7203],[149.9961,-34.7102],[149.9888,-34.7096],[149.9873,-34.7102],[149.9863,-34.7097],[149.9906,-34.7076],[149.9927,-34.7045],[149.999,-34.7007],[150.0,-34.701],[149.9997,-34.7022],[150.0153,-34.704],[150.0132,-34.7062]],[[147.8208,-31.7124],[147.8224,-31.7064],[147.8266,-31.6995],[147.8219,-31.6941],[147.822,-31.6933],[147.8286,-31.6958],[147.8303,-31.6943],[147.8317,-31.6955],[147.8369,-31.6919],[147.8382,-31.6918],[147.8387,-31.6937],[147.8401,-31.6933],[147.8406,-31.6946],[147.8414,-31.6944],[147.8408,-31.6952],[147.8443,-31.6959],[147.8442,-31.6968],[147.8458,-31.6986],[147.8448,-31.7025],[147.8455,-31.7045],[147.8421,-31.7068],[147.8387,-31.7063],[147.837,-31.7075],[147.8341,-31.7042],[147.8335,-31.7054],[147.8324,-31.7058],[147.8343,-31.7079],[147.8314,-31.7097],[147.8302,-31.7083],[147.8269,-31.7094],[147.8266,-31.7088],[147.8208,-31.7124]],[[152.9532,-31.0342],[152.9504,-31.0338],[152.9507,-31.0325],[152.9434,-31.0321],[152.9444,-31.0266],[152.9416,-31.0254],[152.94,-31.0232],[152.9399,-31.0151],[152.9417,-31.0146],[152.9437,-31.0046],[152.9461,-31.0049],[152.9463,-31.0037],[152.9509,-31.0044],[152.9507,-31.0056],[152.9543,-31.0062],[152.9513,-31.0082],[152.9481,-31.0159],[152.9516,-31.0165],[152.949,-31.0221],[152.9536,-31.0233],[152.9532,-31.0248],[152.9589,-31.0257],[152.9532,-31.0342]],[[152.46,-32.2296],[152.4642,-32.2281],[152.4661,-32.2285],[152.4678,-32.2304],[152.4667,-32.2319],[152.467,-32.2341],[152.4694,-32.2339],[152.4713,-32.2354],[152.4754,-32.2347],[152.4762,-32.237],[152.4787,-32.2401],[152.4789,-32.2416],[152.4752,-32.2449],[152.4772,-32.2471],[152.4739,-32.2467],[152.4713,-32.2476],[152.4691,-32.2469],[152.4694,-32.2464],[152.4654,-32.2465],[152.4586,-32.2488],[152.4568,-32.2453],[152.46,-32.2296]],[[151.9746,-32.399],[151.9757,-32.3992],[151.978,-32.4035],[151.971,-32.4059],[151.9701,-32.417],[151.9641,-32.4166],[151.9622,-32.4098],[151.96,-32.4095],[151.9607,-32.4086],[151.9595,-32.4053],[151.9582,-32.4051],[151.9575,-32.4041],[151.9596,-32.3991],[151.9541,-32.3981],[151.9553,-32.3918],[151.9563,-32.3915],[151.9559,-32.3907],[151.9576,-32.3902],[151.9573,-32.3909],[151.9647,-32.3921],[151.9637,-32.3958],[151.9652,-32.3961],[151.9643,-32.3977],[151.9746,-32.399]],[[150.6998,-34.2409],[150.6964,-34.2404],[150.6957,-34.2422],[150.6931,-34.2403],[150.6815,-34.2354],[150.6831,-34.2312],[150.6832,-34.2287],[150.6816,-34.2284],[150.681,-34.2294],[150.669,-34.2282],[150.6748,-34.2224],[150.6816,-34.2172],[150.6853,-34.221],[150.6879,-34.2221],[150.6874,-34.2238],[150.6856,-34.2238],[150.6824,-34.226],[150.6842,-34.2273],[150.6882,-34.2269],[150.6897,-34.2283],[150.6899,-34.2306],[150.6981,-34.2317],[150.6976,-34.2346],[150.7023,-34.2358],[150.7012,-34.2411],[150.6998,-34.2409]],[[148.1423,-35.5304],[148.1434,-35.5284],[148.1415,-35.5282],[148.1417,-35.5244],[148.1411,-35.5241],[148.1408,-35.5219],[148.1393,-35.5208],[148.1401,-35.5195],[148.138,-35.5188],[148.1354,-35.515],[148.1332,-35.5165],[148.1343,-35.5111],[148.1446,-35.5125],[148.1445,-35.5136],[148.1453,-35.5138],[148.1457,-35.5127],[148.1512,-35.5134],[148.1524,-35.5127],[148.1534,-35.515],[148.1562,-35.5153],[148.1556,-35.5189],[148.1605,-35.5221],[148.1602,-35.5236],[148.1514,-35.5224],[148.1506,-35.5257],[148.1499,-35.5256],[148.1534,-35.5307],[148.1532,-35.5326],[148.1524,-35.533],[148.1482,-35.5327],[148.1488,-35.5308],[148.1449,-35.5312],[148.1449,-35.5305],[148.1423,-35.5304]],[[149.0558,-30.9431],[149.0537,-30.9409],[149.0582,-30.9421],[149.0586,-30.9395],[149.0601,-30.9397],[149.0605,-30.9375],[149.0656,-30.9382],[149.0683,-30.9409],[149.0729,-30.9424],[149.0741,-30.9439],[149.0737,-30.9454],[149.0703,-30.9495],[149.0712,-30.9515],[149.0739,-30.9527],[149.0744,-30.9543],[149.0616,-30.9523],[149.0641,-30.9571],[149.0636,-30.9598],[149.0566,-30.9589],[149.0576,-30.9519],[149.0494,-30.9513],[149.0507,-30.9441],[149.0571,-30.9448],[149.0558,-30.9431]],[[150.7339,-30.7416],[150.7352,-30.7445],[150.7336,-30.7445],[150.7307,-30.7557],[150.7319,-30.7559],[150.7345,-30.7582],[150.7275,-30.7571],[150.729,-30.7586],[150.7287,-30.7606],[150.7197,-30.7592],[150.7198,-30.756],[150.7167,-30.7556],[150.7149,-30.7465],[150.7157,-30.7442],[150.7121,-30.736],[150.7164,-30.7347],[150.7168,-30.7357],[150.719,-30.735],[150.7203,-30.7379],[150.7172,-30.7388],[150.7181,-30.7429],[150.7246,-30.7438],[150.7339,-30.7416]],[[150.9394,-31.1323],[150.9382,-31.1321],[150.9369,-31.1295],[150.9366,-31.1282],[150.9378,-31.1283],[150.938,-31.126],[150.9356,-31.1246],[150.9366,-31.1228],[150.9402,-31.1243],[150.9435,-31.1184],[150.9467,-31.1211],[150.9452,-31.1237],[150.9481,-31.1268],[150.9555,-31.1305],[150.9595,-31.1316],[150.9598,-31.1311],[150.9627,-31.1329],[150.9611,-31.1358],[150.9618,-31.1361],[150.9562,-31.1457],[150.9486,-31.1445],[150.95,-31.1414],[150.9454,-31.1346],[150.9442,-31.1352],[150.9446,-31.133],[150.9394,-31.1323]],[[150.1255,-33.4621],[150.1256,-33.4615],[150.1205,-33.4608],[150.1215,-33.4638],[150.1103,-33.4624],[150.1097,-33.4655],[150.102,-33.4645],[150.1036,-33.4561],[150.1058,-33.4562],[150.107,-33.4494],[150.1082,-33.4505],[150.1088,-33.4496],[150.1095,-33.4455],[150.1144,-33.4462],[150.1154,-33.4481],[150.1158,-33.4468],[150.12,-33.4462],[150.121,-33.4511],[150.12,-33.4523],[150.1211,-33.4525],[150.123,-33.4576],[150.1269,-33.4579],[150.1255,-33.4621]],[[152.6491,-31.8762],[152.6639,-31.878],[152.6641,-31.8771],[152.6672,-31.8775],[152.6675,-31.8758],[152.6731,-31.877],[152.6734,-31.8759],[152.6746,-31.8759],[152.6751,-31.873],[152.6761,-31.8731],[152.6792,-31.8705],[152.6794,-31.8694],[152.6836,-31.87],[152.6845,-31.8674],[152.6901,-31.8683],[152.6906,-31.866],[152.6933,-31.8665],[152.6946,-31.8658],[152.694,-31.869],[152.6978,-31.8671],[152.7001,-31.8671],[152.7012,-31.8681],[152.7008,-31.8703],[152.6957,-31.8707],[152.6917,-31.8728],[152.69,-31.8732],[152.6854,-31.8719],[152.6789,-31.8748],[152.6771,-31.8747],[152.6724,-31.8801],[152.6666,-31.8828],[152.6642,-31.8875],[152.6599,-31.889],[152.6577,-31.8886],[152.653,-31.8843],[152.6475,-31.8815],[152.6491,-31.8762]],[[150.7047,-34.7749],[150.7029,-34.7781],[150.6981,-34.7801],[150.6979,-34.7812],[150.694,-34.7814],[150.6938,-34.7825],[150.6919,-34.783],[150.692,-34.7821],[150.6879,-34.7822],[150.6886,-34.7788],[150.6864,-34.7785],[150.6866,-34.7803],[150.6836,-34.7825],[150.683,-34.7814],[150.6806,-34.7802],[150.6831,-34.7773],[150.6787,-34.7748],[150.6771,-34.7767],[150.6751,-34.7748],[150.6722,-34.7748],[150.6738,-34.7671],[150.6718,-34.7671],[150.6718,-34.7658],[150.669,-34.765],[150.6694,-34.7629],[150.6728,-34.7644],[150.6751,-34.7634],[150.6755,-34.7642],[150.678,-34.7617],[150.6818,-34.7617],[150.6824,-34.7637],[150.6813,-34.7697],[150.6842,-34.7719],[150.7047,-34.7749]],[[144.0317,-35.0947],[144.033,-35.0906],[144.0314,-35.0898],[144.0288,-35.0903],[144.0291,-35.0882],[144.0266,-35.0879],[144.0268,-35.0864],[144.0275,-35.0858],[144.0308,-35.0861],[144.0318,-35.0798],[144.0348,-35.0798],[144.039,-35.0834],[144.0427,-35.0881],[144.0424,-35.0897],[144.0438,-35.093],[144.0466,-35.0902],[144.0498,-35.0904],[144.0487,-35.0968],[144.0505,-35.0978],[144.0602,-35.0973],[144.0596,-35.0991],[144.0529,-35.1001],[144.0507,-35.1022],[144.0488,-35.1026],[144.047,-35.1014],[144.0463,-35.0972],[144.0447,-35.096],[144.0431,-35.0971],[144.041,-35.1011],[144.0359,-35.1022],[144.0339,-35.1012],[144.032,-35.0989],[144.0317,-35.0947]],[[146.1834,-34.2498],[146.184,-34.2482],[146.1828,-34.2412],[146.1976,-34.2394],[146.1988,-34.2466],[146.2099,-34.2527],[146.2031,-34.2609],[146.1834,-34.2498]],[[150.6875,-32.3956],[150.6871,-32.3976],[150.6841,-32.3972],[150.6835,-32.4003],[150.6684,-32.3981],[150.6734,-32.396],[150.6758,-32.3843],[150.6733,-32.3839],[150.6748,-32.3769],[150.679,-32.3775],[150.6783,-32.381],[150.6827,-32.3816],[150.6834,-32.3782],[150.6912,-32.3794],[150.6892,-32.3879],[150.6906,-32.3881],[150.6903,-32.3898],[150.6884,-32.3953],[150.6875,-32.3956]],[[147.0358,-35.5319],[147.0298,-35.531],[147.029,-35.5252],[147.0268,-35.5236],[147.0287,-35.5093],[147.0322,-35.5097],[147.0316,-35.509],[147.0321,-35.5067],[147.0344,-35.5068],[147.035,-35.5146],[147.0375,-35.5145],[147.0377,-35.5171],[147.0427,-35.5189],[147.0411,-35.527],[147.049,-35.5281],[147.0479,-35.5335],[147.0358,-35.5319]],[[150.5627,-29.5427],[150.5635,-29.5405],[150.5615,-29.5385],[150.5622,-29.5346],[150.5692,-29.5356],[150.5701,-29.5267],[150.5751,-29.5274],[150.5746,-29.5305],[150.5822,-29.5316],[150.5819,-29.5334],[150.5854,-29.534],[150.5843,-29.5401],[150.5858,-29.5403],[150.5856,-29.541],[150.588,-29.5402],[150.5877,-29.542],[150.5859,-29.5443],[150.5816,-29.5434],[150.5811,-29.5457],[150.5831,-29.548],[150.5753,-29.547],[150.575,-29.5487],[150.5714,-29.5482],[150.5717,-29.5465],[150.5672,-29.5459],[150.5678,-29.5439],[150.565,-29.5436],[150.564,-29.5444],[150.5627,-29.5427]],[[150.4345,-35.326],[150.4253,-35.3248],[150.4248,-35.3242],[150.4262,-35.3188],[150.4216,-35.3182],[150.4231,-35.3112],[150.4263,-35.3115],[150.4265,-35.3104],[150.4326,-35.3113],[150.4341,-35.314],[150.4344,-35.3133],[150.4381,-35.3137],[150.4387,-35.3113],[150.4476,-35.312],[150.4444,-35.3271],[150.4345,-35.326]],[[150.1675,-34.6881],[150.1728,-34.6965],[150.1678,-34.6967],[150.1659,-34.6975],[150.1675,-34.7],[150.1569,-34.7047],[150.1498,-34.6935],[150.1483,-34.694],[150.1498,-34.687],[150.1588,-34.6831],[150.168,-34.6843],[150.1675,-34.6881]],[[152.9016,-30.4405],[152.9013,-30.442],[152.9034,-30.4431],[152.9054,-30.4464],[152.9074,-30.4457],[152.9064,-30.4512],[152.91,-30.4512],[152.9099,-30.4525],[152.9117,-30.4522],[152.9116,-30.4553],[152.9072,-30.4565],[152.9064,-30.4603],[152.9077,-30.4605],[152.9075,-30.4615],[152.9055,-30.4612],[152.9051,-30.4632],[152.8878,-30.4612],[152.8921,-30.4583],[152.8927,-30.4551],[152.8907,-30.4532],[152.8909,-30.4522],[152.8886,-30.4518],[152.8894,-30.4491],[152.895,-30.4507],[152.8972,-30.4506],[152.8969,-30.4497],[152.898,-30.4497],[152.8966,-30.4473],[152.8925,-30.4461],[152.8913,-30.4445],[152.8921,-30.4423],[152.8932,-30.4423],[152.8946,-30.4352],[152.898,-30.4357],[152.8971,-30.4397],[152.9016,-30.4405]],[[145.8999,-34.7902],[145.9063,-34.8006],[145.891,-34.8044],[145.8897,-34.8067],[145.8876,-34.8062],[145.8837,-34.8108],[145.8814,-34.8087],[145.8805,-34.8094],[145.8781,-34.8079],[145.8746,-34.807],[145.8759,-34.8051],[145.8744,-34.802],[145.8766,-34.7996],[145.8801,-34.7981],[145.8793,-34.797],[145.8904,-34.7941],[145.8999,-34.7902]],[[150.5979,-34.5941],[150.5856,-34.5924],[150.5864,-34.5885],[150.5856,-34.5877],[150.5865,-34.5878],[150.5879,-34.5807],[150.5929,-34.5813],[150.5941,-34.5795],[150.5961,-34.5798],[150.5956,-34.5817],[150.615,-34.5843],[150.6157,-34.5804],[150.6164,-34.5804],[150.6161,-34.5817],[150.6183,-34.5822],[150.618,-34.5856],[150.6219,-34.5862],[150.6215,-34.5885],[150.6205,-34.589],[150.6141,-34.588],[150.6128,-34.5885],[150.6105,-34.5911],[150.6106,-34.5939],[150.6072,-34.5934],[150.6076,-34.5916],[150.6035,-34.5901],[150.6026,-34.5948],[150.5979,-34.5941]],[[151.0895,-29.3215],[151.0924,-29.3174],[151.0851,-29.3127],[151.0845,-29.312],[151.0849,-29.3097],[151.0912,-29.3106],[151.0921,-29.3068],[151.1005,-29.3081],[151.101,-29.3096],[151.1062,-29.3109],[151.1034,-29.3121],[151.0971,-29.3189],[151.0983,-29.3212],[151.1045,-29.3234],[151.1046,-29.3265],[151.1025,-29.3285],[151.0975,-29.331],[151.0813,-29.3288],[151.0828,-29.3203],[151.0873,-29.3204],[151.0895,-29.3215]],[[148.5768,-29.5472],[148.5694,-29.5534],[148.5694,-29.5516],[148.5723,-29.5491],[148.5695,-29.5412],[148.5785,-29.5388],[148.5736,-29.5186],[148.5772,-29.5177],[148.5766,-29.5107],[148.579,-29.5098],[148.5812,-29.5191],[148.5862,-29.5197],[148.5831,-29.5222],[148.5863,-29.5278],[148.5898,-29.5283],[148.589,-29.533],[148.5916,-29.5334],[148.591,-29.5372],[148.5872,-29.5366],[148.5814,-29.5381],[148.5841,-29.5461],[148.5768,-29.5472]],[[150.343,-34.5156],[150.3395,-34.5166],[150.3332,-34.5156],[150.333,-34.5164],[150.3217,-34.5143],[150.3259,-34.5081],[150.3181,-34.5045],[150.3199,-34.5027],[150.3191,-34.5022],[150.3197,-34.5017],[150.3206,-34.5022],[150.3226,-34.5002],[150.3218,-34.4998],[150.3224,-34.4991],[150.3442,-34.5021],[150.3426,-34.5108],[150.3483,-34.5153],[150.343,-34.5156]],[[151.6068,-30.9799],[151.6063,-30.9826],[151.6033,-30.9866],[151.6059,-30.9873],[151.6062,-30.9907],[151.594,-30.9892],[151.5954,-30.9901],[151.5947,-30.9914],[151.5948,-30.9933],[151.5907,-30.9927],[151.5915,-30.9887],[151.5794,-30.987],[151.58,-30.9837],[151.5822,-30.9834],[151.5782,-30.9789],[151.5827,-30.9795],[151.5805,-30.976],[151.5868,-30.9771],[151.587,-30.976],[151.5893,-30.9763],[151.5889,-30.9783],[151.592,-30.9787],[151.5929,-30.9746],[151.6002,-30.9756],[151.6006,-30.9735],[151.6047,-30.9741],[151.6031,-30.9758],[151.6036,-30.9763],[151.6074,-30.9767],[151.6068,-30.9799]],[[146.9029,-35.9617],[146.9021,-35.965],[146.8724,-35.9608],[146.8799,-35.9581],[146.8792,-35.9568],[146.8815,-35.9559],[146.8779,-35.9497],[146.8833,-35.951],[146.8859,-35.9501],[146.8871,-35.9517],[146.8878,-35.9506],[146.8894,-35.9509],[146.8934,-35.9501],[146.8992,-35.9463],[146.9009,-35.9495],[146.9002,-35.9531],[146.9044,-35.9537],[146.9029,-35.9617]],[[148.1944,-32.7361],[148.1948,-32.7373],[148.1921,-32.7381],[148.1916,-32.737],[148.1887,-32.7378],[148.1892,-32.7389],[148.188,-32.7393],[148.1875,-32.7382],[148.173,-32.7402],[148.1688,-32.7303],[148.1852,-32.7253],[148.1848,-32.7245],[148.1817,-32.7233],[148.1812,-32.7221],[148.187,-32.7203],[148.1868,-32.7198],[148.188,-32.7191],[148.1875,-32.718],[148.1896,-32.7174],[148.1906,-32.7215],[148.192,-32.7212],[148.196,-32.7308],[148.1954,-32.731],[148.1957,-32.7318],[148.1945,-32.7322],[148.1969,-32.7354],[148.1944,-32.7361]],[[143.5532,-34.6379],[143.5502,-34.6362],[143.5483,-34.6368],[143.549,-34.6404],[143.552,-34.6421],[143.5516,-34.6427],[143.5417,-34.6394],[143.543,-34.631],[143.552,-34.6316],[143.5526,-34.6304],[143.5541,-34.6301],[143.5551,-34.6285],[143.5556,-34.6289],[143.5577,-34.627],[143.5627,-34.6306],[143.566,-34.6277],[143.5684,-34.624],[143.5711,-34.6288],[143.5694,-34.6304],[143.5713,-34.6318],[143.5689,-34.6341],[143.5708,-34.6355],[143.5717,-34.6347],[143.5727,-34.6355],[143.5677,-34.64],[143.5696,-34.6415],[143.5683,-34.6433],[143.5698,-34.6444],[143.5688,-34.6452],[143.5703,-34.6463],[143.5684,-34.648],[143.5671,-34.6468],[143.5626,-34.6467],[143.5628,-34.6453],[143.5646,-34.6435],[143.5643,-34.6426],[143.5607,-34.6425],[143.5582,-34.6412],[143.5548,-34.6419],[143.5549,-34.6392],[143.5532,-34.6379]],[[150.5725,-29.8774],[150.5706,-29.878],[150.5506,-29.8752],[150.5517,-29.8698],[150.5536,-29.8701],[150.5553,-29.8598],[150.56,-29.8603],[150.5605,-29.862],[150.5621,-29.8634],[150.566,-29.8643],[150.5696,-29.8632],[150.5747,-29.863],[150.5753,-29.8645],[150.58,-29.8631],[150.5794,-29.8663],[150.5798,-29.8695],[150.5776,-29.8692],[150.5767,-29.8718],[150.5751,-29.8707],[150.575,-29.8695],[150.5739,-29.8703],[150.5744,-29.8722],[150.5768,-29.8732],[150.578,-29.8754],[150.5808,-29.8763],[150.5815,-29.8782],[150.5769,-29.8787],[150.5754,-29.8766],[150.5725,-29.8774]],[[150.3527,-32.1347],[150.3578,-32.1354],[150.3615,-32.1312],[150.3699,-32.1327],[150.3706,-32.1314],[150.3726,-32.1326],[150.376,-32.1306],[150.3767,-32.1325],[150.3762,-32.1344],[150.3732,-32.136],[150.3723,-32.1381],[150.3708,-32.1392],[150.375,-32.1398],[150.3739,-32.1454],[150.3698,-32.1429],[150.3697,-32.1439],[150.3667,-32.142],[150.3645,-32.1428],[150.3643,-32.1436],[150.3677,-32.1502],[150.3436,-32.1467],[150.3458,-32.144],[150.3471,-32.1396],[150.3487,-32.1394],[150.3522,-32.1365],[150.3527,-32.1347]],[[150.5337,-34.0741],[150.5348,-34.0757],[150.5343,-34.0768],[150.5351,-34.0773],[150.5374,-34.0753],[150.539,-34.0753],[150.5394,-34.0721],[150.5503,-34.0735],[150.5466,-34.0948],[150.5267,-34.0922],[150.5275,-34.0879],[150.5298,-34.0864],[150.5302,-34.0849],[150.5318,-34.0835],[150.5337,-34.0741]],[[150.7717,-33.5668],[150.7634,-33.5652],[150.7578,-33.5652],[150.7421,-33.5705],[150.7388,-33.5673],[150.7418,-33.5677],[150.7568,-33.5633],[150.7657,-33.5638],[150.7726,-33.5654],[150.7813,-33.5569],[150.7914,-33.5582],[150.7954,-33.5579],[150.7965,-33.5543],[150.7989,-33.5554],[150.7986,-33.5568],[150.8016,-33.5572],[150.8006,-33.5603],[150.7975,-33.5602],[150.7966,-33.5606],[150.7971,-33.5617],[150.7948,-33.5617],[150.7938,-33.5632],[150.7944,-33.5654],[150.7917,-33.5771],[150.7775,-33.5688],[150.7717,-33.5668]],[[148.8704,-33.0976],[148.8689,-33.1024],[148.856,-33.1006],[148.859,-33.0961],[148.8569,-33.0964],[148.8537,-33.0985],[148.8457,-33.0994],[148.8466,-33.0959],[148.849,-33.0925],[148.856,-33.0863],[148.8579,-33.0831],[148.8609,-33.082],[148.8671,-33.0846],[148.8714,-33.0881],[148.8723,-33.0898],[148.8731,-33.0882],[148.8751,-33.0893],[148.8745,-33.0958],[148.877,-33.0962],[148.8768,-33.0973],[148.8758,-33.0972],[148.8756,-33.0983],[148.8704,-33.0976]],[[153.4921,-28.5591],[153.4932,-28.5528],[153.4899,-28.5534],[153.489,-28.5563],[153.485,-28.5543],[153.4885,-28.5507],[153.4859,-28.5493],[153.4847,-28.55],[153.4846,-28.5485],[153.4883,-28.5461],[153.4893,-28.5466],[153.4895,-28.5447],[153.5011,-28.5463],[153.501,-28.5471],[153.5052,-28.5469],[153.5048,-28.5488],[153.5059,-28.549],[153.5055,-28.5511],[153.5074,-28.5521],[153.507,-28.5537],[153.5107,-28.5552],[153.5101,-28.5568],[153.5081,-28.5562],[153.5066,-28.557],[153.5033,-28.5558],[153.5026,-28.5563],[153.5027,-28.558],[153.5,-28.5581],[153.4995,-28.5607],[153.4942,-28.56],[153.4906,-28.5628],[153.4884,-28.5616],[153.4849,-28.5619],[153.4853,-28.5596],[153.4833,-28.5592],[153.4785,-28.5608],[153.4764,-28.56],[153.4676,-28.5607],[153.4691,-28.5519],[153.4729,-28.5543],[153.4737,-28.5501],[153.4813,-28.551],[153.4811,-28.5531],[153.4845,-28.5521],[153.4838,-28.5572],[153.4849,-28.5588],[153.4927,-28.5596],[153.4921,-28.5591]],[[152.7009,-31.6256],[152.7025,-31.6259],[152.7023,-31.627],[152.7051,-31.6274],[152.705,-31.6282],[152.7064,-31.6285],[152.7089,-31.6247],[152.7112,-31.6189],[152.7144,-31.6158],[152.7144,-31.6139],[152.7186,-31.6146],[152.7192,-31.6125],[152.7217,-31.6125],[152.7255,-31.6179],[152.7213,-31.6204],[152.7158,-31.6253],[152.7221,-31.6264],[152.7216,-31.6292],[152.7251,-31.6297],[152.725,-31.6322],[152.7262,-31.6332],[152.7252,-31.6341],[152.7261,-31.6344],[152.7254,-31.6362],[152.7243,-31.6375],[152.7232,-31.6374],[152.723,-31.6356],[152.722,-31.635],[152.7227,-31.6338],[152.7219,-31.6336],[152.7206,-31.634],[152.7203,-31.6355],[152.7136,-31.6345],[152.7104,-31.6329],[152.7088,-31.6406],[152.7046,-31.6398],[152.705,-31.6373],[152.7016,-31.6367],[152.699,-31.6389],[152.6981,-31.6388],[152.6979,-31.635],[152.6967,-31.6349],[152.6973,-31.6323],[152.6982,-31.6299],[152.7002,-31.63],[152.6996,-31.6288],[152.7004,-31.6284],[152.7009,-31.6256]],[[149.5475,-32.3607],[149.5493,-32.3661],[149.5466,-32.3646],[149.5458,-32.3695],[149.5373,-32.3684],[149.5368,-32.3715],[149.529,-32.3706],[149.5285,-32.3731],[149.5254,-32.3727],[149.5262,-32.3682],[149.5239,-32.3666],[149.5217,-32.3674],[149.5214,-32.3668],[149.5212,-32.363],[149.5238,-32.3633],[149.5232,-32.3608],[149.5244,-32.3562],[149.5266,-32.3539],[149.5296,-32.3529],[149.5306,-32.3475],[149.5342,-32.3479],[149.5342,-32.3511],[149.5353,-32.3528],[149.5457,-32.3587],[149.5475,-32.3607]],[[152.7164,-30.3351],[152.7155,-30.3348],[152.7151,-30.3385],[152.7171,-30.3389],[152.7188,-30.3412],[152.7184,-30.3432],[152.7163,-30.3429],[152.7154,-30.3449],[152.716,-30.3459],[152.7192,-30.3454],[152.7192,-30.346],[152.7176,-30.3471],[152.7149,-30.3471],[152.7148,-30.3483],[152.7172,-30.3512],[152.7167,-30.3541],[152.7201,-30.3583],[152.72,-30.3593],[152.7171,-30.3602],[152.716,-30.358],[152.7087,-30.3605],[152.707,-30.3566],[152.7105,-30.3547],[152.7101,-30.348],[152.7087,-30.3478],[152.7089,-30.3468],[152.7044,-30.346],[152.7022,-30.3423],[152.7007,-30.3423],[152.7008,-30.341],[152.7044,-30.3382],[152.7015,-30.3374],[152.7023,-30.333],[152.7029,-30.333],[152.6968,-30.325],[152.6974,-30.3243],[152.7114,-30.3262],[152.7108,-30.3292],[152.7115,-30.329],[152.7129,-30.3313],[152.718,-30.3324],[152.7175,-30.3352],[152.7164,-30.3351]],[[147.3246,-35.7111],[147.3264,-35.7125],[147.3279,-35.7112],[147.3336,-35.7119],[147.3342,-35.7133],[147.3336,-35.7154],[147.3315,-35.7159],[147.3322,-35.7171],[147.3286,-35.7172],[147.3283,-35.7187],[147.3271,-35.7184],[147.3266,-35.7204],[147.3253,-35.7203],[147.3227,-35.734],[147.3186,-35.7289],[147.318,-35.7317],[147.3091,-35.7305],[147.3085,-35.7312],[147.305,-35.7304],[147.3053,-35.7286],[147.3075,-35.7291],[147.308,-35.7266],[147.3054,-35.7266],[147.3052,-35.7253],[147.3022,-35.7255],[147.3026,-35.7234],[147.3062,-35.7237],[147.3073,-35.7178],[147.3102,-35.7182],[147.3125,-35.716],[147.3099,-35.7157],[147.3102,-35.7145],[147.3091,-35.7143],[147.3093,-35.7125],[147.316,-35.7132],[147.3209,-35.7108],[147.3231,-35.7125],[147.3246,-35.7111]],[[149.3792,-32.0045],[149.3854,-32.0108],[149.3866,-32.0099],[149.3894,-32.0112],[149.3889,-32.0123],[149.3926,-32.0136],[149.3943,-32.0129],[149.3968,-32.0099],[149.4036,-32.0091],[149.4041,-32.0103],[149.4024,-32.015],[149.4049,-32.0162],[149.405,-32.0172],[149.4036,-32.0238],[149.4004,-32.0238],[149.4004,-32.0255],[149.4018,-32.0283],[149.3784,-32.0255],[149.3798,-32.0212],[149.3784,-32.0217],[149.3777,-32.0202],[149.3804,-32.0187],[149.3807,-32.0173],[149.3793,-32.0134],[149.3815,-32.01],[149.3786,-32.0077],[149.3782,-32.0062],[149.3792,-32.0045]],[[148.6728,-33.5633],[148.6727,-33.5641],[148.6716,-33.5639],[148.6718,-33.5631],[148.6694,-33.5628],[148.669,-33.5657],[148.668,-33.5655],[148.6674,-33.5687],[148.6659,-33.569],[148.6639,-33.568],[148.664,-33.5718],[148.6657,-33.573],[148.665,-33.5758],[148.6671,-33.5761],[148.6687,-33.5788],[148.6631,-33.5781],[148.6624,-33.5793],[148.6525,-33.5771],[148.6583,-33.5664],[148.657,-33.5644],[148.6583,-33.5586],[148.6565,-33.5584],[148.6575,-33.5531],[148.6618,-33.5544],[148.6626,-33.5504],[148.6671,-33.551],[148.6676,-33.548],[148.6756,-33.5492],[148.6747,-33.554],[148.6771,-33.5543],[148.6768,-33.5563],[148.6789,-33.5565],[148.6785,-33.5584],[148.6772,-33.5582],[148.676,-33.5638],[148.6728,-33.5633]],[[149.4576,-30.2181],[149.4599,-30.2217],[149.4571,-30.2249],[149.4457,-30.2272],[149.4432,-30.2289],[149.4419,-30.2311],[149.4394,-30.232],[149.4353,-30.2326],[149.4284,-30.2309],[149.4229,-30.2313],[149.4217,-30.2291],[149.4199,-30.2294],[149.4195,-30.2304],[149.4188,-30.2296],[149.4183,-30.2278],[149.4197,-30.2274],[149.4203,-30.2255],[149.4263,-30.2265],[149.4258,-30.2254],[149.4319,-30.2234],[149.4325,-30.221],[149.4337,-30.2203],[149.4351,-30.2207],[149.4348,-30.2202],[149.4373,-30.2191],[149.4385,-30.2123],[149.449,-30.2139],[149.4514,-30.212],[149.4529,-30.2118],[149.4548,-30.2145],[149.4544,-30.2167],[149.4552,-30.2176],[149.4562,-30.2169],[149.4576,-30.2181]],[[146.6364,-35.9755],[146.6459,-35.9767],[146.6448,-35.9826],[146.6514,-35.9838],[146.6507,-35.9866],[146.6514,-35.9869],[146.649,-35.9899],[146.6434,-35.9895],[146.6428,-35.9917],[146.6409,-35.9927],[146.6362,-35.9912],[146.632,-35.9929],[146.6302,-35.9917],[146.6285,-35.9885],[146.6294,-35.9855],[146.6286,-35.9845],[146.626,-35.9841],[146.6212,-35.9863],[146.6189,-35.9847],[146.6194,-35.9822],[146.6185,-35.9821],[146.6187,-35.9809],[146.6175,-35.9796],[146.6185,-35.9786],[146.6186,-35.9767],[146.6206,-35.9768],[146.6212,-35.9736],[146.6364,-35.9755]],[[151.1181,-29.8444],[151.1168,-29.8392],[151.1298,-29.841],[151.1295,-29.8429],[151.1302,-29.8429],[151.1303,-29.8453],[151.1319,-29.845],[151.1333,-29.8436],[151.132,-29.8507],[151.1337,-29.851],[151.1329,-29.8552],[151.1314,-29.8545],[151.1296,-29.8636],[151.1284,-29.8636],[151.1276,-29.8725],[151.1198,-29.8713],[151.1204,-29.8681],[151.1152,-29.8672],[151.116,-29.8593],[151.1154,-29.8592],[151.1158,-29.8567],[151.1148,-29.8565],[151.1151,-29.8546],[151.1145,-29.8545],[151.1153,-29.8506],[151.1165,-29.8501],[151.1149,-29.8487],[151.1155,-29.8482],[151.1172,-29.8496],[151.1178,-29.8493],[151.1181,-29.8444]],[[149.9691,-32.8708],[149.9643,-32.8697],[149.9649,-32.8662],[149.9658,-32.8662],[149.9683,-32.853],[149.9641,-32.8525],[149.9652,-32.8467],[149.9711,-32.8475],[149.9716,-32.8443],[149.976,-32.8448],[149.9761,-32.8485],[149.9807,-32.849],[149.9804,-32.8504],[149.9852,-32.8509],[149.985,-32.8519],[149.99,-32.8532],[149.9895,-32.8557],[149.9865,-32.8553],[149.986,-32.856],[149.9858,-32.857],[149.9874,-32.8572],[149.9867,-32.8609],[149.9848,-32.8607],[149.9839,-32.8654],[149.9798,-32.8649],[149.9786,-32.872],[149.9691,-32.8708]],[[146.0084,-34.5734],[146.0073,-34.5699],[146.002,-34.5697],[146.002,-34.5714],[145.9998,-34.5709],[145.999,-34.5723],[145.9994,-34.5735],[145.996,-34.5741],[145.993,-34.5774],[145.9889,-34.5751],[145.9895,-34.5745],[145.9796,-34.5733],[145.9801,-34.5705],[145.9839,-34.571],[145.9845,-34.5688],[145.9921,-34.5697],[145.9936,-34.5618],[145.9948,-34.5634],[145.998,-34.5634],[146.0019,-34.5652],[146.0031,-34.567],[146.0052,-34.5666],[146.0071,-34.5566],[146.0045,-34.5563],[146.0004,-34.5516],[145.9971,-34.5507],[145.9998,-34.548],[145.999,-34.5463],[145.9975,-34.5456],[145.9977,-34.5443],[145.9995,-34.5449],[146.0064,-34.5534],[146.0153,-34.5584],[146.0188,-34.5617],[146.0282,-34.5657],[146.0277,-34.5682],[146.0241,-34.5672],[146.0203,-34.5673],[146.0151,-34.5693],[146.0123,-34.5736],[146.0084,-34.5734]],[[150.6097,-34.1614],[150.6077,-34.1602],[150.6096,-34.1585],[150.6091,-34.1568],[150.6119,-34.1571],[150.6122,-34.1562],[150.6134,-34.156],[150.6176,-34.1576],[150.619,-34.1569],[150.6203,-34.1578],[150.6213,-34.1568],[150.6217,-34.1584],[150.6271,-34.1598],[150.6278,-34.1616],[150.631,-34.1618],[150.632,-34.163],[150.6334,-34.1628],[150.6348,-34.1638],[150.6261,-34.1676],[150.6237,-34.1668],[150.62,-34.1633],[150.6171,-34.1626],[150.6154,-34.1631],[150.6145,-34.1641],[150.6155,-34.1647],[150.6141,-34.1667],[150.6155,-34.1678],[150.6152,-34.1684],[150.6177,-34.1695],[150.6154,-34.1711],[150.6162,-34.1723],[150.6147,-34.1775],[150.6152,-34.1848],[150.6122,-34.1849],[150.6118,-34.1856],[150.6122,-34.1875],[150.6135,-34.1888],[150.613,-34.1902],[150.6135,-34.1934],[150.6143,-34.1941],[150.6134,-34.1951],[150.6109,-34.1959],[150.6104,-34.1948],[150.6046,-34.1958],[150.6041,-34.1945],[150.6036,-34.1952],[150.601,-34.1937],[150.6003,-34.1941],[150.6003,-34.1931],[150.5959,-34.1944],[150.5957,-34.1936],[150.5993,-34.1911],[150.6072,-34.182],[150.6068,-34.175],[150.6096,-34.1743],[150.6087,-34.1723],[150.6092,-34.1695],[150.6081,-34.1663],[150.6099,-34.1656],[150.6112,-34.1625],[150.6097,-34.1614]],[[150.4782,-34.3811],[150.4782,-34.3849],[150.4862,-34.3961],[150.4882,-34.4016],[150.5013,-34.4033],[150.5063,-34.4048],[150.5019,-34.411],[150.501,-34.4107],[150.4984,-34.4138],[150.4968,-34.4145],[150.4939,-34.4098],[150.4915,-34.4094],[150.4904,-34.4113],[150.4743,-34.4098],[150.4723,-34.4086],[150.4772,-34.3809],[150.4782,-34.3811]],[[146.8721,-29.9744],[146.871,-29.9819],[146.8647,-29.9813],[146.8633,-29.9769],[146.8641,-29.9734],[146.8631,-29.9732],[146.8637,-29.9714],[146.8589,-29.9701],[146.8594,-29.9674],[146.8569,-29.9671],[146.8572,-29.9656],[146.8551,-29.9653],[146.8555,-29.9631],[146.8489,-29.9602],[146.8529,-29.9594],[146.8531,-29.9582],[146.8567,-29.9575],[146.8576,-29.956],[146.8572,-29.9499],[146.8591,-29.9474],[146.863,-29.9471],[146.8657,-29.9488],[146.8675,-29.9515],[146.8674,-29.9547],[146.8682,-29.9555],[146.8737,-29.9544],[146.8759,-29.9564],[146.8761,-29.9594],[146.8735,-29.9633],[146.8721,-29.9736],[146.8731,-29.9745],[146.8721,-29.9744]],[[153.2948,-29.365],[153.2949,-29.3673],[153.293,-29.3687],[153.2868,-29.3691],[153.2789,-29.3622],[153.2562,-29.359],[153.2563,-29.3584],[153.254,-29.3581],[153.2543,-29.3565],[153.2504,-29.3562],[153.2508,-29.3541],[153.2573,-29.3531],[153.2585,-29.3473],[153.2906,-29.3525],[153.2886,-29.3633],[153.2878,-29.3641],[153.2948,-29.365]],[[151.0012,-34.1879],[150.999,-34.1881],[150.9969,-34.1872],[150.9948,-34.1826],[150.9937,-34.1843],[150.9895,-34.1836],[150.9891,-34.1845],[150.9898,-34.1846],[150.9898,-34.1862],[150.9873,-34.185],[150.9872,-34.1878],[150.989,-34.1882],[150.9901,-34.1894],[150.9884,-34.1892],[150.9865,-34.1908],[150.9846,-34.1911],[150.9875,-34.1917],[150.9858,-34.1925],[150.9844,-34.1996],[150.9896,-34.1956],[150.9881,-34.2054],[150.9866,-34.2042],[150.9863,-34.2055],[150.9793,-34.2046],[150.9799,-34.2013],[150.9764,-34.2001],[150.9739,-34.1974],[150.9748,-34.1961],[150.9741,-34.1942],[150.9752,-34.1936],[150.9772,-34.1862],[150.9872,-34.1838],[150.9864,-34.1827],[150.9879,-34.1794],[150.9872,-34.1789],[150.9892,-34.1773],[150.9928,-34.1766],[150.992,-34.1755],[150.9925,-34.174],[150.9962,-34.1722],[150.9938,-34.1739],[150.9951,-34.1745],[150.9933,-34.1765],[150.9954,-34.1764],[151.0006,-34.1724],[151.002,-34.1724],[151.005,-34.1733],[151.009,-34.1773],[151.0094,-34.1788],[151.008,-34.1802],[151.0072,-34.1831],[151.0017,-34.1856],[151.0022,-34.1875],[151.0012,-34.1879]],[[151.3974,-33.2304],[151.3983,-33.2291],[151.3957,-33.2272],[151.3979,-33.2236],[151.3979,-33.2217],[151.4182,-33.2244],[151.417,-33.2254],[151.4241,-33.2297],[151.4229,-33.2298],[151.4195,-33.2326],[151.4082,-33.2457],[151.4047,-33.2523],[151.4041,-33.259],[151.4016,-33.2588],[151.4021,-33.2565],[151.3974,-33.2559],[151.3974,-33.2528],[151.4012,-33.2396],[151.4054,-33.2348],[151.4068,-33.2316],[151.3974,-33.2304]],[[148.381,-33.4326],[148.3802,-33.4373],[148.3548,-33.4339],[148.3554,-33.4309],[148.3443,-33.4295],[148.3459,-33.4209],[148.3608,-33.4222],[148.3612,-33.42],[148.3704,-33.4214],[148.37,-33.423],[148.3711,-33.4232],[148.3705,-33.4243],[148.3712,-33.4261],[148.3781,-33.4231],[148.3829,-33.4239],[148.381,-33.4326]],[[150.8929,-32.1545],[150.8974,-32.1538],[150.8976,-32.1596],[150.8964,-32.1612],[150.8997,-32.1614],[150.8992,-32.164],[150.9028,-32.1647],[150.9026,-32.1655],[150.9064,-32.166],[150.9038,-32.1802],[150.8772,-32.1767],[150.883,-32.1763],[150.8853,-32.1732],[150.8855,-32.1721],[150.8841,-32.1701],[150.8869,-32.165],[150.8831,-32.1639],[150.8811,-32.1623],[150.8805,-32.1608],[150.8811,-32.1593],[150.887,-32.1553],[150.893,-32.1537],[150.8929,-32.1545]],[[150.5947,-34.3059],[150.591,-34.3044],[150.5881,-34.3003],[150.58,-34.301],[150.5796,-34.2989],[150.5759,-34.2996],[150.5689,-34.2984],[150.5648,-34.2825],[150.5634,-34.283],[150.5628,-34.28],[150.5618,-34.2788],[150.5791,-34.2762],[150.5806,-34.2802],[150.5835,-34.2798],[150.5841,-34.2823],[150.5856,-34.2818],[150.5867,-34.2868],[150.5831,-34.2873],[150.583,-34.291],[150.5842,-34.2908],[150.5847,-34.2932],[150.5856,-34.293],[150.5873,-34.2956],[150.5887,-34.2954],[150.5889,-34.2966],[150.5877,-34.2968],[150.5895,-34.2984],[150.5878,-34.2987],[150.589,-34.3004],[150.5911,-34.3],[150.5916,-34.3022],[150.5934,-34.3019],[150.5938,-34.3038],[150.5948,-34.3037],[150.5947,-34.3059]],[[146.2787,-35.331],[146.2943,-35.3317],[146.292,-35.3438],[146.2741,-35.3386],[146.2697,-35.3342],[146.2649,-35.3336],[146.2652,-35.3318],[146.2594,-35.3203],[146.2662,-35.3178],[146.2658,-35.3168],[146.2677,-35.316],[146.2706,-35.3164],[146.2735,-35.3223],[146.2809,-35.3198],[146.2817,-35.3204],[146.2804,-35.3221],[146.2787,-35.331]],[[152.8899,-29.82],[152.8931,-29.8232],[152.8967,-29.8216],[152.8999,-29.8179],[152.9028,-29.8155],[152.905,-29.8153],[152.9065,-29.8134],[152.9117,-29.8136],[152.9154,-29.8156],[152.9135,-29.829],[152.9043,-29.8268],[152.9,-29.828],[152.8956,-29.8275],[152.8938,-29.8367],[152.8862,-29.8356],[152.888,-29.8264],[152.886,-29.8257],[152.8824,-29.8216],[152.8765,-29.8207],[152.8712,-29.8231],[152.8728,-29.8221],[152.8721,-29.8203],[152.8749,-29.8206],[152.8739,-29.819],[152.8727,-29.8189],[152.8749,-29.8173],[152.8747,-29.8163],[152.8725,-29.8147],[152.8748,-29.8147],[152.8753,-29.8135],[152.873,-29.8128],[152.879,-29.8135],[152.88,-29.813],[152.8797,-29.8116],[152.8777,-29.8105],[152.8825,-29.8119],[152.8862,-29.8144],[152.8861,-29.8174],[152.8899,-29.82]],[[150.2678,-31.1049],[150.2672,-31.1084],[150.2677,-31.1113],[150.2689,-31.1129],[150.2698,-31.1126],[150.2714,-31.1168],[150.2705,-31.1178],[150.2759,-31.1295],[150.2544,-31.1261],[150.2543,-31.1254],[150.2488,-31.1244],[150.253,-31.1022],[150.2679,-31.1043],[150.2678,-31.1049]],[[149.9922,-33.3615],[149.9712,-33.3592],[149.972,-33.3545],[149.9709,-33.3524],[149.9709,-33.3484],[149.9729,-33.3441],[149.9809,-33.3417],[149.9953,-33.3439],[149.9958,-33.3468],[149.9945,-33.3509],[149.9993,-33.3516],[149.9975,-33.3592],[150.0013,-33.3597],[149.9985,-33.3623],[149.9922,-33.3615]],[[148.7702,-32.3436],[148.7535,-32.3302],[148.7559,-32.3162],[148.7782,-32.3189],[148.7736,-32.3463],[148.7702,-32.3436]],[[147.0964,-35.2778],[147.103,-35.2754],[147.1035,-35.2728],[147.1046,-35.2729],[147.1049,-35.2714],[147.0981,-35.2672],[147.0971,-35.2726],[147.0902,-35.2717],[147.0914,-35.2647],[147.0883,-35.2634],[147.0899,-35.2563],[147.0937,-35.2595],[147.0997,-35.2668],[147.1024,-35.2671],[147.103,-35.2633],[147.1046,-35.2637],[147.1059,-35.2628],[147.1068,-35.2632],[147.1067,-35.2644],[147.1087,-35.2653],[147.1119,-35.264],[147.1144,-35.265],[147.1163,-35.2661],[147.1168,-35.2683],[147.1177,-35.2687],[147.1189,-35.2684],[147.1197,-35.2668],[147.1213,-35.2684],[147.1223,-35.2681],[147.1226,-35.2669],[147.1234,-35.2669],[147.1267,-35.2703],[147.1263,-35.2724],[147.1279,-35.2725],[147.1276,-35.2741],[147.1287,-35.275],[147.1276,-35.2815],[147.1225,-35.2809],[147.122,-35.2829],[147.1206,-35.2827],[147.121,-35.2808],[147.0964,-35.2778]],[[150.902,-31.1632],[150.903,-31.158],[150.8987,-31.1573],[150.9011,-31.1456],[150.9129,-31.1474],[150.9121,-31.1499],[150.9103,-31.1511],[150.9119,-31.1568],[150.9107,-31.1597],[150.9128,-31.1618],[150.9126,-31.1628],[150.9135,-31.1626],[150.9139,-31.165],[150.9194,-31.1659],[150.9202,-31.17],[150.919,-31.1813],[150.899,-31.1783],[150.902,-31.1632]],[[148.7058,-32.2758],[148.7195,-32.2775],[148.7191,-32.28],[148.7219,-32.2804],[148.7177,-32.3066],[148.6977,-32.2906],[148.7003,-32.2751],[148.7058,-32.2758]],[[151.3991,-32.6864],[151.3932,-32.6823],[151.3985,-32.6892],[151.3981,-32.6911],[151.3881,-32.6901],[151.3856,-32.6887],[151.3895,-32.6935],[151.3877,-32.6932],[151.3864,-32.6974],[151.3807,-32.69],[151.3841,-32.6903],[151.3839,-32.6875],[151.382,-32.6881],[151.3814,-32.6865],[151.3821,-32.6863],[151.3819,-32.6856],[151.3825,-32.6862],[151.3837,-32.6855],[151.3847,-32.6879],[151.3846,-32.687],[151.3857,-32.6867],[151.3863,-32.6853],[151.3849,-32.685],[151.3886,-32.6827],[151.3858,-32.6791],[151.3876,-32.6788],[151.3864,-32.6764],[151.3874,-32.6758],[151.385,-32.6738],[151.3806,-32.6724],[151.3865,-32.6606],[151.4031,-32.6629],[151.4034,-32.6651],[151.4009,-32.6773],[151.4023,-32.6772],[151.4043,-32.6791],[151.4002,-32.6809],[151.3991,-32.6864]],[[153.0016,-30.4901],[153.0056,-30.4882],[153.0042,-30.4833],[153.003,-30.4822],[153.0046,-30.4794],[153.0062,-30.4826],[153.0087,-30.4854],[153.017,-30.4875],[153.0207,-30.487],[153.0236,-30.4892],[153.0259,-30.4922],[153.0253,-30.493],[153.0262,-30.4948],[153.0259,-30.4963],[153.0247,-30.497],[153.0283,-30.5013],[153.0263,-30.5014],[153.0244,-30.5036],[153.0237,-30.5056],[153.022,-30.5054],[153.0215,-30.5025],[153.0223,-30.5032],[153.0223,-30.5014],[153.0193,-30.5027],[153.0192,-30.5006],[153.0186,-30.5005],[153.0183,-30.5019],[153.0131,-30.5026],[153.0111,-30.5047],[153.0114,-30.5054],[153.0086,-30.506],[153.0067,-30.516],[152.9993,-30.5149],[152.9993,-30.5132],[152.9981,-30.5133],[152.9961,-30.512],[152.997,-30.5097],[152.9985,-30.5102],[152.9998,-30.5096],[152.9996,-30.5066],[153.0024,-30.5045],[153.0027,-30.5007],[153.0051,-30.4998],[153.0075,-30.5029],[153.0113,-30.5004],[153.0106,-30.4991],[153.0077,-30.499],[153.0054,-30.4973],[152.9999,-30.4969],[152.9983,-30.4979],[152.9953,-30.496],[152.9954,-30.4946],[153.0016,-30.4901]],[[149.4479,-34.463],[149.4539,-34.4563],[149.4542,-34.4539],[149.4564,-34.4542],[149.4569,-34.452],[149.4596,-34.4528],[149.4607,-34.4519],[149.4622,-34.4473],[149.4716,-34.4485],[149.4723,-34.4447],[149.4782,-34.4455],[149.4775,-34.4467],[149.4797,-34.447],[149.4794,-34.4488],[149.474,-34.4488],[149.4726,-34.4497],[149.4733,-34.4546],[149.4758,-34.4556],[149.4742,-34.4595],[149.4759,-34.4613],[149.4771,-34.4607],[149.48,-34.4616],[149.4792,-34.465],[149.4826,-34.4669],[149.4817,-34.4681],[149.4788,-34.4671],[149.4779,-34.4715],[149.4682,-34.4704],[149.4677,-34.475],[149.4646,-34.4753],[149.4643,-34.4769],[149.4622,-34.4766],[149.4632,-34.4756],[149.4627,-34.4738],[149.4639,-34.473],[149.465,-34.4693],[149.464,-34.4675],[149.465,-34.4652],[149.4479,-34.463]],[[145.6953,-33.98],[145.7,-33.9751],[145.6993,-33.9725],[145.6998,-33.9677],[145.6992,-33.9644],[145.7121,-33.9659],[145.7247,-33.9801],[145.716,-33.9881],[145.7092,-33.983],[145.7037,-33.9851],[145.6929,-33.9915],[145.6875,-33.9877],[145.6953,-33.98]],[[152.9947,-28.6384],[152.9926,-28.6376],[152.9933,-28.635],[152.9949,-28.6355],[152.9996,-28.634],[153.0019,-28.6322],[153.0017,-28.6294],[153.0001,-28.6267],[153.0007,-28.6248],[152.9968,-28.6243],[152.9982,-28.6275],[152.9957,-28.6289],[152.9961,-28.6311],[152.9935,-28.6327],[152.9912,-28.63],[152.9897,-28.6296],[152.9897,-28.6283],[152.9848,-28.6255],[152.9818,-28.6212],[152.9774,-28.6222],[152.9762,-28.6221],[152.9761,-28.6213],[152.9803,-28.6198],[152.9805,-28.6189],[152.979,-28.6176],[152.9799,-28.6157],[152.9838,-28.6163],[152.9842,-28.6144],[152.9835,-28.6138],[152.9909,-28.6133],[152.994,-28.6145],[152.9939,-28.6162],[152.9951,-28.6182],[152.9958,-28.618],[152.9958,-28.6169],[152.997,-28.6156],[152.9964,-28.6142],[152.9977,-28.613],[152.9917,-28.6071],[152.9926,-28.6051],[152.9942,-28.605],[152.996,-28.6071],[152.9957,-28.6077],[152.9976,-28.608],[152.9979,-28.6091],[152.999,-28.6095],[152.9988,-28.6104],[152.9999,-28.6107],[152.9987,-28.6123],[152.9998,-28.6129],[152.9998,-28.6141],[153.0035,-28.6133],[153.0027,-28.6146],[153.0045,-28.6167],[153.0057,-28.6137],[153.0095,-28.6135],[153.0098,-28.6121],[153.0113,-28.6126],[153.0108,-28.6136],[153.0143,-28.619],[153.0109,-28.6187],[153.0116,-28.621],[153.0099,-28.6217],[153.0084,-28.6244],[153.0114,-28.6248],[153.0111,-28.6263],[153.0079,-28.6258],[153.0062,-28.6326],[153.0042,-28.6339],[153.0052,-28.6369],[153.0033,-28.6394],[153.0011,-28.6395],[152.9981,-28.6381],[152.9947,-28.6384]],[[149.8095,-35.4425],[149.8091,-35.4452],[149.8066,-35.4449],[149.806,-35.4442],[149.8053,-35.4448],[149.8046,-35.4488],[149.8064,-35.4499],[149.8063,-35.4507],[149.8047,-35.4505],[149.8045,-35.4489],[149.8041,-35.4518],[149.8028,-35.4516],[149.8021,-35.4554],[149.7941,-35.4542],[149.7939,-35.4552],[149.7917,-35.4543],[149.7904,-35.4496],[149.7864,-35.4466],[149.7867,-35.4449],[149.7793,-35.4434],[149.7807,-35.4325],[149.7865,-35.4333],[149.7954,-35.4304],[149.8061,-35.4311],[149.8059,-35.4345],[149.808,-35.435],[149.8065,-35.4387],[149.8008,-35.4378],[149.8004,-35.4398],[149.8061,-35.4407],[149.8056,-35.4427],[149.8095,-35.4425]],[[152.497,-32.3854],[152.4933,-32.3827],[152.4943,-32.3809],[152.492,-32.3792],[152.4962,-32.3773],[152.4924,-32.3753],[152.4947,-32.3739],[152.4904,-32.3703],[152.4901,-32.3644],[152.4881,-32.3634],[152.4906,-32.3637],[152.4908,-32.3629],[152.5012,-32.3643],[152.5027,-32.3624],[152.5011,-32.3656],[152.5031,-32.3658],[152.5038,-32.3625],[152.5103,-32.3634],[152.5115,-32.3573],[152.5173,-32.3581],[152.5148,-32.3707],[152.5156,-32.3709],[152.5148,-32.375],[152.512,-32.3772],[152.512,-32.3784],[152.5096,-32.3782],[152.5098,-32.38],[152.5076,-32.3813],[152.5076,-32.383],[152.5062,-32.3854],[152.5061,-32.3903],[152.5017,-32.3905],[152.5008,-32.3916],[152.5004,-32.3862],[152.497,-32.3854]],[[151.6033,-29.4512],[151.6062,-29.4516],[151.6064,-29.4535],[151.6058,-29.4567],[151.6026,-29.4564],[151.6023,-29.4587],[151.5931,-29.4577],[151.5928,-29.459],[151.5807,-29.4575],[151.5751,-29.4579],[151.5781,-29.4451],[151.5843,-29.4459],[151.5875,-29.4338],[151.5885,-29.434],[151.5907,-29.4381],[151.591,-29.4362],[151.6059,-29.4381],[151.605,-29.443],[151.6028,-29.4433],[151.6025,-29.4452],[151.6043,-29.4454],[151.6033,-29.4512]],[[148.4704,-31.3572],[148.4635,-31.3567],[148.4595,-31.3536],[148.4597,-31.3396],[148.4558,-31.3301],[148.4562,-31.3289],[148.4584,-31.3275],[148.47,-31.327],[148.4704,-31.328],[148.4714,-31.3278],[148.474,-31.3296],[148.4767,-31.3297],[148.4797,-31.3311],[148.4766,-31.3477],[148.4722,-31.348],[148.4766,-31.3531],[148.4704,-31.3572]],[[150.6441,-31.3658],[150.6391,-31.3646],[150.6428,-31.3461],[150.6278,-31.3474],[150.6274,-31.346],[150.629,-31.3463],[150.6309,-31.3443],[150.6403,-31.3416],[150.6471,-31.3407],[150.6492,-31.3255],[150.6548,-31.3261],[150.6544,-31.3296],[150.6618,-31.3307],[150.6601,-31.3411],[150.6581,-31.3405],[150.6572,-31.3449],[150.6536,-31.344],[150.6562,-31.358],[150.6526,-31.3583],[150.6518,-31.3631],[150.6451,-31.3623],[150.6447,-31.3655],[150.6441,-31.3658]],[[150.8779,-33.5563],[150.878,-33.558],[150.8754,-33.5618],[150.8748,-33.5657],[150.8711,-33.5654],[150.8719,-33.5707],[150.8734,-33.5727],[150.8743,-33.5736],[150.878,-33.5742],[150.878,-33.5752],[150.8797,-33.5751],[150.8765,-33.5779],[150.8751,-33.5802],[150.8644,-33.5868],[150.8666,-33.5873],[150.864,-33.5891],[150.8651,-33.5902],[150.8648,-33.5914],[150.8588,-33.5906],[150.856,-33.5865],[150.8506,-33.5863],[150.8506,-33.5842],[150.8515,-33.5843],[150.8519,-33.5821],[150.8517,-33.5793],[150.85,-33.5776],[150.8508,-33.5763],[150.8527,-33.5763],[150.8526,-33.5753],[150.8567,-33.5699],[150.8569,-33.5685],[150.8587,-33.5677],[150.8587,-33.5669],[150.8623,-33.5662],[150.8667,-33.5635],[150.8725,-33.5567],[150.8754,-33.5558],[150.8779,-33.5563]],[[149.439,-35.2715],[149.4383,-35.2683],[149.4314,-35.2672],[149.4375,-35.2578],[149.4362,-35.2577],[149.4371,-35.2537],[149.4302,-35.2511],[149.4308,-35.2482],[149.4324,-35.2488],[149.433,-35.2456],[149.4296,-35.2446],[149.4311,-35.2408],[149.4291,-35.239],[149.4554,-35.2425],[149.4532,-35.2441],[149.4619,-35.2452],[149.4474,-35.2529],[149.4549,-35.254],[149.455,-35.2582],[149.4541,-35.2581],[149.4538,-35.2601],[149.4486,-35.2594],[149.4466,-35.2583],[149.4468,-35.2571],[149.4454,-35.2569],[149.445,-35.2626],[149.4398,-35.2748],[149.439,-35.2715]],[[148.12,-30.0154],[148.1205,-30.0199],[148.1227,-30.0202],[148.1234,-30.0224],[148.1256,-30.0227],[148.1253,-30.0246],[148.1313,-30.027],[148.1322,-30.0222],[148.1299,-30.0219],[148.1305,-30.0185],[148.1333,-30.0186],[148.1341,-30.0162],[148.1358,-30.0178],[148.1385,-30.0174],[148.1386,-30.0201],[148.1397,-30.0212],[148.1388,-30.0266],[148.1364,-30.0262],[148.1357,-30.0287],[148.137,-30.0293],[148.135,-30.0329],[148.1317,-30.0315],[148.1257,-30.0346],[148.1246,-30.039],[148.1157,-30.0377],[148.1154,-30.0387],[148.1123,-30.0375],[148.1109,-30.0335],[148.1027,-30.0324],[148.1034,-30.0283],[148.1081,-30.0289],[148.1102,-30.0165],[148.1063,-30.0159],[148.1066,-30.0147],[148.1099,-30.015],[148.1112,-30.0062],[148.1137,-30.01],[148.1123,-30.0128],[148.1126,-30.0147],[148.114,-30.0143],[148.1169,-30.0105],[148.1185,-30.0096],[148.1172,-30.013],[148.1184,-30.013],[148.1203,-30.0147],[148.12,-30.0154]],[[150.7162,-33.5766],[150.7176,-33.5759],[150.7209,-33.5792],[150.7245,-33.5773],[150.729,-33.5826],[150.7118,-33.5922],[150.7074,-33.5937],[150.7046,-33.5959],[150.7021,-33.5952],[150.6978,-33.5921],[150.6974,-33.5894],[150.6915,-33.5867],[150.6895,-33.5844],[150.689,-33.581],[150.6863,-33.5801],[150.6863,-33.5777],[150.6872,-33.5768],[150.6866,-33.5752],[150.6875,-33.5751],[150.6876,-33.5737],[150.6897,-33.5742],[150.6911,-33.5755],[150.6928,-33.5754],[150.694,-33.5766],[150.6959,-33.5759],[150.7002,-33.5762],[150.7019,-33.5748],[150.7019,-33.5764],[150.7034,-33.5772],[150.7043,-33.5764],[150.7058,-33.5773],[150.7072,-33.5775],[150.7074,-33.5766],[150.7113,-33.5776],[150.7111,-33.5765],[150.7143,-33.5755],[150.7162,-33.5766]],[[149.2625,-33.5203],[149.2602,-33.5228],[149.258,-33.5316],[149.2568,-33.5329],[149.2576,-33.5334],[149.2565,-33.5391],[149.2581,-33.5437],[149.26,-33.5458],[149.2592,-33.5481],[149.2461,-33.5463],[149.2467,-33.543],[149.2433,-33.5425],[149.248,-33.5386],[149.2478,-33.538],[149.2427,-33.5375],[149.2426,-33.5352],[149.2389,-33.5301],[149.2391,-33.5239],[149.2344,-33.5209],[149.2329,-33.515],[149.2368,-33.519],[149.2446,-33.5221],[149.2507,-33.523],[149.2532,-33.5103],[149.2588,-33.5112],[149.2582,-33.515],[149.2619,-33.5156],[149.2613,-33.5188],[149.2625,-33.5203]],[[150.0556,-30.7243],[150.0529,-30.7303],[150.0423,-30.7289],[150.0427,-30.727],[150.0457,-30.724],[150.0422,-30.7185],[150.0439,-30.7182],[150.0445,-30.7141],[150.0404,-30.7177],[150.0372,-30.7179],[150.038,-30.7139],[150.0328,-30.7159],[150.0368,-30.6926],[150.0536,-30.6949],[150.0528,-30.6969],[150.0534,-30.7025],[150.0547,-30.7056],[150.0557,-30.7059],[150.0557,-30.7085],[150.0544,-30.7106],[150.0531,-30.7089],[150.0487,-30.7101],[150.0474,-30.7126],[150.0555,-30.72],[150.0556,-30.7243]],[[150.0826,-33.4054],[150.0826,-33.4074],[150.0848,-33.4103],[150.0838,-33.4115],[150.0816,-33.4117],[150.0823,-33.4147],[150.0774,-33.4121],[150.0706,-33.4122],[150.0699,-33.4133],[150.0674,-33.4113],[150.0668,-33.4171],[150.0652,-33.4179],[150.0648,-33.4196],[150.0617,-33.419],[150.0616,-33.416],[150.0606,-33.4166],[150.0524,-33.4149],[150.0534,-33.4101],[150.0502,-33.409],[150.0506,-33.4079],[150.0578,-33.4099],[150.0597,-33.4073],[150.063,-33.4078],[150.0639,-33.4048],[150.065,-33.4054],[150.0747,-33.3985],[150.0771,-33.3987],[150.0782,-33.4001],[150.0833,-33.3972],[150.0835,-33.3955],[150.0798,-33.395],[150.0793,-33.3933],[150.0805,-33.3877],[150.0791,-33.3815],[150.0797,-33.3799],[150.0815,-33.3795],[150.083,-33.3797],[150.0829,-33.3803],[150.0898,-33.3813],[150.089,-33.3851],[150.0866,-33.3847],[150.0858,-33.3888],[150.0885,-33.3892],[150.0867,-33.3928],[150.0876,-33.3972],[150.0893,-33.3992],[150.0965,-33.4004],[150.0962,-33.4018],[150.0911,-33.4053],[150.0877,-33.4061],[150.0826,-33.4054]],[[147.2131,-34.8173],[147.2117,-34.8243],[147.2112,-34.8237],[147.2028,-34.8284],[147.199,-34.828],[147.1987,-34.8291],[147.1849,-34.8273],[147.1866,-34.8186],[147.1905,-34.8182],[147.1912,-34.8143],[147.192,-34.8144],[147.1922,-34.8133],[147.1946,-34.8136],[147.1935,-34.8107],[147.1946,-34.8055],[147.1969,-34.804],[147.1988,-34.8047],[147.2014,-34.8002],[147.2081,-34.8012],[147.2136,-34.8135],[147.2131,-34.8173]],[[149.8548,-36.9378],[149.8573,-36.9364],[149.8606,-36.936],[149.8699,-36.9389],[149.8694,-36.9397],[149.8658,-36.94],[149.865,-36.9407],[149.8636,-36.9458],[149.8633,-36.9518],[149.8523,-36.9501],[149.8516,-36.9533],[149.8544,-36.9545],[149.8538,-36.9567],[149.8304,-36.9535],[149.8294,-36.9581],[149.824,-36.9573],[149.8256,-36.9495],[149.8282,-36.95],[149.829,-36.9459],[149.8311,-36.9442],[149.8548,-36.9378]],[[153.5278,-28.8043],[153.5257,-28.8061],[153.5251,-28.8081],[153.5133,-28.8112],[153.5108,-28.8104],[153.5105,-28.8121],[153.5036,-28.8147],[153.5017,-28.8092],[153.5001,-28.8096],[153.4998,-28.8085],[153.4985,-28.8088],[153.4971,-28.8044],[153.4989,-28.8038],[153.4994,-28.8055],[153.5045,-28.8042],[153.5022,-28.8022],[153.502,-28.8005],[153.5013,-28.8008],[153.5001,-28.7996],[153.4977,-28.8012],[153.4945,-28.8009],[153.4937,-28.7982],[153.4942,-28.7937],[153.4933,-28.7931],[153.4942,-28.7915],[153.4917,-28.7895],[153.4928,-28.789],[153.4928,-28.7882],[153.5052,-28.7898],[153.5161,-28.7868],[153.5165,-28.7881],[153.5178,-28.7878],[153.5186,-28.7899],[153.5182,-28.7973],[153.5237,-28.7994],[153.5278,-28.8043]],[[149.2299,-36.9211],[149.2304,-36.9189],[149.2295,-36.9181],[149.2302,-36.9175],[149.2278,-36.9171],[149.2303,-36.9122],[149.2338,-36.9097],[149.2306,-36.9066],[149.2312,-36.9026],[149.2284,-36.9036],[149.2242,-36.9032],[149.2263,-36.8941],[149.2288,-36.8955],[149.2319,-36.8997],[149.2332,-36.8937],[149.238,-36.8946],[149.2398,-36.894],[149.2391,-36.8976],[149.241,-36.8977],[149.2463,-36.9037],[149.2495,-36.9042],[149.2482,-36.9092],[149.2528,-36.9099],[149.2504,-36.9203],[149.2448,-36.9194],[149.244,-36.9224],[149.2353,-36.9238],[149.2356,-36.9251],[149.2294,-36.9242],[149.2299,-36.9211]],[[151.9514,-32.0],[151.957,-32.0007],[151.9559,-32.0022],[151.9571,-32.0034],[151.9611,-32.0019],[151.9633,-32.0022],[151.965,-31.9992],[151.9633,-31.9929],[151.9645,-31.9931],[151.9679,-31.9968],[151.9685,-31.9983],[151.9697,-31.9979],[151.9732,-31.9996],[151.9733,-32.0033],[151.9745,-32.0039],[151.9738,-32.0072],[151.9714,-32.0077],[151.9701,-32.0143],[151.9659,-32.0137],[151.9673,-32.0172],[151.9666,-32.0198],[151.9672,-32.0229],[151.9659,-32.0268],[151.9632,-32.0293],[151.9593,-32.0309],[151.9573,-32.0351],[151.9532,-32.035],[151.9528,-32.0328],[151.9485,-32.0316],[151.9478,-32.0288],[151.9484,-32.0271],[151.9434,-32.0259],[151.9435,-32.0233],[151.9517,-32.0252],[151.9581,-32.0127],[151.9549,-32.0122],[151.9554,-32.0098],[151.9493,-32.0088],[151.9497,-32.0081],[151.9523,-32.0078],[151.951,-32.0072],[151.9519,-32.0063],[151.9501,-32.0051],[151.9508,-32.0022],[151.9495,-32.001],[151.9514,-32.0]],[[150.5137,-34.0679],[150.5141,-34.0752],[150.5176,-34.0756],[150.5204,-34.077],[150.5136,-34.0782],[150.513,-34.0819],[150.5089,-34.0814],[150.5085,-34.0836],[150.506,-34.0834],[150.5019,-34.086],[150.4946,-34.085],[150.4952,-34.0819],[150.4997,-34.0825],[150.5002,-34.08],[150.4879,-34.0784],[150.4873,-34.0815],[150.4788,-34.0796],[150.4815,-34.0657],[150.4838,-34.066],[150.4833,-34.0686],[150.4867,-34.0691],[150.4877,-34.0636],[150.4925,-34.0643],[150.4922,-34.0658],[150.4931,-34.0667],[150.4951,-34.0669],[150.4954,-34.0655],[150.4999,-34.0661],[150.5036,-34.0649],[150.5073,-34.066],[150.5099,-34.0656],[150.5141,-34.0673],[150.5137,-34.0679]],[[153.0995,-29.5041],[153.0946,-29.5007],[153.0974,-29.4996],[153.095,-29.4952],[153.0937,-29.4958],[153.0917,-29.4919],[153.093,-29.4914],[153.0913,-29.4883],[153.0844,-29.4911],[153.087,-29.477],[153.0892,-29.4773],[153.0895,-29.4759],[153.1041,-29.478],[153.1045,-29.4831],[153.1167,-29.4848],[153.1166,-29.4855],[153.125,-29.4889],[153.1186,-29.4934],[153.1111,-29.4952],[153.1066,-29.4984],[153.1064,-29.5048],[153.1031,-29.505],[153.0995,-29.5041]],[[148.3821,-34.5661],[148.3648,-34.5609],[148.3615,-34.5684],[148.3645,-34.5693],[148.3636,-34.5736],[148.3581,-34.5729],[148.3578,-34.5746],[148.354,-34.5741],[148.3536,-34.5616],[148.3562,-34.5555],[148.3438,-34.5518],[148.3476,-34.5433],[148.3534,-34.545],[148.3571,-34.5418],[148.3619,-34.5421],[148.3611,-34.5445],[148.3659,-34.5459],[148.3648,-34.5483],[148.3694,-34.5498],[148.3769,-34.5564],[148.3849,-34.5598],[148.3821,-34.5661]],[[153.3495,-28.7772],[153.3477,-28.7869],[153.3566,-28.7881],[153.3564,-28.7904],[153.3589,-28.7908],[153.3581,-28.7877],[153.3622,-28.788],[153.3617,-28.7905],[153.3604,-28.7906],[153.3638,-28.7935],[153.3663,-28.7939],[153.3679,-28.7956],[153.3669,-28.7987],[153.3658,-28.7985],[153.3667,-28.8011],[153.3654,-28.8009],[153.3648,-28.8045],[153.3657,-28.8046],[153.3646,-28.8106],[153.3599,-28.808],[153.3582,-28.8084],[153.3569,-28.8099],[153.3538,-28.809],[153.3565,-28.7946],[153.3424,-28.7918],[153.3417,-28.7952],[153.339,-28.7938],[153.3313,-28.7928],[153.3314,-28.7919],[153.3288,-28.7915],[153.3308,-28.7826],[153.3241,-28.7816],[153.3255,-28.779],[153.3283,-28.7801],[153.3306,-28.7773],[153.3352,-28.778],[153.3357,-28.7762],[153.3333,-28.7753],[153.337,-28.7719],[153.3396,-28.7708],[153.3433,-28.7714],[153.3437,-28.7735],[153.3417,-28.776],[153.342,-28.7777],[153.3439,-28.778],[153.3461,-28.7737],[153.3491,-28.7726],[153.3503,-28.7732],[153.3483,-28.7742],[153.3477,-28.776],[153.35,-28.7756],[153.3495,-28.7772]],[[146.1735,-35.5465],[146.1729,-35.5491],[146.1776,-35.5643],[146.1725,-35.5637],[146.1721,-35.5624],[146.1636,-35.5613],[146.1616,-35.5725],[146.1436,-35.5703],[146.1462,-35.556],[146.1535,-35.5563],[146.1558,-35.5439],[146.1735,-35.5465]],[[150.7223,-34.204],[150.7192,-34.2048],[150.713,-34.2031],[150.7113,-34.1975],[150.7095,-34.1955],[150.7124,-34.1922],[150.7113,-34.1914],[150.7035,-34.1932],[150.6987,-34.1896],[150.7003,-34.1779],[150.7066,-34.1783],[150.7072,-34.172],[150.7118,-34.1709],[150.7142,-34.1686],[150.722,-34.1697],[150.7207,-34.1766],[150.7251,-34.1799],[150.7234,-34.1812],[150.7267,-34.1841],[150.7191,-34.194],[150.7205,-34.1951],[150.7236,-34.1957],[150.7227,-34.1977],[150.7236,-34.199],[150.7219,-34.2017],[150.7223,-34.204]],[[146.3824,-33.305],[146.3769,-33.3058],[146.379,-33.3077],[146.3794,-33.3161],[146.3735,-33.3128],[146.3708,-33.3103],[146.3685,-33.3034],[146.3658,-33.3038],[146.3654,-33.3017],[146.3668,-33.3015],[146.365,-33.2929],[146.3726,-33.2919],[146.3676,-33.2867],[146.3637,-33.2785],[146.3808,-33.2759],[146.3839,-33.2779],[146.3935,-33.2759],[146.3962,-33.2793],[146.3932,-33.2831],[146.386,-33.2857],[146.3833,-33.2901],[146.3811,-33.2914],[146.3821,-33.2941],[146.378,-33.2966],[146.3787,-33.2996],[146.3813,-33.3018],[146.383,-33.3049],[146.3824,-33.305]],[[145.9512,-30.0947],[145.9502,-30.1015],[145.9493,-30.1003],[145.9393,-30.1041],[145.9355,-30.1037],[145.9349,-30.1072],[145.9271,-30.1066],[145.9275,-30.1043],[145.9215,-30.103],[145.9259,-30.0927],[145.9265,-30.0889],[145.9169,-30.088],[145.9181,-30.0797],[145.9203,-30.0803],[145.9294,-30.0865],[145.937,-30.0873],[145.9441,-30.0831],[145.9479,-30.0761],[145.9561,-30.0823],[145.9525,-30.0857],[145.9512,-30.0947]],[[152.8597,-29.6635],[152.8609,-29.6571],[152.8615,-29.6569],[152.8636,-29.6443],[152.8699,-29.6469],[152.8692,-29.6503],[152.88,-29.6544],[152.8784,-29.6647],[152.8829,-29.6654],[152.8808,-29.6723],[152.8811,-29.6727],[152.8828,-29.6715],[152.8843,-29.6735],[152.8823,-29.6751],[152.8826,-29.6766],[152.8847,-29.6768],[152.8869,-29.6754],[152.8878,-29.6781],[152.8868,-29.678],[152.8869,-29.6787],[152.8849,-29.6793],[152.8807,-29.6792],[152.8791,-29.6804],[152.8821,-29.6837],[152.8773,-29.6826],[152.8626,-29.6856],[152.8665,-29.665],[152.8597,-29.6635]],[[150.8254,-31.5512],[150.8269,-31.5438],[150.8105,-31.5413],[150.8117,-31.5358],[150.8031,-31.5357],[150.8062,-31.5208],[150.8331,-31.5246],[150.8309,-31.5362],[150.8335,-31.5373],[150.8371,-31.5374],[150.8341,-31.5526],[150.8254,-31.5512]],[[150.6038,-33.9112],[150.6047,-33.9062],[150.6038,-33.9061],[150.5995,-33.901],[150.6003,-33.895],[150.5992,-33.8947],[150.5997,-33.8921],[150.6028,-33.8901],[150.5996,-33.8841],[150.6002,-33.8829],[150.6012,-33.8836],[150.6037,-33.8821],[150.6065,-33.8838],[150.6078,-33.8814],[150.6064,-33.8799],[150.6081,-33.8792],[150.6086,-33.8781],[150.6088,-33.8809],[150.6101,-33.8801],[150.617,-33.8809],[150.6162,-33.882],[150.6129,-33.8827],[150.6131,-33.887],[150.6122,-33.8879],[150.6137,-33.8889],[150.6126,-33.8899],[150.6126,-33.8911],[150.6116,-33.891],[150.61,-33.8948],[150.6273,-33.8974],[150.6276,-33.8999],[150.6225,-33.907],[150.6201,-33.9198],[150.6132,-33.9188],[150.6135,-33.9173],[150.6116,-33.9171],[150.6129,-33.9109],[150.6113,-33.9107],[150.611,-33.9123],[150.6093,-33.9134],[150.6038,-33.9126],[150.6038,-33.9112]],[[148.7315,-34.4384],[148.7277,-34.4602],[148.7102,-34.4576],[148.7114,-34.452],[148.7087,-34.4516],[148.7074,-34.4481],[148.7054,-34.4486],[148.7029,-34.442],[148.7076,-34.4405],[148.712,-34.4404],[148.7124,-34.4381],[148.714,-34.4373],[148.7142,-34.4347],[148.7167,-34.4356],[148.7176,-34.4338],[148.7205,-34.4326],[148.7218,-34.4294],[148.7272,-34.4297],[148.731,-34.4284],[148.7327,-34.4265],[148.7354,-34.4268],[148.7364,-34.4276],[148.7356,-34.4283],[148.7362,-34.4288],[148.7347,-34.4302],[148.7342,-34.4325],[148.7327,-34.4322],[148.7315,-34.4384]],[[151.7155,-32.6884],[151.7134,-32.6903],[151.7106,-32.6951],[151.7107,-32.7017],[151.6985,-32.7001],[151.6975,-32.7052],[151.6872,-32.7037],[151.6878,-32.7015],[151.6911,-32.7013],[151.6914,-32.6993],[151.6893,-32.6982],[151.689,-32.6989],[151.6862,-32.6985],[151.6874,-32.692],[151.6828,-32.6913],[151.6864,-32.6736],[151.6943,-32.6747],[151.699,-32.6777],[151.7011,-32.6758],[151.7033,-32.6761],[151.7029,-32.678],[151.7064,-32.6784],[151.7049,-32.681],[151.7024,-32.6806],[151.7015,-32.6857],[151.702,-32.6858],[151.7013,-32.687],[151.7049,-32.6873],[151.7054,-32.6862],[151.7153,-32.6876],[151.716,-32.6879],[151.7155,-32.6884]],[[145.5846,-35.6259],[145.5854,-35.6262],[145.5819,-35.6314],[145.581,-35.6339],[145.5856,-35.6348],[145.5841,-35.6401],[145.5871,-35.6406],[145.5861,-35.6422],[145.5847,-35.6417],[145.5776,-35.6533],[145.5718,-35.6509],[145.5616,-35.6668],[145.5555,-35.6643],[145.5566,-35.6626],[145.5533,-35.6607],[145.5664,-35.64],[145.564,-35.6396],[145.5643,-35.6384],[145.5655,-35.6385],[145.5659,-35.6367],[145.567,-35.6368],[145.5669,-35.6359],[145.5687,-35.6362],[145.577,-35.6228],[145.5846,-35.6259]],[[147.4786,-35.1532],[147.4785,-35.1543],[147.4761,-35.1534],[147.4757,-35.1552],[147.4744,-35.155],[147.4739,-35.1581],[147.479,-35.1586],[147.4782,-35.1628],[147.4772,-35.1614],[147.473,-35.1632],[147.4709,-35.1747],[147.4531,-35.1666],[147.4568,-35.1527],[147.4428,-35.1509],[147.4452,-35.1385],[147.4658,-35.148],[147.466,-35.147],[147.4682,-35.1472],[147.4679,-35.1489],[147.4786,-35.1532]],[[151.7557,-32.3869],[151.762,-32.3903],[151.7608,-32.3937],[151.7624,-32.3946],[151.7618,-32.3963],[151.7641,-32.3967],[151.7655,-32.3992],[151.7606,-32.4062],[151.7636,-32.409],[151.7685,-32.4107],[151.7689,-32.412],[151.7642,-32.414],[151.7638,-32.4181],[151.76,-32.4166],[151.7563,-32.4172],[151.7499,-32.4159],[151.7478,-32.4128],[151.7418,-32.4191],[151.7359,-32.4181],[151.7363,-32.4165],[151.7309,-32.4103],[151.7359,-32.411],[151.7371,-32.4067],[151.7384,-32.4063],[151.7385,-32.4055],[151.7367,-32.4041],[151.7381,-32.3963],[151.7367,-32.3961],[151.7391,-32.3946],[151.7425,-32.3955],[151.7426,-32.397],[151.7448,-32.3972],[151.7452,-32.3962],[151.747,-32.3956],[151.7482,-32.3964],[151.7485,-32.3951],[151.7503,-32.3954],[151.7524,-32.3977],[151.7543,-32.397],[151.7544,-32.3985],[151.7559,-32.3988],[151.7559,-32.3978],[151.7567,-32.3977],[151.7556,-32.3924],[151.7557,-32.3869]],[[145.536,-33.4731],[145.5435,-33.474],[145.5429,-33.4782],[145.5451,-33.4785],[145.5445,-33.4824],[145.5406,-33.4821],[145.5393,-33.4844],[145.5433,-33.4849],[145.542,-33.4928],[145.545,-33.4931],[145.5439,-33.5],[145.532,-33.4985],[145.5314,-33.5021],[145.5095,-33.4996],[145.5118,-33.4964],[145.5223,-33.4906],[145.5126,-33.4894],[145.5131,-33.4868],[145.5177,-33.4863],[145.5193,-33.4873],[145.5227,-33.4839],[145.5261,-33.4839],[145.5254,-33.4832],[145.5259,-33.4825],[145.5296,-33.484],[145.5337,-33.4835],[145.533,-33.4825],[145.5293,-33.4822],[145.5304,-33.4798],[145.5241,-33.479],[145.5248,-33.4742],[145.5316,-33.475],[145.5316,-33.4739],[145.5358,-33.4743],[145.536,-33.4731]],[[149.8823,-36.6629],[149.8816,-36.6662],[149.8806,-36.6662],[149.8801,-36.668],[149.8817,-36.6683],[149.8811,-36.6711],[149.8725,-36.6698],[149.8719,-36.6685],[149.8667,-36.6676],[149.8655,-36.6685],[149.8645,-36.6716],[149.8593,-36.6733],[149.8564,-36.6681],[149.8432,-36.6663],[149.8434,-36.6633],[149.8469,-36.6596],[149.843,-36.659],[149.8421,-36.6575],[149.8436,-36.6549],[149.8479,-36.6519],[149.8569,-36.6499],[149.8606,-36.6519],[149.8707,-36.655],[149.8816,-36.6569],[149.8803,-36.6626],[149.8823,-36.6629]],[[148.3919,-36.4156],[148.3862,-36.4081],[148.3943,-36.3944],[148.4011,-36.3918],[148.4034,-36.3879],[148.4079,-36.3864],[148.4096,-36.3905],[148.4093,-36.3926],[148.4101,-36.3931],[148.4118,-36.4029],[148.4152,-36.4039],[148.4155,-36.4106],[148.4106,-36.4115],[148.4104,-36.4127],[148.401,-36.4241],[148.3919,-36.4168],[148.3919,-36.4156]],[[147.9915,-35.7703],[147.9895,-35.7622],[147.9948,-35.7631],[147.9977,-35.7655],[147.9996,-35.7658],[147.9999,-35.7648],[147.9987,-35.7647],[147.9989,-35.7633],[148.0009,-35.7634],[148.0011,-35.7622],[148.0019,-35.7624],[148.0024,-35.7597],[148.0063,-35.7601],[148.0072,-35.7628],[148.0092,-35.7622],[148.0106,-35.7638],[148.0083,-35.7661],[148.0112,-35.7667],[148.0121,-35.7636],[148.0116,-35.7622],[148.0148,-35.7588],[148.0162,-35.7596],[148.0158,-35.7604],[148.0164,-35.7607],[148.0244,-35.7617],[148.0247,-35.7642],[148.0226,-35.7653],[148.0238,-35.7666],[148.0211,-35.7671],[148.0217,-35.7672],[148.0215,-35.7684],[148.0204,-35.7698],[148.0185,-35.7703],[148.0181,-35.7725],[148.0214,-35.773],[148.0193,-35.7845],[148.0166,-35.7841],[148.0168,-35.7893],[148.0082,-35.7882],[148.0091,-35.7833],[148.0078,-35.783],[148.0092,-35.7809],[148.0055,-35.7802],[148.0057,-35.7791],[148.0017,-35.7786],[148.001,-35.7822],[147.9913,-35.7809],[147.9927,-35.7778],[147.9933,-35.7718],[147.9915,-35.7703]],[[152.0221,-29.0378],[152.0246,-29.0381],[152.0256,-29.037],[152.0282,-29.0374],[152.0286,-29.0393],[152.0328,-29.0404],[152.0309,-29.0497],[152.034,-29.0502],[152.0333,-29.0539],[152.0326,-29.0538],[152.0324,-29.0548],[152.0303,-29.0545],[152.0286,-29.0643],[152.0208,-29.0638],[152.0195,-29.0682],[152.0149,-29.0682],[152.0144,-29.0679],[152.0156,-29.0662],[152.0139,-29.0669],[152.0133,-29.0653],[152.0136,-29.0587],[152.0102,-29.0583],[152.0101,-29.0592],[152.0027,-29.0585],[152.003,-29.0572],[152.0056,-29.0576],[152.0071,-29.0497],[152.0063,-29.0496],[152.0069,-29.0382],[152.006,-29.0345],[152.0203,-29.0364],[152.0201,-29.0375],[152.0221,-29.0378]],[[150.0647,-35.9038],[150.0689,-35.9044],[150.0693,-35.9028],[150.0721,-35.9038],[150.0719,-35.9048],[150.0743,-35.9053],[150.0779,-35.9074],[150.0788,-35.9037],[150.0821,-35.9041],[150.083,-35.899],[150.096,-35.9001],[150.095,-35.9087],[150.0847,-35.908],[150.0846,-35.9096],[150.0858,-35.9101],[150.0857,-35.9109],[150.0842,-35.9107],[150.0839,-35.9127],[150.0849,-35.9136],[150.0849,-35.9149],[150.0959,-35.9163],[150.0952,-35.9204],[150.0885,-35.9195],[150.0864,-35.9289],[150.0699,-35.9269],[150.071,-35.9209],[150.0656,-35.9209],[150.0661,-35.9181],[150.0623,-35.9176],[150.0618,-35.9193],[150.0592,-35.9172],[150.0621,-35.9138],[150.0605,-35.9138],[150.0609,-35.9115],[150.0633,-35.9118],[150.0647,-35.9038]],[[153.0405,-30.3672],[153.0425,-30.3702],[153.046,-30.3688],[153.048,-30.3711],[153.0549,-30.3733],[153.0571,-30.3733],[153.0632,-30.371],[153.0647,-30.3718],[153.067,-30.3763],[153.0555,-30.3829],[153.0532,-30.3851],[153.0546,-30.3858],[153.0549,-30.3842],[153.0639,-30.3858],[153.0637,-30.3877],[153.066,-30.389],[153.0689,-30.3882],[153.0703,-30.3856],[153.0714,-30.3853],[153.0744,-30.3891],[153.0736,-30.3912],[153.0697,-30.3925],[153.0696,-30.3955],[153.062,-30.3953],[153.0602,-30.3965],[153.0591,-30.395],[153.0568,-30.3944],[153.0558,-30.395],[153.0548,-30.3942],[153.0531,-30.3959],[153.0502,-30.3966],[153.0468,-30.3942],[153.0483,-30.3906],[153.0435,-30.391],[153.0408,-30.3925],[153.042,-30.3882],[153.0369,-30.3874],[153.0372,-30.3861],[153.0333,-30.3854],[153.0356,-30.3719],[153.0381,-30.3688],[153.0405,-30.3672]],[[153.4509,-28.8405],[153.4508,-28.8413],[153.4588,-28.8425],[153.458,-28.8468],[153.4555,-28.8465],[153.4544,-28.8531],[153.4496,-28.8505],[153.4487,-28.8511],[153.4433,-28.848],[153.4344,-28.8456],[153.4327,-28.843],[153.4334,-28.8411],[153.4326,-28.8391],[153.4339,-28.8367],[153.4358,-28.8359],[153.4257,-28.8305],[153.4225,-28.8306],[153.4251,-28.8329],[153.4251,-28.8374],[153.4232,-28.8371],[153.4228,-28.8389],[153.4185,-28.8393],[153.4203,-28.8294],[153.4137,-28.8251],[153.4113,-28.8215],[153.4136,-28.8122],[153.4147,-28.8106],[153.4157,-28.8098],[153.4157,-28.8105],[153.4202,-28.8112],[153.4197,-28.8152],[153.4277,-28.8164],[153.4266,-28.8227],[153.4411,-28.8249],[153.4392,-28.8357],[153.4401,-28.8342],[153.444,-28.8347],[153.4442,-28.8336],[153.4478,-28.8341],[153.4485,-28.8331],[153.4481,-28.8353],[153.4497,-28.8355],[153.449,-28.8396],[153.451,-28.8399],[153.4509,-28.8405]],[[152.3964,-31.8688],[152.387,-31.87],[152.3769,-31.8741],[152.3709,-31.875],[152.368,-31.8778],[152.3673,-31.8832],[152.3638,-31.8838],[152.3618,-31.8822],[152.3592,-31.8826],[152.3596,-31.8808],[152.3564,-31.8811],[152.3555,-31.8805],[152.3559,-31.8799],[152.3523,-31.8805],[152.3534,-31.8744],[152.348,-31.874],[152.3477,-31.8629],[152.3492,-31.8639],[152.3496,-31.8618],[152.3512,-31.862],[152.3532,-31.8553],[152.352,-31.8552],[152.3553,-31.8536],[152.3588,-31.8545],[152.359,-31.8574],[152.361,-31.858],[152.3615,-31.8594],[152.3632,-31.8587],[152.364,-31.8596],[152.3664,-31.8593],[152.3689,-31.8574],[152.3694,-31.8585],[152.3712,-31.8586],[152.3706,-31.8618],[152.3717,-31.862],[152.3717,-31.8627],[152.3725,-31.8617],[152.3743,-31.8623],[152.3742,-31.8649],[152.3763,-31.8648],[152.3771,-31.8634],[152.3835,-31.8616],[152.384,-31.8623],[152.3807,-31.8642],[152.381,-31.8652],[152.385,-31.8636],[152.391,-31.8644],[152.391,-31.8651],[152.3942,-31.8647],[152.3961,-31.8663],[152.3964,-31.8688]],[[151.3609,-32.6669],[151.3585,-32.6662],[151.3574,-32.6719],[151.3655,-32.673],[151.365,-32.6754],[151.3703,-32.6761],[151.3681,-32.6877],[151.3548,-32.6859],[151.3527,-32.6832],[151.3513,-32.6828],[151.3504,-32.6836],[151.3485,-32.6823],[151.3469,-32.6839],[151.3444,-32.6821],[151.3516,-32.6747],[151.3518,-32.6708],[151.348,-32.6705],[151.3478,-32.6688],[151.349,-32.6687],[151.3481,-32.6679],[151.3485,-32.6668],[151.3511,-32.6668],[151.3509,-32.6639],[151.3444,-32.6619],[151.3447,-32.66],[151.3437,-32.6598],[151.3439,-32.6585],[151.3449,-32.6586],[151.3454,-32.6558],[151.3386,-32.6556],[151.3404,-32.6488],[151.3711,-32.6521],[151.3744,-32.6527],[151.3743,-32.6537],[151.3762,-32.6532],[151.3757,-32.6559],[151.3746,-32.6554],[151.3733,-32.6587],[151.3633,-32.6574],[151.3626,-32.6579],[151.3615,-32.657],[151.3604,-32.6617],[151.3639,-32.663],[151.362,-32.6673],[151.3609,-32.6669]],[[151.6537,-30.2231],[151.6544,-30.2196],[151.6556,-30.2198],[151.6564,-30.2146],[151.6623,-30.2153],[151.6643,-30.2039],[151.6752,-30.2054],[151.6742,-30.2105],[151.6763,-30.2109],[151.6762,-30.2116],[151.6848,-30.2129],[151.6838,-30.2186],[151.6883,-30.2193],[151.6871,-30.2264],[151.681,-30.2288],[151.6769,-30.2515],[151.6754,-30.2518],[151.6702,-30.2472],[151.6683,-30.2473],[151.667,-30.2466],[151.6683,-30.241],[151.6652,-30.2406],[151.6678,-30.2327],[151.6686,-30.2269],[151.6678,-30.2264],[151.6668,-30.221],[151.6658,-30.2199],[151.6639,-30.2201],[151.6633,-30.2186],[151.6612,-30.22],[151.6616,-30.2234],[151.6607,-30.2244],[151.6607,-30.2233],[151.658,-30.2214],[151.6537,-30.2231]],[[149.8839,-33.7016],[149.8819,-33.7113],[149.8752,-33.7067],[149.8723,-33.7062],[149.8706,-33.7106],[149.8624,-33.7094],[149.8626,-33.7113],[149.8617,-33.713],[149.8652,-33.7156],[149.8647,-33.7164],[149.8653,-33.7168],[149.8653,-33.7221],[149.8647,-33.7224],[149.8645,-33.7215],[149.8638,-33.722],[149.8637,-33.7232],[149.8591,-33.7198],[149.8513,-33.7171],[149.8525,-33.7115],[149.8514,-33.7113],[149.8523,-33.7069],[149.8452,-33.706],[149.8457,-33.7036],[149.8421,-33.7033],[149.8435,-33.6997],[149.8451,-33.6985],[149.8445,-33.6978],[149.8454,-33.693],[149.8513,-33.6939],[149.8519,-33.6907],[149.8529,-33.6909],[149.8532,-33.6896],[149.8568,-33.691],[149.8574,-33.688],[149.8699,-33.6898],[149.8693,-33.6916],[149.8742,-33.6938],[149.8737,-33.6963],[149.8722,-33.6949],[149.8667,-33.7002],[149.8728,-33.701],[149.875,-33.6999],[149.8758,-33.7014],[149.8776,-33.7021],[149.8787,-33.7036],[149.8814,-33.699],[149.8839,-33.7016]],[[149.2402,-35.44],[149.2382,-35.441],[149.2158,-35.438],[149.2164,-35.4351],[149.2158,-35.4341],[149.2169,-35.4338],[149.22,-35.4276],[149.2204,-35.42],[149.2219,-35.417],[149.2283,-35.4175],[149.2322,-35.4145],[149.2351,-35.414],[149.237,-35.4149],[149.2394,-35.4175],[149.2413,-35.4178],[149.2436,-35.417],[149.2446,-35.419],[149.2476,-35.4191],[149.2504,-35.4215],[149.2541,-35.4261],[149.2516,-35.4297],[149.252,-35.4317],[149.2507,-35.4338],[149.2489,-35.4341],[149.2468,-35.433],[149.2409,-35.4376],[149.2402,-35.44]],[[149.8369,-36.693],[149.8322,-36.6924],[149.8333,-36.6869],[149.822,-36.6852],[149.8252,-36.6807],[149.8258,-36.6785],[149.8241,-36.6745],[149.8235,-36.6743],[149.8247,-36.6704],[149.8268,-36.669],[149.8214,-36.6677],[149.8204,-36.6662],[149.8213,-36.6623],[149.8242,-36.6626],[149.8235,-36.6614],[149.8384,-36.6636],[149.8371,-36.6682],[149.8332,-36.6692],[149.8283,-36.669],[149.8293,-36.6723],[149.8373,-36.6734],[149.8378,-36.6715],[149.8389,-36.6716],[149.8393,-36.6697],[149.8506,-36.6713],[149.8499,-36.6745],[149.8523,-36.6743],[149.8531,-36.6751],[149.8496,-36.6761],[149.8493,-36.6783],[149.8517,-36.682],[149.8524,-36.6819],[149.8531,-36.6832],[149.8541,-36.6829],[149.855,-36.6848],[149.8534,-36.6854],[149.8566,-36.6922],[149.8463,-36.6956],[149.8457,-36.6943],[149.8369,-36.693]],[[142.4323,-32.3878],[142.4316,-32.3898],[142.4335,-32.3932],[142.4332,-32.3954],[142.4342,-32.3958],[142.4311,-32.3983],[142.4242,-32.3998],[142.4177,-32.3996],[142.4137,-32.4003],[142.4056,-32.4036],[142.4044,-32.4027],[142.3951,-32.402],[142.3956,-32.3969],[142.3947,-32.3967],[142.3951,-32.3941],[142.3843,-32.3938],[142.3723,-32.3986],[142.3728,-32.3975],[142.3802,-32.3935],[142.3839,-32.3904],[142.3922,-32.3778],[142.3947,-32.3792],[142.4098,-32.3828],[142.4106,-32.3854],[142.4126,-32.3876],[142.413,-32.3848],[142.4165,-32.3879],[142.417,-32.3875],[142.4205,-32.3893],[142.4269,-32.3892],[142.4284,-32.3869],[142.4331,-32.3873],[142.4323,-32.3878]],[[151.4897,-30.632],[151.4907,-30.6338],[151.4903,-30.6361],[151.4939,-30.6371],[151.498,-30.6352],[151.4976,-30.6347],[151.4983,-30.6342],[151.4968,-30.6325],[151.4993,-30.6316],[151.4996,-30.6341],[151.5008,-30.6334],[151.5078,-30.6344],[151.5092,-30.6317],[151.5099,-30.6333],[151.5171,-30.6344],[151.5134,-30.6376],[151.5123,-30.647],[151.5164,-30.6492],[151.516,-30.6522],[151.5028,-30.6503],[151.5022,-30.6484],[151.4999,-30.6483],[151.5004,-30.6529],[151.4978,-30.6525],[151.4977,-30.6556],[151.4948,-30.6552],[151.4943,-30.659],[151.4886,-30.6581],[151.4908,-30.6519],[151.4876,-30.6515],[151.4883,-30.6497],[151.4828,-30.6489],[151.4801,-30.6504],[151.477,-30.65],[151.4773,-30.6482],[151.4787,-30.6484],[151.4778,-30.6451],[151.4761,-30.6434],[151.4723,-30.6428],[151.4684,-30.6412],[151.4735,-30.6332],[151.4732,-30.6291],[151.4781,-30.6289],[151.4796,-30.6296],[151.4817,-30.633],[151.4836,-30.632],[151.4853,-30.6323],[151.4858,-30.6295],[151.4893,-30.6299],[151.4897,-30.632]],[[146.5298,-34.7524],[146.5312,-34.7491],[146.5291,-34.7461],[146.5323,-34.7438],[146.5348,-34.7485],[146.5375,-34.7489],[146.5395,-34.7374],[146.5429,-34.7388],[146.5493,-34.7398],[146.5494,-34.739],[146.5462,-34.7386],[146.5467,-34.7354],[146.5545,-34.7364],[146.5555,-34.7343],[146.5601,-34.7349],[146.5606,-34.7323],[146.5566,-34.7318],[146.5574,-34.7275],[146.5547,-34.7272],[146.5557,-34.7215],[146.5614,-34.7222],[146.5603,-34.7278],[146.578,-34.7299],[146.5727,-34.733],[146.5666,-34.738],[146.566,-34.7395],[146.5715,-34.7405],[146.5708,-34.7425],[146.5697,-34.7429],[146.5684,-34.7492],[146.5617,-34.7564],[146.556,-34.7512],[146.55,-34.7501],[146.5499,-34.7507],[146.5537,-34.7512],[146.5523,-34.7516],[146.5516,-34.7544],[146.5485,-34.754],[146.5482,-34.7558],[146.5458,-34.7564],[146.5425,-34.7598],[146.5404,-34.7603],[146.535,-34.7582],[146.5343,-34.757],[146.5344,-34.7542],[146.5298,-34.7524]],[[150.7945,-33.5435],[150.794,-33.5429],[150.7929,-33.5441],[150.7902,-33.5437],[150.7873,-33.5454],[150.7857,-33.5448],[150.785,-33.5458],[150.7841,-33.5452],[150.7841,-33.5443],[150.7754,-33.5449],[150.7723,-33.5469],[150.7708,-33.5468],[150.77,-33.5458],[150.7685,-33.5467],[150.7645,-33.5458],[150.7635,-33.5468],[150.7603,-33.5454],[150.7563,-33.5462],[150.7551,-33.5476],[150.7519,-33.5472],[150.7532,-33.5395],[150.7465,-33.5385],[150.7476,-33.5326],[150.7544,-33.5335],[150.7557,-33.527],[150.7601,-33.5269],[150.7604,-33.5252],[150.7654,-33.5264],[150.7663,-33.5221],[150.7704,-33.5225],[150.7709,-33.5214],[150.7762,-33.5202],[150.7772,-33.5153],[150.7846,-33.5164],[150.7828,-33.5226],[150.7807,-33.5362],[150.7892,-33.5375],[150.7885,-33.5411],[150.7943,-33.5415],[150.7945,-33.5435]],[[145.7473,-35.3568],[145.7465,-35.3578],[145.7524,-35.3596],[145.7529,-35.3602],[145.752,-35.3623],[145.7436,-35.3596],[145.7379,-35.3621],[145.7281,-35.36],[145.7273,-35.3611],[145.7291,-35.3794],[145.7311,-35.3851],[145.7145,-35.3829],[145.7192,-35.363],[145.7148,-35.362],[145.714,-35.3643],[145.7082,-35.3629],[145.7118,-35.3527],[145.7108,-35.3509],[145.7122,-35.3513],[145.7131,-35.3495],[145.7151,-35.3487],[145.7188,-35.3529],[145.7199,-35.3529],[145.7196,-35.3507],[145.7222,-35.3494],[145.7229,-35.3502],[145.7236,-35.347],[145.7268,-35.3475],[145.7274,-35.3412],[145.7361,-35.3421],[145.7345,-35.3504],[145.7533,-35.3526],[145.7473,-35.3568]],[[148.9233,-34.8455],[148.9227,-34.8491],[148.9248,-34.849],[148.9243,-34.852],[148.9201,-34.8504],[148.9191,-34.856],[148.9215,-34.8563],[148.9213,-34.8574],[148.9242,-34.8582],[148.9239,-34.86],[148.921,-34.8596],[148.9211,-34.8586],[148.9185,-34.8581],[148.9169,-34.8591],[148.9048,-34.8575],[148.9082,-34.8519],[148.9019,-34.8485],[148.8977,-34.8483],[148.8988,-34.8424],[148.903,-34.8429],[148.9002,-34.8389],[148.9036,-34.8393],[148.9034,-34.8364],[148.9051,-34.8345],[148.9042,-34.8322],[148.9007,-34.8307],[148.8995,-34.8284],[148.9044,-34.8209],[148.9071,-34.8211],[148.9084,-34.8226],[148.9088,-34.8197],[148.9102,-34.8199],[148.912,-34.8218],[148.9151,-34.8169],[148.9236,-34.818],[148.9201,-34.8257],[148.9295,-34.8269],[148.9232,-34.8313],[148.9221,-34.838],[148.9245,-34.8383],[148.9242,-34.8398],[148.9254,-34.841],[148.9249,-34.8442],[148.928,-34.8446],[148.9279,-34.8453],[148.9233,-34.8455]],[[147.1633,-33.0939],[147.1622,-33.095],[147.1606,-33.1042],[147.1478,-33.099],[147.1477,-33.0978],[147.1448,-33.0974],[147.1437,-33.0978],[147.1434,-33.1004],[147.1402,-33.0999],[147.1402,-33.1013],[147.1384,-33.1024],[147.1386,-33.099],[147.135,-33.0973],[147.1351,-33.0955],[147.1328,-33.0954],[147.1337,-33.0937],[147.1332,-33.0924],[147.1342,-33.0869],[147.1323,-33.0867],[147.1325,-33.0857],[147.1316,-33.0858],[147.1323,-33.0846],[147.134,-33.0849],[147.1342,-33.0831],[147.1356,-33.0833],[147.1365,-33.0784],[147.1202,-33.0725],[147.1388,-33.0723],[147.1373,-33.0702],[147.1436,-33.067],[147.1455,-33.0702],[147.1506,-33.071],[147.1493,-33.0759],[147.1709,-33.0786],[147.1697,-33.0831],[147.1675,-33.0821],[147.1651,-33.0837],[147.1615,-33.0845],[147.1605,-33.0881],[147.1581,-33.088],[147.1573,-33.0888],[147.1599,-33.0902],[147.1596,-33.0918],[147.161,-33.0935],[147.1633,-33.0939]],[[151.0937,-30.1726],[151.093,-30.1787],[151.0915,-30.1785],[151.0914,-30.1795],[151.0905,-30.1794],[151.0897,-30.1852],[151.0886,-30.185],[151.0887,-30.184],[151.0805,-30.1828],[151.0798,-30.1868],[151.0581,-30.1836],[151.0607,-30.1716],[151.0584,-30.1685],[151.0573,-30.1636],[151.0665,-30.1629],[151.0681,-30.154],[151.0852,-30.1563],[151.0885,-30.1612],[151.088,-30.1648],[151.0949,-30.1657],[151.0937,-30.1726]],[[148.9785,-32.5611],[148.9677,-32.5595],[148.962,-32.5604],[148.9617,-32.5623],[148.9574,-32.5619],[148.9527,-32.5634],[148.9586,-32.5744],[148.9505,-32.5777],[148.9416,-32.5764],[148.941,-32.5756],[148.9439,-32.5737],[148.9414,-32.5725],[148.9427,-32.5701],[148.9405,-32.5689],[148.9401,-32.5678],[148.9363,-32.5666],[148.9346,-32.5645],[148.9366,-32.5596],[148.9353,-32.558],[148.9394,-32.557],[148.9412,-32.5553],[148.9389,-32.5551],[148.9386,-32.5537],[148.9368,-32.5534],[148.9368,-32.5518],[148.9354,-32.5513],[148.9362,-32.5505],[148.9359,-32.5498],[148.9347,-32.5497],[148.9336,-32.5509],[148.9325,-32.5505],[148.933,-32.5479],[148.9347,-32.5457],[148.9287,-32.5418],[148.9301,-32.5341],[148.9317,-32.5343],[148.9321,-32.533],[148.9359,-32.5369],[148.9422,-32.5401],[148.9444,-32.5387],[148.9451,-32.541],[148.9448,-32.5438],[148.953,-32.5445],[148.9571,-32.5482],[148.96,-32.5523],[148.9629,-32.5527],[148.973,-32.5515],[148.9748,-32.5521],[148.9769,-32.5551],[148.979,-32.5609],[148.9785,-32.5611]],[[145.8325,-31.4813],[145.8389,-31.4819],[145.8393,-31.4792],[145.8459,-31.4811],[145.8451,-31.4879],[145.8482,-31.4882],[145.8475,-31.4917],[145.8482,-31.4918],[145.848,-31.4939],[145.8609,-31.4926],[145.8599,-31.4959],[145.8566,-31.4956],[145.856,-31.5005],[145.8458,-31.4992],[145.8451,-31.5006],[145.8444,-31.5068],[145.8507,-31.5181],[145.8447,-31.5163],[145.8444,-31.5186],[145.839,-31.5181],[145.8392,-31.5167],[145.8352,-31.5163],[145.8331,-31.5198],[145.8278,-31.5191],[145.8282,-31.5166],[145.8294,-31.5167],[145.83,-31.5126],[145.8244,-31.5126],[145.8257,-31.5104],[145.8229,-31.5101],[145.8235,-31.5061],[145.8195,-31.5057],[145.8228,-31.4886],[145.8199,-31.4883],[145.8204,-31.4847],[145.8286,-31.4855],[145.8277,-31.4842],[145.8295,-31.4834],[145.8322,-31.4865],[145.8325,-31.4813]],[[147.3772,-35.0717],[147.3614,-35.0762],[147.3569,-35.0789],[147.3502,-35.0846],[147.3443,-35.0829],[147.3362,-35.0767],[147.3284,-35.069],[147.3322,-35.0695],[147.3338,-35.0622],[147.3472,-35.064],[147.3468,-35.0596],[147.3491,-35.0468],[147.3515,-35.0471],[147.3512,-35.049],[147.3565,-35.0497],[147.3561,-35.0515],[147.3578,-35.0517],[147.3575,-35.0532],[147.359,-35.0534],[147.3587,-35.0549],[147.3602,-35.0551],[147.3599,-35.0566],[147.362,-35.0568],[147.3616,-35.0593],[147.3757,-35.061],[147.3768,-35.066],[147.3803,-35.0702],[147.3772,-35.0717]],[[149.0238,-34.9904],[149.0108,-34.9883],[149.0125,-34.9803],[149.002,-34.9789],[148.9988,-34.9838],[148.996,-34.9835],[148.9914,-34.9813],[148.9869,-34.9776],[148.9862,-34.9749],[148.985,-34.9746],[148.9879,-34.961],[148.9894,-34.9612],[148.9909,-34.9554],[149.0001,-34.9567],[148.9993,-34.9605],[149.0015,-34.9608],[149.0012,-34.9623],[149.0055,-34.9629],[149.0051,-34.9652],[149.0166,-34.9665],[149.018,-34.9657],[149.0222,-34.9657],[149.0226,-34.964],[149.0308,-34.9651],[149.031,-34.9677],[149.0332,-34.968],[149.0327,-34.9699],[149.0311,-34.9696],[149.0301,-34.973],[149.0293,-34.9729],[149.0287,-34.9743],[149.0255,-34.9767],[149.0253,-34.9853],[149.0244,-34.9905],[149.0238,-34.9904]],[[148.0421,-34.6446],[148.0339,-34.6462],[148.0341,-34.6469],[148.0328,-34.6471],[148.032,-34.6488],[148.033,-34.652],[148.0355,-34.6559],[148.0258,-34.6598],[148.0226,-34.6519],[148.0229,-34.649],[148.0195,-34.6523],[148.0149,-34.653],[148.0166,-34.6523],[148.0148,-34.6511],[148.0113,-34.6448],[148.012,-34.6432],[148.0073,-34.6419],[148.0085,-34.6389],[148.0116,-34.6357],[148.0067,-34.6354],[148.0089,-34.6339],[148.0029,-34.6298],[148.0034,-34.6275],[148.0135,-34.6261],[148.0151,-34.6303],[148.0192,-34.6315],[148.0197,-34.6302],[148.0206,-34.6306],[148.0232,-34.628],[148.0244,-34.6288],[148.0271,-34.626],[148.0263,-34.6251],[148.031,-34.6206],[148.0348,-34.6232],[148.0333,-34.6108],[148.0357,-34.6105],[148.0378,-34.6251],[148.0401,-34.6267],[148.0417,-34.6297],[148.0406,-34.6301],[148.0408,-34.6306],[148.0425,-34.63],[148.0433,-34.6309],[148.0461,-34.63],[148.0476,-34.633],[148.0436,-34.6344],[148.0421,-34.6316],[148.039,-34.6335],[148.0455,-34.6383],[148.0426,-34.6411],[148.0421,-34.6446]],[[151.7557,-29.7361],[151.7514,-29.7391],[151.7552,-29.7396],[151.7554,-29.7384],[151.7573,-29.7385],[151.7422,-29.7541],[151.7308,-29.7526],[151.7279,-29.7465],[151.7273,-29.7468],[151.7275,-29.7479],[151.7261,-29.7488],[151.7249,-29.7486],[151.7249,-29.7493],[151.7234,-29.7496],[151.7218,-29.7493],[151.7228,-29.7473],[151.7206,-29.747],[151.7227,-29.7413],[151.7116,-29.7398],[151.7103,-29.7408],[151.7049,-29.7356],[151.7078,-29.7339],[151.7085,-29.7322],[151.7105,-29.7318],[151.7111,-29.7297],[151.71,-29.7271],[151.7115,-29.7261],[151.7104,-29.7236],[151.7126,-29.722],[151.7173,-29.7219],[151.7174,-29.7194],[151.7236,-29.7243],[151.7259,-29.7247],[151.7262,-29.7231],[151.7284,-29.7234],[151.7287,-29.722],[151.7309,-29.7223],[151.7299,-29.7252],[151.7445,-29.7273],[151.7432,-29.7342],[151.7557,-29.7361]],[[150.6824,-31.4869],[150.6831,-31.4959],[150.6879,-31.4967],[150.6909,-31.495],[150.6931,-31.4978],[150.6958,-31.4979],[150.6946,-31.504],[150.6934,-31.5041],[150.6924,-31.5055],[150.6918,-31.508],[150.6927,-31.5082],[150.6922,-31.5102],[150.6981,-31.5095],[150.6996,-31.5072],[150.6976,-31.5172],[150.6986,-31.5173],[150.6972,-31.5243],[150.6892,-31.5231],[150.6886,-31.5257],[150.6878,-31.5257],[150.6879,-31.5273],[150.6827,-31.528],[150.6811,-31.5256],[150.6796,-31.5263],[150.6792,-31.5256],[150.6767,-31.5251],[150.677,-31.5237],[150.6682,-31.5221],[150.6687,-31.5201],[150.6667,-31.5194],[150.6661,-31.5169],[150.667,-31.5151],[150.6687,-31.5154],[150.6695,-31.5113],[150.6678,-31.5111],[150.6695,-31.501],[150.6666,-31.5004],[150.6649,-31.5032],[150.6637,-31.5019],[150.6634,-31.4983],[150.6635,-31.4963],[150.6711,-31.4974],[150.6717,-31.4936],[150.6709,-31.4935],[150.6718,-31.4905],[150.6706,-31.4902],[150.6711,-31.4828],[150.672,-31.482],[150.6768,-31.4883],[150.6824,-31.4869]],[[148.0848,-35.0522],[148.0936,-35.0494],[148.0956,-35.05],[148.096,-35.0488],[148.1026,-35.0498],[148.1079,-35.0455],[148.1085,-35.0506],[148.1143,-35.0515],[148.1149,-35.049],[148.121,-35.0514],[148.1188,-35.0552],[148.1201,-35.0557],[148.1191,-35.057],[148.1192,-35.0584],[148.1209,-35.0627],[148.1208,-35.0653],[148.1313,-35.0675],[148.133,-35.0691],[148.1332,-35.0704],[148.1304,-35.0734],[148.1312,-35.0741],[148.13,-35.0758],[148.127,-35.0758],[148.1235,-35.0775],[148.1157,-35.0741],[148.1096,-35.0753],[148.1009,-35.0833],[148.1019,-35.084],[148.1002,-35.0855],[148.0975,-35.0862],[148.0973,-35.0893],[148.0904,-35.0839],[148.0932,-35.0807],[148.0943,-35.0812],[148.0947,-35.0796],[148.1019,-35.0732],[148.1038,-35.0742],[148.1045,-35.0734],[148.0971,-35.0684],[148.0952,-35.0684],[148.0952,-35.0605],[148.0906,-35.0587],[148.0848,-35.0522]],[[148.6484,-36.376],[148.6498,-36.3778],[148.65,-36.3864],[148.6504,-36.3869],[148.6527,-36.3859],[148.652,-36.3868],[148.6524,-36.3886],[148.6533,-36.3888],[148.6516,-36.3911],[148.6532,-36.3916],[148.652,-36.3968],[148.6537,-36.3996],[148.6494,-36.408],[148.6477,-36.4092],[148.6463,-36.4096],[148.6466,-36.4073],[148.6417,-36.4066],[148.6425,-36.4035],[148.6382,-36.4046],[148.639,-36.4075],[148.636,-36.409],[148.6338,-36.4091],[148.6329,-36.4083],[148.6307,-36.4092],[148.6312,-36.4111],[148.6326,-36.4121],[148.6314,-36.4127],[148.6315,-36.4134],[148.6331,-36.4146],[148.6346,-36.4146],[148.6347,-36.4188],[148.6396,-36.4241],[148.6401,-36.4264],[148.6353,-36.4245],[148.6338,-36.428],[148.6342,-36.4299],[148.6326,-36.4308],[148.633,-36.4325],[148.6323,-36.4339],[148.6312,-36.4332],[148.6309,-36.4317],[148.6343,-36.4226],[148.6294,-36.4158],[148.6277,-36.4118],[148.6263,-36.4106],[148.6271,-36.4081],[148.6296,-36.4049],[148.6228,-36.3996],[148.6257,-36.3947],[148.6243,-36.3912],[148.6274,-36.3892],[148.6292,-36.385],[148.6276,-36.3816],[148.6256,-36.3806],[148.6255,-36.3794],[148.6308,-36.3738],[148.6386,-36.3747],[148.6376,-36.3767],[148.638,-36.3779],[148.6389,-36.3776],[148.6388,-36.3762],[148.6402,-36.3749],[148.6484,-36.376]],[[148.3829,-30.9881],[148.3663,-30.9859],[148.3713,-30.977],[148.3723,-30.9736],[148.3691,-30.973],[148.372,-30.9653],[148.3746,-30.9659],[148.3758,-30.9634],[148.3724,-30.9617],[148.3742,-30.9574],[148.3735,-30.9577],[148.3728,-30.956],[148.3759,-30.955],[148.3759,-30.954],[148.362,-30.9519],[148.3637,-30.9418],[148.367,-30.9431],[148.3735,-30.9474],[148.3713,-30.9459],[148.372,-30.9411],[148.387,-30.9433],[148.3867,-30.9449],[148.3882,-30.9451],[148.3877,-30.9473],[148.3862,-30.9471],[148.3856,-30.9498],[148.3898,-30.9479],[148.3909,-30.9437],[148.3927,-30.9461],[148.3949,-30.9472],[148.396,-30.951],[148.3943,-30.952],[148.3955,-30.9522],[148.3963,-30.9536],[148.396,-30.9553],[148.4015,-30.9561],[148.4032,-30.9572],[148.4022,-30.9629],[148.3938,-30.9617],[148.3934,-30.9637],[148.3922,-30.9635],[148.392,-30.9649],[148.3894,-30.9647],[148.3883,-30.966],[148.3878,-30.9738],[148.3842,-30.9733],[148.3865,-30.9803],[148.3864,-30.9846],[148.3849,-30.9869],[148.3829,-30.9881]],[[145.8067,-35.6838],[145.8054,-35.6826],[145.8055,-35.6803],[145.8076,-35.6692],[145.8002,-35.6681],[145.8033,-35.6564],[145.7987,-35.6559],[145.7993,-35.6523],[145.806,-35.6531],[145.8036,-35.6483],[145.8036,-35.646],[145.8053,-35.6455],[145.8067,-35.648],[145.8094,-35.6481],[145.8114,-35.6523],[145.8125,-35.652],[145.8147,-35.6566],[145.827,-35.6577],[145.8274,-35.6559],[145.8444,-35.6583],[145.8339,-35.6695],[145.8331,-35.6733],[145.8229,-35.6833],[145.8229,-35.686],[145.8067,-35.6838]],[[150.2705,-34.6706],[150.2744,-34.6677],[150.2793,-34.6656],[150.2831,-34.661],[150.2859,-34.6589],[150.2871,-34.6523],[150.2826,-34.6515],[150.2848,-34.6408],[150.3003,-34.6428],[150.3006,-34.6445],[150.3193,-34.647],[150.3155,-34.6674],[150.311,-34.6668],[150.3102,-34.6704],[150.2969,-34.6686],[150.2976,-34.665],[150.2904,-34.664],[150.2896,-34.6678],[150.2938,-34.6683],[150.2924,-34.6747],[150.2909,-34.6756],[150.2878,-34.6755],[150.2881,-34.6765],[150.285,-34.6778],[150.2807,-34.6772],[150.2816,-34.6724],[150.2705,-34.6706]],[[148.2542,-32.2451],[148.2536,-32.2485],[148.2317,-32.2457],[148.2329,-32.2388],[148.2298,-32.2384],[148.2317,-32.2329],[148.2333,-32.2317],[148.2361,-32.2317],[148.2281,-32.2264],[148.2259,-32.2243],[148.2265,-32.2241],[148.2083,-32.2096],[148.211,-32.2071],[148.2178,-32.2094],[148.2191,-32.2021],[148.2369,-32.2037],[148.236,-32.2087],[148.2407,-32.2099],[148.2376,-32.2122],[148.2366,-32.2148],[148.2395,-32.2234],[148.2408,-32.2247],[148.2514,-32.2273],[148.2575,-32.2278],[148.256,-32.2366],[148.2616,-32.2372],[148.2618,-32.236],[148.2644,-32.2362],[148.2641,-32.2375],[148.2655,-32.2377],[148.2648,-32.2428],[148.252,-32.2389],[148.2512,-32.2436],[148.2543,-32.244],[148.2542,-32.2451]],[[149.2889,-31.2766],[149.2883,-31.2801],[149.2848,-31.2797],[149.2845,-31.2839],[149.2834,-31.2837],[149.2843,-31.285],[149.2906,-31.2859],[149.2899,-31.2895],[149.2914,-31.2897],[149.2919,-31.2912],[149.2889,-31.2914],[149.2876,-31.2897],[149.2812,-31.2932],[149.2767,-31.2926],[149.2766,-31.2932],[149.2753,-31.2928],[149.2753,-31.2914],[149.2608,-31.2895],[149.2621,-31.2836],[149.2609,-31.2835],[149.2622,-31.2752],[149.2591,-31.2755],[149.2584,-31.2745],[149.2606,-31.272],[149.2639,-31.2538],[149.2801,-31.2559],[149.2804,-31.2543],[149.2887,-31.2554],[149.2882,-31.2582],[149.2865,-31.2591],[149.2883,-31.2617],[149.2844,-31.2628],[149.2836,-31.2643],[149.2843,-31.2645],[149.2844,-31.2667],[149.2857,-31.2664],[149.2868,-31.2648],[149.2918,-31.2642],[149.2923,-31.2629],[149.294,-31.2622],[149.2988,-31.2641],[149.2991,-31.265],[149.3002,-31.2649],[149.2994,-31.2707],[149.3001,-31.2732],[149.2945,-31.2704],[149.2902,-31.2717],[149.291,-31.2736],[149.2874,-31.2748],[149.289,-31.2757],[149.2889,-31.2766]],[[148.6376,-31.6889],[148.6527,-31.6903],[148.6581,-31.6935],[148.6654,-31.6943],[148.67,-31.6963],[148.6753,-31.7021],[148.6756,-31.706],[148.6749,-31.7081],[148.6706,-31.7121],[148.6646,-31.7142],[148.6612,-31.7163],[148.6592,-31.7194],[148.6596,-31.7237],[148.6565,-31.7234],[148.6563,-31.725],[148.6547,-31.7247],[148.6547,-31.7239],[148.6528,-31.727],[148.6514,-31.7269],[148.6523,-31.7215],[148.6439,-31.7205],[148.645,-31.714],[148.6436,-31.7138],[148.6438,-31.7124],[148.6428,-31.7123],[148.643,-31.7112],[148.641,-31.7109],[148.6407,-31.7124],[148.6361,-31.7118],[148.6367,-31.7078],[148.6283,-31.7046],[148.6273,-31.6958],[148.6327,-31.6964],[148.6331,-31.6939],[148.6317,-31.6904],[148.6337,-31.69],[148.634,-31.6884],[148.6376,-31.6889]],[[150.843,-32.0267],[150.8447,-32.0284],[150.8406,-32.0302],[150.8427,-32.0326],[150.842,-32.0328],[150.8437,-32.034],[150.8464,-32.0397],[150.8478,-32.041],[150.8485,-32.0448],[150.8507,-32.0445],[150.8511,-32.0473],[150.852,-32.0466],[150.8528,-32.0438],[150.854,-32.0431],[150.8528,-32.0426],[150.8525,-32.0396],[150.8551,-32.0393],[150.8544,-32.0427],[150.8573,-32.0431],[150.8577,-32.0409],[150.8608,-32.0413],[150.8633,-32.0386],[150.8645,-32.0384],[150.8637,-32.0337],[150.8674,-32.0342],[150.8674,-32.0322],[150.8712,-32.0326],[150.8716,-32.0294],[150.8747,-32.0298],[150.8745,-32.0311],[150.8776,-32.0315],[150.8773,-32.0333],[150.88,-32.0336],[150.8792,-32.0389],[150.8782,-32.0405],[150.8801,-32.0452],[150.8851,-32.0469],[150.8859,-32.0599],[150.8778,-32.0572],[150.8772,-32.0606],[150.8711,-32.0601],[150.8696,-32.0569],[150.8651,-32.0586],[150.8589,-32.0588],[150.8599,-32.0618],[150.8552,-32.0629],[150.8538,-32.0611],[150.8557,-32.0608],[150.8538,-32.059],[150.8553,-32.0557],[150.8534,-32.0548],[150.8542,-32.0541],[150.8555,-32.0544],[150.8552,-32.0503],[150.8535,-32.0512],[150.8523,-32.0489],[150.8394,-32.0481],[150.8409,-32.0425],[150.8397,-32.0421],[150.8391,-32.0429],[150.8231,-32.0345],[150.8249,-32.0316],[150.8256,-32.0263],[150.8347,-32.0224],[150.8344,-32.0212],[150.8402,-32.0281],[150.843,-32.0267]],[[152.9108,-30.6937],[152.9134,-30.691],[152.9169,-30.6891],[152.9176,-30.6877],[152.9288,-30.6894],[152.9298,-30.6846],[152.9318,-30.6849],[152.9349,-30.6879],[152.9343,-30.694],[152.935,-30.6948],[152.9377,-30.6951],[152.9384,-30.6979],[152.9351,-30.7016],[152.9351,-30.7046],[152.9342,-30.7071],[152.933,-30.7065],[152.9314,-30.7072],[152.9311,-30.7091],[152.9328,-30.7094],[152.9327,-30.71],[152.928,-30.7094],[152.9272,-30.7139],[152.9242,-30.7135],[152.9238,-30.7173],[152.9229,-30.7172],[152.923,-30.7154],[152.9223,-30.7152],[152.922,-30.7192],[152.9187,-30.7283],[152.9163,-30.7284],[152.9153,-30.7274],[152.9153,-30.726],[152.9129,-30.7251],[152.914,-30.7276],[152.9133,-30.7309],[152.9143,-30.7308],[152.9159,-30.7325],[152.9181,-30.7333],[152.9159,-30.7329],[152.9098,-30.7374],[152.9074,-30.7383],[152.9055,-30.737],[152.9045,-30.7372],[152.903,-30.7353],[152.8948,-30.7333],[152.8978,-30.7197],[152.9027,-30.717],[152.9039,-30.7141],[152.9036,-30.7104],[152.9107,-30.7063],[152.9143,-30.6994],[152.9112,-30.6965],[152.9108,-30.6937]],[[144.833,-34.5435],[144.8227,-34.5387],[144.8271,-34.5139],[144.8232,-34.5092],[144.8211,-34.5082],[144.8218,-34.5042],[144.8208,-34.504],[144.8216,-34.4991],[144.8289,-34.5],[144.83,-34.4992],[144.8306,-34.4938],[144.8459,-34.4957],[144.8454,-34.4988],[144.8499,-34.4968],[144.8497,-34.4996],[144.8587,-34.4956],[144.8567,-34.508],[144.8583,-34.5088],[144.8583,-34.5097],[144.8547,-34.5158],[144.8561,-34.5173],[144.8593,-34.5152],[144.8607,-34.5153],[144.8608,-34.5173],[144.8619,-34.5183],[144.8615,-34.52],[144.858,-34.5196],[144.8409,-34.5206],[144.8365,-34.5272],[144.833,-34.5435]],[[153.0466,-28.888],[153.0426,-28.8796],[153.0415,-28.8795],[153.0388,-28.8746],[153.0371,-28.8703],[153.0338,-28.8699],[153.0341,-28.8687],[153.0351,-28.8689],[153.0356,-28.8655],[153.033,-28.8623],[153.0289,-28.8609],[153.0254,-28.8616],[153.0245,-28.8607],[153.0245,-28.8579],[153.0266,-28.8559],[153.0252,-28.8536],[153.0273,-28.8521],[153.0298,-28.8546],[153.0314,-28.8535],[153.033,-28.8553],[153.0341,-28.8535],[153.0363,-28.8539],[153.0377,-28.8507],[153.039,-28.8505],[153.0365,-28.8477],[153.0308,-28.8448],[153.0287,-28.838],[153.0363,-28.8427],[153.0372,-28.8372],[153.0387,-28.8362],[153.0406,-28.8363],[153.0417,-28.8372],[153.0415,-28.8382],[153.0485,-28.8398],[153.0473,-28.848],[153.0539,-28.849],[153.0524,-28.8557],[153.0566,-28.8563],[153.0574,-28.8575],[153.0694,-28.8507],[153.0687,-28.8543],[153.0716,-28.8547],[153.0705,-28.8607],[153.0687,-28.8611],[153.0681,-28.8646],[153.0644,-28.8649],[153.0583,-28.8632],[153.0558,-28.8732],[153.0537,-28.8729],[153.0526,-28.8775],[153.0603,-28.8793],[153.0676,-28.8822],[153.0689,-28.8837],[153.0686,-28.8848],[153.0596,-28.8865],[153.0592,-28.8878],[153.0563,-28.8873],[153.0564,-28.8879],[153.054,-28.8882],[153.0538,-28.8869],[153.0531,-28.8868],[153.0523,-28.8904],[153.0475,-28.8896],[153.0466,-28.888]],[[148.1722,-33.902],[148.1719,-33.9037],[148.168,-33.9018],[148.1664,-33.9019],[148.1659,-33.904],[148.1641,-33.9038],[148.1659,-33.9065],[148.1655,-33.9093],[148.1635,-33.9134],[148.1646,-33.9183],[148.1594,-33.9184],[148.1593,-33.9175],[148.1561,-33.917],[148.1424,-33.9157],[148.1476,-33.9057],[148.1278,-33.9027],[148.1287,-33.8977],[148.1317,-33.8981],[148.1361,-33.8964],[148.1412,-33.8881],[148.1483,-33.8888],[148.149,-33.8849],[148.1504,-33.8851],[148.1511,-33.8818],[148.1584,-33.8827],[148.16,-33.8746],[148.1612,-33.8747],[148.1617,-33.8735],[148.1661,-33.874],[148.1665,-33.8779],[148.1643,-33.8816],[148.1639,-33.8843],[148.1754,-33.8859],[148.1746,-33.8878],[148.1767,-33.888],[148.1752,-33.8902],[148.1819,-33.8911],[148.1809,-33.8923],[148.1747,-33.8945],[148.1722,-33.8938],[148.1721,-33.8964],[148.1732,-33.8969],[148.1722,-33.902]],[[147.1769,-31.5752],[147.1757,-31.5717],[147.1766,-31.5647],[147.1806,-31.5603],[147.1829,-31.559],[147.1768,-31.5581],[147.1798,-31.5536],[147.1787,-31.5533],[147.1795,-31.5516],[147.1873,-31.5525],[147.1854,-31.5542],[147.1901,-31.5548],[147.1887,-31.556],[147.1906,-31.557],[147.1924,-31.5546],[147.1926,-31.552],[147.1939,-31.5492],[147.2007,-31.5374],[147.2229,-31.5399],[147.2156,-31.5531],[147.2111,-31.5539],[147.2107,-31.5573],[147.2126,-31.5575],[147.2111,-31.5702],[147.2093,-31.5727],[147.2061,-31.5701],[147.2054,-31.5746],[147.2009,-31.5741],[147.2001,-31.5783],[147.1769,-31.5752]],[[144.3154,-32.9144],[144.3167,-32.9164],[144.3199,-32.9178],[144.3192,-32.9185],[144.3082,-32.9202],[144.3031,-32.9141],[144.3033,-32.9133],[144.2901,-32.9122],[144.295,-32.8789],[144.3102,-32.8807],[144.3096,-32.8768],[144.3117,-32.877],[144.3122,-32.8809],[144.3271,-32.8826],[144.3228,-32.9091],[144.3208,-32.9088],[144.3133,-32.9127],[144.3154,-32.9144]],[[148.2859,-34.3311],[148.2884,-34.3274],[148.2849,-34.3257],[148.2853,-34.3247],[148.2831,-34.324],[148.2828,-34.3205],[148.2822,-34.3204],[148.2813,-34.3176],[148.2815,-34.3167],[148.2827,-34.317],[148.2832,-34.3155],[148.2808,-34.3141],[148.2818,-34.3136],[148.2817,-34.3101],[148.2801,-34.3095],[148.2775,-34.311],[148.2756,-34.3089],[148.2786,-34.3063],[148.2816,-34.3076],[148.2815,-34.3044],[148.2822,-34.3036],[148.2839,-34.3057],[148.2856,-34.3056],[148.2874,-34.3013],[148.2951,-34.2975],[148.2971,-34.2949],[148.305,-34.2982],[148.3031,-34.3012],[148.3028,-34.3042],[148.3136,-34.3056],[148.3134,-34.3068],[148.3146,-34.3069],[148.3142,-34.3091],[148.3193,-34.3099],[148.3184,-34.316],[148.3096,-34.3174],[148.3097,-34.3185],[148.3079,-34.3195],[148.309,-34.3209],[148.3061,-34.3221],[148.3046,-34.3211],[148.3064,-34.3305],[148.3075,-34.3323],[148.3044,-34.3339],[148.3061,-34.3366],[148.3035,-34.3504],[148.2994,-34.3472],[148.2902,-34.3462],[148.2907,-34.3329],[148.288,-34.3327],[148.2883,-34.3311],[148.2859,-34.3311]],[[148.2246,-35.295],[148.2303,-35.3006],[148.2339,-35.3024],[148.2367,-35.3027],[148.242,-35.3019],[148.2444,-35.3],[148.2457,-35.302],[148.2429,-35.3043],[148.2379,-35.3257],[148.2345,-35.327],[148.2283,-35.3286],[148.2243,-35.327],[148.2167,-35.3303],[148.2117,-35.3223],[148.2167,-35.32],[148.2135,-35.3142],[148.1987,-35.3124],[148.2002,-35.3174],[148.2025,-35.321],[148.1996,-35.3217],[148.1986,-35.3165],[148.1947,-35.316],[148.1962,-35.3088],[148.1897,-35.3078],[148.1967,-35.3022],[148.195,-35.302],[148.1972,-35.2995],[148.2003,-35.2998],[148.2043,-35.2973],[148.2028,-35.2971],[148.203,-35.296],[148.2078,-35.2953],[148.2084,-35.2926],[148.2075,-35.291],[148.2078,-35.2885],[148.2109,-35.2883],[148.2119,-35.2892],[148.2156,-35.2863],[148.2166,-35.2876],[148.215,-35.2893],[148.2178,-35.2904],[148.2197,-35.2933],[148.2217,-35.2936],[148.224,-35.2929],[148.2246,-35.295]],[[150.9063,-32.2542],[150.9055,-32.2616],[150.9075,-32.2618],[150.9086,-32.2612],[150.9095,-32.2623],[150.9104,-32.2621],[150.9104,-32.2646],[150.9043,-32.2645],[150.9036,-32.2686],[150.9045,-32.2687],[150.9027,-32.2713],[150.9023,-32.2761],[150.9048,-32.2774],[150.9086,-32.2778],[150.9076,-32.2826],[150.9059,-32.2826],[150.9081,-32.2863],[150.9082,-32.2877],[150.9091,-32.2879],[150.9089,-32.2859],[150.9124,-32.2859],[150.9144,-32.2864],[150.9146,-32.2884],[150.9119,-32.2883],[150.9117,-32.2904],[150.908,-32.2899],[150.9051,-32.2961],[150.901,-32.2999],[150.8997,-32.2988],[150.8987,-32.2997],[150.8964,-32.2957],[150.8939,-32.2945],[150.8917,-32.292],[150.8919,-32.2912],[150.8891,-32.2897],[150.8895,-32.2845],[150.8828,-32.2821],[150.8846,-32.2808],[150.8835,-32.2802],[150.8731,-32.2776],[150.8721,-32.2836],[150.8758,-32.284],[150.876,-32.2827],[150.8803,-32.2844],[150.8799,-32.2864],[150.878,-32.2861],[150.8778,-32.2869],[150.8716,-32.2861],[150.8718,-32.2854],[150.854,-32.2831],[150.8552,-32.2806],[150.8554,-32.2769],[150.8587,-32.2745],[150.8677,-32.2759],[150.8754,-32.2712],[150.882,-32.2697],[150.8841,-32.2685],[150.8858,-32.2663],[150.8856,-32.2641],[150.884,-32.2637],[150.884,-32.2625],[150.8788,-32.2619],[150.879,-32.2602],[150.8824,-32.2601],[150.8839,-32.2591],[150.882,-32.2569],[150.8825,-32.2558],[150.8853,-32.2557],[150.8868,-32.2572],[150.8879,-32.2572],[150.8894,-32.2545],[150.8896,-32.2524],[150.8906,-32.252],[150.8895,-32.2514],[150.8943,-32.2484],[150.8982,-32.2438],[150.8991,-32.2443],[150.9013,-32.2427],[150.9003,-32.2418],[150.9021,-32.2414],[150.9026,-32.2398],[150.9033,-32.2416],[150.8985,-32.246],[150.9007,-32.2468],[150.9017,-32.2462],[150.901,-32.2469],[150.9022,-32.2478],[150.902,-32.2493],[150.9071,-32.2499],[150.9063,-32.2542]],[[146.4135,-34.5717],[146.4123,-34.5717],[146.412,-34.571],[146.4089,-34.5718],[146.406,-34.5699],[146.405,-34.5708],[146.3941,-34.5716],[146.3939,-34.5705],[146.3896,-34.5712],[146.3914,-34.5614],[146.3888,-34.5612],[146.3881,-34.5588],[146.3865,-34.5585],[146.3846,-34.5554],[146.3777,-34.5545],[146.3778,-34.5528],[146.3755,-34.5531],[146.3726,-34.5513],[146.3731,-34.548],[146.3763,-34.5474],[146.3767,-34.5468],[146.3851,-34.5509],[146.3865,-34.5432],[146.3912,-34.5438],[146.3927,-34.5447],[146.3931,-34.5475],[146.3943,-34.5485],[146.3987,-34.5466],[146.3972,-34.5459],[146.3964,-34.5443],[146.3971,-34.5433],[146.3992,-34.5447],[146.4003,-34.5417],[146.3987,-34.5395],[146.3991,-34.5372],[146.4024,-34.5395],[146.4038,-34.5387],[146.4042,-34.5339],[146.4089,-34.5346],[146.4102,-34.5277],[146.4119,-34.5248],[146.4227,-34.5263],[146.4215,-34.5357],[146.4203,-34.5356],[146.4228,-34.5383],[146.4217,-34.5443],[146.4252,-34.5449],[146.424,-34.5513],[146.4259,-34.5516],[146.4288,-34.5571],[146.4256,-34.558],[146.4194,-34.5573],[146.4191,-34.5588],[146.4175,-34.5585],[146.4166,-34.5637],[146.4182,-34.5639],[146.4168,-34.572],[146.4135,-34.5717]],[[150.5544,-35.0994],[150.5562,-35.0907],[150.5541,-35.0904],[150.5545,-35.0882],[150.5497,-35.0879],[150.5437,-35.0828],[150.5509,-35.0785],[150.5581,-35.0763],[150.561,-35.0767],[150.5602,-35.0814],[150.5721,-35.083],[150.5724,-35.0815],[150.5778,-35.0822],[150.5777,-35.0842],[150.5887,-35.0857],[150.59,-35.0791],[150.5917,-35.0798],[150.5921,-35.0784],[150.5994,-35.0827],[150.5985,-35.0904],[150.5991,-35.0905],[150.5983,-35.0918],[150.6014,-35.0922],[150.6015,-35.0914],[150.6106,-35.091],[150.611,-35.0895],[150.6125,-35.0885],[150.6205,-35.0924],[150.6287,-35.0934],[150.6287,-35.0956],[150.6317,-35.0939],[150.6381,-35.0946],[150.6392,-35.096],[150.6401,-35.1003],[150.6431,-35.1019],[150.6404,-35.1037],[150.6402,-35.1077],[150.639,-35.1105],[150.6401,-35.1145],[150.6386,-35.1165],[150.6374,-35.1169],[150.6332,-35.1152],[150.6256,-35.1158],[150.6234,-35.1171],[150.6194,-35.116],[150.6136,-35.1161],[150.6138,-35.115],[150.6157,-35.1135],[150.6192,-35.1132],[150.6206,-35.1123],[150.6214,-35.1089],[150.6201,-35.1057],[150.616,-35.104],[150.6112,-35.1042],[150.6122,-35.1033],[150.6126,-35.1015],[150.61,-35.0995],[150.6084,-35.1],[150.6053,-35.0989],[150.5988,-35.0994],[150.5953,-35.1015],[150.5943,-35.0989],[150.5951,-35.0964],[150.5943,-35.0951],[150.5951,-35.0924],[150.5923,-35.0906],[150.5884,-35.0901],[150.5864,-35.0886],[150.5836,-35.0894],[150.5849,-35.0893],[150.5862,-35.0939],[150.583,-35.0921],[150.5809,-35.0899],[150.5781,-35.0886],[150.5769,-35.0888],[150.5767,-35.0912],[150.58,-35.0982],[150.5792,-35.0993],[150.5756,-35.0984],[150.5728,-35.0965],[150.5631,-35.0938],[150.559,-35.095],[150.5544,-35.0994]],[[150.3914,-34.5362],[150.3924,-34.5363],[150.3918,-34.5378],[150.3938,-34.5389],[150.395,-34.5446],[150.3948,-34.5453],[150.3924,-34.5453],[150.3918,-34.547],[150.4053,-34.5468],[150.4201,-34.5493],[150.4191,-34.5533],[150.4151,-34.5562],[150.4145,-34.5574],[150.4126,-34.5571],[150.411,-34.5653],[150.4052,-34.5643],[150.3963,-34.5594],[150.3934,-34.5559],[150.3933,-34.5545],[150.3909,-34.5527],[150.3891,-34.562],[150.3787,-34.5606],[150.3777,-34.5644],[150.3747,-34.5646],[150.3736,-34.5609],[150.3654,-34.563],[150.364,-34.5602],[150.3602,-34.5643],[150.3576,-34.565],[150.3558,-34.56],[150.3562,-34.5591],[150.3549,-34.5595],[150.3545,-34.5584],[150.3562,-34.5577],[150.3562,-34.5553],[150.361,-34.5435],[150.3591,-34.542],[150.3597,-34.5413],[150.3521,-34.5388],[150.3534,-34.5325],[150.3545,-34.5321],[150.3561,-34.5337],[150.3575,-34.5329],[150.3583,-34.5337],[150.3669,-34.5341],[150.3769,-34.5371],[150.3802,-34.5305],[150.3825,-34.5316],[150.3831,-34.5302],[150.3847,-34.5306],[150.3843,-34.5318],[150.3864,-34.5323],[150.3869,-34.5345],[150.386,-34.5351],[150.3867,-34.5371],[150.3914,-34.5362]],[[151.8603,-32.7404],[151.844,-32.7379],[151.8443,-32.7365],[151.8429,-32.7344],[151.8437,-32.7304],[151.8458,-32.7307],[151.8472,-32.7237],[151.8498,-32.7241],[151.8507,-32.7198],[151.8591,-32.7186],[151.8647,-32.7203],[151.8664,-32.7118],[151.8795,-32.7137],[151.8773,-32.724],[151.8801,-32.7249],[151.8782,-32.7346],[151.886,-32.7357],[151.8849,-32.7406],[151.8902,-32.742],[151.8902,-32.7449],[151.8894,-32.7448],[151.8899,-32.7483],[151.8887,-32.7493],[151.885,-32.7492],[151.8841,-32.7536],[151.8846,-32.7543],[151.8881,-32.755],[151.8885,-32.7591],[151.8933,-32.7603],[151.8878,-32.7629],[151.8871,-32.7643],[151.8792,-32.7694],[151.873,-32.7685],[151.8702,-32.7699],[151.8638,-32.7708],[151.8612,-32.7704],[151.8644,-32.7651],[151.8693,-32.749],[151.8676,-32.7415],[151.8603,-32.7404]],[[153.2447,-29.4934],[153.248,-29.4939],[153.2459,-29.5058],[153.2286,-29.5031],[153.228,-29.5063],[153.2187,-29.505],[153.2189,-29.5036],[153.214,-29.5029],[153.2119,-29.5039],[153.2073,-29.5033],[153.2093,-29.4935],[153.2145,-29.4943],[153.2152,-29.4906],[153.2204,-29.4914],[153.2227,-29.4796],[153.2234,-29.4795],[153.2241,-29.4758],[153.2238,-29.4738],[153.2039,-29.4707],[153.2043,-29.4716],[153.2035,-29.4722],[153.1995,-29.468],[153.1967,-29.4649],[153.1974,-29.4644],[153.1959,-29.4621],[153.1956,-29.4602],[153.1963,-29.4552],[153.2,-29.4503],[153.2074,-29.4441],[153.2096,-29.4431],[153.2106,-29.4454],[153.2128,-29.4442],[153.2158,-29.4484],[153.2145,-29.4483],[153.2119,-29.4584],[153.2098,-29.4624],[153.2125,-29.4629],[153.2169,-29.4588],[153.219,-29.456],[153.2206,-29.4517],[153.2213,-29.4576],[153.2247,-29.4588],[153.2243,-29.4609],[153.2265,-29.4612],[153.2268,-29.4598],[153.2292,-29.4601],[153.2287,-29.463],[153.2347,-29.4639],[153.2339,-29.4679],[153.2305,-29.4674],[153.2292,-29.4746],[153.2421,-29.4764],[153.2419,-29.4777],[153.2461,-29.4781],[153.2447,-29.4854],[153.2463,-29.4857],[153.2447,-29.4934]],[[150.5906,-34.2296],[150.5894,-34.2287],[150.5879,-34.2292],[150.5882,-34.2281],[150.5873,-34.2277],[150.5879,-34.2268],[150.5871,-34.2267],[150.5804,-34.2325],[150.5762,-34.2318],[150.5775,-34.2254],[150.5748,-34.2236],[150.5727,-34.2208],[150.5622,-34.2195],[150.5589,-34.2358],[150.5666,-34.2369],[150.56,-34.246],[150.5436,-34.2439],[150.547,-34.2398],[150.5462,-34.2397],[150.5476,-34.2338],[150.5485,-34.2328],[150.5474,-34.2323],[150.5489,-34.2323],[150.5501,-34.2311],[150.5481,-34.2309],[150.5493,-34.2293],[150.5479,-34.2266],[150.551,-34.2251],[150.5481,-34.2239],[150.5493,-34.2211],[150.5484,-34.2209],[150.55,-34.2178],[150.5538,-34.2191],[150.547,-34.2102],[150.5477,-34.2066],[150.5508,-34.2069],[150.5514,-34.2036],[150.5503,-34.2032],[150.5508,-34.2003],[150.5616,-34.2014],[150.564,-34.2032],[150.564,-34.2023],[150.566,-34.2016],[150.5688,-34.1971],[150.5778,-34.1893],[150.5784,-34.1908],[150.5768,-34.1923],[150.5823,-34.1935],[150.5809,-34.2012],[150.5794,-34.2008],[150.5827,-34.2087],[150.5801,-34.2094],[150.5798,-34.2122],[150.5756,-34.2112],[150.5725,-34.2144],[150.5764,-34.2166],[150.5798,-34.2166],[150.5823,-34.2156],[150.5838,-34.2162],[150.5872,-34.2146],[150.593,-34.217],[150.5971,-34.2122],[150.609,-34.2116],[150.6102,-34.2114],[150.6117,-34.2098],[150.6176,-34.2098],[150.6223,-34.2122],[150.62,-34.217],[150.6165,-34.2155],[150.6113,-34.2183],[150.608,-34.217],[150.6043,-34.2177],[150.6023,-34.2187],[150.6021,-34.2199],[150.5966,-34.221],[150.5972,-34.2221],[150.5959,-34.2229],[150.596,-34.2241],[150.5971,-34.2259],[150.5943,-34.2267],[150.591,-34.2288],[150.5918,-34.2308],[150.5912,-34.231],[150.5906,-34.2296]],[[147.2279,-33.9073],[147.2307,-33.9075],[147.227,-33.9185],[147.2278,-33.9188],[147.2394,-33.9084],[147.2411,-33.9052],[147.2425,-33.9075],[147.2433,-33.9067],[147.2599,-33.9084],[147.2523,-33.9152],[147.2544,-33.9196],[147.2574,-33.92],[147.2571,-33.9224],[147.2581,-33.9225],[147.2579,-33.9244],[147.2513,-33.9265],[147.2578,-33.9365],[147.252,-33.9349],[147.2326,-33.933],[147.2167,-33.9347],[147.2091,-33.9343],[147.2073,-33.9336],[147.2015,-33.9283],[147.1985,-33.9281],[147.1982,-33.9272],[147.1972,-33.9278],[147.196,-33.9267],[147.198,-33.9249],[147.1966,-33.9217],[147.1848,-33.9203],[147.1869,-33.9076],[147.1945,-33.9085],[147.1951,-33.9042],[147.2058,-33.9064],[147.2041,-33.9089],[147.2095,-33.9094],[147.2103,-33.9115],[147.2139,-33.9095],[147.2154,-33.9115],[147.2273,-33.9125],[147.2279,-33.9073]],[[150.3335,-33.6091],[150.3314,-33.6123],[150.3301,-33.6121],[150.3297,-33.6141],[150.3318,-33.6144],[150.3303,-33.6172],[150.3286,-33.6184],[150.3287,-33.6204],[150.3279,-33.6211],[150.3264,-33.6187],[150.325,-33.6197],[150.3235,-33.6182],[150.3226,-33.6198],[150.3174,-33.6186],[150.317,-33.6209],[150.31,-33.62],[150.3056,-33.6233],[150.3044,-33.6231],[150.3018,-33.6271],[150.3029,-33.6284],[150.3046,-33.6273],[150.3053,-33.6281],[150.3037,-33.629],[150.3095,-33.6359],[150.3009,-33.6412],[150.2936,-33.6421],[150.2937,-33.6444],[150.2987,-33.6442],[150.2988,-33.6456],[150.32,-33.6487],[150.318,-33.6525],[150.3191,-33.6579],[150.3173,-33.6583],[150.3167,-33.6595],[150.3155,-33.6573],[150.3143,-33.657],[150.3158,-33.6521],[150.3138,-33.6508],[150.31,-33.6555],[150.3089,-33.6554],[150.3067,-33.6579],[150.3062,-33.6568],[150.3041,-33.6594],[150.3034,-33.6588],[150.3039,-33.6579],[150.3047,-33.6582],[150.306,-33.6555],[150.3074,-33.6554],[150.3094,-33.6529],[150.3094,-33.6516],[150.3039,-33.6515],[150.3019,-33.6504],[150.2991,-33.6515],[150.2959,-33.6517],[150.2949,-33.6514],[150.2949,-33.6501],[150.285,-33.6505],[150.2823,-33.6424],[150.2828,-33.6407],[150.2802,-33.6404],[150.2804,-33.6394],[150.2792,-33.6392],[150.2801,-33.635],[150.2766,-33.6344],[150.2768,-33.6331],[150.2749,-33.6328],[150.2757,-33.6288],[150.2748,-33.6287],[150.276,-33.6227],[150.2771,-33.6227],[150.2747,-33.6208],[150.2727,-33.6175],[150.2686,-33.6146],[150.2685,-33.6122],[150.2672,-33.6098],[150.2675,-33.6061],[150.2645,-33.6019],[150.2664,-33.6001],[150.2667,-33.6011],[150.2694,-33.603],[150.2706,-33.6021],[150.2803,-33.6039],[150.2795,-33.6078],[150.2776,-33.6096],[150.288,-33.6112],[150.2891,-33.6091],[150.2978,-33.6103],[150.2966,-33.6161],[150.2987,-33.6164],[150.3,-33.6164],[150.3006,-33.6145],[150.3031,-33.6151],[150.3053,-33.61],[150.3067,-33.61],[150.3073,-33.6113],[150.3084,-33.6095],[150.3105,-33.6093],[150.3117,-33.6102],[150.3133,-33.6091],[150.3141,-33.6102],[150.3167,-33.6068],[150.3265,-33.6081],[150.3258,-33.6091],[150.3305,-33.6098],[150.3307,-33.6089],[150.3335,-33.6091]],[[147.5727,-34.4688],[147.5673,-34.4682],[147.5598,-34.47],[147.5541,-34.4626],[147.5493,-34.4638],[147.5461,-34.4634],[147.5446,-34.471],[147.5426,-34.471],[147.5412,-34.4783],[147.5317,-34.4773],[147.5353,-34.468],[147.5389,-34.4624],[147.5353,-34.4619],[147.537,-34.4583],[147.5333,-34.4575],[147.5336,-34.4567],[147.5311,-34.4562],[147.5301,-34.4584],[147.5292,-34.4587],[147.5284,-34.4569],[147.5272,-34.4567],[147.527,-34.4533],[147.5221,-34.4543],[147.5168,-34.4536],[147.5181,-34.4469],[147.5063,-34.4455],[147.5091,-34.431],[147.4915,-34.4287],[147.4938,-34.4141],[147.5052,-34.4155],[147.5055,-34.4141],[147.5067,-34.4144],[147.5095,-34.4112],[147.512,-34.4101],[147.5139,-34.4142],[147.5189,-34.4184],[147.5244,-34.4274],[147.5256,-34.4309],[147.5256,-34.435],[147.527,-34.4345],[147.5288,-34.4368],[147.5312,-34.4371],[147.5313,-34.4328],[147.5405,-34.4341],[147.5402,-34.4365],[147.5437,-34.4369],[147.5432,-34.4404],[147.547,-34.4408],[147.5466,-34.443],[147.5458,-34.4433],[147.5471,-34.4463],[147.554,-34.4454],[147.5545,-34.4485],[147.5504,-34.4482],[147.5501,-34.4497],[147.5478,-34.4494],[147.547,-34.454],[147.5447,-34.4537],[147.5445,-34.4564],[147.5488,-34.4564],[147.552,-34.4574],[147.5595,-34.4641],[147.5636,-34.4662],[147.5682,-34.4667],[147.5735,-34.4654],[147.5727,-34.4688]],[[151.1669,-32.5261],[151.1751,-32.5271],[151.1752,-32.5325],[151.1804,-32.5332],[151.1811,-32.534],[151.1799,-32.5374],[151.1802,-32.5389],[151.1813,-32.5389],[151.1816,-32.5401],[151.186,-32.5396],[151.1842,-32.5482],[151.1808,-32.5472],[151.1787,-32.5474],[151.1749,-32.5553],[151.1797,-32.5561],[151.1824,-32.5548],[151.1814,-32.5598],[151.1821,-32.5585],[151.187,-32.5597],[151.1869,-32.5605],[151.1856,-32.5606],[151.1849,-32.5645],[151.1889,-32.5649],[151.1887,-32.5665],[151.192,-32.567],[151.189,-32.5695],[151.1902,-32.5702],[151.19,-32.5725],[151.1857,-32.572],[151.1856,-32.5728],[151.1876,-32.5745],[151.1874,-32.5753],[151.1832,-32.5743],[151.185,-32.5769],[151.1784,-32.576],[151.1785,-32.575],[151.1777,-32.5749],[151.1719,-32.5772],[151.1703,-32.5759],[151.1701,-32.5771],[151.1616,-32.5761],[151.1628,-32.5742],[151.1635,-32.5707],[151.1579,-32.5664],[151.1594,-32.5666],[151.1585,-32.5644],[151.1579,-32.5579],[151.1535,-32.5584],[151.1492,-32.5611],[151.1461,-32.5607],[151.1449,-32.5663],[151.1394,-32.5655],[151.1359,-32.5582],[151.1326,-32.5544],[151.1332,-32.5501],[151.1354,-32.5501],[151.136,-32.5493],[151.1399,-32.5359],[151.1556,-32.538],[151.1549,-32.5351],[151.1595,-32.5332],[151.161,-32.5337],[151.1631,-32.5331],[151.1643,-32.5341],[151.1662,-32.5336],[151.1689,-32.5317],[151.1669,-32.5261]],[[149.7908,-30.3101],[149.7895,-30.3207],[149.791,-30.3188],[149.7929,-30.3179],[149.7936,-30.319],[149.7965,-30.3178],[149.8011,-30.326],[149.7975,-30.3276],[149.8013,-30.335],[149.7936,-30.3383],[149.8003,-30.3416],[149.7999,-30.3439],[149.7987,-30.3444],[149.7982,-30.3434],[149.7943,-30.345],[149.7884,-30.3349],[149.7867,-30.3356],[149.7889,-30.3378],[149.7894,-30.3467],[149.7858,-30.3496],[149.7814,-30.3474],[149.7812,-30.3416],[149.78,-30.3416],[149.7767,-30.3447],[149.7736,-30.345],[149.7722,-30.3483],[149.7701,-30.3501],[149.7689,-30.3551],[149.77,-30.3569],[149.7763,-30.3605],[149.775,-30.3662],[149.7723,-30.3658],[149.7691,-30.3628],[149.7648,-30.3517],[149.7629,-30.3523],[149.7613,-30.3498],[149.7587,-30.3507],[149.7527,-30.3485],[149.7573,-30.3466],[149.7449,-30.3405],[149.745,-30.3398],[149.7439,-30.3396],[149.7432,-30.3434],[149.7406,-30.3421],[149.7418,-30.3356],[149.7348,-30.3331],[149.7389,-30.3297],[149.7478,-30.334],[149.7491,-30.3321],[149.7512,-30.3332],[149.7519,-30.3319],[149.7538,-30.3322],[149.7558,-30.3312],[149.7604,-30.3319],[149.7601,-30.3332],[149.7665,-30.3341],[149.7667,-30.333],[149.7677,-30.3331],[149.768,-30.3317],[149.7693,-30.3318],[149.7694,-30.331],[149.7723,-30.3319],[149.7711,-30.329],[149.7688,-30.3263],[149.7652,-30.3245],[149.7643,-30.323],[149.7658,-30.3179],[149.7627,-30.3175],[149.7652,-30.3026],[149.7827,-30.306],[149.7922,-30.3003],[149.7946,-30.2981],[149.7918,-30.305],[149.7908,-30.3101]],[[148.1334,-33.1329],[148.1401,-33.1352],[148.1523,-33.1377],[148.1534,-33.1329],[148.1546,-33.1334],[148.1582,-33.1301],[148.1548,-33.128],[148.1568,-33.1256],[148.1548,-33.1232],[148.1559,-33.1202],[148.1598,-33.1206],[148.1595,-33.1223],[148.1673,-33.1233],[148.168,-33.1198],[148.1716,-33.1207],[148.1717,-33.1186],[148.1739,-33.12],[148.1745,-33.117],[148.1766,-33.1167],[148.1787,-33.1176],[148.1776,-33.1197],[148.1783,-33.1212],[148.1804,-33.1213],[148.1802,-33.1224],[148.1867,-33.1233],[148.1852,-33.1235],[148.1861,-33.1246],[148.1855,-33.1278],[148.1922,-33.1287],[148.1925,-33.1272],[148.194,-33.1274],[148.1933,-33.1301],[148.195,-33.132],[148.1911,-33.1341],[148.1909,-33.1352],[148.196,-33.1358],[148.1953,-33.1395],[148.2035,-33.1384],[148.2049,-33.1411],[148.2043,-33.1425],[148.2102,-33.1426],[148.206,-33.1648],[148.1971,-33.154],[148.1916,-33.149],[148.1887,-33.1504],[148.184,-33.1627],[148.1803,-33.1688],[148.1797,-33.1687],[148.1785,-33.1513],[148.169,-33.15],[148.1682,-33.1516],[148.173,-33.1528],[148.1731,-33.1549],[148.1669,-33.154],[148.1647,-33.1581],[148.1581,-33.1563],[148.1595,-33.1524],[148.158,-33.151],[148.1594,-33.1487],[148.159,-33.1484],[148.1552,-33.1526],[148.1532,-33.1592],[148.1502,-33.1588],[148.15,-33.1479],[148.1543,-33.1469],[148.1564,-33.1447],[148.153,-33.1419],[148.1428,-33.1396],[148.1331,-33.1352],[148.1334,-33.1329]],[[149.8524,-29.5082],[149.8525,-29.5047],[149.8459,-29.5038],[149.8441,-29.5088],[149.8406,-29.5077],[149.8423,-29.5033],[149.8323,-29.5019],[149.8327,-29.4992],[149.8348,-29.4994],[149.8363,-29.4894],[149.8228,-29.4876],[149.8228,-29.4726],[149.8177,-29.4717],[149.8167,-29.4655],[149.8152,-29.4647],[149.8131,-29.461],[149.8104,-29.4611],[149.8085,-29.4621],[149.8077,-29.4607],[149.8088,-29.4601],[149.8098,-29.4543],[149.8143,-29.4549],[149.8129,-29.4571],[149.8171,-29.4577],[149.8179,-29.4592],[149.8231,-29.4605],[149.8275,-29.4605],[149.8274,-29.4568],[149.8304,-29.4568],[149.8305,-29.4548],[149.8334,-29.4548],[149.8348,-29.4501],[149.8395,-29.4496],[149.8387,-29.451],[149.846,-29.4509],[149.8461,-29.4545],[149.8527,-29.4511],[149.8524,-29.4618],[149.8511,-29.4672],[149.8525,-29.4709],[149.8524,-29.4738],[149.8627,-29.4756],[149.8628,-29.4773],[149.8669,-29.4782],[149.8663,-29.4817],[149.8643,-29.4813],[149.8612,-29.4961],[149.8597,-29.4959],[149.8585,-29.509],[149.8524,-29.5082]],[[151.128,-29.8052],[151.102,-29.8019],[151.1022,-29.8012],[151.0982,-29.8007],[151.0984,-29.7993],[151.0897,-29.7983],[151.0899,-29.7976],[151.0875,-29.7966],[151.0908,-29.7766],[151.0883,-29.775],[151.0883,-29.7741],[151.086,-29.7738],[151.0869,-29.7684],[151.0928,-29.7693],[151.0942,-29.7645],[151.1038,-29.7649],[151.1118,-29.7619],[151.1221,-29.7643],[151.1251,-29.7611],[151.1246,-29.7581],[151.1251,-29.7574],[151.1298,-29.7579],[151.1331,-29.7566],[151.1363,-29.752],[151.1436,-29.753],[151.1428,-29.7579],[151.1387,-29.7574],[151.1375,-29.7642],[151.1322,-29.7635],[151.1311,-29.7693],[151.1324,-29.7695],[151.1314,-29.7748],[151.1336,-29.7751],[151.1331,-29.7777],[151.1396,-29.7787],[151.1371,-29.7922],[151.129,-29.7933],[151.1304,-29.7974],[151.1289,-29.8006],[151.1321,-29.802],[151.1302,-29.8048],[151.128,-29.8052]],[[151.8967,-32.8091],[151.8976,-32.8049],[151.895,-32.8045],[151.8963,-32.7983],[151.8936,-32.7999],[151.8885,-32.7992],[151.8919,-32.7793],[151.8986,-32.7805],[151.8998,-32.7749],[151.9028,-32.7754],[151.9022,-32.7788],[151.9119,-32.7737],[151.9196,-32.7678],[151.9193,-32.7701],[151.9346,-32.7723],[151.9349,-32.7706],[151.9393,-32.7712],[151.9399,-32.7676],[151.9432,-32.7665],[151.949,-32.7673],[151.9503,-32.7603],[151.9592,-32.7615],[151.9602,-32.7564],[151.9652,-32.7571],[151.9656,-32.7553],[151.9696,-32.7559],[151.9671,-32.7668],[151.9584,-32.7699],[151.9573,-32.7705],[151.9573,-32.7718],[151.9555,-32.7727],[151.9518,-32.7726],[151.9512,-32.7741],[151.9486,-32.7737],[151.9481,-32.7728],[151.9484,-32.7738],[151.951,-32.7744],[151.9518,-32.7729],[151.953,-32.7732],[151.9537,-32.7749],[151.9532,-32.776],[151.9495,-32.7761],[151.9446,-32.7777],[151.944,-32.7766],[151.9432,-32.7781],[151.94,-32.7767],[151.9416,-32.7772],[151.9421,-32.7784],[151.9377,-32.7802],[151.9305,-32.7797],[151.9294,-32.779],[151.927,-32.7794],[151.9252,-32.7807],[151.9231,-32.781],[151.9214,-32.783],[151.9229,-32.7836],[151.9238,-32.7822],[151.9272,-32.7825],[151.9295,-32.7797],[151.9301,-32.7805],[151.9359,-32.7813],[151.9355,-32.7819],[151.9371,-32.7819],[151.9381,-32.7828],[151.938,-32.7814],[151.946,-32.7791],[151.9463,-32.7809],[151.9473,-32.7808],[151.9463,-32.7812],[151.9473,-32.7879],[151.9555,-32.7889],[151.955,-32.792],[151.9474,-32.791],[151.9455,-32.7895],[151.9441,-32.7898],[151.9432,-32.7902],[151.9425,-32.794],[151.9385,-32.7934],[151.9373,-32.7996],[151.9201,-32.7971],[151.9183,-32.8054],[151.9053,-32.8035],[151.9041,-32.8102],[151.8967,-32.8091]],[[149.1414,-36.2405],[149.1397,-36.2416],[149.1403,-36.2447],[149.1418,-36.2453],[149.1388,-36.2596],[149.1275,-36.2583],[149.1283,-36.2569],[149.1264,-36.2542],[149.1139,-36.2525],[149.1128,-36.253],[149.1015,-36.2507],[149.1041,-36.238],[149.1024,-36.236],[149.1097,-36.2375],[149.1117,-36.2347],[149.1115,-36.2326],[149.109,-36.231],[149.1135,-36.2291],[149.1172,-36.2315],[149.1165,-36.2309],[149.1173,-36.2305],[149.1192,-36.2181],[149.1214,-36.2185],[149.1217,-36.22],[149.1228,-36.2192],[149.1265,-36.2201],[149.1273,-36.2155],[149.1262,-36.2114],[149.1266,-36.2097],[149.1277,-36.2101],[149.1279,-36.2095],[149.1255,-36.2074],[149.1291,-36.2069],[149.1372,-36.2081],[149.138,-36.2116],[149.137,-36.2114],[149.1356,-36.213],[149.1369,-36.2131],[149.137,-36.2141],[149.1357,-36.2172],[149.1343,-36.2171],[149.1349,-36.2185],[149.1399,-36.2175],[149.1536,-36.2123],[149.1564,-36.2093],[149.1578,-36.2055],[149.1603,-36.2058],[149.1582,-36.2118],[149.1536,-36.2166],[149.1573,-36.2149],[149.1644,-36.216],[149.1626,-36.2253],[149.1614,-36.2253],[149.1584,-36.2399],[149.147,-36.2393],[149.1456,-36.2395],[149.1459,-36.2406],[149.1446,-36.2408],[149.1443,-36.2397],[149.1414,-36.2405]],[[151.3251,-32.8137],[151.3264,-32.8079],[151.334,-32.8089],[151.3345,-32.8056],[151.3326,-32.8049],[151.3353,-32.8012],[151.3348,-32.8001],[151.3382,-32.7977],[151.3383,-32.797],[151.3396,-32.797],[151.3391,-32.7952],[151.3426,-32.792],[151.3437,-32.7868],[151.3477,-32.7874],[151.3499,-32.7987],[151.3489,-32.8055],[151.3518,-32.806],[151.3518,-32.808],[151.3572,-32.8088],[151.3566,-32.8123],[151.3579,-32.8145],[151.3571,-32.8224],[151.3669,-32.8228],[151.3675,-32.8199],[151.3789,-32.8215],[151.3722,-32.8249],[151.3755,-32.8254],[151.3758,-32.8265],[151.3768,-32.8257],[151.3762,-32.8275],[151.3786,-32.8286],[151.3715,-32.8286],[151.3714,-32.8299],[151.3675,-32.8305],[151.3673,-32.8319],[151.3642,-32.8315],[151.3634,-32.836],[151.3729,-32.8373],[151.3813,-32.8406],[151.3833,-32.8417],[151.3816,-32.845],[151.3872,-32.8459],[151.3868,-32.8481],[151.388,-32.8489],[151.3951,-32.8472],[151.3975,-32.8489],[151.3927,-32.8538],[151.395,-32.8555],[151.3966,-32.8539],[151.3977,-32.8547],[151.3992,-32.8531],[151.4013,-32.8546],[151.3995,-32.8588],[151.3948,-32.8636],[151.3902,-32.8603],[151.3934,-32.8571],[151.3911,-32.8554],[151.389,-32.8575],[151.3818,-32.8526],[151.3812,-32.851],[151.3816,-32.8474],[151.3772,-32.8471],[151.371,-32.8447],[151.3621,-32.8427],[151.3609,-32.848],[151.3582,-32.8476],[151.3602,-32.848],[151.3601,-32.8487],[151.3562,-32.8501],[151.3535,-32.8502],[151.3549,-32.8424],[151.3509,-32.8379],[151.3504,-32.8384],[151.3495,-32.8378],[151.3432,-32.8457],[151.3366,-32.8448],[151.3335,-32.8486],[151.3232,-32.8581],[151.3223,-32.8579],[151.3207,-32.8594],[151.3141,-32.8675],[151.3152,-32.8623],[151.312,-32.8619],[151.312,-32.8611],[151.3051,-32.8618],[151.2993,-32.8633],[151.2975,-32.8631],[151.298,-32.8611],[151.3005,-32.8615],[151.3022,-32.854],[151.313,-32.8563],[151.3143,-32.8533],[151.3178,-32.8541],[151.3204,-32.8516],[151.3225,-32.8531],[151.3247,-32.85],[151.3261,-32.8507],[151.3297,-32.8469],[151.3286,-32.8462],[151.3295,-32.8451],[151.3312,-32.8458],[151.3334,-32.8442],[151.3323,-32.8413],[151.3328,-32.8416],[151.3343,-32.8372],[151.3354,-32.8366],[151.335,-32.8358],[151.3363,-32.8363],[151.3397,-32.8342],[151.3403,-32.8307],[151.3388,-32.8311],[151.3385,-32.8328],[151.3368,-32.8325],[151.3373,-32.8303],[151.3359,-32.83],[151.3351,-32.8341],[151.3307,-32.8339],[151.331,-32.8309],[151.3273,-32.8317],[151.3218,-32.831],[151.3251,-32.8137]],[[147.5977,-34.8523],[147.5936,-34.8519],[147.5913,-34.8524],[147.5877,-34.8545],[147.5868,-34.8567],[147.5904,-34.8567],[147.5903,-34.8573],[147.5922,-34.8576],[147.5906,-34.8643],[147.5915,-34.8644],[147.5907,-34.868],[147.5935,-34.8684],[147.5931,-34.8705],[147.5977,-34.8708],[147.5981,-34.8687],[147.6047,-34.8695],[147.6041,-34.8717],[147.6001,-34.8739],[147.595,-34.8729],[147.593,-34.8738],[147.5934,-34.8743],[147.5924,-34.8749],[147.5937,-34.8762],[147.5932,-34.8788],[147.5872,-34.8781],[147.5866,-34.8796],[147.5818,-34.879],[147.5803,-34.8855],[147.5751,-34.8928],[147.5672,-34.8918],[147.5681,-34.8866],[147.5558,-34.8851],[147.5582,-34.8721],[147.5431,-34.8702],[147.5441,-34.8647],[147.5483,-34.8618],[147.5541,-34.8306],[147.5549,-34.8304],[147.5589,-34.8359],[147.5899,-34.84],[147.5895,-34.8418],[147.5995,-34.843],[147.5977,-34.8523]],[[148.0256,-33.3549],[148.0272,-33.3555],[148.0245,-33.3605],[148.0317,-33.3616],[148.031,-33.3655],[148.0248,-33.3731],[148.0236,-33.3736],[148.0257,-33.3748],[148.0279,-33.3789],[148.021,-33.3811],[148.0233,-33.3896],[148.0285,-33.3888],[148.0281,-33.3952],[148.0258,-33.3952],[148.0212,-33.3968],[148.0216,-33.3976],[148.0172,-33.4008],[148.0197,-33.4008],[148.0195,-33.4025],[148.0217,-33.4048],[148.0227,-33.4083],[148.0221,-33.4092],[148.0183,-33.408],[148.0179,-33.4097],[148.0221,-33.4164],[148.0258,-33.4202],[148.0197,-33.423],[148.0184,-33.4194],[148.0182,-33.4134],[148.0167,-33.4129],[148.0136,-33.4131],[148.0098,-33.4153],[148.0071,-33.4136],[148.0028,-33.4133],[148.0037,-33.4151],[148.0013,-33.4169],[147.9996,-33.4156],[147.9924,-33.415],[147.9907,-33.4107],[147.9923,-33.4071],[147.9895,-33.4015],[147.9911,-33.3994],[147.991,-33.3973],[147.9836,-33.3921],[147.9811,-33.3934],[147.9754,-33.3916],[147.9746,-33.3926],[147.975,-33.3936],[147.9735,-33.3943],[147.9714,-33.3915],[147.9682,-33.3921],[147.9689,-33.3894],[147.9733,-33.3897],[147.9735,-33.389],[147.9764,-33.3883],[147.9764,-33.3848],[147.979,-33.3808],[147.985,-33.3822],[147.986,-33.3776],[147.9901,-33.3782],[147.9905,-33.3767],[147.9916,-33.3768],[147.9948,-33.3612],[147.9992,-33.3617],[148.0001,-33.3574],[148.0066,-33.3583],[148.0081,-33.3509],[148.0174,-33.3523],[148.0172,-33.3535],[148.0184,-33.3537],[148.0192,-33.3516],[148.0259,-33.3537],[148.0256,-33.3549]],[[148.6728,-33.8623],[148.6701,-33.8665],[148.6704,-33.8692],[148.6725,-33.8711],[148.6713,-33.8714],[148.6558,-33.8692],[148.6589,-33.8644],[148.641,-33.8616],[148.6435,-33.8499],[148.6399,-33.8493],[148.6427,-33.8365],[148.6572,-33.8355],[148.6607,-33.8185],[148.665,-33.818],[148.6671,-33.82],[148.6699,-33.8062],[148.6716,-33.8065],[148.6708,-33.8096],[148.6717,-33.8143],[148.6756,-33.8148],[148.6753,-33.8164],[148.6764,-33.8169],[148.6803,-33.8174],[148.6807,-33.8156],[148.6858,-33.8163],[148.6886,-33.8015],[148.6975,-33.8027],[148.695,-33.8089],[148.6945,-33.8134],[148.6981,-33.8139],[148.6976,-33.8182],[148.6997,-33.8188],[148.6988,-33.8199],[148.6994,-33.8209],[148.6971,-33.8237],[148.6973,-33.8251],[148.7123,-33.8274],[148.7064,-33.8288],[148.7072,-33.8303],[148.7091,-33.8309],[148.7087,-33.8319],[148.7044,-33.8324],[148.6998,-33.8358],[148.6986,-33.8359],[148.6974,-33.8408],[148.6963,-33.8407],[148.6946,-33.8485],[148.6933,-33.8507],[148.691,-33.8521],[148.6877,-33.8526],[148.6811,-33.8498],[148.6772,-33.8538],[148.675,-33.8603],[148.6728,-33.8623]],[[150.1948,-33.4636],[150.1922,-33.4673],[150.1893,-33.467],[150.1878,-33.4676],[150.1875,-33.4689],[150.1841,-33.4686],[150.1816,-33.4699],[150.1805,-33.4752],[150.179,-33.475],[150.1781,-33.4798],[150.1872,-33.4811],[150.1875,-33.4791],[150.1893,-33.4819],[150.189,-33.4854],[150.1904,-33.4873],[150.1886,-33.497],[150.1895,-33.4972],[150.189,-33.4999],[150.185,-33.4994],[150.1848,-33.5007],[150.1791,-33.4999],[150.1797,-33.4965],[150.1791,-33.496],[150.1756,-33.4955],[150.1754,-33.4969],[150.1726,-33.4965],[150.1723,-33.4971],[150.1724,-33.4965],[150.1594,-33.4948],[150.1578,-33.5032],[150.1413,-33.5009],[150.1406,-33.5046],[150.1363,-33.504],[150.1365,-33.5023],[150.1324,-33.4995],[150.1302,-33.5017],[150.1318,-33.5028],[150.1315,-33.5045],[150.1291,-33.5049],[150.1288,-33.5063],[150.1261,-33.5061],[150.1254,-33.5073],[150.1246,-33.5071],[150.1246,-33.5063],[150.1172,-33.5039],[150.1173,-33.5031],[150.1146,-33.5027],[150.1164,-33.4952],[150.1179,-33.4954],[150.119,-33.4903],[150.13,-33.4917],[150.1314,-33.4856],[150.1327,-33.4842],[150.1316,-33.4836],[150.1306,-33.4844],[150.129,-33.4827],[150.1302,-33.4809],[150.1299,-33.4804],[150.1326,-33.4791],[150.1319,-33.478],[150.1325,-33.4777],[150.1324,-33.4758],[150.1309,-33.4754],[150.1304,-33.474],[150.1278,-33.473],[150.1306,-33.4713],[150.133,-33.4725],[150.1348,-33.4749],[150.1367,-33.4739],[150.1366,-33.4708],[150.1379,-33.4703],[150.1394,-33.4707],[150.1402,-33.4762],[150.1407,-33.4737],[150.1505,-33.475],[150.1539,-33.4588],[150.1616,-33.4599],[150.1607,-33.4638],[150.1634,-33.4642],[150.164,-33.4613],[150.1657,-33.4616],[150.1664,-33.458],[150.1701,-33.4585],[150.173,-33.4436],[150.181,-33.4447],[150.1804,-33.448],[150.1856,-33.4487],[150.1851,-33.4515],[150.18,-33.4508],[150.1792,-33.455],[150.185,-33.4558],[150.1848,-33.457],[150.1922,-33.458],[150.1912,-33.4631],[150.1948,-33.4636]],[[141.4787,-31.9347],[141.4815,-31.9345],[141.482,-31.9371],[141.4828,-31.9367],[141.4816,-31.9392],[141.4839,-31.9386],[141.484,-31.941],[141.4864,-31.9409],[141.4863,-31.9389],[141.4881,-31.9389],[141.4884,-31.9445],[141.478,-31.9508],[141.4786,-31.9517],[141.4745,-31.9541],[141.4803,-31.9579],[141.4736,-31.9635],[141.4726,-31.9664],[141.4742,-31.9683],[141.4756,-31.9675],[141.4803,-31.9729],[141.4817,-31.9725],[141.478,-31.9774],[141.4795,-31.9794],[141.4649,-31.9901],[141.4611,-31.9864],[141.4572,-31.9895],[141.4551,-31.9875],[141.4494,-31.9922],[141.4478,-31.9911],[141.4423,-31.998],[141.431,-31.9941],[141.4304,-31.9925],[141.4274,-31.9922],[141.4278,-31.9886],[141.4241,-31.9887],[141.4211,-31.9842],[141.4404,-31.9798],[141.4388,-31.9777],[141.4381,-31.9781],[141.437,-31.9771],[141.4364,-31.9762],[141.4371,-31.9758],[141.4356,-31.9741],[141.4346,-31.9747],[141.4331,-31.9726],[141.4362,-31.9707],[141.4318,-31.9654],[141.4357,-31.9628],[141.4349,-31.9619],[141.4355,-31.9616],[141.4332,-31.959],[141.4311,-31.9594],[141.4272,-31.9547],[141.4449,-31.9441],[141.4434,-31.9423],[141.4548,-31.9353],[141.4533,-31.9335],[141.4546,-31.9327],[141.456,-31.9346],[141.4606,-31.9321],[141.4618,-31.9336],[141.4633,-31.9331],[141.4721,-31.936],[141.4742,-31.9348],[141.4755,-31.9363],[141.4787,-31.9347]],[[153.3829,-28.3525],[153.3801,-28.3526],[153.3774,-28.3508],[153.375,-28.3471],[153.3747,-28.344],[153.3736,-28.343],[153.367,-28.3472],[153.355,-28.3454],[153.3575,-28.3326],[153.3619,-28.3275],[153.3637,-28.3235],[153.365,-28.3234],[153.3677,-28.326],[153.371,-28.3268],[153.3739,-28.3262],[153.3752,-28.3237],[153.3762,-28.3254],[153.3792,-28.3248],[153.3822,-28.3216],[153.3882,-28.3228],[153.3881,-28.3245],[153.391,-28.3252],[153.3912,-28.3239],[153.3906,-28.3238],[153.392,-28.32],[153.3978,-28.3209],[153.3977,-28.3215],[153.399,-28.3206],[153.4044,-28.3218],[153.4047,-28.3197],[153.4057,-28.3199],[153.4061,-28.321],[153.4056,-28.3248],[153.4083,-28.3237],[153.4092,-28.3257],[153.432,-28.3163],[153.4331,-28.3145],[153.4341,-28.3057],[153.4363,-28.3023],[153.4395,-28.2996],[153.444,-28.2982],[153.4517,-28.2975],[153.4506,-28.3057],[153.4488,-28.3073],[153.4489,-28.3083],[153.4476,-28.3088],[153.4458,-28.3134],[153.4581,-28.3152],[153.4574,-28.3189],[153.4582,-28.3183],[153.4629,-28.3183],[153.4632,-28.3171],[153.4773,-28.3192],[153.4756,-28.3239],[153.4743,-28.3261],[153.473,-28.3267],[153.4728,-28.328],[153.4715,-28.3289],[153.4708,-28.3281],[153.4697,-28.3296],[153.467,-28.3272],[153.4662,-28.3316],[153.4574,-28.3304],[153.458,-28.3268],[153.4519,-28.3259],[153.4522,-28.3245],[153.4428,-28.323],[153.4367,-28.3296],[153.4319,-28.3326],[153.4294,-28.3331],[153.4262,-28.3322],[153.4258,-28.3348],[153.4357,-28.3362],[153.4328,-28.3524],[153.4164,-28.35],[153.4162,-28.3509],[153.4039,-28.3492],[153.4029,-28.3532],[153.4009,-28.3541],[153.3946,-28.3542],[153.3931,-28.3519],[153.3931,-28.3468],[153.3943,-28.3458],[153.3926,-28.3448],[153.3885,-28.3497],[153.3829,-28.3525]],[[151.6494,-30.5389],[151.6517,-30.5319],[151.6443,-30.5297],[151.6447,-30.5291],[151.6427,-30.5282],[151.6437,-30.5265],[151.6399,-30.5247],[151.6367,-30.5251],[151.636,-30.5234],[151.6341,-30.524],[151.6376,-30.5055],[151.6356,-30.5047],[151.6365,-30.5],[151.6347,-30.4982],[151.6378,-30.4804],[151.6465,-30.4816],[151.647,-30.4863],[151.6461,-30.4915],[151.6516,-30.493],[151.6537,-30.4908],[151.6566,-30.4897],[151.6584,-30.4851],[151.6703,-30.4867],[151.6707,-30.4846],[151.6786,-30.4856],[151.6769,-30.4877],[151.6894,-30.4893],[151.6895,-30.492],[151.6889,-30.4926],[151.6978,-30.4952],[151.6956,-30.5014],[151.6959,-30.5048],[151.6949,-30.5054],[151.6958,-30.5071],[151.6911,-30.5197],[151.6903,-30.5192],[151.6889,-30.5232],[151.6929,-30.5244],[151.6914,-30.5284],[151.6929,-30.5288],[151.6919,-30.5315],[151.6951,-30.5338],[151.6912,-30.5367],[151.6945,-30.5399],[151.6899,-30.5395],[151.6887,-30.5458],[151.6663,-30.5425],[151.6681,-30.5374],[151.6727,-30.5387],[151.674,-30.5344],[151.6697,-30.5332],[151.6713,-30.5289],[151.6669,-30.5276],[151.6662,-30.5295],[151.6641,-30.5289],[151.6647,-30.5355],[151.657,-30.5333],[151.6561,-30.5356],[151.6548,-30.5353],[151.6531,-30.5399],[151.6494,-30.5389]],[[150.251,-30.9365],[150.2501,-30.9442],[150.2506,-30.9452],[150.2497,-30.9462],[150.2566,-30.9472],[150.2586,-30.9494],[150.2569,-30.959],[150.2559,-30.9588],[150.258,-30.9633],[150.2564,-30.9718],[150.2613,-30.9713],[150.2619,-30.9692],[150.2644,-30.9684],[150.2661,-30.9695],[150.2681,-30.9725],[150.2722,-30.9712],[150.2716,-30.9681],[150.275,-30.9682],[150.2748,-30.971],[150.2764,-30.9717],[150.2789,-30.9707],[150.281,-30.9714],[150.2815,-30.9698],[150.2828,-30.9699],[150.2835,-30.973],[150.281,-30.9785],[150.2825,-30.9845],[150.2811,-30.988],[150.2811,-30.9911],[150.2776,-30.9906],[150.2758,-30.9888],[150.2722,-30.987],[150.2683,-30.9865],[150.267,-30.9929],[150.2629,-30.9923],[150.2619,-30.9972],[150.2659,-30.9978],[150.2661,-30.9969],[150.2688,-30.9973],[150.2686,-30.9983],[150.2657,-31.0],[150.265,-31.0035],[150.2523,-31.0016],[150.253,-30.998],[150.2501,-30.9977],[150.2492,-30.999],[150.2477,-30.9989],[150.2475,-31.0023],[150.244,-31.0018],[150.2436,-31.0036],[150.2424,-31.0041],[150.2325,-31.0026],[150.2331,-31.0008],[150.2309,-31.0005],[150.2331,-30.9923],[150.2363,-30.9867],[150.2337,-30.9863],[150.2344,-30.9828],[150.2327,-30.9825],[150.2323,-30.9845],[150.2299,-30.9842],[150.2306,-30.9834],[150.2298,-30.9816],[150.2229,-30.9836],[150.2256,-30.9649],[150.1979,-30.9512],[150.2027,-30.9401],[150.202,-30.9387],[150.2042,-30.9371],[150.203,-30.9358],[150.2025,-30.931],[150.205,-30.9268],[150.2108,-30.9276],[150.2118,-30.9267],[150.2144,-30.9322],[150.2238,-30.9406],[150.2253,-30.9329],[150.251,-30.9365]],[[149.5934,-32.6213],[149.5841,-32.6201],[149.5839,-32.621],[149.5818,-32.6207],[149.5794,-32.6202],[149.58,-32.6194],[149.5793,-32.6193],[149.5783,-32.6205],[149.5773,-32.6199],[149.5762,-32.6212],[149.5748,-32.6201],[149.5746,-32.6188],[149.5708,-32.6198],[149.5677,-32.6187],[149.5649,-32.619],[149.5611,-32.6165],[149.5539,-32.6171],[149.554,-32.6199],[149.5531,-32.6202],[149.547,-32.6194],[149.5527,-32.5924],[149.5429,-32.5912],[149.5442,-32.5841],[149.5427,-32.5839],[149.5433,-32.5808],[149.54,-32.5803],[149.5412,-32.5737],[149.5348,-32.5726],[149.5356,-32.5709],[149.5336,-32.5706],[149.5347,-32.5644],[149.557,-32.567],[149.5635,-32.5735],[149.568,-32.5764],[149.5691,-32.5758],[149.5725,-32.5767],[149.5715,-32.5734],[149.5741,-32.5729],[149.5761,-32.5674],[149.5782,-32.5665],[149.5776,-32.5631],[149.5939,-32.5652],[149.5958,-32.5544],[149.6014,-32.555],[149.6009,-32.558],[149.6069,-32.5588],[149.6072,-32.5573],[149.6109,-32.5577],[149.61,-32.5531],[149.6123,-32.5534],[149.6129,-32.558],[149.618,-32.5587],[149.6148,-32.5775],[149.6162,-32.5777],[149.6145,-32.588],[149.6097,-32.5906],[149.6032,-32.5875],[149.6003,-32.5876],[149.6001,-32.5851],[149.5969,-32.5845],[149.5929,-32.5823],[149.5893,-32.5877],[149.5891,-32.5887],[149.5937,-32.5891],[149.5957,-32.5926],[149.5995,-32.5943],[149.6014,-32.594],[149.6029,-32.5954],[149.6026,-32.5978],[149.6011,-32.5983],[149.5978,-32.6027],[149.601,-32.606],[149.6092,-32.6088],[149.6094,-32.611],[149.606,-32.6124],[149.6056,-32.6133],[149.6045,-32.6125],[149.6017,-32.6147],[149.598,-32.6141],[149.5966,-32.6217],[149.5934,-32.6213]],[[150.8983,-31.0552],[150.9044,-31.0571],[150.9052,-31.0591],[150.9071,-31.0607],[150.9076,-31.0627],[150.9137,-31.0681],[150.9192,-31.0689],[150.9191,-31.0679],[150.9205,-31.0694],[150.92,-31.072],[150.9215,-31.0722],[150.9257,-31.0692],[150.9276,-31.0695],[150.9269,-31.073],[150.9354,-31.0744],[150.9366,-31.0728],[150.9368,-31.0742],[150.9408,-31.075],[150.9419,-31.0721],[150.9426,-31.0722],[150.9425,-31.0733],[150.9454,-31.0729],[150.9449,-31.0755],[150.9565,-31.0771],[150.9539,-31.0913],[150.9486,-31.0906],[150.9468,-31.0974],[150.9521,-31.0993],[150.9525,-31.1031],[150.9557,-31.1074],[150.9554,-31.1087],[150.9629,-31.1148],[150.966,-31.1127],[150.9648,-31.1193],[150.9625,-31.1196],[150.9619,-31.1182],[150.9584,-31.1157],[150.955,-31.1155],[150.9536,-31.1128],[150.9548,-31.1105],[150.9514,-31.1075],[150.9501,-31.1075],[150.9489,-31.106],[150.9407,-31.102],[150.9397,-31.1008],[150.9274,-31.1033],[150.9278,-31.1106],[150.9263,-31.1112],[150.9265,-31.1157],[150.9256,-31.1157],[150.9255,-31.1172],[150.9267,-31.1174],[150.927,-31.1186],[150.9255,-31.1241],[150.9239,-31.1241],[150.9225,-31.1446],[150.9021,-31.1414],[150.9037,-31.1339],[150.8815,-31.1308],[150.89,-31.1196],[150.8881,-31.1193],[150.8866,-31.1169],[150.8887,-31.1111],[150.8874,-31.1088],[150.8839,-31.1077],[150.8843,-31.1059],[150.8816,-31.1055],[150.8778,-31.1019],[150.8781,-31.1013],[150.8754,-31.1009],[150.8765,-31.0954],[150.8724,-31.0948],[150.8746,-31.0819],[150.8885,-31.0901],[150.8935,-31.092],[150.8953,-31.0908],[150.8985,-31.0913],[150.9001,-31.0829],[150.9137,-31.0834],[150.9141,-31.0792],[150.9105,-31.0784],[150.9081,-31.0766],[150.9043,-31.0754],[150.9021,-31.0722],[150.8973,-31.0708],[150.8964,-31.069],[150.8977,-31.0675],[150.8965,-31.0667],[150.8947,-31.0668],[150.8945,-31.0653],[150.8918,-31.0616],[150.8918,-31.0598],[150.8896,-31.0563],[150.8924,-31.0552],[150.8932,-31.0557],[150.8957,-31.0539],[150.8983,-31.0552]],[[153.2909,-28.7903],[153.2944,-28.794],[153.2921,-28.7958],[153.2919,-28.7972],[153.2939,-28.7974],[153.2946,-28.7962],[153.2956,-28.7964],[153.296,-28.7977],[153.2992,-28.7982],[153.3005,-28.7974],[153.3013,-28.7986],[153.3149,-28.8004],[153.3143,-28.8037],[153.3193,-28.8044],[153.3188,-28.8077],[153.3235,-28.8083],[153.3228,-28.812],[153.3248,-28.813],[153.3225,-28.8153],[153.327,-28.8151],[153.3284,-28.8141],[153.33,-28.8146],[153.3297,-28.8158],[153.3312,-28.816],[153.3315,-28.8139],[153.3336,-28.8137],[153.3307,-28.8104],[153.3308,-28.8096],[153.3364,-28.8104],[153.3378,-28.8087],[153.3412,-28.8084],[153.3416,-28.8061],[153.3428,-28.8066],[153.3451,-28.8059],[153.3461,-28.8081],[153.3475,-28.8083],[153.3474,-28.8077],[153.3494,-28.8086],[153.3491,-28.8103],[153.3546,-28.8104],[153.3527,-28.8209],[153.3509,-28.8207],[153.3506,-28.8224],[153.3554,-28.8231],[153.3543,-28.8299],[153.3551,-28.83],[153.353,-28.8381],[153.3497,-28.8377],[153.3495,-28.8389],[153.3407,-28.838],[153.3359,-28.8372],[153.3347,-28.8358],[153.3329,-28.8367],[153.3315,-28.8357],[153.3324,-28.834],[153.3297,-28.8339],[153.3305,-28.8315],[153.3314,-28.831],[153.3292,-28.8313],[153.33,-28.8289],[153.3283,-28.8279],[153.3288,-28.8261],[153.3274,-28.8259],[153.3266,-28.8283],[153.3257,-28.8283],[153.3259,-28.8294],[153.3241,-28.828],[153.3229,-28.8282],[153.3233,-28.8293],[153.315,-28.8282],[153.3147,-28.8327],[153.3139,-28.8325],[153.3116,-28.8348],[153.3105,-28.841],[153.3076,-28.8406],[153.309,-28.8366],[153.3084,-28.8352],[153.301,-28.8353],[153.2839,-28.8332],[153.2842,-28.8317],[153.2676,-28.8297],[153.2693,-28.8312],[153.2694,-28.8333],[153.2675,-28.8394],[153.2651,-28.8431],[153.2674,-28.8481],[153.2544,-28.8462],[153.2551,-28.8476],[153.2475,-28.8465],[153.2479,-28.8442],[153.2463,-28.844],[153.2467,-28.8417],[153.2527,-28.8427],[153.2553,-28.8301],[153.2346,-28.8271],[153.2362,-28.8187],[153.2448,-28.8182],[153.2478,-28.8021],[153.251,-28.8023],[153.2531,-28.7983],[153.2555,-28.7973],[153.2598,-28.8026],[153.2624,-28.804],[153.2629,-28.7997],[153.2649,-28.7976],[153.2658,-28.7977],[153.2651,-28.7972],[153.2677,-28.7967],[153.2675,-28.7978],[153.2705,-28.7983],[153.2723,-28.7915],[153.277,-28.7923],[153.2764,-28.7969],[153.2815,-28.7954],[153.2888,-28.7899],[153.2909,-28.7903]],[[144.988,-35.5195],[144.9876,-35.5199],[144.9916,-35.5239],[144.993,-35.5231],[144.9947,-35.5251],[144.9992,-35.5224],[145.0012,-35.5245],[144.9901,-35.5314],[145.0007,-35.5434],[144.9948,-35.5474],[144.9934,-35.5506],[144.9912,-35.5506],[144.9905,-35.5491],[144.9884,-35.5509],[144.9858,-35.5506],[144.9852,-35.554],[144.9781,-35.5584],[144.9796,-35.5588],[144.9795,-35.5597],[144.9811,-35.5597],[144.9821,-35.5621],[144.9859,-35.5647],[144.9866,-35.5645],[144.9883,-35.5663],[144.9791,-35.5678],[144.9769,-35.5675],[144.9769,-35.5656],[144.9588,-35.5455],[144.9581,-35.5457],[144.9546,-35.5656],[144.9529,-35.5678],[144.9417,-35.5767],[144.91,-35.573],[144.9117,-35.5634],[144.9135,-35.5593],[144.9166,-35.5561],[144.9298,-35.5479],[144.9288,-35.5469],[144.9311,-35.5459],[144.9304,-35.5457],[144.9315,-35.5405],[144.9208,-35.5412],[144.912,-35.5449],[144.9146,-35.5303],[144.9271,-35.5318],[144.9414,-35.531],[144.9439,-35.5295],[144.9365,-35.5214],[144.9447,-35.5164],[144.9462,-35.5181],[144.9489,-35.5167],[144.9508,-35.5179],[144.9535,-35.5165],[144.9544,-35.5189],[144.9568,-35.5197],[144.9582,-35.5193],[144.9603,-35.5172],[144.963,-35.5172],[144.9629,-35.5093],[144.9654,-35.5063],[144.9667,-35.507],[144.9694,-35.5065],[144.9719,-35.5113],[144.9772,-35.5082],[144.9848,-35.5166],[144.9858,-35.5161],[144.9884,-35.5191],[144.988,-35.5195]],[[152.5204,-31.9053],[152.5157,-31.8999],[152.511,-31.8979],[152.5045,-31.8974],[152.4946,-31.8999],[152.4744,-31.9085],[152.4718,-31.9108],[152.4614,-31.9167],[152.4448,-31.9297],[152.4381,-31.9332],[152.4261,-31.9381],[152.4234,-31.9383],[152.421,-31.9374],[152.4198,-31.9385],[152.4194,-31.9406],[152.4134,-31.9398],[152.4145,-31.9421],[152.4091,-31.9413],[152.4095,-31.9393],[152.4063,-31.9389],[152.4067,-31.9368],[152.4092,-31.937],[152.41,-31.9335],[152.4123,-31.9332],[152.4127,-31.9317],[152.415,-31.9311],[152.4148,-31.9299],[152.4163,-31.93],[152.4175,-31.9266],[152.4225,-31.9207],[152.4337,-31.9148],[152.4398,-31.9088],[152.4402,-31.9075],[152.441,-31.9074],[152.4412,-31.9056],[152.4398,-31.9035],[152.4401,-31.9018],[152.4428,-31.8993],[152.4432,-31.8974],[152.4423,-31.8973],[152.4414,-31.8952],[152.4403,-31.8954],[152.4405,-31.894],[152.4394,-31.8947],[152.4401,-31.8921],[152.4362,-31.8905],[152.4375,-31.8845],[152.4363,-31.8838],[152.4344,-31.8852],[152.433,-31.8853],[152.4321,-31.8898],[152.4307,-31.8879],[152.4242,-31.884],[152.4232,-31.8886],[152.4218,-31.8876],[152.4195,-31.8877],[152.4207,-31.8828],[152.4178,-31.8813],[152.4189,-31.8792],[152.4177,-31.8743],[152.4244,-31.8785],[152.4259,-31.8732],[152.4373,-31.8752],[152.4373,-31.8687],[152.4347,-31.867],[152.431,-31.8629],[152.4323,-31.8631],[152.4339,-31.8517],[152.4354,-31.8519],[152.4368,-31.845],[152.4409,-31.8453],[152.4441,-31.8466],[152.4434,-31.8504],[152.4456,-31.8511],[152.4462,-31.8527],[152.4521,-31.8558],[152.4523,-31.8571],[152.4557,-31.8576],[152.4566,-31.8566],[152.4591,-31.8567],[152.4622,-31.8576],[152.4632,-31.8609],[152.461,-31.8655],[152.4626,-31.8671],[152.4638,-31.8711],[152.4659,-31.8729],[152.4805,-31.8771],[152.4821,-31.8836],[152.4852,-31.8871],[152.487,-31.8907],[152.4918,-31.8939],[152.4937,-31.8939],[152.4994,-31.8906],[152.5016,-31.891],[152.5046,-31.8902],[152.5058,-31.8915],[152.504,-31.8929],[152.5041,-31.8944],[152.5078,-31.8937],[152.5085,-31.891],[152.5079,-31.8885],[152.5096,-31.8869],[152.5021,-31.8799],[152.503,-31.8787],[152.5138,-31.8884],[152.5153,-31.8871],[152.515,-31.8865],[152.5212,-31.8811],[152.5222,-31.8812],[152.5255,-31.8783],[152.5269,-31.8795],[152.5158,-31.8892],[152.5162,-31.8909],[152.524,-31.8974],[152.5306,-31.8968],[152.5329,-31.8995],[152.5213,-31.906],[152.5204,-31.9053]],[[152.9624,-29.7265],[152.96,-29.7393],[152.9621,-29.7396],[152.9661,-29.7493],[152.9667,-29.7528],[152.9646,-29.757],[152.966,-29.7611],[152.9382,-29.7571],[152.9387,-29.7558],[152.9377,-29.7523],[152.9389,-29.7475],[152.941,-29.7441],[152.9362,-29.7434],[152.9346,-29.7462],[152.9028,-29.7415],[152.9098,-29.7354],[152.9133,-29.7267],[152.9157,-29.7231],[152.9208,-29.7203],[152.924,-29.7195],[152.929,-29.7118],[152.9131,-29.7094],[152.9147,-29.7013],[152.8895,-29.6975],[152.8964,-29.6645],[152.8988,-29.6637],[152.9136,-29.6868],[152.9202,-29.6927],[152.9296,-29.6977],[152.9422,-29.6979],[152.9418,-29.6963],[152.9383,-29.6964],[152.9341,-29.6952],[152.9273,-29.6904],[152.9184,-29.6791],[152.9163,-29.6708],[152.9156,-29.6654],[152.9367,-29.6686],[152.9375,-29.664],[152.9367,-29.6596],[152.9325,-29.6517],[152.9347,-29.6516],[152.9361,-29.6545],[152.938,-29.6557],[152.941,-29.6598],[152.9415,-29.6623],[152.9409,-29.6678],[152.9423,-29.668],[152.9424,-29.6647],[152.9453,-29.6652],[152.9446,-29.669],[152.949,-29.6697],[152.9485,-29.6725],[152.9564,-29.6738],[152.9567,-29.6781],[152.9532,-29.6905],[152.9498,-29.6949],[152.9441,-29.6975],[152.9441,-29.699],[152.9456,-29.6995],[152.9476,-29.6988],[152.9495,-29.6996],[152.9503,-29.6988],[152.9514,-29.6992],[152.952,-29.6982],[152.9529,-29.6995],[152.9519,-29.6997],[152.9526,-29.7009],[152.954,-29.7007],[152.9547,-29.6996],[152.9554,-29.7005],[152.9541,-29.7039],[152.952,-29.7042],[152.9507,-29.7062],[152.9535,-29.7093],[152.9522,-29.7107],[152.9535,-29.7128],[152.9523,-29.7148],[152.954,-29.7175],[152.953,-29.7185],[152.9538,-29.7192],[152.953,-29.7209],[152.9538,-29.7218],[152.9629,-29.7255],[152.9644,-29.7186],[152.9706,-29.7195],[152.9708,-29.7242],[152.9629,-29.7255],[152.9624,-29.7265]],[[152.7575,-31.0556],[152.7613,-31.0568],[152.7663,-31.0557],[152.7708,-31.0556],[152.7716,-31.0522],[152.7775,-31.0539],[152.7794,-31.0505],[152.7893,-31.0546],[152.7905,-31.0518],[152.7934,-31.0522],[152.7957,-31.0406],[152.7978,-31.0409],[152.8005,-31.0277],[152.8051,-31.0297],[152.8038,-31.032],[152.8044,-31.033],[152.8057,-31.0327],[152.8063,-31.0312],[152.8063,-31.0331],[152.8077,-31.0318],[152.8083,-31.0361],[152.81,-31.037],[152.8116,-31.0365],[152.8125,-31.0348],[152.814,-31.0342],[152.8133,-31.0332],[152.8138,-31.0323],[152.8184,-31.0359],[152.8169,-31.0365],[152.8172,-31.0394],[152.8206,-31.0398],[152.8202,-31.0417],[152.8183,-31.043],[152.8216,-31.0464],[152.8197,-31.0545],[152.8225,-31.0597],[152.8315,-31.0561],[152.8304,-31.0559],[152.8314,-31.051],[152.8378,-31.052],[152.8358,-31.0598],[152.8381,-31.0592],[152.8383,-31.0612],[152.8348,-31.0657],[152.8342,-31.0682],[152.8454,-31.0698],[152.8456,-31.0689],[152.8475,-31.0692],[152.8473,-31.07],[152.8525,-31.0712],[152.856,-31.0732],[152.8544,-31.0761],[152.8556,-31.0773],[152.8531,-31.0805],[152.8545,-31.0807],[152.8541,-31.0826],[152.8529,-31.0824],[152.8527,-31.0834],[152.8513,-31.0828],[152.8505,-31.0842],[152.8481,-31.0851],[152.8464,-31.0846],[152.842,-31.0893],[152.841,-31.0891],[152.8385,-31.102],[152.8352,-31.1016],[152.8344,-31.1052],[152.8313,-31.1048],[152.8314,-31.1073],[152.8292,-31.1156],[152.8249,-31.1149],[152.8253,-31.1221],[152.7897,-31.1168],[152.7876,-31.1145],[152.7923,-31.1107],[152.7908,-31.1104],[152.7934,-31.1078],[152.7928,-31.106],[152.7965,-31.1025],[152.8001,-31.1004],[152.7997,-31.0989],[152.8036,-31.0993],[152.8042,-31.0981],[152.8047,-31.0954],[152.8039,-31.0938],[152.8042,-31.0915],[152.8014,-31.0876],[152.8021,-31.0857],[152.8046,-31.0849],[152.8074,-31.0825],[152.8124,-31.082],[152.8153,-31.078],[152.8176,-31.077],[152.8197,-31.0788],[152.8194,-31.0809],[152.8205,-31.0849],[152.8224,-31.0869],[152.8246,-31.0863],[152.8233,-31.0845],[152.8219,-31.0775],[152.8194,-31.0713],[152.8163,-31.0668],[152.8105,-31.0628],[152.8048,-31.0612],[152.8002,-31.061],[152.7963,-31.0622],[152.7922,-31.0651],[152.7859,-31.0718],[152.7818,-31.0777],[152.7817,-31.0793],[152.7856,-31.0859],[152.784,-31.088],[152.7821,-31.089],[152.7732,-31.0893],[152.7626,-31.0871],[152.7551,-31.0892],[152.7479,-31.0866],[152.7432,-31.0899],[152.7398,-31.0905],[152.7332,-31.0889],[152.7291,-31.0866],[152.7281,-31.0843],[152.7281,-31.0809],[152.737,-31.0738],[152.7422,-31.0746],[152.7425,-31.0729],[152.7533,-31.0753],[152.7539,-31.0724],[152.7478,-31.0714],[152.7511,-31.0553],[152.7575,-31.0556]],[[150.6047,-34.8306],[150.6075,-34.8309],[150.6084,-34.8337],[150.6109,-34.834],[150.6108,-34.8349],[150.6172,-34.8357],[150.617,-34.8367],[150.6191,-34.8367],[150.6185,-34.8406],[150.6159,-34.84],[150.6143,-34.8456],[150.6162,-34.8459],[150.6152,-34.8478],[150.6174,-34.8484],[150.6139,-34.8553],[150.6239,-34.8511],[150.6235,-34.8539],[150.6186,-34.8557],[150.6107,-34.8621],[150.6125,-34.8646],[150.6159,-34.8647],[150.6152,-34.8681],[150.6123,-34.8688],[150.6118,-34.8697],[150.6133,-34.8719],[150.6108,-34.8728],[150.6096,-34.8781],[150.6246,-34.8796],[150.624,-34.8828],[150.6277,-34.8832],[150.628,-34.8845],[150.6299,-34.8847],[150.6294,-34.8876],[150.6326,-34.888],[150.6323,-34.8907],[150.6352,-34.8902],[150.6335,-34.8981],[150.6321,-34.8998],[150.6307,-34.9053],[150.62,-34.9038],[150.6186,-34.9105],[150.6174,-34.9103],[150.6143,-34.9214],[150.6092,-34.9207],[150.6044,-34.9248],[150.6034,-34.9294],[150.5945,-34.9282],[150.5946,-34.9273],[150.592,-34.9267],[150.591,-34.924],[150.5921,-34.9186],[150.5766,-34.9164],[150.5761,-34.918],[150.5739,-34.9177],[150.5712,-34.921],[150.5624,-34.9198],[150.5571,-34.9215],[150.5499,-34.9199],[150.5498,-34.9204],[150.5381,-34.9191],[150.5401,-34.9158],[150.5394,-34.9147],[150.5384,-34.9139],[150.5341,-34.9133],[150.5347,-34.9097],[150.5378,-34.9102],[150.5385,-34.9064],[150.5401,-34.9066],[150.5404,-34.9051],[150.5451,-34.9057],[150.5459,-34.9017],[150.5562,-34.9032],[150.5564,-34.902],[150.5682,-34.9036],[150.5681,-34.9044],[150.5724,-34.905],[150.5733,-34.9006],[150.5777,-34.9012],[150.5768,-34.9056],[150.579,-34.9059],[150.5887,-34.8966],[150.5874,-34.8964],[150.5878,-34.8948],[150.5852,-34.8944],[150.5849,-34.8959],[150.5806,-34.8953],[150.5811,-34.8928],[150.578,-34.8932],[150.5783,-34.892],[150.577,-34.8898],[150.5815,-34.8897],[150.5822,-34.8863],[150.5816,-34.8862],[150.5818,-34.8845],[150.5871,-34.8858],[150.5873,-34.8852],[150.5923,-34.8859],[150.5908,-34.8853],[150.5901,-34.8841],[150.5909,-34.8827],[150.5894,-34.8824],[150.5908,-34.8807],[150.5881,-34.878],[150.5892,-34.8755],[150.5875,-34.8724],[150.5875,-34.8705],[150.5826,-34.8686],[150.5771,-34.8647],[150.5738,-34.8653],[150.5723,-34.8681],[150.5719,-34.873],[150.5709,-34.8737],[150.5685,-34.8739],[150.5646,-34.8719],[150.5675,-34.8614],[150.5695,-34.8583],[150.572,-34.8566],[150.573,-34.854],[150.5707,-34.8537],[150.5721,-34.8479],[150.5525,-34.8453],[150.5548,-34.842],[150.556,-34.8422],[150.5569,-34.84],[150.5649,-34.8432],[150.573,-34.8443],[150.5738,-34.8437],[150.5749,-34.8393],[150.5764,-34.8383],[150.5799,-34.8402],[150.5811,-34.84],[150.5811,-34.8386],[150.5821,-34.8377],[150.5848,-34.8373],[150.5857,-34.8383],[150.587,-34.8376],[150.5877,-34.8387],[150.5869,-34.8408],[150.5913,-34.8419],[150.592,-34.8408],[150.5855,-34.8356],[150.5858,-34.8339],[150.5961,-34.8351],[150.5973,-34.8311],[150.6017,-34.8316],[150.602,-34.8296],[150.6047,-34.8306]],[[145.9974,-34.2821],[145.9991,-34.2731],[146.0037,-34.2737],[146.0056,-34.2635],[146.0118,-34.2598],[146.0133,-34.256],[146.0097,-34.2539],[146.0127,-34.2516],[146.0268,-34.2575],[146.0302,-34.2603],[146.0337,-34.2585],[146.0416,-34.2578],[146.044,-34.2556],[146.058,-34.2484],[146.0604,-34.2441],[146.0614,-34.2435],[146.0613,-34.2414],[146.0622,-34.2394],[146.0614,-34.2385],[146.0744,-34.2403],[146.0766,-34.2428],[146.0758,-34.2354],[146.0766,-34.2332],[146.0922,-34.2341],[146.0903,-34.2403],[146.0874,-34.2423],[146.0835,-34.2485],[146.0827,-34.2506],[146.083,-34.2533],[146.0943,-34.2581],[146.0966,-34.2567],[146.0965,-34.2536],[146.0984,-34.2509],[146.1067,-34.2543],[146.0975,-34.2649],[146.0949,-34.269],[146.0942,-34.2687],[146.0871,-34.2804],[146.0846,-34.2832],[146.0924,-34.2842],[146.0982,-34.2864],[146.0972,-34.288],[146.0986,-34.2879],[146.1017,-34.2922],[146.0596,-34.3139],[146.0464,-34.3121],[146.0443,-34.3128],[146.046,-34.3036],[146.0403,-34.3018],[146.0237,-34.2996],[146.0252,-34.2968],[146.0233,-34.2966],[146.0218,-34.295],[146.0235,-34.294],[146.0229,-34.2932],[146.0209,-34.293],[146.0212,-34.2897],[146.0227,-34.2888],[146.0229,-34.2877],[146.0214,-34.2875],[146.0218,-34.2848],[145.9974,-34.2821]],[[152.6497,-31.4484],[152.6505,-31.4473],[152.6483,-31.4445],[152.6483,-31.4425],[152.6494,-31.4376],[152.6506,-31.4378],[152.6533,-31.4231],[152.6595,-31.424],[152.6602,-31.4232],[152.6648,-31.4247],[152.6637,-31.4271],[152.6653,-31.4306],[152.6709,-31.4292],[152.6722,-31.4303],[152.6711,-31.4316],[152.6722,-31.4331],[152.6737,-31.4304],[152.6757,-31.4292],[152.676,-31.4271],[152.6774,-31.4269],[152.6783,-31.4273],[152.6779,-31.4291],[152.679,-31.4287],[152.6797,-31.4295],[152.6804,-31.4321],[152.6832,-31.4327],[152.6855,-31.432],[152.6867,-31.4341],[152.6875,-31.4335],[152.6873,-31.429],[152.6901,-31.4276],[152.6904,-31.4269],[152.6891,-31.4262],[152.691,-31.4239],[152.6923,-31.4235],[152.6934,-31.4243],[152.692,-31.4262],[152.6922,-31.4298],[152.6964,-31.431],[152.6983,-31.4345],[152.7024,-31.4328],[152.7056,-31.4332],[152.7062,-31.4305],[152.7095,-31.4275],[152.7151,-31.4281],[152.7252,-31.4378],[152.7268,-31.4402],[152.7288,-31.4462],[152.7318,-31.4495],[152.7383,-31.4524],[152.7465,-31.4502],[152.7477,-31.4521],[152.7594,-31.4585],[152.764,-31.4598],[152.766,-31.4594],[152.7654,-31.4605],[152.7618,-31.4621],[152.7727,-31.4673],[152.7774,-31.4687],[152.7795,-31.4685],[152.7825,-31.4635],[152.7858,-31.4629],[152.7814,-31.4858],[152.7678,-31.484],[152.7616,-31.5188],[152.7582,-31.5189],[152.7564,-31.5222],[152.7546,-31.522],[152.7533,-31.5228],[152.7511,-31.5218],[152.7492,-31.5226],[152.7441,-31.5211],[152.7403,-31.5182],[152.7342,-31.5194],[152.7311,-31.5189],[152.7309,-31.5156],[152.7295,-31.5123],[152.7323,-31.5086],[152.7242,-31.5074],[152.7284,-31.4865],[152.7231,-31.4837],[152.7224,-31.48],[152.7168,-31.4785],[152.7135,-31.4749],[152.7128,-31.4771],[152.6991,-31.4751],[152.6995,-31.4711],[152.7015,-31.4709],[152.7066,-31.4443],[152.705,-31.441],[152.7035,-31.4407],[152.7038,-31.4393],[152.6986,-31.4415],[152.6908,-31.4419],[152.6826,-31.4411],[152.6786,-31.4381],[152.6756,-31.437],[152.6716,-31.4383],[152.6682,-31.446],[152.6666,-31.4538],[152.6701,-31.4572],[152.6779,-31.4596],[152.6789,-31.461],[152.6785,-31.4622],[152.672,-31.467],[152.6671,-31.4658],[152.6632,-31.4606],[152.6618,-31.4553],[152.6605,-31.454],[152.6587,-31.4537],[152.6592,-31.449],[152.6571,-31.4455],[152.6559,-31.4479],[152.6542,-31.4493],[152.6497,-31.4484]],[[149.5906,-33.3866],[149.5961,-33.3864],[149.6071,-33.3929],[149.6084,-33.3928],[149.6123,-33.3972],[149.6103,-33.3982],[149.6104,-33.4001],[149.6093,-33.4001],[149.6092,-33.4012],[149.6249,-33.4032],[149.6273,-33.4097],[149.6224,-33.4113],[149.6205,-33.4092],[149.6185,-33.4103],[149.617,-33.4118],[149.6178,-33.4132],[149.6163,-33.4136],[149.6165,-33.4151],[149.6175,-33.4156],[149.6221,-33.4143],[149.6247,-33.4168],[149.6351,-33.4132],[149.6338,-33.4103],[149.6328,-33.4101],[149.6339,-33.4042],[149.6493,-33.406],[149.6497,-33.3983],[149.6513,-33.3985],[149.6515,-33.4002],[149.6523,-33.4008],[149.6527,-33.406],[149.6696,-33.4062],[149.6692,-33.4087],[149.6641,-33.4081],[149.6631,-33.4117],[149.658,-33.411],[149.6574,-33.4146],[149.6561,-33.4146],[149.6527,-33.4337],[149.6306,-33.43],[149.6209,-33.4332],[149.6243,-33.4406],[149.6149,-33.4437],[149.6112,-33.4358],[149.6043,-33.4358],[149.5991,-33.435],[149.5962,-33.4336],[149.5938,-33.4339],[149.5938,-33.4375],[149.5912,-33.4378],[149.5904,-33.4388],[149.5902,-33.4418],[149.5864,-33.4412],[149.5853,-33.4402],[149.5862,-33.4394],[149.585,-33.4389],[149.5855,-33.4375],[149.5864,-33.4377],[149.587,-33.4369],[149.5863,-33.4357],[149.5814,-33.4345],[149.5811,-33.4355],[149.5823,-33.4364],[149.581,-33.439],[149.5821,-33.4392],[149.582,-33.4401],[149.5802,-33.4403],[149.5785,-33.4473],[149.5779,-33.44],[149.5715,-33.4392],[149.5709,-33.4429],[149.5687,-33.4427],[149.5689,-33.4388],[149.5624,-33.438],[149.5632,-33.4357],[149.5617,-33.4352],[149.5522,-33.4364],[149.55,-33.4382],[149.5465,-33.4379],[149.5467,-33.4369],[149.5319,-33.4351],[149.5239,-33.4372],[149.5214,-33.425],[149.5159,-33.4267],[149.5129,-33.4147],[149.5168,-33.4124],[149.5234,-33.4112],[149.5268,-33.4111],[149.5314,-33.4122],[149.5362,-33.4053],[149.5373,-33.3947],[149.5367,-33.3903],[149.5337,-33.3883],[149.5359,-33.3875],[149.5373,-33.3854],[149.5405,-33.3845],[149.5412,-33.3811],[149.5388,-33.3809],[149.5393,-33.3782],[149.5382,-33.3781],[149.5384,-33.3768],[149.5395,-33.377],[149.5416,-33.3658],[149.5454,-33.3664],[149.5451,-33.3674],[149.5487,-33.3679],[149.5484,-33.3689],[149.5513,-33.3695],[149.5514,-33.3719],[149.5489,-33.3727],[149.5487,-33.3737],[149.5495,-33.3738],[149.5488,-33.3755],[149.551,-33.3774],[149.5505,-33.382],[149.5492,-33.3832],[149.546,-33.3839],[149.5462,-33.385],[149.5483,-33.3853],[149.5498,-33.3883],[149.5525,-33.39],[149.5565,-33.3913],[149.5574,-33.3923],[149.5577,-33.3952],[149.5604,-33.3961],[149.5633,-33.3958],[149.5671,-33.4004],[149.568,-33.3958],[149.5687,-33.3959],[149.569,-33.3979],[149.5701,-33.3988],[149.5741,-33.3987],[149.576,-33.3995],[149.5892,-33.3939],[149.5906,-33.3866]],[[150.4052,-34.4891],[150.4091,-34.4822],[150.4118,-34.4823],[150.4125,-34.4809],[150.4144,-34.4798],[150.4134,-34.4777],[150.4095,-34.4778],[150.4071,-34.4769],[150.4078,-34.4754],[150.3985,-34.474],[150.3997,-34.4669],[150.4015,-34.4656],[150.403,-34.4669],[150.4044,-34.4597],[150.4165,-34.4612],[150.4161,-34.463],[150.4218,-34.4661],[150.4232,-34.4623],[150.4204,-34.4618],[150.4211,-34.4599],[150.4238,-34.4575],[150.4274,-34.4557],[150.4265,-34.4556],[150.4268,-34.4521],[150.4213,-34.4515],[150.4228,-34.4427],[150.4163,-34.44],[150.428,-34.4347],[150.4387,-34.4329],[150.4384,-34.4338],[150.4395,-34.4347],[150.4404,-34.4372],[150.4397,-34.4409],[150.4372,-34.4436],[150.4385,-34.445],[150.4405,-34.4452],[150.4395,-34.4445],[150.4402,-34.443],[150.4451,-34.4437],[150.446,-34.4451],[150.4506,-34.4453],[150.4508,-34.4441],[150.4537,-34.4444],[150.4579,-34.4432],[150.4576,-34.4446],[150.4587,-34.4438],[150.4583,-34.4417],[150.4629,-34.4424],[150.4652,-34.4291],[150.4712,-34.4247],[150.4767,-34.422],[150.4929,-34.4175],[150.4973,-34.4155],[150.4964,-34.4175],[150.5002,-34.4181],[150.5055,-34.4142],[150.5087,-34.4138],[150.5075,-34.4191],[150.5088,-34.4198],[150.5093,-34.4214],[150.5122,-34.4224],[150.5006,-34.4242],[150.4984,-34.4346],[150.4884,-34.433],[150.4836,-34.4356],[150.4806,-34.4384],[150.4704,-34.4433],[150.4711,-34.4439],[150.4721,-34.4429],[150.4716,-34.445],[150.4827,-34.4466],[150.4786,-34.4529],[150.4777,-34.4571],[150.4746,-34.4569],[150.4658,-34.4511],[150.4641,-34.4594],[150.4599,-34.4588],[150.4593,-34.4621],[150.4576,-34.461],[150.4582,-34.4577],[150.4518,-34.4568],[150.4507,-34.4611],[150.447,-34.4607],[150.4461,-34.4655],[150.447,-34.4657],[150.4448,-34.4755],[150.4491,-34.476],[150.4527,-34.474],[150.4581,-34.4731],[150.4589,-34.4791],[150.4664,-34.4782],[150.4678,-34.4873],[150.4843,-34.4857],[150.4858,-34.4934],[150.4908,-34.4944],[150.4893,-34.501],[150.4867,-34.5007],[150.4873,-34.5044],[150.4773,-34.5055],[150.4783,-34.5088],[150.4721,-34.5093],[150.4697,-34.5094],[150.4683,-34.5082],[150.4657,-34.5095],[150.4615,-34.5069],[150.4476,-34.5086],[150.4478,-34.5075],[150.4471,-34.5073],[150.4456,-34.509],[150.4392,-34.5109],[150.4414,-34.5116],[150.4401,-34.5133],[150.4387,-34.5132],[150.4375,-34.5113],[150.4364,-34.5113],[150.4336,-34.5129],[150.424,-34.515],[150.4215,-34.5176],[150.4168,-34.5162],[150.4116,-34.5161],[150.4088,-34.5214],[150.406,-34.5234],[150.4038,-34.528],[150.4,-34.5293],[150.3987,-34.5325],[150.3969,-34.5339],[150.3934,-34.534],[150.3907,-34.5323],[150.3896,-34.5284],[150.3904,-34.5272],[150.3895,-34.5255],[150.3902,-34.5245],[150.3893,-34.5241],[150.389,-34.5227],[150.3899,-34.5228],[150.3898,-34.5196],[150.3913,-34.5171],[150.3921,-34.5125],[150.391,-34.5125],[150.391,-34.5112],[150.3901,-34.5109],[150.3902,-34.5085],[150.3916,-34.5081],[150.3921,-34.5088],[150.3913,-34.5095],[150.3935,-34.5094],[150.393,-34.5079],[150.3941,-34.5063],[150.3938,-34.5038],[150.3868,-34.5],[150.4083,-34.4889],[150.4052,-34.4891]],[[149.7125,-34.7805],[149.7068,-34.7816],[149.6959,-34.7818],[149.6905,-34.7888],[149.6871,-34.791],[149.6872,-34.7918],[149.6861,-34.7917],[149.6859,-34.7904],[149.6788,-34.7938],[149.6774,-34.7925],[149.6716,-34.7918],[149.6755,-34.7699],[149.6861,-34.7714],[149.6861,-34.7608],[149.692,-34.7319],[149.6989,-34.7337],[149.7013,-34.7269],[149.7028,-34.7278],[149.7035,-34.7236],[149.7019,-34.7205],[149.7022,-34.7185],[149.7116,-34.7207],[149.7135,-34.7161],[149.7314,-34.7185],[149.7313,-34.7147],[149.7398,-34.7158],[149.7417,-34.706],[149.7502,-34.7072],[149.7524,-34.6956],[149.7678,-34.6975],[149.7678,-34.7002],[149.763,-34.7053],[149.768,-34.7131],[149.7693,-34.7131],[149.7727,-34.7155],[149.7736,-34.7199],[149.7759,-34.7219],[149.7739,-34.7322],[149.7725,-34.7319],[149.7722,-34.7336],[149.767,-34.7329],[149.7555,-34.7864],[149.7383,-34.7838],[149.7398,-34.7765],[149.7344,-34.7754],[149.7329,-34.7755],[149.7334,-34.7778],[149.7204,-34.7764],[149.7205,-34.7785],[149.7169,-34.7808],[149.7125,-34.7805]],[[149.0758,-33.3317],[149.0789,-33.3171],[149.0796,-33.3173],[149.0829,-33.3125],[149.081,-33.31],[149.0688,-33.3082],[149.0708,-33.3069],[149.0722,-33.3048],[149.0641,-33.3036],[149.0626,-33.3002],[149.063,-33.2976],[149.0606,-33.2973],[149.0613,-33.2941],[149.0573,-33.2935],[149.0581,-33.2907],[149.0591,-33.2904],[149.0603,-33.2863],[149.0598,-33.2851],[149.0584,-33.2853],[149.0599,-33.2757],[149.0622,-33.2753],[149.0634,-33.2696],[149.0541,-33.2682],[149.0566,-33.2553],[149.0741,-33.2579],[149.0764,-33.2609],[149.0808,-33.2587],[149.0883,-33.2579],[149.0917,-33.2398],[149.0926,-33.2404],[149.1007,-33.2408],[149.0996,-33.2384],[149.1001,-33.2361],[149.1037,-33.2366],[149.1035,-33.2303],[149.1068,-33.2183],[149.1451,-33.2233],[149.1455,-33.2238],[149.1436,-33.2255],[149.1553,-33.227],[149.1599,-33.2262],[149.166,-33.2283],[149.1678,-33.2314],[149.1683,-33.2356],[149.1707,-33.2414],[149.1695,-33.2412],[149.1641,-33.2694],[149.1565,-33.2671],[149.1481,-33.2674],[149.1473,-33.2653],[149.1454,-33.2645],[149.1451,-33.2655],[149.1423,-33.2654],[149.14,-33.2669],[149.1352,-33.2663],[149.135,-33.2687],[149.1308,-33.2744],[149.1302,-33.2778],[149.128,-33.2798],[149.1295,-33.2801],[149.1304,-33.2819],[149.1262,-33.2854],[149.1283,-33.2857],[149.127,-33.2909],[149.127,-33.2943],[149.1279,-33.2962],[149.1275,-33.2981],[149.1244,-33.2976],[149.1237,-33.301],[149.1289,-33.302],[149.1284,-33.3044],[149.1229,-33.3041],[149.1218,-33.3026],[149.1215,-33.3051],[149.1204,-33.3049],[149.1206,-33.3042],[149.1178,-33.3038],[149.1169,-33.3082],[149.1152,-33.308],[149.1146,-33.3098],[149.1138,-33.3097],[149.1135,-33.3112],[149.1128,-33.3111],[149.1121,-33.3144],[149.1056,-33.3133],[149.1054,-33.3141],[149.1027,-33.3137],[149.1031,-33.3176],[149.1051,-33.3201],[149.0999,-33.3228],[149.0996,-33.3244],[149.0946,-33.326],[149.0934,-33.3279],[149.0912,-33.3291],[149.0908,-33.3311],[149.0893,-33.3309],[149.0862,-33.3321],[149.0832,-33.3316],[149.0833,-33.3299],[149.0824,-33.3297],[149.0802,-33.3323],[149.0758,-33.3317]],[[147.3477,-35.0948],[147.3515,-35.095],[147.3527,-35.0941],[147.3506,-35.0904],[147.3518,-35.0881],[147.3616,-35.0907],[147.3672,-35.089],[147.3708,-35.09],[147.3751,-35.0886],[147.3761,-35.0905],[147.3807,-35.0936],[147.381,-35.092],[147.3832,-35.0923],[147.3826,-35.095],[147.3831,-35.0954],[147.3899,-35.0952],[147.3883,-35.103],[147.3833,-35.1025],[147.3826,-35.0983],[147.3792,-35.0971],[147.3727,-35.1012],[147.371,-35.1043],[147.3755,-35.104],[147.377,-35.1052],[147.3769,-35.1072],[147.3746,-35.1098],[147.3769,-35.113],[147.3817,-35.1148],[147.3852,-35.1174],[147.3897,-35.118],[147.3928,-35.1143],[147.3979,-35.1128],[147.4001,-35.1103],[147.403,-35.1103],[147.4042,-35.1131],[147.4092,-35.116],[147.41,-35.1217],[147.4134,-35.1236],[147.4158,-35.1232],[147.4173,-35.1218],[147.4174,-35.1207],[147.4154,-35.1187],[147.415,-35.1171],[147.4178,-35.1134],[147.4217,-35.1165],[147.4178,-35.1395],[147.424,-35.1404],[147.4164,-35.1475],[147.3929,-35.1443],[147.391,-35.1544],[147.3893,-35.1561],[147.3913,-35.1575],[147.3921,-35.1593],[147.3897,-35.1643],[147.3891,-35.1642],[147.3886,-35.1684],[147.3893,-35.1726],[147.3884,-35.1725],[147.388,-35.1746],[147.3802,-35.1745],[147.3803,-35.1752],[147.4003,-35.1776],[147.3984,-35.1878],[147.3883,-35.1865],[147.3873,-35.1917],[147.3771,-35.1904],[147.3778,-35.1849],[147.3725,-35.1842],[147.3718,-35.1879],[147.3606,-35.1865],[147.3605,-35.187],[147.3561,-35.1868],[147.3363,-35.1842],[147.3361,-35.1853],[147.3287,-35.1844],[147.3285,-35.188],[147.3148,-35.1862],[147.315,-35.185],[147.304,-35.1836],[147.3053,-35.1764],[147.3207,-35.1783],[147.3196,-35.1749],[147.3206,-35.1728],[147.3129,-35.1711],[147.315,-35.163],[147.3196,-35.1636],[147.3203,-35.1599],[147.3168,-35.1595],[147.3175,-35.1559],[147.3144,-35.1555],[147.3146,-35.1545],[147.3094,-35.1538],[147.3094,-35.1548],[147.307,-35.154],[147.3069,-35.1531],[147.3112,-35.1451],[147.3129,-35.1391],[147.3148,-35.1367],[147.3191,-35.1341],[147.3184,-35.1335],[147.3213,-35.1218],[147.3264,-35.1224],[147.3296,-35.1218],[147.3392,-35.1154],[147.3385,-35.1142],[147.3398,-35.1126],[147.3427,-35.1127],[147.3444,-35.1109],[147.3478,-35.11],[147.3494,-35.1019],[147.3477,-35.0948]],[[150.3766,-33.7709],[150.371,-33.7702],[150.3733,-33.7583],[150.3684,-33.7577],[150.3709,-33.7441],[150.3784,-33.7451],[150.3793,-33.7428],[150.3709,-33.7417],[150.3702,-33.7376],[150.3705,-33.7357],[150.3792,-33.7369],[150.3812,-33.7264],[150.3803,-33.7263],[150.3799,-33.7284],[150.3788,-33.7287],[150.3763,-33.7268],[150.3745,-33.727],[150.3737,-33.7257],[150.3687,-33.7247],[150.3691,-33.7227],[150.3638,-33.722],[150.364,-33.721],[150.363,-33.7205],[150.3636,-33.7194],[150.362,-33.7179],[150.3626,-33.715],[150.364,-33.7138],[150.3596,-33.7115],[150.3575,-33.7121],[150.3571,-33.7146],[150.3501,-33.7136],[150.3492,-33.7183],[150.3484,-33.7182],[150.3481,-33.72],[150.3527,-33.7197],[150.3536,-33.7216],[150.3572,-33.7224],[150.3575,-33.7246],[150.352,-33.7229],[150.3514,-33.7236],[150.3476,-33.7227],[150.347,-33.7254],[150.3483,-33.7256],[150.349,-33.7273],[150.3473,-33.7266],[150.3454,-33.7297],[150.343,-33.7296],[150.3406,-33.7314],[150.3401,-33.7319],[150.3425,-33.7323],[150.3386,-33.7379],[150.3366,-33.7322],[150.3375,-33.7311],[150.3366,-33.7309],[150.337,-33.7302],[150.3363,-33.7301],[150.3348,-33.7256],[150.3327,-33.7256],[150.3324,-33.7267],[150.3258,-33.7254],[150.3259,-33.7224],[150.3248,-33.7207],[150.3236,-33.7216],[150.3231,-33.7208],[150.3202,-33.7206],[150.3199,-33.7219],[150.3183,-33.7204],[150.3174,-33.7205],[150.3168,-33.7223],[150.3183,-33.7251],[150.3176,-33.7261],[150.3162,-33.7259],[150.3175,-33.727],[150.3155,-33.7294],[150.3161,-33.7307],[150.3148,-33.7322],[150.3128,-33.7316],[150.3121,-33.7329],[150.3111,-33.7326],[150.311,-33.7309],[150.3068,-33.7298],[150.3053,-33.7263],[150.3034,-33.7269],[150.3032,-33.7261],[150.3019,-33.7267],[150.3015,-33.7282],[150.3023,-33.7317],[150.3039,-33.7323],[150.3035,-33.7342],[150.3005,-33.7337],[150.3001,-33.7361],[150.2908,-33.7349],[150.2916,-33.7308],[150.2887,-33.7305],[150.2882,-33.7331],[150.2822,-33.7323],[150.2827,-33.7296],[150.2853,-33.73],[150.286,-33.7264],[150.2803,-33.7256],[150.2824,-33.7183],[150.2867,-33.7189],[150.2878,-33.7133],[150.286,-33.713],[150.2863,-33.7116],[150.2851,-33.7111],[150.2853,-33.7093],[150.2846,-33.7118],[150.2746,-33.7105],[150.2732,-33.7174],[150.2608,-33.7157],[150.2631,-33.7039],[150.2667,-33.7044],[150.2681,-33.6976],[150.2768,-33.6988],[150.2795,-33.6826],[150.2742,-33.6819],[150.2735,-33.6861],[150.2712,-33.6858],[150.273,-33.6765],[150.2702,-33.6761],[150.2709,-33.672],[150.2742,-33.6725],[150.275,-33.6685],[150.28,-33.6697],[150.2822,-33.669],[150.2826,-33.6701],[150.2844,-33.6695],[150.285,-33.6707],[150.284,-33.6735],[150.2868,-33.6727],[150.289,-33.6779],[150.2935,-33.6764],[150.2954,-33.6809],[150.2869,-33.6836],[150.2909,-33.6878],[150.2916,-33.6924],[150.2903,-33.6956],[150.2915,-33.698],[150.2907,-33.7005],[150.2911,-33.7024],[150.292,-33.7038],[150.2951,-33.7059],[150.2995,-33.7054],[150.3001,-33.702],[150.3049,-33.6994],[150.3051,-33.6967],[150.3075,-33.6934],[150.3068,-33.6913],[150.3072,-33.6879],[150.3083,-33.6876],[150.3073,-33.6856],[150.308,-33.6854],[150.3076,-33.6845],[150.3095,-33.6839],[150.3091,-33.6832],[150.3269,-33.6854],[150.3259,-33.6875],[150.3265,-33.6899],[150.3255,-33.6932],[150.3264,-33.6955],[150.3546,-33.7],[150.3552,-33.6968],[150.3565,-33.6969],[150.3571,-33.6941],[150.3597,-33.6944],[150.3613,-33.6868],[150.3659,-33.6875],[150.3655,-33.6891],[150.372,-33.69],[150.3715,-33.6922],[150.3763,-33.6929],[150.3756,-33.6963],[150.3772,-33.6965],[150.3766,-33.6992],[150.3784,-33.6995],[150.3787,-33.6983],[150.3855,-33.6993],[150.3866,-33.6939],[150.3897,-33.6944],[150.3913,-33.6869],[150.3972,-33.6878],[150.3966,-33.6905],[150.3985,-33.6907],[150.3981,-33.6924],[150.3998,-33.691],[150.4027,-33.6916],[150.4055,-33.691],[150.4048,-33.6941],[150.4088,-33.6961],[150.4085,-33.6979],[150.405,-33.6969],[150.404,-33.7016],[150.402,-33.7004],[150.4012,-33.7037],[150.396,-33.7029],[150.3951,-33.7073],[150.3842,-33.7057],[150.3845,-33.7041],[150.3819,-33.7038],[150.3813,-33.7063],[150.378,-33.7054],[150.3822,-33.7076],[150.389,-33.7094],[150.3881,-33.7138],[150.3995,-33.7155],[150.3991,-33.7172],[150.405,-33.718],[150.4054,-33.7165],[150.4119,-33.7174],[150.4125,-33.7143],[150.4149,-33.7147],[150.4169,-33.7085],[150.4228,-33.7093],[150.4231,-33.7079],[150.4359,-33.7098],[150.4375,-33.7035],[150.4446,-33.7046],[150.4449,-33.7031],[150.4466,-33.7036],[150.4479,-33.6992],[150.4522,-33.6999],[150.4513,-33.7044],[150.4557,-33.705],[150.4552,-33.7081],[150.4522,-33.7096],[150.4547,-33.7104],[150.4541,-33.7132],[150.456,-33.7135],[150.4593,-33.7123],[150.4603,-33.7127],[150.4603,-33.7137],[150.4591,-33.714],[150.4589,-33.7152],[150.4594,-33.7153],[150.4577,-33.7162],[150.4615,-33.7174],[150.4644,-33.716],[150.4638,-33.7189],[150.4724,-33.72],[150.472,-33.722],[150.4775,-33.7227],[150.4761,-33.7291],[150.4784,-33.7292],[150.4781,-33.7307],[150.482,-33.7308],[150.4825,-33.7285],[150.4877,-33.7293],[150.4865,-33.7314],[150.4866,-33.732],[150.488,-33.7321],[150.4878,-33.7329],[150.4867,-33.7341],[150.4851,-33.7345],[150.4857,-33.736],[150.4872,-33.7363],[150.4874,-33.7354],[150.4883,-33.7356],[150.488,-33.737],[150.4919,-33.7375],[150.4892,-33.7505],[150.4862,-33.7501],[150.4856,-33.7525],[150.4861,-33.7536],[150.4807,-33.7529],[150.4812,-33.7493],[150.4744,-33.7483],[150.4742,-33.7493],[150.4715,-33.7489],[150.4707,-33.7525],[150.4627,-33.7512],[150.4616,-33.757],[150.46,-33.7567],[150.4579,-33.7574],[150.4555,-33.7564],[150.4528,-33.7564],[150.4526,-33.754],[150.4518,-33.7533],[150.4478,-33.7536],[150.4454,-33.7556],[150.4416,-33.7532],[150.4394,-33.7528],[150.4409,-33.7457],[150.4394,-33.7447],[150.4371,-33.745],[150.4368,-33.7471],[150.4338,-33.7468],[150.4313,-33.746],[150.431,-33.7442],[150.4294,-33.7424],[150.4206,-33.7418],[150.4155,-33.7352],[150.4161,-33.7324],[150.4128,-33.7319],[150.4124,-33.734],[150.407,-33.7332],[150.4078,-33.7295],[150.4012,-33.7286],[150.4009,-33.7306],[150.3964,-33.7302],[150.392,-33.7437],[150.3861,-33.7429],[150.3855,-33.7412],[150.3844,-33.7406],[150.3829,-33.7417],[150.3796,-33.7415],[150.38,-33.7423],[150.3792,-33.7452],[150.381,-33.7455],[150.3797,-33.7526],[150.3959,-33.7546],[150.3962,-33.7531],[150.4014,-33.7538],[150.3999,-33.7618],[150.3841,-33.7597],[150.3818,-33.7716],[150.3766,-33.7709]],[[148.586,-32.2596],[148.5844,-32.2679],[148.5973,-32.2858],[148.5989,-32.2946],[148.557,-32.289],[148.5634,-32.2831],[148.5719,-32.2777],[148.5746,-32.275],[148.5589,-32.273],[148.5627,-32.2529],[148.5592,-32.2524],[148.5632,-32.2308],[148.5546,-32.2297],[148.557,-32.2177],[148.5472,-32.2101],[148.5495,-32.1994],[148.5537,-32.1992],[148.5531,-32.2024],[148.5628,-32.2037],[148.5627,-32.2042],[148.5682,-32.2048],[148.5685,-32.2043],[148.5869,-32.2065],[148.5865,-32.2085],[148.5892,-32.2115],[148.5892,-32.2124],[148.5854,-32.2146],[148.5843,-32.2207],[148.611,-32.2243],[148.607,-32.2188],[148.6096,-32.2147],[148.6138,-32.2139],[148.615,-32.213],[148.615,-32.2059],[148.6169,-32.2035],[148.6175,-32.1989],[148.617,-32.1977],[148.6135,-32.1952],[148.6127,-32.1913],[148.6082,-32.1887],[148.6149,-32.1886],[148.6166,-32.1917],[148.6201,-32.1955],[148.6217,-32.1961],[148.6261,-32.1954],[148.6288,-32.1913],[148.6316,-32.1896],[148.6385,-32.1887],[148.6374,-32.1953],[148.6437,-32.1964],[148.6418,-32.1974],[148.6413,-32.2022],[148.6465,-32.2029],[148.6466,-32.2022],[148.663,-32.2004],[148.6612,-32.21],[148.6557,-32.2093],[148.6518,-32.2295],[148.6614,-32.2254],[148.6577,-32.2462],[148.6615,-32.2472],[148.6618,-32.2515],[148.6643,-32.2523],[148.6637,-32.2554],[148.6655,-32.2556],[148.6641,-32.2643],[148.6695,-32.2686],[148.6675,-32.2802],[148.6658,-32.28],[148.664,-32.2905],[148.6635,-32.2871],[148.6623,-32.2881],[148.6581,-32.2839],[148.6543,-32.2822],[148.6526,-32.2823],[148.6519,-32.2857],[148.6289,-32.2822],[148.6295,-32.2871],[148.6264,-32.2875],[148.6266,-32.291],[148.6259,-32.2894],[148.6222,-32.2897],[148.6169,-32.284],[148.6136,-32.2835],[148.6082,-32.2844],[148.6,-32.2819],[148.5989,-32.2814],[148.5978,-32.2782],[148.5957,-32.2756],[148.5961,-32.2747],[148.5988,-32.2743],[148.6011,-32.273],[148.6015,-32.2708],[148.5976,-32.2698],[148.593,-32.2708],[148.5914,-32.2666],[148.5921,-32.264],[148.5955,-32.2612],[148.5955,-32.2579],[148.5943,-32.2568],[148.5907,-32.2569],[148.59,-32.259],[148.5862,-32.2585],[148.586,-32.2596]],[[148.7634,-35.4943],[148.7652,-35.4909],[148.7744,-35.4861],[148.7745,-35.485],[148.7703,-35.4785],[148.7706,-35.4756],[148.7668,-35.4712],[148.7667,-35.4672],[148.7672,-35.4655],[148.7729,-35.4624],[148.7727,-35.4609],[148.776,-35.4549],[148.773,-35.4495],[148.7746,-35.4461],[148.7748,-35.4418],[148.7777,-35.44],[148.781,-35.4333],[148.7842,-35.4324],[148.7873,-35.4276],[148.7889,-35.4265],[148.7876,-35.4232],[148.7889,-35.4221],[148.7889,-35.418],[148.7902,-35.4157],[148.7872,-35.4141],[148.7863,-35.4128],[148.7858,-35.4089],[148.796,-35.4066],[148.7957,-35.393],[148.7994,-35.3902],[148.8036,-35.3888],[148.8048,-35.387],[148.8048,-35.3851],[148.8087,-35.3825],[148.8086,-35.3807],[148.8053,-35.3789],[148.8041,-35.3762],[148.8042,-35.3694],[148.8057,-35.3652],[148.8015,-35.3626],[148.7996,-35.359],[148.7967,-35.3584],[148.7992,-35.3543],[148.7993,-35.3504],[148.7987,-35.3481],[148.7969,-35.3464],[148.7955,-35.3419],[148.7935,-35.3391],[148.7985,-35.3321],[148.8017,-35.3292],[148.8023,-35.3256],[148.8011,-35.3218],[148.8028,-35.3198],[148.8037,-35.3168],[148.808,-35.3098],[148.8101,-35.3074],[149.0913,-35.1421],[149.0932,-35.1387],[149.1026,-35.1352],[149.1041,-35.1321],[149.1067,-35.131],[149.1097,-35.1311],[149.1127,-35.1277],[149.1155,-35.1262],[149.1181,-35.1265],[149.1209,-35.1244],[149.1264,-35.1253],[149.1289,-35.1275],[149.1298,-35.1271],[149.1321,-35.1285],[149.1371,-35.1273],[149.139,-35.128],[149.1387,-35.1289],[149.1401,-35.1304],[149.1388,-35.1325],[149.1388,-35.1348],[149.1402,-35.1349],[149.1407,-35.1358],[149.1449,-35.1344],[149.146,-35.1352],[149.1459,-35.136],[149.1496,-35.1384],[149.1493,-35.1418],[149.1472,-35.1429],[149.1467,-35.1446],[149.1502,-35.1451],[149.1527,-35.1437],[149.1561,-35.1444],[149.1575,-35.1439],[149.1592,-35.1416],[149.1643,-35.1419],[149.1648,-35.1436],[149.1632,-35.1468],[149.1652,-35.1501],[149.1635,-35.1515],[149.1624,-35.1538],[149.1676,-35.1582],[149.1676,-35.1598],[149.1695,-35.1602],[149.1718,-35.1584],[149.1728,-35.1586],[149.1732,-35.1596],[149.1741,-35.1583],[149.1765,-35.1582],[149.1774,-35.1593],[149.1794,-35.1588],[149.183,-35.16],[149.1837,-35.161],[149.1856,-35.1611],[149.1891,-35.1655],[149.1875,-35.17],[149.1836,-35.1757],[149.1859,-35.1779],[149.1914,-35.1793],[149.1955,-35.1845],[149.197,-35.1854],[149.1964,-35.1909],[149.1903,-35.1944],[149.1915,-35.1985],[149.1902,-35.2001],[149.1895,-35.2033],[149.1924,-35.2025],[149.1978,-35.2025],[149.2007,-35.205],[149.2007,-35.2064],[149.2042,-35.209],[149.2059,-35.2116],[149.2085,-35.2115],[149.2087,-35.2131],[149.2076,-35.216],[149.2061,-35.2163],[149.2025,-35.2246],[149.2043,-35.2267],[149.205,-35.2291],[149.2098,-35.2265],[149.2138,-35.2196],[149.22,-35.2207],[149.2235,-35.2191],[149.2258,-35.2193],[149.2288,-35.2217],[149.2317,-35.222],[149.2344,-35.221],[149.2371,-35.2224],[149.2387,-35.2222],[149.2407,-35.225],[149.2455,-35.2267],[149.2468,-35.2292],[149.2448,-35.2314],[149.2429,-35.2313],[149.2428,-35.2336],[149.2415,-35.235],[149.2412,-35.2368],[149.2346,-35.2405],[149.2344,-35.2428],[149.2349,-35.2434],[149.2379,-35.2436],[149.2419,-35.2464],[149.2443,-35.2464],[149.2458,-35.2474],[149.2472,-35.2465],[149.2494,-35.2472],[149.2503,-35.248],[149.2497,-35.2494],[149.2507,-35.2522],[149.253,-35.2522],[149.2554,-35.2563],[149.2573,-35.2572],[149.2613,-35.2569],[149.2629,-35.2585],[149.2677,-35.2594],[149.2696,-35.2588],[149.2732,-35.2592],[149.2726,-35.2618],[149.2738,-35.2632],[149.2735,-35.2661],[149.2721,-35.267],[149.2718,-35.2735],[149.2754,-35.2751],[149.277,-35.2713],[149.2796,-35.2707],[149.283,-35.2721],[149.2854,-35.2716],[149.2893,-35.2757],[149.2914,-35.2742],[149.2936,-35.2742],[149.2985,-35.2722],[149.3016,-35.2729],[149.3027,-35.2741],[149.3038,-35.2734],[149.3058,-35.274],[149.3062,-35.2745],[149.3054,-35.2755],[149.3066,-35.2765],[149.3091,-35.2762],[149.3098,-35.2783],[149.3117,-35.2775],[149.3121,-35.2766],[149.3153,-35.2762],[149.3166,-35.2794],[149.3163,-35.2818],[149.3209,-35.2844],[149.3225,-35.2867],[149.3246,-35.2864],[149.3254,-35.2835],[149.3276,-35.2824],[149.33,-35.2844],[149.3348,-35.2863],[149.3363,-35.2887],[149.3377,-35.287],[149.3397,-35.2863],[149.3415,-35.2867],[149.3414,-35.289],[149.3428,-35.2902],[149.3432,-35.292],[149.3489,-35.2921],[149.3481,-35.2935],[149.3497,-35.2944],[149.3505,-35.296],[149.3506,-35.2994],[149.355,-35.2997],[149.361,-35.3016],[149.3619,-35.3043],[149.3597,-35.3075],[149.3617,-35.309],[149.3668,-35.308],[149.3699,-35.3083],[149.3738,-35.3048],[149.3837,-35.3065],[149.3842,-35.3043],[149.3897,-35.3027],[149.3916,-35.3035],[149.3948,-35.3032],[149.3947,-35.3066],[149.3953,-35.3073],[149.3945,-35.3092],[149.3964,-35.3097],[149.3973,-35.311],[149.3967,-35.3142],[149.3972,-35.3173],[149.3993,-35.3191],[149.3972,-35.3243],[149.398,-35.3253],[149.394,-35.3276],[149.3902,-35.3311],[149.3858,-35.3323],[149.3753,-35.3377],[149.3669,-35.34],[149.365,-35.3422],[149.3645,-35.3477],[149.3599,-35.3484],[149.3556,-35.3507],[149.3503,-35.3513],[149.3479,-35.3505],[149.3409,-35.3448],[149.3388,-35.3409],[149.3364,-35.3397],[149.314,-35.336],[149.3048,-35.3358],[149.3018,-35.3333],[149.2956,-35.3332],[149.2937,-35.3321],[149.2954,-35.3332],[149.2921,-35.3338],[149.2846,-35.3377],[149.2817,-35.3381],[149.2766,-35.3359],[149.2684,-35.3351],[149.2624,-35.3313],[149.2586,-35.332],[149.2547,-35.3301],[149.2517,-35.3303],[149.2502,-35.3374],[149.2586,-35.3406],[149.256,-35.3534],[149.2536,-35.3532],[149.2539,-35.3561],[149.256,-35.3602],[149.2544,-35.3636],[149.255,-35.368],[149.2543,-35.3695],[149.2489,-35.3688],[149.248,-35.3737],[149.2509,-35.3749],[149.2502,-35.3764],[149.2364,-35.3785],[149.2341,-35.3775],[149.232,-35.3792],[149.2273,-35.3786],[149.2275,-35.3781],[149.2228,-35.3775],[149.2225,-35.3759],[149.2242,-35.3748],[149.2225,-35.3746],[149.2211,-35.3754],[149.2205,-35.3734],[149.2213,-35.3735],[149.2217,-35.372],[149.2197,-35.3719],[149.2171,-35.3848],[149.218,-35.3849],[149.2169,-35.3902],[149.2137,-35.3898],[149.2128,-35.3943],[149.2085,-35.3936],[149.2058,-35.4076],[149.1918,-35.4058],[149.1913,-35.4025],[149.1946,-35.4023],[149.1945,-35.399],[149.1958,-35.3959],[149.1943,-35.3944],[149.1929,-35.3947],[149.1927,-35.3933],[149.191,-35.3928],[149.1893,-35.3873],[149.187,-35.3873],[149.1844,-35.3886],[149.1817,-35.388],[149.1778,-35.3851],[149.1573,-35.4072],[149.1472,-35.4142],[149.1457,-35.4169],[149.1441,-35.4242],[149.1385,-35.4285],[149.1391,-35.4325],[149.1406,-35.4341],[149.1434,-35.4341],[149.1454,-35.4332],[149.1524,-35.4334],[149.1542,-35.4342],[149.1551,-35.436],[149.153,-35.4395],[149.1524,-35.4434],[149.1483,-35.444],[149.1463,-35.4451],[149.1434,-35.4471],[149.1424,-35.4511],[149.1373,-35.4517],[149.1351,-35.454],[149.1361,-35.4575],[149.136,-35.4602],[149.138,-35.4635],[149.1386,-35.4683],[149.1447,-35.4759],[149.1516,-35.4932],[149.1507,-35.5098],[149.1326,-35.5492],[149.1315,-35.5536],[149.1357,-35.5709],[149.1348,-35.5712],[149.1358,-35.5713],[149.1407,-35.5886],[149.1427,-35.5928],[149.1303,-35.591],[149.1301,-35.5924],[149.126,-35.5919],[149.1265,-35.5897],[149.1252,-35.5896],[149.1256,-35.5875],[149.1125,-35.5852],[149.1105,-35.5871],[149.1092,-35.5863],[149.1091,-35.5841],[149.0846,-35.5808],[149.0829,-35.5846],[149.0781,-35.5864],[149.0791,-35.593],[149.0782,-35.5953],[149.0794,-35.5974],[149.0782,-35.5988],[149.0801,-35.605],[149.0792,-35.6077],[149.0826,-35.6136],[149.0845,-35.6146],[149.0852,-35.6196],[149.0842,-35.6217],[149.0879,-35.6279],[149.0873,-35.6303],[149.0886,-35.6341],[149.0865,-35.6359],[149.0874,-35.6367],[149.0876,-35.6397],[149.089,-35.6411],[149.0924,-35.6397],[149.0956,-35.6403],[149.0961,-35.6456],[149.0975,-35.6473],[149.0968,-35.6517],[149.0954,-35.653],[149.0985,-35.6572],[149.0959,-35.6614],[149.0967,-35.6632],[149.0957,-35.6681],[149.0973,-35.6736],[149.095,-35.6768],[149.0953,-35.6793],[149.0994,-35.6839],[149.1044,-35.6849],[149.1048,-35.6873],[149.1038,-35.6907],[149.1059,-35.6911],[149.1094,-35.6966],[149.1075,-35.7023],[149.1023,-35.7072],[149.1011,-35.7129],[149.0993,-35.7147],[149.1007,-35.719],[149.1039,-35.7233],[149.1041,-35.725],[149.1037,-35.726],[149.0991,-35.7293],[149.1006,-35.7335],[149.1007,-35.7363],[149.0962,-35.7437],[149.0956,-35.746],[149.097,-35.7474],[149.0951,-35.7504],[149.0964,-35.7528],[149.0949,-35.7543],[149.0946,-35.7566],[149.0929,-35.7591],[149.0933,-35.7627],[149.0907,-35.7656],[149.0933,-35.7708],[149.0916,-35.7739],[149.0974,-35.7774],[149.0931,-35.7832],[149.0935,-35.7872],[149.0961,-35.7872],[149.1003,-35.7903],[149.1002,-35.7941],[149.0978,-35.796],[149.0968,-35.7982],[149.0971,-35.7997],[149.0998,-35.8018],[149.0998,-35.8033],[149.1015,-35.8037],[149.0997,-35.8072],[149.0983,-35.8079],[149.1005,-35.81],[149.0996,-35.8119],[149.1006,-35.8147],[149.0988,-35.8169],[149.0959,-35.8176],[149.096,-35.8197],[149.0945,-35.8212],[149.095,-35.822],[149.0936,-35.8241],[149.0946,-35.8308],[149.0937,-35.8339],[149.092,-35.8354],[149.093,-35.8382],[149.0954,-35.8391],[149.0946,-35.8415],[149.0958,-35.8433],[149.0957,-35.8456],[149.0949,-35.8468],[149.0933,-35.8465],[149.089,-35.8482],[149.0866,-35.8482],[149.0842,-35.8502],[149.0845,-35.8522],[149.0822,-35.8531],[149.0798,-35.859],[149.0768,-35.8606],[149.0743,-35.8658],[149.0677,-35.8708],[149.0643,-35.8749],[149.0643,-35.8761],[149.0615,-35.8801],[149.0624,-35.8845],[149.0601,-35.8883],[149.0617,-35.8914],[149.0608,-35.8933],[149.0586,-35.8947],[149.0588,-35.8959],[149.0542,-35.8988],[149.0518,-35.9021],[149.0517,-35.9034],[149.0572,-35.9073],[149.056,-35.9093],[149.0549,-35.9139],[149.049,-35.9202],[149.0464,-35.9205],[149.0449,-35.9193],[149.0441,-35.9163],[149.04,-35.9139],[149.0363,-35.9138],[149.034,-35.911],[149.0314,-35.9112],[149.0278,-35.9127],[149.0251,-35.9103],[149.0229,-35.906],[149.0124,-35.8996],[149.0088,-35.9013],[149.0035,-35.9012],[148.9994,-35.9027],[148.9974,-35.901],[148.9977,-35.8964],[148.9932,-35.8952],[148.9908,-35.8959],[148.988,-35.8956],[148.9843,-35.8941],[148.9757,-35.8922],[148.9678,-35.894],[148.9663,-35.8972],[148.9616,-35.8967],[148.9592,-35.8954],[148.9595,-35.8943],[148.9584,-35.8917],[148.9529,-35.8883],[148.9446,-35.8814],[148.9405,-35.8758],[148.9322,-35.8729],[148.9322,-35.8705],[148.9303,-35.8681],[148.928,-35.8672],[148.925,-35.8638],[148.9198,-35.8607],[148.9195,-35.8598],[148.9205,-35.8588],[148.92,-35.8572],[148.9164,-35.8558],[148.913,-35.8555],[148.9106,-35.8532],[148.9094,-35.8531],[148.9079,-35.8508],[148.9079,-35.8479],[148.904,-35.8425],[148.9053,-35.8397],[148.9031,-35.8353],[148.9038,-35.8333],[148.9066,-35.8321],[148.9071,-35.8296],[148.9062,-35.828],[148.9036,-35.8261],[148.8998,-35.8259],[148.8976,-35.8247],[148.8966,-35.8179],[148.8925,-35.8166],[148.8911,-35.8139],[148.8867,-35.8101],[148.8892,-35.8076],[148.8908,-35.8036],[148.893,-35.8015],[148.8932,-35.7993],[148.8978,-35.7947],[148.895,-35.7847],[148.8954,-35.7818],[148.8948,-35.7805],[148.8955,-35.7793],[148.8947,-35.7777],[148.8949,-35.7719],[148.8951,-35.7708],[148.8993,-35.7677],[148.9023,-35.7633],[148.9018,-35.7617],[148.9033,-35.7579],[148.8988,-35.7513],[148.8941,-35.7513],[148.8909,-35.7407],[148.8881,-35.7371],[148.8884,-35.7337],[148.8925,-35.7305],[148.8923,-35.7284],[148.8867,-35.7192],[148.8838,-35.7172],[148.8777,-35.715],[148.8725,-35.7214],[148.8716,-35.7256],[148.8686,-35.731],[148.8672,-35.7319],[148.8658,-35.7316],[148.8641,-35.7339],[148.8674,-35.7387],[148.8668,-35.7406],[148.8649,-35.7424],[148.8639,-35.748],[148.8614,-35.7502],[148.8607,-35.7528],[148.8624,-35.7575],[148.8597,-35.7606],[148.8575,-35.7615],[148.8557,-35.761],[148.8549,-35.7593],[148.8561,-35.7535],[148.854,-35.7512],[148.8471,-35.7505],[148.841,-35.7466],[148.8358,-35.7419],[148.8329,-35.735],[148.8302,-35.7322],[148.829,-35.7277],[148.8279,-35.7262],[148.8236,-35.7242],[148.8225,-35.721],[148.8187,-35.7187],[148.8128,-35.7198],[148.8115,-35.7182],[148.8086,-35.7172],[148.8053,-35.714],[148.8041,-35.714],[148.7963,-35.7094],[148.7962,-35.7079],[148.7911,-35.7034],[148.7884,-35.6978],[148.7914,-35.6933],[148.7914,-35.6896],[148.7924,-35.6893],[148.7932,-35.6868],[148.7975,-35.6804],[148.7984,-35.6761],[148.7972,-35.6717],[148.7984,-35.6666],[148.7906,-35.6593],[148.7876,-35.6606],[148.7861,-35.6574],[148.7833,-35.6563],[148.7735,-35.6555],[148.7722,-35.6537],[148.7731,-35.652],[148.7728,-35.65],[148.7702,-35.6499],[148.7675,-35.6474],[148.7691,-35.6459],[148.7714,-35.6459],[148.772,-35.6412],[148.7709,-35.64],[148.7804,-35.633],[148.7834,-35.6285],[148.7824,-35.6262],[148.7807,-35.626],[148.7796,-35.6237],[148.7806,-35.6203],[148.7804,-35.6176],[148.7791,-35.6148],[148.7763,-35.6117],[148.7727,-35.6094],[148.7684,-35.6033],[148.7722,-35.6014],[148.7745,-35.598],[148.7832,-35.5954],[148.784,-35.5934],[148.7875,-35.5906],[148.7888,-35.5883],[148.7861,-35.5825],[148.7826,-35.5813],[148.7821,-35.5792],[148.7729,-35.5678],[148.7785,-35.5635],[148.7779,-35.5585],[148.7732,-35.5489],[148.77,-35.5456],[148.7694,-35.5437],[148.77,-35.537],[148.7722,-35.5299],[148.768,-35.525],[148.7672,-35.5134],[148.7661,-35.5109],[148.7683,-35.5083],[148.7678,-35.5071],[148.7652,-35.5053],[148.7644,-35.5032],[148.7644,-35.4996],[148.7628,-35.4955],[148.7634,-35.4943]]],[[[151.5684,-33.1515],[151.5722,-33.1555],[151.5719,-33.1574],[151.5702,-33.1597],[151.5715,-33.1599],[151.5683,-33.1619],[151.5702,-33.1622],[151.5698,-33.164],[151.5775,-33.1651],[151.578,-33.167],[151.5737,-33.1663],[151.5747,-33.171],[151.5742,-33.1732],[151.5802,-33.1741],[151.5841,-33.1865],[151.5831,-33.187],[151.59,-33.1969],[151.5864,-33.1988],[151.5884,-33.2016],[151.5861,-33.2019],[151.587,-33.2035],[151.5886,-33.2046],[151.5918,-33.2051],[151.5912,-33.2076],[151.602,-33.2093],[151.6121,-33.2021],[151.6164,-33.2024],[151.6183,-33.2006],[151.6181,-33.1995],[151.6201,-33.1997],[151.6201,-33.1981],[151.6233,-33.1975],[151.6251,-33.198],[151.6252,-33.197],[151.6222,-33.1954],[151.6225,-33.1945],[151.6241,-33.194],[151.6239,-33.1933],[151.6232,-33.1936],[151.6235,-33.1915],[151.6219,-33.1906],[151.6228,-33.188],[151.6243,-33.1869],[151.6267,-33.1867],[151.6281,-33.1878],[151.6293,-33.1871],[151.6282,-33.1856],[151.6295,-33.1858],[151.6287,-33.1846],[151.6301,-33.185],[151.6286,-33.1819],[151.629,-33.1801],[151.6283,-33.1791],[151.6309,-33.1768],[151.6331,-33.1756],[151.6354,-33.1768],[151.637,-33.177],[151.6371,-33.1761],[151.6384,-33.1765],[151.6384,-33.1752],[151.6342,-33.174],[151.6355,-33.1718],[151.633,-33.1719],[151.6316,-33.17],[151.6318,-33.1672],[151.6364,-33.1658],[151.6365,-33.1632],[151.635,-33.1636],[151.6355,-33.1631],[151.631,-33.1624],[151.6304,-33.1627],[151.6312,-33.1647],[151.6251,-33.167],[151.6188,-33.164],[151.6201,-33.161],[151.6169,-33.1592],[151.6178,-33.1587],[151.6228,-33.1597],[151.6234,-33.1627],[151.626,-33.162],[151.625,-33.1617],[151.6249,-33.1578],[151.6278,-33.1568],[151.6297,-33.157],[151.6303,-33.1534],[151.6339,-33.148],[151.6363,-33.1461],[151.6387,-33.1468],[151.6395,-33.1458],[151.6379,-33.1432],[151.6395,-33.1441],[151.643,-33.1405],[151.6427,-33.1395],[151.6438,-33.1381],[151.6422,-33.1355],[151.6445,-33.1375],[151.6439,-33.1356],[151.6428,-33.1348],[151.6447,-33.1325],[151.6427,-33.1307],[151.6435,-33.1296],[151.6446,-33.1296],[151.6439,-33.1291],[151.6443,-33.1286],[151.647,-33.1287],[151.6465,-33.1271],[151.6477,-33.1253],[151.6469,-33.1239],[151.6476,-33.121],[151.6535,-33.1205],[151.6516,-33.1193],[151.6505,-33.1203],[151.6487,-33.1204],[151.6474,-33.1187],[151.6473,-33.1168],[151.6451,-33.1165],[151.6448,-33.1177],[151.6461,-33.12],[151.6435,-33.1203],[151.6426,-33.119],[151.643,-33.1183],[151.6412,-33.1165],[151.6418,-33.116],[151.64,-33.1158],[151.6416,-33.113],[151.6403,-33.1125],[151.6406,-33.1112],[151.6393,-33.1086],[151.6399,-33.1086],[151.6393,-33.1082],[151.6398,-33.1078],[151.6381,-33.1082],[151.6395,-33.1102],[151.6389,-33.1111],[151.6357,-33.1105],[151.635,-33.1092],[151.6353,-33.1062],[151.6368,-33.1059],[151.6371,-33.1047],[151.6356,-33.1023],[151.6385,-33.0999],[151.6362,-33.0988],[151.6363,-33.0967],[151.6312,-33.0986],[151.6292,-33.1001],[151.6287,-33.1015],[151.6276,-33.0993],[151.6283,-33.0972],[151.6297,-33.0957],[151.626,-33.0951],[151.624,-33.0959],[151.6245,-33.0944],[151.6235,-33.0935],[151.6249,-33.0935],[151.6249,-33.0926],[151.6229,-33.0927],[151.6223,-33.0953],[151.6174,-33.1008],[151.6168,-33.103],[151.6174,-33.1052],[151.6159,-33.111],[151.6213,-33.1105],[151.6211,-33.1147],[151.62,-33.1149],[151.6232,-33.1186],[151.6223,-33.1191],[151.6235,-33.1199],[151.6241,-33.122],[151.6236,-33.1231],[151.6209,-33.124],[151.6208,-33.1249],[151.619,-33.1245],[151.6192,-33.1232],[151.615,-33.1226],[151.615,-33.1245],[151.6138,-33.126],[151.6098,-33.1286],[151.6185,-33.13],[151.6157,-33.133],[151.6113,-33.1348],[151.6099,-33.1361],[151.6091,-33.138],[151.6104,-33.1433],[151.6032,-33.1433],[151.6048,-33.1472],[151.6039,-33.148],[151.6018,-33.1483],[151.598,-33.1466],[151.5974,-33.1491],[151.5984,-33.1503],[151.5974,-33.1516],[151.5987,-33.1527],[151.5998,-33.1559],[151.6009,-33.157],[151.6007,-33.1579],[151.5973,-33.1615],[151.5953,-33.1618],[151.5949,-33.1573],[151.5915,-33.1528],[151.5879,-33.1497],[151.5711,-33.1475],[151.5684,-33.1515]]],[[[159.0634,-31.5158],[159.0644,-31.5145],[159.0638,-31.5113],[159.0647,-31.5108],[159.0647,-31.5097],[159.059,-31.5126],[159.0474,-31.5129],[159.0432,-31.5119],[159.0435,-31.5146],[159.0427,-31.5133],[159.0416,-31.5137],[159.04,-31.512],[159.0394,-31.5126],[159.038,-31.5122],[159.0389,-31.5149],[159.0373,-31.5153],[159.0369,-31.5169],[159.0385,-31.5207],[159.0383,-31.5223],[159.0393,-31.5227],[159.0426,-31.5222],[159.0434,-31.5201],[159.0424,-31.5193],[159.0426,-31.5186],[159.0452,-31.5172],[159.0479,-31.5183],[159.0489,-31.521],[159.0514,-31.5233],[159.0538,-31.5193],[159.057,-31.5198],[159.0578,-31.5211],[159.0576,-31.5233],[159.059,-31.524],[159.0596,-31.525],[159.059,-31.5251],[159.0613,-31.5251],[159.0641,-31.5271],[159.071,-31.537],[159.0731,-31.5384],[159.0771,-31.5431],[159.0766,-31.5451],[159.0744,-31.548],[159.0751,-31.5491],[159.0743,-31.5506],[159.0764,-31.5547],[159.0753,-31.5607],[159.0758,-31.5653],[159.075,-31.5672],[159.0756,-31.5692],[159.0735,-31.5726],[159.0712,-31.5743],[159.0721,-31.576],[159.0689,-31.578],[159.07,-31.5819],[159.0679,-31.5834],[159.0666,-31.5884],[159.0672,-31.5911],[159.0693,-31.5927],[159.0686,-31.5956],[159.0711,-31.5947],[159.0727,-31.5969],[159.0725,-31.5978],[159.0736,-31.5978],[159.0747,-31.5971],[159.0739,-31.5968],[159.0741,-31.5952],[159.076,-31.5938],[159.0765,-31.5923],[159.0785,-31.5923],[159.0797,-31.5908],[159.0813,-31.5908],[159.0813,-31.5896],[159.0863,-31.5834],[159.0868,-31.5815],[159.0885,-31.5819],[159.0897,-31.5806],[159.0897,-31.578],[159.0928,-31.5751],[159.0942,-31.571],[159.0996,-31.5734],[159.0978,-31.5723],[159.0967,-31.5693],[159.0955,-31.5687],[159.0962,-31.5686],[159.0957,-31.5667],[159.0988,-31.5667],[159.0977,-31.5643],[159.1011,-31.5646],[159.1026,-31.5662],[159.1054,-31.5639],[159.1037,-31.5644],[159.1047,-31.5634],[159.104,-31.5632],[159.1048,-31.5625],[159.1042,-31.5615],[159.1016,-31.5625],[159.1042,-31.5581],[159.1035,-31.5578],[159.1014,-31.559],[159.1016,-31.5582],[159.1004,-31.5569],[159.0987,-31.5592],[159.0979,-31.5592],[159.0979,-31.5576],[159.0971,-31.557],[159.0976,-31.5557],[159.0958,-31.5541],[159.095,-31.5543],[159.096,-31.5527],[159.0977,-31.5522],[159.096,-31.551],[159.0959,-31.5498],[159.0938,-31.5492],[159.0924,-31.5468],[159.0949,-31.5458],[159.0947,-31.545],[159.0935,-31.545],[159.0922,-31.5465],[159.0918,-31.5458],[159.0877,-31.5452],[159.0847,-31.5434],[159.0819,-31.5398],[159.0813,-31.5379],[159.0825,-31.537],[159.0823,-31.5346],[159.082,-31.5352],[159.0806,-31.534],[159.08,-31.5322],[159.0812,-31.5266],[159.0781,-31.5262],[159.0779,-31.5271],[159.0757,-31.5274],[159.0736,-31.5232],[159.0737,-31.5219],[159.0727,-31.521],[159.0728,-31.5188],[159.0717,-31.5184],[159.0725,-31.5179],[159.0687,-31.5177],[159.0677,-31.5186],[159.0658,-31.5187],[159.0638,-31.5174],[159.0634,-31.5158]]],[[[153.1621,-30.1896],[153.1587,-30.192],[153.1587,-30.1973],[153.1538,-30.1979],[153.1533,-30.1969],[153.1535,-30.2006],[153.152,-30.2009],[153.1531,-30.2014],[153.1546,-30.2006],[153.1592,-30.2026],[153.1586,-30.2044],[153.1552,-30.2069],[153.1584,-30.2097],[153.1577,-30.2124],[153.1596,-30.2118],[153.162,-30.2123],[153.1621,-30.208],[153.167,-30.198],[153.1748,-30.1877],[153.1805,-30.1817],[153.174,-30.1806],[153.1715,-30.1835],[153.1689,-30.1823],[153.1674,-30.183],[153.1668,-30.1859],[153.1676,-30.1881],[153.166,-30.1879],[153.1639,-30.1855],[153.1621,-30.1896]]],[[[152.3236,-32.6156],[152.3231,-32.6135],[152.3197,-32.614],[152.3188,-32.6136],[152.319,-32.6128],[152.3181,-32.6138],[152.3166,-32.6138],[152.3155,-32.6118],[152.3138,-32.6134],[152.3115,-32.6132],[152.3095,-32.612],[152.309,-32.6106],[152.3068,-32.6097],[152.3067,-32.6067],[152.3053,-32.6072],[152.3063,-32.609],[152.3055,-32.6103],[152.3059,-32.612],[152.307,-32.6131],[152.3078,-32.6127],[152.3073,-32.615],[152.3082,-32.6153],[152.3071,-32.6172],[152.308,-32.6164],[152.3074,-32.6172],[152.3088,-32.6176],[152.3106,-32.6163],[152.3131,-32.6185],[152.3132,-32.6206],[152.3122,-32.6213],[152.3132,-32.622],[152.3127,-32.6232],[152.3133,-32.6241],[152.312,-32.6257],[152.312,-32.6268],[152.3132,-32.6265],[152.3129,-32.6254],[152.3142,-32.6256],[152.3138,-32.6244],[152.3152,-32.6234],[152.316,-32.6243],[152.3155,-32.6244],[152.3167,-32.6242],[152.3183,-32.628],[152.3192,-32.6279],[152.3175,-32.6258],[152.3181,-32.6249],[152.3177,-32.6235],[152.3152,-32.6211],[152.3153,-32.62],[152.3164,-32.6201],[152.3151,-32.6185],[152.3169,-32.6176],[152.3204,-32.6219],[152.3246,-32.6198],[152.3261,-32.6204],[152.3286,-32.6174],[152.326,-32.6162],[152.3261,-32.6156],[152.3236,-32.6156]]],[[[152.1982,-32.7462],[152.1992,-32.7467],[152.1997,-32.7482],[152.2034,-32.7485],[152.2026,-32.7459],[152.201,-32.7445],[152.2032,-32.7441],[152.2032,-32.7424],[152.2017,-32.7427],[152.2005,-32.741],[152.1989,-32.7415],[152.1984,-32.7406],[152.1969,-32.7404],[152.1959,-32.7408],[152.1958,-32.7417],[152.1939,-32.74],[152.1924,-32.7398],[152.1914,-32.742],[152.1885,-32.7422],[152.1899,-32.7441],[152.1877,-32.7474],[152.1849,-32.7497],[152.1873,-32.7499],[152.1878,-32.751],[152.1891,-32.7505],[152.1905,-32.7512],[152.1921,-32.7492],[152.1937,-32.7499],[152.193,-32.7485],[152.1942,-32.7484],[152.1938,-32.7476],[152.1946,-32.747],[152.1963,-32.7478],[152.1961,-32.747],[152.1974,-32.7469],[152.1971,-32.7461],[152.1982,-32.7462]]],[[[150.2307,-36.2447],[150.2306,-36.2436],[150.2291,-36.243],[150.228,-36.2439],[150.2273,-36.243],[150.2257,-36.2429],[150.2248,-36.2442],[150.2239,-36.244],[150.2249,-36.2447],[150.2245,-36.2456],[150.2232,-36.2456],[150.2259,-36.2483],[150.2245,-36.2487],[150.224,-36.2497],[150.2251,-36.2503],[150.2233,-36.2513],[150.2239,-36.2537],[150.2228,-36.2562],[150.2271,-36.2595],[150.2293,-36.2586],[150.2287,-36.2573],[150.2297,-36.2569],[150.2288,-36.2559],[150.2297,-36.2556],[150.2285,-36.255],[150.2299,-36.2542],[150.2294,-36.2523],[150.2302,-36.2518],[150.2293,-36.2511],[150.2309,-36.2505],[150.2303,-36.2503],[150.2307,-36.2497],[150.2293,-36.2501],[150.2269,-36.248],[150.2272,-36.2472],[150.2296,-36.2472],[150.2297,-36.2459],[150.2289,-36.2455],[150.2307,-36.2447]]],[[[151.5989,-33.0993],[151.597,-33.0963],[151.594,-33.0963],[151.593,-33.0954],[151.5904,-33.0909],[151.5911,-33.088],[151.5888,-33.0882],[151.585,-33.0916],[151.5924,-33.0997],[151.5969,-33.1005],[151.5989,-33.1002],[151.5989,-33.0993]]],[[[151.98,-32.6735],[151.982,-32.6709],[151.9815,-32.6697],[151.9802,-32.6692],[151.9793,-32.6672],[151.974,-32.6654],[151.9771,-32.674],[151.98,-32.6776],[151.98,-32.6735]]],[[[150.4185,-35.5314],[150.4192,-35.5322],[150.4211,-35.5316],[150.4201,-35.5299],[150.4208,-35.526],[150.415,-35.5269],[150.4113,-35.5303],[150.4121,-35.5321],[150.413,-35.5324],[150.4148,-35.5308],[150.4185,-35.5314]]],[[[151.9654,-32.6735],[151.9661,-32.6748],[151.9683,-32.6746],[151.97,-32.6756],[151.9734,-32.6796],[151.9749,-32.6802],[151.9711,-32.6733],[151.9704,-32.6676],[151.9662,-32.6699],[151.9654,-32.6735]]],[[[151.2045,-33.5328],[151.2141,-33.5332],[151.216,-33.5323],[151.2168,-33.53],[151.2157,-33.5284],[151.2122,-33.5278],[151.2095,-33.5302],[151.2045,-33.5328]]],[[[151.1786,-33.5156],[151.1797,-33.5182],[151.1831,-33.5192],[151.1829,-33.5162],[151.181,-33.5129],[151.1805,-33.5104],[151.1773,-33.5073],[151.176,-33.5097],[151.1779,-33.5106],[151.1786,-33.5156]]],[[[152.3308,-32.6191],[152.331,-32.6207],[152.3336,-32.6243],[152.3362,-32.6248],[152.3366,-32.6228],[152.3356,-32.6213],[152.336,-32.6206],[152.3369,-32.6209],[152.3361,-32.6198],[152.3333,-32.6199],[152.3338,-32.6189],[152.3327,-32.6177],[152.3335,-32.6175],[152.3331,-32.6167],[152.3314,-32.6174],[152.3308,-32.6191]]],[[[159.0684,-31.5013],[159.07,-31.5023],[159.0717,-31.5017],[159.0689,-31.4985],[159.0696,-31.4971],[159.0675,-31.4981],[159.0672,-31.4973],[159.0655,-31.4975],[159.0665,-31.4996],[159.0671,-31.4992],[159.0684,-31.5013]]],[[[151.9978,-32.7006],[151.9996,-32.7036],[152.0034,-32.7058],[152.0033,-32.7037],[152.0016,-32.7016],[151.9984,-32.7],[151.9976,-32.7],[151.9978,-32.7006]]],[[[153.3905,-29.9262],[153.3923,-29.9281],[153.3924,-29.9241],[153.391,-29.9232],[153.3896,-29.924],[153.3888,-29.9231],[153.3882,-29.9248],[153.3896,-29.9263],[153.3905,-29.9262]]],[[[151.315,-33.5558],[151.3163,-33.5579],[151.318,-33.5586],[151.32,-33.5584],[151.3209,-33.5572],[151.3159,-33.555],[151.315,-33.5558]]],[[[153.2672,-30.2029],[153.2678,-30.2023],[153.2657,-30.2029],[153.2653,-30.2046],[153.2674,-30.2077],[153.268,-30.2064],[153.2685,-30.2068],[153.2694,-30.206],[153.2675,-30.2054],[153.2672,-30.2029]]],[[[144.1288,-35.6346],[144.1304,-35.6333],[144.1314,-35.6334],[144.1305,-35.6352],[144.1323,-35.6342],[144.132,-35.6331],[144.1306,-35.6324],[144.1281,-35.6335],[144.1274,-35.6318],[144.125,-35.6302],[144.1246,-35.6309],[144.1267,-35.632],[144.1273,-35.6342],[144.1288,-35.6346]]],[[[153.3926,-29.9317],[153.3937,-29.933],[153.3948,-29.9328],[153.394,-29.9289],[153.3928,-29.9274],[153.3926,-29.9317]]],[[[150.2585,-35.7515],[150.2576,-35.7503],[150.2589,-35.7491],[150.257,-35.749],[150.2554,-35.7517],[150.256,-35.7524],[150.2568,-35.7519],[150.2575,-35.7532],[150.2586,-35.7529],[150.2585,-35.7515]]],[[[150.2603,-35.7477],[150.2596,-35.7493],[150.2608,-35.7513],[150.2618,-35.7502],[150.2607,-35.7491],[150.2621,-35.7492],[150.2623,-35.7485],[150.2603,-35.7466],[150.2603,-35.7477]]],[[[150.3344,-35.6315],[150.332,-35.6302],[150.3308,-35.6304],[150.3349,-35.6333],[150.3344,-35.6315]]],[[[150.3113,-35.6657],[150.3104,-35.6652],[150.3097,-35.6671],[150.3122,-35.6684],[150.3113,-35.6657]]],[[[150.3886,-35.5532],[150.3903,-35.5549],[150.392,-35.5546],[150.3906,-35.5529],[150.3886,-35.5532]]],[[[151.152,-33.5277],[151.1523,-33.5285],[151.1536,-33.5282],[151.154,-33.5268],[151.1533,-33.5253],[151.152,-33.5277]]],[[[159.1068,-31.54],[159.1061,-31.5412],[159.1073,-31.5419],[159.1092,-31.5391],[159.1068,-31.54]]],[[[153.1824,-30.2407],[153.1809,-30.2393],[153.1792,-30.2403],[153.1803,-30.2414],[153.1824,-30.2407]]],[[[152.3164,-32.6301],[152.3179,-32.6305],[152.3174,-32.6277],[152.316,-32.6283],[152.3166,-32.6284],[152.3164,-32.6301]]],[[[153.2783,-29.9185],[153.2764,-29.9187],[153.2759,-29.9204],[153.2774,-29.9206],[153.2783,-29.9185]]],[[[153.2709,-30.0163],[153.2703,-30.0159],[153.2706,-30.0195],[153.2717,-30.0177],[153.2715,-30.0154],[153.2709,-30.0163]]],[[[150.3623,-35.5764],[150.3651,-35.5783],[150.3644,-35.5767],[150.3623,-35.5764]]],[[[152.1423,-32.7679],[152.1433,-32.7685],[152.1451,-32.7679],[152.143,-32.7668],[152.1423,-32.7679]]],[[[159.061,-31.5346],[159.0582,-31.5349],[159.0603,-31.5354],[159.061,-31.5346]]],[[[153.0764,-30.4298],[153.0756,-30.4293],[153.0754,-30.4298],[153.0765,-30.4313],[153.0764,-30.4324],[153.0776,-30.4328],[153.0781,-30.4318],[153.0772,-30.4318],[153.0764,-30.4298]]],[[[153.2581,-29.973],[153.2587,-29.9743],[153.2597,-29.974],[153.2591,-29.9727],[153.2581,-29.973]]],[[[151.9839,-32.6698],[151.9856,-32.6713],[151.9871,-32.6712],[151.9839,-32.6698]]],[[[159.07,-31.4963],[159.071,-31.4962],[159.0707,-31.494],[159.0696,-31.4951],[159.07,-31.4963]]],[[[153.0895,-30.911],[153.0904,-30.9117],[153.0915,-30.9113],[153.0906,-30.9102],[153.0895,-30.911]]],[[[152.0174,-32.6732],[152.017,-32.6728],[152.0157,-32.6744],[152.0169,-32.6744],[152.0174,-32.6732]]],[[[150.3532,-35.5865],[150.3552,-35.5869],[150.353,-35.5859],[150.3532,-35.5865]]],[[[152.5522,-32.4633],[152.5534,-32.4632],[152.5531,-32.4618],[152.5522,-32.4633]]],[[[159.0722,-31.5017],[159.0727,-31.5028],[159.0739,-31.5018],[159.0722,-31.5017]]],[[[150.0058,-37.141],[150.0053,-37.1423],[150.0063,-37.1426],[150.0066,-37.1418],[150.0058,-37.141]]],[[[153.2598,-29.9754],[153.2609,-29.9751],[153.2602,-29.9741],[153.2598,-29.9754]]],[[[159.0714,-31.5993],[159.0734,-31.5993],[159.072,-31.5987],[159.0714,-31.5993]]],[[[152.2054,-32.7423],[152.2043,-32.742],[152.2041,-32.7426],[152.2049,-32.7432],[152.2054,-32.7423]]],[[[152.1608,-32.7641],[152.1615,-32.7652],[152.1615,-32.7636],[152.1608,-32.7641]]],[[[152.1772,-32.7558],[152.1793,-32.7562],[152.1772,-32.7553],[152.1772,-32.7558]]],[[[159.0675,-31.5046],[159.0688,-31.5042],[159.0679,-31.5036],[159.0675,-31.5046]]],[[[149.9699,-36.7859],[149.9691,-36.7857],[149.9693,-36.787],[149.9699,-36.7859]]],[[[153.0876,-30.9155],[153.0885,-30.9161],[153.0889,-30.9156],[153.0875,-30.9147],[153.0876,-30.9155]]],[[[159.0718,-31.4873],[159.0709,-31.487],[159.0706,-31.4883],[159.0718,-31.4873]]],[[[152.5412,-32.4479],[152.5429,-32.4476],[152.5416,-32.4471],[152.5412,-32.4479]]],[[[153.3031,-29.7732],[153.304,-29.7737],[153.3036,-29.7727],[153.3031,-29.7732]]],[[[159.0623,-31.5089],[159.0631,-31.5092],[159.0637,-31.5087],[159.0623,-31.5089]]],[[[152.5449,-32.0805],[152.5461,-32.0808],[152.5456,-32.0802],[152.5449,-32.0805]]],[[[153.1005,-30.9384],[153.1016,-30.9394],[153.1008,-30.9379],[153.1005,-30.9384]]],[[[153.065,-31.0563],[153.0657,-31.0556],[153.0648,-31.0555],[153.065,-31.0563]]],[[[153.0761,-30.9497],[153.0774,-30.9487],[153.0769,-30.9486],[153.0761,-30.9497]]],[[[151.9824,-32.6724],[151.9838,-32.6725],[151.9835,-32.6719],[151.9824,-32.6724]]],[[[149.9731,-36.7792],[149.9736,-36.7784],[149.9732,-36.778],[149.9731,-36.7792]]],[[[152.1715,-32.7624],[152.1726,-32.7626],[152.1729,-32.7623],[152.1715,-32.7624]]],[[[152.3177,-32.624],[152.3188,-32.6246],[152.3181,-32.6239],[152.3177,-32.624]]],[[[153.3657,-29.3602],[153.3664,-29.3596],[153.3655,-29.3598],[153.3657,-29.3602]]],[[[150.3588,-35.5864],[150.3598,-35.5864],[150.3594,-35.5861],[150.3588,-35.5864]]],[[[150.1499,-36.2616],[150.1509,-36.2627],[150.1512,-36.2625],[150.1499,-36.2616]]],[[[159.0642,-31.5016],[159.0651,-31.5016],[159.0644,-31.501],[159.0642,-31.5016]]],[[[153.3006,-29.7709],[153.3015,-29.7708],[153.3004,-29.7706],[153.3006,-29.7709]]],[[[152.1517,-32.7684],[152.153,-32.7684],[152.1524,-32.768],[152.1517,-32.7684]]],[[[159.1054,-31.5405],[159.1057,-31.5407],[159.1058,-31.5398],[159.1054,-31.5405]]],[[[152.1574,-32.7654],[152.1582,-32.7654],[152.1575,-32.7649],[152.1574,-32.7654]]],[[[149.9481,-37.0176],[149.9489,-37.0182],[149.9482,-37.0172],[149.9481,-37.0176]]],[[[151.9806,-32.7084],[151.981,-32.7088],[151.9807,-32.7078],[151.9806,-32.7084]]],[[[150.2228,-36.255],[150.2234,-36.255],[150.2231,-36.2546],[150.2228,-36.255]]],[[[153.0882,-30.9105],[153.0878,-30.9103],[153.0889,-30.9111],[153.0882,-30.9105]]],[[[152.3194,-32.627],[152.3194,-32.6275],[152.3199,-32.6273],[152.3194,-32.627]]],[[[150.2295,-36.2464],[150.2299,-36.2468],[150.2304,-36.2465],[150.2295,-36.2464]]],[[[153.6203,-28.7056],[153.6209,-28.7054],[153.6208,-28.7051],[153.6203,-28.7056]]],[[[149.9731,-36.7778],[149.9738,-36.7775],[149.9735,-36.7773],[149.9731,-36.7778]]],[[[150.0005,-37.1414],[150.0,-37.1408],[149.9999,-37.1412],[150.0005,-37.1414]]],[[[149.9464,-36.9493],[149.9472,-36.9496],[149.9463,-36.9487],[149.9464,-36.9493]]],[[[153.0756,-30.9496],[153.0763,-30.9491],[153.0762,-30.9488],[153.0756,-30.9496]]],[[[149.9834,-36.7529],[149.9831,-36.7523],[149.9828,-36.7526],[149.9834,-36.7529]]],[[[149.9831,-36.7491],[149.9832,-36.7498],[149.9834,-36.7496],[149.9831,-36.7491]]],[[[153.3615,-29.3564],[153.362,-29.3559],[153.3615,-29.3558],[153.3615,-29.3564]]],[[[153.6219,-28.706],[153.6223,-28.7063],[153.6222,-28.7059],[153.6219,-28.706]]],[[[150.0506,-36.5856],[150.0511,-36.5859],[150.0514,-36.5857],[150.0506,-36.5856]]],[[[149.9824,-36.757],[149.9827,-36.7571],[149.9826,-36.7566],[149.9824,-36.757]]],[[[150.1471,-36.2334],[150.1467,-36.2335],[150.1474,-36.2337],[150.1471,-36.2334]]],[[[150.0196,-37.1837],[150.0191,-37.1832],[150.0192,-37.1836],[150.0196,-37.1837]]],[[[150.1356,-36.3115],[150.1354,-36.3111],[150.1354,-36.3115],[150.1356,-36.3115]]],[[[150.1364,-36.3033],[150.1365,-36.3028],[150.1361,-36.3026],[150.1364,-36.3033]]],[[[150.2219,-36.2562],[150.2223,-36.256],[150.222,-36.2557],[150.2219,-36.2562]]],[[[150.1469,-36.2332],[150.1462,-36.233],[150.1462,-36.2332],[150.1469,-36.2332]]],[[[150.0214,-37.1889],[150.0216,-37.1887],[150.0215,-37.1883],[150.0214,-37.1889]]],[[[152.1447,-32.7687],[152.1452,-32.7686],[152.1447,-32.7684],[152.1447,-32.7687]]],[[[150.052,-37.2631],[150.0517,-37.2634],[150.0521,-37.2637],[150.052,-37.2631]]],[[[150.0511,-37.2636],[150.0514,-37.2631],[150.0511,-37.2631],[150.0511,-37.2636]]],[[[149.955,-37.1087],[149.9548,-37.1084],[149.9543,-37.1084],[149.955,-37.1087]],[[150.15,-36.2641],[150.1496,-36.2641],[150.15,-36.2638],[150.15,-36.2641]]],[[[149.9836,-36.7497],[149.9837,-36.75],[149.9838,-36.7494],[149.9836,-36.7497]]],[[[150.1505,-36.2642],[150.1509,-36.2643],[150.1509,-36.264],[150.1505,-36.2642]]],[[[153.0537,-31.0713],[153.0542,-31.0715],[153.0538,-31.0711],[153.0537,-31.0713]]],[[[150.1428,-36.2716],[150.1434,-36.2718],[150.1431,-36.2715],[150.1428,-36.2716]]],[[[150.0106,-37.1739],[150.0108,-37.1736],[150.0103,-37.1738],[150.0106,-37.1739]]],[[[153.0657,-31.0555],[153.0658,-31.055],[153.0656,-31.0551],[153.0657,-31.0555]]],[[[152.1462,-32.7656],[152.1469,-32.7658],[152.1463,-32.7655],[152.1462,-32.7656]]],[[[149.9461,-37.0563],[149.9465,-37.0564],[149.9464,-37.0562],[149.9461,-37.0563]]],[[[150.1439,-36.2705],[150.1444,-36.2705],[150.1442,-36.2703],[150.1439,-36.2705]]],[[[149.945,-37.053],[149.9452,-37.0525],[149.9449,-37.0527],[149.945,-37.053]]],[[[150.1502,-36.2656],[150.1499,-36.2655],[150.1501,-36.2659],[150.1502,-36.2656]]],[[[150.2984,-35.6915],[150.2986,-35.6915],[150.2985,-35.6912],[150.2984,-35.6915]]],[[[150.2819,-35.7102],[150.2823,-35.7101],[150.282,-35.7099],[150.2819,-35.7102]]],[[[150.0526,-37.2625],[150.0522,-37.2622],[150.0522,-37.2623],[150.0526,-37.2625]]],[[[149.9599,-37.1141],[149.9601,-37.1137],[149.9599,-37.1138],[149.9599,-37.1141]]],[[[153.0661,-31.0484],[153.0663,-31.0481],[153.0661,-31.0482],[153.0661,-31.0484]]],[[[153.6188,-28.7229],[153.6192,-28.7229],[153.619,-28.7227],[153.6188,-28.7229]]],[[[152.1534,-32.7652],[152.1534,-32.7649],[152.1532,-32.7651],[152.1534,-32.7652]]],[[[150.0203,-37.184],[150.0206,-37.1837],[150.0202,-37.1838],[150.0203,-37.184]]],[[[153.1023,-30.9388],[153.1023,-30.9387],[153.1019,-30.9385],[153.1023,-30.9388]]],[[[150.0152,-36.6452],[150.015,-36.6454],[150.0151,-36.6456],[150.0152,-36.6452]]],[[[152.0774,-32.7889],[152.0775,-32.7891],[152.0776,-32.7888],[152.0774,-32.7889]]],[[[150.0188,-37.1834],[150.0189,-37.1832],[150.0186,-37.1831],[150.0188,-37.1834]]],[[[149.9446,-37.0558],[149.9448,-37.0555],[149.9446,-37.0556],[149.9446,-37.0558]]],[[[153.0621,-31.0585],[153.0623,-31.0584],[153.0621,-31.0583],[153.0621,-31.0585]]],[[[153.0888,-30.9119],[153.0888,-30.9117],[153.0887,-30.9116],[153.0888,-30.9119]]],[[[150.0573,-36.4874],[150.0575,-36.4871],[150.0571,-36.4873],[150.0573,-36.4874]]],[[[150.0725,-36.4657],[150.0727,-36.4656],[150.0727,-36.4655],[150.0725,-36.4657]]],[[[150.0721,-36.4653],[150.0724,-36.4652],[150.0722,-36.4652],[150.0721,-36.4653]]],[[[150.1478,-36.2336],[150.148,-36.2338],[150.1483,-36.2337],[150.1478,-36.2336]]],[[[150.0724,-36.4606],[150.0724,-36.4607],[150.0727,-36.4607],[150.0724,-36.4606]]],[[[153.0845,-30.8981],[153.0844,-30.8978],[153.0843,-30.8979],[153.0845,-30.8981]]],[[[153.6195,-28.7076],[153.6193,-28.7079],[153.6195,-28.7078],[153.6195,-28.7076]]],[[[150.0606,-36.4976],[150.0609,-36.4974],[150.0608,-36.4974],[150.0606,-36.4976]]],[[[150.0052,-37.1628],[150.0054,-37.1627],[150.0052,-37.1626],[150.0052,-37.1628]]],[[[149.9564,-37.1094],[149.9566,-37.1094],[149.9565,-37.1092],[149.9564,-37.1094]]],[[[150.0569,-36.4876],[150.0571,-36.4875],[150.0571,-36.4874],[150.0569,-36.4876]]],[[[149.957,-37.1096],[149.9572,-37.1095],[149.957,-37.1094],[149.957,-37.1096]]],[[[152.3187,-32.6283],[152.3189,-32.6283],[152.3188,-32.6282],[152.3187,-32.6283]]],[[[149.946,-36.9492],[149.946,-36.9493],[149.9461,-36.9493],[149.946,-36.9492]]],[[[150.0728,-36.4659],[150.0729,-36.4658],[150.0728,-36.4657],[150.0728,-36.4659]]],[[[150.0053,-37.1626],[150.0053,-37.1625],[150.0052,-37.1625],[150.0053,-37.1626]]],[[[153.6226,-28.7058],[153.6227,-28.7058],[153.6226,-28.7056],[153.6226,-28.7058]]],[[[150.0573,-36.4866],[150.0574,-36.4864],[150.0572,-36.4865],[150.0573,-36.4866]]],[[[150.0565,-36.4879],[150.0566,-36.4877],[150.0564,-36.4878],[150.0565,-36.4879]]],[[[150.0562,-36.4961],[150.0563,-36.4959],[150.0562,-36.4959],[150.0562,-36.4961]]],[[[150.1378,-36.3054],[150.1377,-36.3054],[150.1377,-36.3055],[150.1378,-36.3054]]],[[[153.6184,-28.7114],[153.6185,-28.7114],[153.6183,-28.7113],[153.6184,-28.7114]]]]},"properties":{"objectid":536,"ucl_code_2021":"131001","ucl_name_2021":"Remainder of State/Territory (NSW)","sosr_code_2021":"131","sosr_name_2021":"Remainder of State/Territory","sos_code_2021":"13","sos_name_2021":"Rural Balance","state_code_2021":"1","state_name_2021":"New South Wales","aus_code_2021":"AUS","aus_name_2021":"Australia","area_albers_sqkm":793900.2706,"asgs_loci_uri_2021":"https://linked.data.gov.au/dataset/asgsed3/UCL/131001","Shape__Length":16590521.031499006,"Shape__Area":1112949806806.0916}}]}
